# Blender 4.3.2
# www.blender.org
mtllib characterSmall.mtl
o characterSmall
v 0.172115 1.055853 0.106508
v 0.095649 1.077377 -0.206616
v 0.095649 0.882993 -0.206616
v 0.066309 0.832750 0.222062
v 0.065941 1.049761 0.217346
v 0.167635 0.851621 0.106462
v 0.176987 0.867808 -0.075693
v 0.183954 1.065293 -0.075095
v 0.073235 1.162894 0.115643
v 0.090744 1.173724 -0.088437
v 0.090744 0.738570 -0.088437
v 0.071692 0.704302 0.133625
v 0.140273 0.759233 0.105707
v 0.156938 1.072327 -0.164816
v 0.128246 1.050106 0.169572
v 0.140739 1.135167 0.100267
v 0.155853 0.787299 -0.075886
v 0.093314 0.783214 -0.182695
v 0.156935 0.884144 -0.164816
v 0.066900 0.735790 0.211903
v 0.126655 0.843634 0.176210
v 0.155853 1.140964 -0.075886
v 0.092898 1.135154 -0.177845
v 0.068806 1.124292 0.189690
v 0.098144 0.973501 -0.217190
v 0.068053 0.948368 0.220264
v 0.171739 0.953741 0.103680
v 0.184573 0.960851 -0.077998
v 0.177190 0.856580 0.024473
v 0.180155 1.060052 0.022841
v 0.085701 1.171875 0.019409
v 0.085379 0.706629 0.023157
v 0.139778 0.795215 -0.156979
v 0.111316 0.745802 0.174753
v 0.138600 1.132572 -0.143248
v 0.119151 1.129241 0.154949
v 0.153963 0.765152 0.027404
v 0.156511 0.969583 -0.166007
v 0.131695 0.952396 0.173442
v 0.155678 1.140540 0.024245
v 0.179789 0.957037 0.020945
v 0.052539 0.697497 -0.042480
v 0.056358 0.686595 0.008170
v 0.043605 0.683791 0.056015
v 0.035379 0.683365 -0.033653
v 0.045870 0.674902 0.003841
v 0.029161 0.672182 0.038814
v 0.071532 0.671521 -0.031483
v 0.080341 0.667467 0.009096
v 0.064978 0.661130 0.044899
v 0.092824 0.569801 -0.037020
v 0.103715 0.563409 0.022530
v 0.083349 0.560216 0.073418
v 0.090825 0.366704 -0.023048
v 0.109618 0.358198 0.034228
v 0.072898 0.354994 0.083381
v 0.074932 0.423504 0.086283
v 0.098375 0.425889 0.036474
v 0.087757 0.431781 -0.018943
v 0.076412 0.608679 0.060294
v 0.085343 0.618654 -0.043814
v 0.037171 0.317430 0.094854
v 0.005213 0.274927 0.007800
v 0.049587 0.317430 -0.049866
v 0.055592 1.078725 -0.213710
v 0.056033 0.880553 -0.218861
v 0.018116 0.827301 0.223096
v 0.018176 1.049787 0.222388
v 0.029879 1.170301 0.115242
v 0.047920 1.180589 -0.095045
v 0.047920 0.730154 -0.095044
v 0.028369 0.695046 0.132841
v 0.053592 0.777914 -0.191979
v 0.018954 0.732102 0.211753
v 0.053176 1.140521 -0.187129
v 0.020573 1.125337 0.192873
v 0.057304 0.974956 -0.224806
v 0.018770 0.946970 0.224333
v 0.040449 1.179621 0.015526
v 0.031704 0.702065 -0.062633
v 0.017805 0.682165 0.064629
v 0.019036 0.684486 -0.041375
v 0.011600 0.671153 0.045284
v 0.036418 0.672822 -0.041025
v 0.028552 0.659854 0.050665
v 0.047245 0.570597 -0.050927
v 0.035924 0.559656 0.081023
v 0.049651 0.370690 -0.046234
v 0.037310 0.353665 0.097608
v 0.044127 0.432405 -0.034236
v 0.033110 0.423141 0.094183
v 0.033178 0.607777 0.068010
v 0.043941 0.619691 -0.057451
v 0.031113 0.181039 -0.003120
v 0.072667 0.177946 0.052389
v 0.080938 0.196342 -0.044025
v 0.129030 0.204916 0.009776
v 0.040414 0.143683 -0.016492
v 0.076959 0.133408 0.035533
v 0.084547 0.151749 -0.052915
v 0.133670 0.151539 -0.007011
v 0.047949 0.114409 -0.022864
v 0.084223 0.107811 0.021663
v 0.090899 0.119139 -0.056152
v 0.131890 0.121056 -0.014747
v 0.055945 0.267000 0.070631
v 0.122126 0.300405 0.017908
v 0.017769 0.249160 0.004962
v 0.068721 0.276380 -0.043755
v 0.021400 0.290675 -0.033327
v 0.084151 0.331920 0.073355
v 0.046843 0.188881 -0.031530
v 0.107945 0.191043 0.040331
v 0.055719 0.147231 -0.047750
v 0.112422 0.140347 0.022770
v 0.064018 0.115522 -0.048674
v 0.115135 0.112550 0.010417
v 0.030705 0.261804 -0.032171
v 0.097173 0.284871 0.055226
v 0.013341 0.283162 0.053736
v 0.092865 0.333009 -0.017002
v 0.040686 0.176846 0.031924
v 0.114156 0.203337 -0.024399
v 0.045971 0.134961 0.016236
v 0.118674 0.152586 -0.042502
v 0.056857 0.109175 0.006973
v 0.119697 0.121938 -0.045907
v 0.104880 0.291349 -0.025795
v 0.026528 0.255580 0.046169
v 0.151394 0.650237 -0.011262
v 0.151748 0.655168 0.018222
v 0.144733 0.647064 0.042388
v 0.144737 0.584763 -0.013864
v 0.143576 0.572008 0.025147
v 0.136529 0.578652 0.059663
v 0.141671 0.611127 0.051743
v 0.312580 0.624212 0.024543
v 0.149414 0.617483 -0.015495
v 0.197430 0.645893 -0.001436
v 0.195533 0.647823 0.022129
v 0.191713 0.639991 0.043830
v 0.191718 0.584465 -0.006307
v 0.189016 0.572494 0.028321
v 0.184954 0.579018 0.052823
v 0.188710 0.607963 0.055361
v 0.268254 0.602901 0.061438
v 0.196271 0.613629 -0.012260
v 0.310810 0.621026 0.041074
v 0.308479 0.620333 0.056422
v 0.306972 0.583425 0.020975
v 0.305343 0.574448 0.045390
v 0.302218 0.579850 0.061744
v 0.305426 0.599028 0.064905
v 0.373724 0.612236 0.019772
v 0.310910 0.602750 0.016224
v 0.264706 0.581256 0.058254
v 0.270195 0.583898 0.011587
v 0.274458 0.607457 0.007110
v 0.268598 0.574398 0.039725
v 0.275037 0.634655 0.034765
v 0.276082 0.633573 0.015646
v 0.271324 0.628824 0.052353
v 0.105864 0.662602 0.013215
v 0.096974 0.655965 0.044302
v 0.106636 0.576188 -0.028546
v 0.108854 0.618651 -0.033827
v 0.094750 0.577544 0.063486
v 0.097243 0.609592 0.056500
v 0.113075 0.564947 0.023034
v 0.106491 0.661649 -0.026846
v 0.338384 0.615516 0.014256
v 0.336021 0.613829 0.044140
v 0.322675 0.614108 0.069117
v 0.332054 0.581724 0.008120
v 0.327540 0.575701 0.051961
v 0.312602 0.581058 0.078330
v 0.315843 0.597030 0.083895
v 0.466629 0.574543 0.037281
v 0.338817 0.597372 0.000038
v 0.376219 0.609608 0.049579
v 0.367083 0.609037 0.076380
v 0.366504 0.578613 0.013681
v 0.369132 0.571210 0.057463
v 0.358649 0.575664 0.086054
v 0.362736 0.591475 0.091520
v 0.409138 0.563873 0.057802
v 0.371864 0.594543 0.005109
v 0.469335 0.572057 0.061365
v 0.460659 0.572529 0.082850
v 0.456355 0.551952 0.031990
v 0.458984 0.545947 0.067320
v 0.449454 0.550094 0.090267
v 0.455012 0.560601 0.094868
v 0.465375 0.559500 0.061974
v 0.462961 0.562533 0.025279
v 0.406159 0.570215 0.018115
v 0.403021 0.581237 0.088606
v 0.398890 0.567688 0.083620
v 0.416153 0.596777 0.050718
v 0.413423 0.599028 0.023693
v 0.411443 0.583867 0.010397
v 0.407241 0.596291 0.074925
v 0.323253 0.589930 0.105059
v 0.320861 0.573869 0.100613
v 0.350457 0.587534 0.103677
v 0.348065 0.571470 0.099231
v 0.336340 0.581048 0.124521
v 0.334956 0.564599 0.121202
v 0.356847 0.584159 0.106697
v 0.355459 0.567711 0.103378
v 0.362729 0.571865 0.147178
v 0.361756 0.560329 0.144852
v 0.377108 0.574048 0.134677
v 0.376137 0.562512 0.132353
v 0.113738 0.081657 -0.039422
v 0.073466 0.081157 -0.001592
v 0.118151 0.081333 -0.003058
v 0.074765 0.082244 -0.039986
v 0.118120 0.081296 -0.021576
v 0.071436 0.081007 -0.021718
v 0.095099 0.082452 -0.045422
v 0.094355 -0.000105 0.111021
v 0.129833 -0.000105 0.108049
v 0.087358 -0.000105 -0.054050
v 0.121107 -0.000105 -0.055679
v 0.074025 -0.000105 0.028422
v 0.112186 -0.000105 0.113105
v 0.146716 -0.000105 0.023222
v 0.107813 -0.000105 -0.059765
v 0.110038 -0.000105 0.026118
v 0.068187 -0.000105 0.070947
v 0.149061 -0.000105 0.064590
v 0.111226 -0.000105 0.071754
v 0.139708 -0.000105 -0.022966
v 0.066796 -0.000105 -0.018842
v 0.108723 -0.000105 -0.024332
v 0.075984 -0.000105 0.091695
v 0.144739 -0.000105 0.086237
v 0.111821 -0.000105 0.094571
v 0.132579 -0.000105 -0.046192
v 0.107845 -0.000105 -0.049889
v 0.071966 -0.000105 -0.042620
v 0.071469 -0.000105 0.006513
v 0.140909 -0.000105 0.003166
v 0.109444 -0.000105 0.003302
v 0.149666 -0.000105 0.043594
v 0.110634 -0.000105 0.048938
v 0.067637 -0.000105 0.049851
v 0.094942 0.026597 0.110588
v 0.136511 0.026597 0.107823
v 0.084842 0.026597 -0.058214
v 0.121762 0.024986 -0.055216
v 0.068958 0.026597 0.028415
v 0.115855 0.026597 0.112712
v 0.150187 0.026597 0.023137
v 0.108329 0.026597 -0.061806
v 0.066249 0.026597 0.074253
v 0.153296 0.026597 0.067485
v 0.140435 0.026597 -0.026452
v 0.063304 0.026597 -0.022096
v 0.075570 0.026597 0.096552
v 0.148060 0.026597 0.090699
v 0.130590 0.023951 -0.042066
v 0.069962 0.026597 -0.047772
v 0.066637 0.026597 0.004990
v 0.143761 0.026597 0.001815
v 0.153824 0.026597 0.044991
v 0.065419 0.026597 0.051646
v 0.095912 0.038059 0.108969
v 0.129812 0.038059 0.108231
v 0.084796 0.043803 -0.055457
v 0.117105 0.044274 -0.052183
v 0.074904 0.043803 0.032043
v 0.144543 0.043803 0.028553
v 0.102147 0.043914 -0.058217
v 0.072715 0.043803 0.070651
v 0.147541 0.043803 0.065643
v 0.136039 0.043803 -0.021975
v 0.068578 0.044441 -0.022430
v 0.078385 0.043803 0.090978
v 0.142997 0.043803 0.087228
v 0.126318 0.043624 -0.038676
v 0.074655 0.044272 -0.041282
v 0.072083 0.043803 0.015023
v 0.141704 0.043803 0.012472
v 0.148032 0.043803 0.044677
v 0.072060 0.043803 0.049573
v 0.099506 0.054568 0.098965
v 0.121285 0.054568 0.096879
v 0.084350 0.067462 -0.052348
v 0.112532 0.062903 -0.050527
v 0.091449 0.057161 0.031745
v 0.129650 0.060499 0.030951
v 0.098889 0.062647 -0.052887
v 0.081316 0.056711 0.063864
v 0.135793 0.060507 0.063750
v 0.127437 0.065664 -0.022438
v 0.069898 0.063566 -0.021286
v 0.086123 0.058541 0.084207
v 0.131320 0.059109 0.082098
v 0.121276 0.062329 -0.038127
v 0.075371 0.062268 -0.039313
v 0.087457 0.062415 0.014767
v 0.122722 0.067615 0.018195
v 0.134742 0.060025 0.045933
v 0.087259 0.057767 0.048092
v 0.138834 -0.000105 -0.010133
v 0.109083 -0.000105 -0.010514
v 0.068344 -0.000105 -0.006126
v 0.142112 0.026597 -0.012375
v 0.063965 0.026597 -0.008484
v 0.138617 0.043803 -0.005021
v 0.068409 0.043803 -0.001894
v 0.127361 0.067615 -0.004837
v 0.072103 0.067615 -0.002264
v 0.116833 0.075865 -0.038076
v 0.107940 0.073391 -0.050342
v 0.096483 0.075924 -0.050211
v 0.087362 0.077087 -0.046919
v 0.119764 0.071848 -0.002854
v 0.121180 0.076305 -0.021669
v 0.074599 0.074094 -0.039023
v 0.070949 0.075233 -0.021278
v 0.071653 0.071848 -0.001092
v 0.089987 0.072517 0.009638
v 0.111959 0.071848 0.012047
v 0.095159 0.080970 0.007810
v -0.188065 1.055853 0.075606
v -0.059379 1.077377 -0.219917
v -0.059379 0.882993 -0.219917
v -0.103489 0.832750 0.207495
v -0.102325 1.049761 0.202910
v -0.183644 0.851621 0.076324
v -0.161830 0.867808 -0.104762
v -0.168796 1.065293 -0.105360
v -0.092188 1.162894 0.101450
v -0.074679 1.173724 -0.102630
v -0.074679 0.738570 -0.102630
v -0.093731 0.704302 0.119433
v -0.156552 0.759233 0.080242
v -0.126893 1.072327 -0.189167
v -0.155582 1.050106 0.145220
v -0.156085 1.135167 0.074801
v -0.140972 0.787299 -0.101353
v -0.061153 0.783214 -0.195947
v -0.126893 0.884144 -0.189167
v -0.102339 0.735790 0.197383
v -0.155143 0.843634 0.152033
v -0.140972 1.140964 -0.101353
v -0.061569 1.135154 -0.191098
v -0.100434 1.124292 0.175170
v -0.060040 0.973501 -0.230762
v 0.018603 1.079167 -0.218746
v 0.019045 0.878307 -0.223897
v -0.104903 0.948368 0.205426
v -0.019132 0.825518 0.221086
v -0.019048 1.049611 0.220108
v -0.187212 0.953741 0.072884
v -0.168912 0.960851 -0.108326
v -0.179091 0.856580 -0.006094
v -0.181735 1.060052 -0.008207
v -0.009866 1.171144 0.113087
v 0.008512 1.180400 -0.101123
v -0.088079 1.171875 0.004499
v -0.088401 0.706629 0.008247
v 0.008512 0.727579 -0.101123
v -0.011499 0.689449 0.132119
v -0.111319 0.795215 -0.178522
v -0.139780 0.745802 0.153211
v -0.112497 1.132572 -0.164791
v -0.144126 1.129241 0.132361
v -0.156704 0.765152 0.000749
v 0.016834 0.776677 -0.198124
v -0.126269 0.969583 -0.190268
v -0.018229 0.728877 0.210560
v -0.159636 0.952396 0.148448
v -0.157857 1.140540 -0.002655
v 0.016624 1.140482 -0.195672
v -0.016610 1.126767 0.191683
v 0.019678 0.975152 -0.231268
v -0.019150 0.945683 0.221293
v -0.181054 0.957037 -0.010014
v -0.001189 1.181516 0.011954
v -0.006352 0.680000 0.072127
v 0.005314 0.703597 -0.063846
v -0.044861 0.697497 -0.050836
v -0.057249 0.686595 -0.001577
v -0.052832 0.683791 0.047742
v -0.004559 0.670205 0.051235
v 0.004125 0.685521 -0.049991
v -0.029452 0.683365 -0.039214
v -0.046176 0.674902 -0.004057
v -0.035670 0.672182 0.033252
v -0.004966 0.658677 0.055970
v 0.004238 0.674020 -0.051316
v -0.065446 0.671521 -0.043235
v -0.081040 0.667467 -0.004749
v -0.072000 0.661130 0.033147
v -0.007716 0.559139 0.088020
v 0.005303 0.571326 -0.063722
v -0.085485 0.569801 -0.052318
v -0.106361 0.563409 0.004506
v -0.094960 0.560216 0.058121
v -0.008723 0.353096 0.099762
v 0.004495 0.373707 -0.054308
v -0.085897 0.366704 -0.038210
v -0.114171 0.358198 0.015029
v -0.086361 0.354994 0.069718
v -0.008842 0.422807 0.101153
v -0.088859 0.423504 0.072230
v -0.103476 0.425889 0.019156
v -0.083571 0.431781 -0.033642
v 0.003981 0.432979 -0.048310
v -0.085890 0.608679 0.046369
v -0.076958 0.618654 -0.057738
v 0.005394 0.620644 -0.064785
v -0.006608 0.606944 0.075109
v -0.053110 0.317430 0.087108
v -0.006787 0.274927 0.006771
v -0.040694 0.317430 -0.057612
v -0.000789 0.274927 0.007286
v -0.018698 1.078725 -0.220083
v -0.018256 0.880553 -0.225235
v -0.056174 0.827301 0.216722
v -0.056113 1.049787 0.216014
v -0.049395 1.170301 0.108440
v -0.031353 1.180589 -0.101846
v -0.031353 0.730154 -0.101846
v -0.050904 0.695046 0.126040
v -0.020430 0.777914 -0.198330
v -0.055068 0.732102 0.205402
v -0.020846 1.140521 -0.193480
v -0.053449 1.125337 0.186523
v -0.018499 0.974956 -0.231309
v -0.057033 0.946970 0.217830
v -0.042826 1.179621 0.008382
v -0.020896 0.702065 -0.067146
v -0.028876 0.682165 0.060624
v -0.012032 0.684486 -0.044040
v -0.019467 0.671153 0.042619
v -0.029223 0.672822 -0.046657
v -0.037090 0.659854 0.045034
v -0.038202 0.570597 -0.058258
v -0.049523 0.559656 0.073692
v -0.041373 0.370690 -0.054043
v -0.053714 0.353665 0.089799
v -0.037973 0.432405 -0.041280
v -0.048991 0.423141 0.087139
v -0.044600 0.607777 0.061337
v -0.033836 0.619691 -0.064124
v -0.007970 0.317430 0.090981
v 0.004446 0.317430 -0.053739
v -0.030452 0.181039 -0.008402
v -0.080851 0.177946 0.039218
v -0.072580 0.196342 -0.057196
v -0.129132 0.204916 -0.012373
v -0.037337 0.143683 -0.023162
v -0.082209 0.133408 0.021876
v -0.074620 0.151749 -0.066571
v -0.130848 0.151539 -0.029706
v -0.043677 0.114409 -0.030724
v -0.087007 0.107811 0.006973
v -0.080331 0.119139 -0.070843
v -0.127773 0.121056 -0.037025
v -0.067482 0.267000 0.060042
v -0.123714 0.300405 -0.003184
v -0.018677 0.249160 0.001835
v -0.060587 0.276380 -0.054849
v -0.015733 0.290675 -0.036513
v -0.095738 0.331920 0.057921
v 0.002683 0.286463 -0.033181
v -0.041111 0.188881 -0.039076
v -0.113562 0.191043 0.021327
v -0.047095 0.147231 -0.056571
v -0.114979 0.140347 0.003259
v -0.055114 0.115522 -0.058895
v -0.115552 0.112550 -0.009375
v -0.025101 0.261804 -0.036959
v -0.105482 0.284871 0.037839
v -0.022625 0.283162 0.050650
v -0.088936 0.333009 -0.032600
v -0.004422 0.278944 0.049628
v -0.045854 0.176846 0.024498
v -0.108654 0.203337 -0.043515
v -0.048388 0.134961 0.008140
v -0.110022 0.152586 -0.062123
v -0.057539 0.109175 -0.002842
v -0.110455 0.121938 -0.065653
v -0.099276 0.291349 -0.043310
v -0.034327 0.255580 0.040948
v -0.147587 0.650237 -0.036913
v -0.152958 0.655168 -0.007921
v -0.150161 0.647064 0.017088
v -0.140583 0.584763 -0.038344
v -0.146086 0.572008 0.000295
v -0.145022 0.578652 0.035507
v -0.148737 0.611127 0.026828
v -0.312515 0.624212 -0.029087
v -0.144916 0.617483 -0.040747
v -0.194625 0.645893 -0.035073
v -0.196766 0.647823 -0.011528
v -0.196702 0.639991 0.010505
v -0.188164 0.584465 -0.038899
v -0.191403 0.572494 -0.004318
v -0.191571 0.579018 0.020518
v -0.195708 0.607963 0.022380
v -0.275121 0.602901 0.014819
v -0.191640 0.613629 -0.045541
v -0.313590 0.621026 -0.012496
v -0.313907 0.620333 0.003023
v -0.306382 0.583425 -0.031648
v -0.308935 0.574448 -0.007312
v -0.308641 0.579850 0.009336
v -0.312341 0.599028 0.011903
v -0.371956 0.612236 -0.044203
v -0.309453 0.602750 -0.037000
v -0.271086 0.581256 0.012285
v -0.268545 0.583898 -0.034634
v -0.271984 0.607457 -0.039772
v -0.271763 0.574398 -0.006636
v -0.277264 0.634655 -0.012619
v -0.275038 0.633573 -0.031637
v -0.276602 0.628824 0.005344
v -0.106890 0.662602 -0.005038
v -0.103428 0.655965 0.027108
v -0.100539 0.576188 -0.046320
v -0.101824 0.618651 -0.051902
v -0.104501 0.577544 0.046392
v -0.105772 0.609592 0.039083
v -0.115668 0.564947 0.003409
v -0.100685 0.661649 -0.044621
v -0.336192 0.615516 -0.043619
v -0.338952 0.613829 -0.013769
v -0.330055 0.614108 0.013116
v -0.328907 0.581724 -0.048588
v -0.331927 0.575701 -0.004618
v -0.321699 0.581058 0.023910
v -0.325842 0.597030 0.028842
v -0.466485 0.574543 -0.042775
v -0.334194 0.597372 -0.057703
v -0.379489 0.609608 -0.015256
v -0.375052 0.609037 0.012709
v -0.363804 0.578613 -0.048976
v -0.373851 0.571210 -0.006281
v -0.368389 0.575664 0.023677
v -0.373349 0.591475 0.028367
v -0.413327 0.563873 -0.012762
v -0.367622 0.594543 -0.058335
v -0.473251 0.572057 -0.019505
v -0.468364 0.572529 0.003144
v -0.455458 0.551952 -0.046239
v -0.464065 0.545947 -0.011873
v -0.458585 0.550094 0.012362
v -0.464846 0.560601 0.015949
v -0.469452 0.559500 -0.018230
v -0.460824 0.562533 -0.053976
v -0.403632 0.570215 -0.051361
v -0.412547 0.581237 0.018634
v -0.407630 0.567688 0.014424
v -0.419036 0.596777 -0.020938
v -0.411739 0.599028 -0.047102
v -0.407527 0.583867 -0.059867
v -0.414375 0.596291 0.004434
v -0.336748 0.589930 0.048434
v -0.333633 0.573869 0.044460
v -0.363322 0.587534 0.042439
v -0.360206 0.571470 0.038465
v -0.352961 0.581048 0.065382
v -0.351028 0.564599 0.062349
v -0.370128 0.584159 0.044325
v -0.368196 0.567711 0.041291
v -0.382821 0.571865 0.083213
v -0.381468 0.560329 0.081087
v -0.394864 0.574048 0.068449
v -0.393507 0.562512 0.066322
v -0.105684 0.081657 -0.058247
v -0.072445 0.081157 -0.014110
v -0.116227 0.081333 -0.023167
v -0.067185 0.082244 -0.052165
v -0.113042 0.081296 -0.041408
v -0.067016 0.081007 -0.033596
v -0.086298 0.082452 -0.060986
v -0.112209 -0.000105 0.093299
v -0.146663 -0.000105 0.084326
v -0.077197 -0.000105 -0.068168
v -0.110175 -0.000105 -0.075522
v -0.078108 -0.000105 0.015369
v -0.130137 -0.000105 0.092316
v -0.148850 -0.000105 -0.002136
v -0.096380 -0.000105 -0.077284
v -0.113202 -0.000105 0.006966
v -0.079598 -0.000105 0.058268
v -0.158208 -0.000105 0.038228
v -0.122148 -0.000105 0.051732
v -0.134077 -0.000105 -0.046455
v -0.062932 -0.000105 -0.029972
v -0.103312 -0.000105 -0.042523
v -0.090816 -0.000105 0.077384
v -0.157638 -0.000105 0.060294
v -0.126620 -0.000105 0.074113
v -0.123097 -0.000105 -0.068128
v -0.098097 -0.000105 -0.067558
v -0.063978 -0.000105 -0.054283
v -0.071859 -0.000105 -0.005784
v -0.139711 -0.000105 -0.020909
v -0.108730 -0.000105 -0.015416
v -0.155227 -0.000105 0.017435
v -0.117675 -0.000105 0.029350
v -0.075463 -0.000105 0.037575
v -0.112713 0.026597 0.092772
v -0.153205 0.026597 0.082967
v -0.074012 0.026597 -0.071843
v -0.110900 0.024986 -0.075177
v -0.073113 0.026597 0.016226
v -0.133684 0.026597 0.091303
v -0.152256 0.026597 -0.002811
v -0.096543 0.026597 -0.079383
v -0.078251 0.026597 0.061855
v -0.162874 0.026597 0.040358
v -0.134202 0.026597 -0.050014
v -0.058940 0.026597 -0.032584
v -0.091235 0.026597 0.082241
v -0.161671 0.026597 0.064126
v -0.121838 0.023951 -0.063723
v -0.061125 0.026597 -0.059019
v -0.066839 0.026597 -0.006461
v -0.142295 0.026597 -0.022727
v -0.159562 0.026597 0.018104
v -0.073586 0.026597 0.039720
v -0.113397 0.038059 0.091012
v -0.146674 0.038059 0.084511
v -0.074434 0.043803 -0.069118
v -0.106828 0.044274 -0.071395
v -0.079589 0.043803 0.018788
v -0.147620 0.043803 0.003487
v -0.091061 0.043914 -0.074793
v -0.084011 0.043803 0.057204
v -0.156893 0.043803 0.039525
v -0.130631 0.043803 -0.044854
v -0.064078 0.044441 -0.033812
v -0.093061 0.043803 0.076269
v -0.156088 0.043803 0.061568
v -0.118206 0.043624 -0.059654
v -0.066855 0.044272 -0.053423
v -0.073914 0.043803 0.002497
v -0.142079 0.043803 -0.011875
v -0.153804 0.043803 0.018781
v -0.079774 0.043803 0.036547
v -0.115232 0.054568 0.080542
v -0.136337 0.054568 0.074776
v -0.074523 0.067462 -0.065979
v -0.102606 0.062903 -0.068985
v -0.095842 0.057161 0.015677
v -0.133349 0.060499 0.008387
v -0.088758 0.062647 -0.068986
v -0.091328 0.056711 0.049052
v -0.144990 0.060507 0.039660
v -0.122075 0.065664 -0.043845
v -0.065574 0.063566 -0.032910
v -0.099531 0.058541 0.068279
v -0.143708 0.059109 0.058501
v -0.113332 0.062329 -0.058256
v -0.067899 0.062268 -0.051605
v -0.089019 0.062415 -0.000374
v -0.124350 0.067615 -0.003003
v -0.140920 0.060025 0.022283
v -0.094498 0.057767 0.032498
v -0.135402 -0.000105 -0.033661
v -0.106021 -0.000105 -0.028969
v -0.066624 -0.000105 -0.017706
v -0.138250 0.026597 -0.036429
v -0.061910 0.026597 -0.019284
v -0.136059 0.043803 -0.028586
v -0.067410 0.043803 -0.013546
v -0.125001 0.067615 -0.026489
v -0.070986 0.067615 -0.014540
v -0.108963 0.075865 -0.057448
v -0.098110 0.073391 -0.068021
v -0.086842 0.075924 -0.065939
v -0.078416 0.077087 -0.061142
v -0.117853 0.071848 -0.023240
v -0.116041 0.076305 -0.042022
v -0.067184 0.074094 -0.051187
v -0.066613 0.075233 -0.033081
v -0.070743 0.071848 -0.013309
v -0.090636 0.072517 -0.005857
v -0.112698 0.071848 -0.007228
v -0.095421 0.080970 -0.008541
v -0.429545 0.561082 -0.048799
v -0.433107 0.558892 0.013393
v -0.446144 0.584418 -0.020222
v -0.438697 0.554909 -0.012317
v -0.438695 0.570920 0.017291
v -0.439111 0.586787 -0.044938
v -0.434175 0.573200 -0.056922
v -0.441368 0.584409 0.003791
v 0.431257 0.561082 0.025054
v 0.424172 0.558892 0.086943
v 0.442745 0.584418 0.056041
v 0.434062 0.554909 0.062561
v 0.429016 0.570920 0.091737
v 0.440026 0.586787 0.030488
v 0.437203 0.573200 0.017839
v 0.433950 0.584409 0.078889
v 0.389136 0.567540 0.057634
v 0.382878 0.586358 0.090064
v 0.393573 0.605630 0.021734
v 0.391655 0.589204 0.007754
v 0.387162 0.602664 0.075651
v 0.386332 0.574413 0.015897
v 0.378771 0.571676 0.084837
v 0.396187 0.603193 0.050148
v -0.393588 0.567540 -0.009520
v -0.392947 0.586358 0.023502
v -0.391846 0.605630 -0.045651
v -0.387575 0.589204 -0.059101
v -0.394715 0.602664 0.008570
v -0.383716 0.574413 -0.050170
v -0.388009 0.571676 0.019051
v -0.399262 0.603193 -0.018098
v 0.228416 0.605373 0.058797
v 0.230881 0.583838 0.002287
v 0.227618 0.572973 0.034006
v 0.236868 0.640136 0.006823
v 0.231546 0.634741 0.048370
v 0.224672 0.579887 0.055802
v 0.235399 0.610551 -0.002971
v 0.233391 0.641757 0.028220
v -0.235415 0.605373 0.019003
v -0.228221 0.583838 -0.037101
v -0.230407 0.572973 -0.005291
v -0.234891 0.640136 -0.033652
v -0.236727 0.634741 0.008194
v -0.231217 0.579887 0.016689
v -0.231777 0.610551 -0.043052
v -0.235110 0.641757 -0.011975
v 0.079141 0.491862 0.079850
v 0.090289 0.500791 -0.027982
v -0.008279 0.490974 0.094587
v 0.101045 0.494650 0.029500
v 0.004642 0.502152 -0.056017
v 0.034517 0.491398 0.087603
v 0.045686 0.501499 -0.042581
v -0.091908 0.491862 0.065175
v -0.084529 0.500791 -0.042981
v -0.104918 0.494650 0.011830
v -0.049256 0.491398 0.080415
v -0.038088 0.501499 -0.049768
v -0.208193 0.584151 -0.037998
v -0.210909 0.572734 -0.004805
v -0.214756 0.643016 -0.034364
v -0.216713 0.637366 0.009352
v -0.211392 0.579453 0.018604
v -0.211708 0.612088 -0.044298
v -0.215938 0.644790 -0.011752
v 0.211301 0.584151 -0.002008
v 0.208322 0.572734 0.031163
v 0.217149 0.643016 0.002692
v 0.211631 0.637366 0.046101
v 0.204812 0.579453 0.054312
v 0.215835 0.612088 -0.007617
v 0.214461 0.644790 0.025174
v 0.120852 0.651514 0.043347
v 0.129133 0.618067 -0.024660
v 0.115640 0.578099 0.061575
v 0.128943 0.655942 -0.019054
v 0.128805 0.658885 0.015720
v 0.125688 0.580474 -0.021204
v 0.119457 0.610359 0.054123
v 0.128325 0.568477 0.024089
v -0.126795 0.651514 0.022099
v -0.123369 0.618067 -0.046324
v -0.124763 0.578099 0.040949
v -0.124136 0.655942 -0.040767
v -0.129923 0.658885 -0.006478
v -0.120561 0.580474 -0.042331
v -0.127253 0.610359 0.032957
v -0.130875 0.568477 0.001850
vn 0.9313 0.1572 0.3286
vn 0.9977 -0.0215 0.0640
vn 0.9840 0.1556 0.0872
vn 0.7100 0.6614 0.2416
vn 0.5879 0.5804 0.5635
vn 0.7157 0.1248 0.6871
vn 0.9506 -0.0092 0.3104
vn 0.3555 0.6669 -0.6548
vn 0.8016 0.2145 -0.5581
vn 0.3701 0.2673 -0.8897
vn 0.4216 -0.0201 -0.9065
vn 0.1716 0.2578 -0.9508
vn 0.0855 0.0219 -0.9961
vn 0.0830 0.2383 -0.9676
vn 0.0620 0.6880 -0.7230
vn 0.2000 0.7087 -0.6765
vn 0.4341 -0.1384 -0.8902
vn 0.8285 -0.0137 -0.5598
vn 0.8129 -0.1086 -0.5722
vn 0.7125 -0.4875 -0.5047
vn 0.3785 -0.5880 -0.7148
vn 0.2003 -0.6270 -0.7528
vn 0.0843 -0.1680 -0.9822
vn 0.2203 -0.1567 -0.9628
vn 0.1839 0.0120 -0.9829
vn 0.3374 -0.0533 0.9398
vn 0.7412 -0.4696 0.4797
vn 0.7621 -0.0903 0.6412
vn 0.3554 0.0176 0.9346
vn -0.0149 -0.0610 0.9980
vn -0.0855 0.0013 0.9963
vn -0.0853 -0.0608 0.9945
vn 0.0344 -0.5726 0.8191
vn 0.3478 0.1794 0.9202
vn 0.7484 0.0159 0.6630
vn 0.2757 0.5877 0.7607
vn 0.0296 0.6401 0.7678
vn -0.0839 0.1904 0.9781
vn 0.0184 0.1947 0.9807
vn -0.0015 0.0078 1.0000
vn 0.9408 -0.1440 0.3070
vn 0.8425 -0.5386 -0.0072
vn 0.9893 -0.1397 0.0411
vn 0.8369 -0.5081 0.2034
vn 0.9809 -0.1553 -0.1174
vn 0.9919 -0.0281 -0.1237
vn 0.8400 -0.5212 -0.1507
vn 0.9778 0.1698 -0.1225
vn 0.6465 0.6272 -0.4343
vn 0.7463 0.6553 -0.1171
vn 0.7467 0.6567 0.1055
vn 0.2919 0.9536 0.0742
vn 0.2572 0.9254 0.2785
vn 0.0740 0.9498 0.3040
vn -0.0043 0.9988 0.0495
vn -0.0264 0.9510 0.3080
vn 0.3079 0.9386 -0.1556
vn 0.0184 0.9765 -0.2147
vn 0.1078 0.9751 -0.1939
vn 0.1023 0.9929 0.0610
vn 0.6073 -0.7930 -0.0488
vn 0.3769 -0.9108 0.1687
vn 0.6401 -0.7662 -0.0564
vn 0.4590 -0.8294 -0.3186
vn 0.0444 -0.8547 -0.5173
vn 0.1988 -0.8462 -0.4944
vn 0.4225 -0.8797 0.2183
vn 0.3350 -0.5259 0.7818
vn -0.0256 -0.9543 0.2977
vn 0.1497 -0.9437 0.2950
vn 0.4799 -0.8009 -0.3582
vn 0.1979 -0.7898 -0.5806
vn 0.6375 -0.0861 -0.7656
vn 0.1686 -0.9390 0.2997
vn -0.0776 -0.4191 0.9046
vn 0.2894 -0.2382 0.9271
vn -0.0223 -0.9654 0.2600
vn 0.9067 0.4079 0.1073
vn 0.3146 0.7869 -0.5309
vn -0.0784 0.3996 0.9133
vn 0.1397 0.4982 0.8557
vn 0.5772 -0.0628 0.8142
vn 0.3730 -0.2685 -0.8881
vn 0.1683 0.7207 0.6725
vn 0.1888 0.9729 0.1336
vn 0.2806 0.4199 -0.8631
vn 0.2182 -0.9759 -0.0036
vn 0.2826 -0.6095 -0.7407
vn 0.1272 -0.9908 -0.0459
vn 0.3384 0.0719 -0.9383
vn 0.2926 -0.1091 -0.9500
vn 0.2594 0.1146 -0.9590
vn -0.0814 0.3061 0.9485
vn 0.1582 0.1782 0.9712
vn 0.1577 0.2953 0.9423
vn 0.0943 0.2329 0.9679
vn 0.1219 -0.5196 0.8457
vn 0.0583 0.2184 0.9741
vn 0.1776 0.0453 0.9831
vn -0.0853 -0.0722 0.9937
vn 0.2139 -0.0074 0.9768
vn 0.9887 0.0229 0.1484
vn 0.7867 0.0471 -0.6156
vn 0.7799 0.0044 -0.6258
vn 0.5872 -0.0036 0.8095
vn 0.9748 0.1416 0.1725
vn 0.3176 0.1035 -0.9425
vn 0.3142 0.0251 -0.9490
vn 0.7477 -0.1100 -0.6549
vn 0.3070 -0.1210 -0.9440
vn 0.6143 0.0423 0.7879
vn 0.9939 -0.0324 0.1055
vn -0.0851 0.0956 0.9918
vn 0.1656 0.0900 0.9821
vn 0.1685 0.9803 0.1031
vn 0.1091 0.6701 0.7342
vn 0.1435 0.9842 0.1041
vn 0.4043 0.0044 -0.9146
vn 0.3990 -0.6135 -0.6815
vn -0.0364 -0.3174 0.9476
vn 0.6283 -0.1265 0.7676
vn 0.6603 -0.0735 0.7474
vn 0.6632 -0.0603 0.7460
vn 0.7801 0.1521 -0.6068
vn 0.0847 0.1378 -0.9868
vn 0.0829 0.2435 -0.9663
vn 0.1643 0.2681 0.9493
vn 0.5992 -0.0038 0.8006
vn 0.0855 -0.0106 -0.9963
vn 0.0849 -0.1154 -0.9897
vn 0.0852 0.0816 -0.9930
vn 0.5661 0.0711 0.8213
vn 0.0851 -0.0909 -0.9922
vn 0.0775 -0.4210 -0.9037
vn 0.0577 -0.7375 -0.6729
vn 0.1212 -0.3463 0.9302
vn 0.2060 -0.0804 -0.9752
vn -0.0328 -0.9237 0.3817
vn -0.4749 -0.8739 -0.1034
vn -0.3116 -0.7397 0.5964
vn 0.0820 -0.2827 -0.9557
vn 0.0482 -0.8253 -0.5626
vn -0.1984 -0.5473 -0.8131
vn -0.9770 -0.1663 -0.1333
vn -0.7909 -0.3814 0.4785
vn -0.7706 -0.2760 0.5745
vn -0.9462 -0.3100 -0.0926
vn -0.7444 -0.3729 0.5540
vn 0.7130 0.1758 -0.6788
vn 0.9912 0.0514 0.1222
vn 0.7411 0.1786 -0.6472
vn -0.6222 -0.1911 -0.7591
vn 0.0729 0.1491 -0.9861
vn -0.6834 -0.0059 -0.7301
vn 0.6690 0.1822 -0.7206
vn 0.9892 -0.1445 0.0263
vn 0.6925 -0.0630 -0.7186
vn 0.9973 0.0046 0.0731
vn -0.5957 0.0085 -0.8032
vn -0.0617 -0.2806 0.9579
vn 0.6280 -0.2393 0.7405
vn -0.0337 -0.4665 0.8839
vn -0.7988 -0.2233 0.5586
vn -0.0056 0.0176 0.9998
vn 0.0286 0.1398 -0.9898
vn -0.5459 -0.2304 -0.8056
vn 0.6395 -0.2540 0.7257
vn -0.9065 -0.3802 -0.1834
vn -0.7040 -0.5294 0.4734
vn 0.1211 -0.0323 -0.9921
vn 0.9874 0.1473 0.0585
vn -0.9638 -0.1741 -0.2018
vn -0.9638 -0.2619 -0.0492
vn 0.0454 -0.0885 -0.9950
vn -0.6936 -0.2339 -0.6813
vn -0.0770 -0.4178 0.9053
vn 0.8855 0.0414 0.4629
vn 0.9780 0.1405 -0.1539
vn -0.0732 -0.5166 0.8531
vn -0.0157 -0.6437 0.7651
vn 0.0369 0.6990 0.7142
vn 0.2805 0.0175 -0.9597
vn 0.2088 0.7591 -0.6166
vn 0.1546 0.0460 -0.9869
vn 0.3049 0.6737 -0.6732
vn 0.1491 0.6834 0.7147
vn 0.3811 0.6971 -0.6074
vn 0.1056 -0.5006 0.8592
vn 0.2129 0.9624 0.1685
vn 0.2528 0.8780 -0.4064
vn 0.2930 0.7637 -0.5752
vn 0.0165 -0.9998 0.0062
vn -0.0460 -0.7465 -0.6638
vn 0.0375 -0.9989 -0.0298
vn -0.0642 0.1104 0.9918
vn -0.2793 -0.7381 0.6142
vn -0.4880 0.2479 0.8369
vn 0.2586 0.0366 -0.9653
vn 0.1750 -0.6664 -0.7248
vn 0.1413 0.9795 0.1437
vn 0.1113 -0.6514 -0.7505
vn -0.0704 0.1339 0.9885
vn 0.0184 -0.9991 -0.0388
vn -0.1399 0.8509 0.5063
vn 0.0516 0.8541 0.5176
vn -0.0956 0.1152 -0.9887
vn 0.0361 0.8592 -0.5104
vn -0.1156 0.1024 -0.9880
vn 0.1837 0.9791 0.0868
vn -0.0747 -0.9972 -0.0093
vn 0.0850 0.7135 0.6955
vn -0.0676 -0.6228 0.7795
vn 0.2637 0.9504 0.1650
vn 0.0240 0.7078 0.7060
vn 0.1367 0.9794 0.1485
vn 0.0284 -0.9996 -0.0044
vn -0.0394 -0.6361 0.7706
vn -0.0637 0.1190 0.9909
vn 0.2503 0.7699 -0.5870
vn 0.2421 0.0368 -0.9695
vn 0.1604 -0.6694 -0.7254
vn 0.7501 -0.6545 0.0946
vn 0.4650 -0.1648 0.8698
vn 0.3416 0.7189 -0.6055
vn 0.1463 0.7053 0.6937
vn 0.3954 0.0157 -0.9184
vn 0.5078 -0.5699 -0.6460
vn 0.5962 -0.2200 -0.7721
vn 0.1728 0.9783 0.1140
vn 0.1276 0.2284 0.9652
vn 0.1894 -0.9811 0.0408
vn 0.1447 0.8726 0.4664
vn 0.2147 0.9733 0.0813
vn 0.1380 -0.8958 0.4225
vn -0.7116 -0.6281 0.3149
vn 0.2354 0.3345 0.9125
vn 0.1620 0.1052 -0.9812
vn -0.2314 -0.7095 -0.6657
vn -0.6267 0.5196 0.5808
vn 0.4647 0.8075 -0.3633
vn 0.6707 -0.1826 -0.7189
vn 0.2905 0.0262 -0.9565
vn 0.4016 0.9109 0.0950
vn 0.8353 0.4788 -0.2701
vn -0.3258 -0.9437 -0.0569
vn 0.2744 -0.8688 -0.4121
vn 0.4371 -0.8962 0.0762
vn -0.0303 0.2129 0.9766
vn 0.0808 -0.8033 0.5900
vn 0.4777 -0.0391 0.8776
vn -0.0419 -0.8163 -0.5761
vn 0.5028 0.8043 0.3167
vn 0.2760 -0.8541 -0.4408
vn -0.1493 -0.9884 -0.0265
vn 0.2296 0.8995 -0.3716
vn 0.9345 -0.3471 0.0791
vn 0.7088 0.5066 0.4909
vn 0.9256 0.3558 0.1290
vn 0.2968 0.8269 0.4777
vn -0.3376 -0.7440 0.5766
vn -0.1521 -0.8229 -0.5474
vn 0.1558 0.0771 -0.9848
vn -0.1148 -0.8022 -0.5859
vn -0.1078 -0.8110 -0.5750
vn 0.3036 0.9486 0.0897
vn 0.2898 0.8410 0.4568
vn 0.3589 0.9289 0.0907
vn -0.1820 -0.9827 -0.0348
vn -0.2172 -0.7781 0.5894
vn -0.1182 -0.7823 0.6115
vn 0.2802 0.8354 0.4728
vn 0.0508 0.2090 0.9766
vn 0.1146 0.1606 0.9803
vn -0.2642 -0.9629 -0.0547
vn 0.3870 0.8368 -0.3873
vn 0.3230 0.8637 -0.3869
vn 0.2287 0.0761 -0.9705
vn -0.7449 -0.6529 0.1373
vn -0.4771 0.5623 0.6754
vn -0.5649 0.6380 0.5234
vn 0.4120 -0.5915 -0.6931
vn -0.0324 -0.7229 0.6902
vn -0.6022 -0.7463 0.2836
vn 0.6325 0.6857 -0.3602
vn 0.0441 0.3691 0.9284
vn 0.7830 -0.6217 -0.0210
vn 0.8558 0.4713 0.2131
vn 0.0113 0.2083 -0.9780
vn 0.7650 0.1624 -0.6232
vn -0.0000 -1.0000 -0.0000
vn 0.3522 -0.6642 -0.6593
vn 0.6736 -0.6116 -0.4149
vn -0.2808 -0.7245 -0.6295
vn -0.6067 -0.6998 -0.3770
vn -0.5818 -0.8118 -0.0495
vn -0.6977 -0.7126 -0.0744
vn 0.6719 -0.7393 -0.0442
vn 0.6317 -0.7306 0.2594
vn -0.6024 -0.7074 0.3698
vn -0.6883 -0.7247 -0.0314
vn -0.6542 -0.7470 0.1183
vn 0.7191 -0.6825 -0.1306
vn 0.6357 -0.7715 -0.0271
vn -0.3140 -0.6448 0.6969
vn 0.0505 -0.6648 0.7453
vn 0.3944 -0.6804 0.6177
vn 0.6343 -0.7601 -0.1414
vn 0.6617 -0.7355 -0.1454
vn -0.6191 -0.7779 0.1074
vn 0.6614 -0.7467 0.0710
vn -0.6959 -0.7064 0.1294
vn 0.0686 0.1251 0.9898
vn 0.6346 0.1431 -0.7595
vn -0.9865 0.0221 0.1624
vn 0.9718 0.1018 -0.2129
vn 0.9934 0.0891 -0.0720
vn 0.9908 0.0822 -0.1075
vn -0.9702 0.1301 0.2044
vn 0.8454 0.1678 -0.5071
vn -0.9929 0.0488 0.1083
vn -0.9909 0.0815 -0.1073
vn -0.9963 0.0820 -0.0245
vn -0.9003 0.3667 0.2346
vn -0.8474 0.5243 -0.0840
vn -0.9887 0.1400 -0.0528
vn -0.7457 0.4487 0.4925
vn -0.7906 0.1057 0.6031
vn 0.7788 0.5048 0.3723
vn 0.6128 0.0760 0.7866
vn 0.9116 0.0764 0.4039
vn 0.8438 0.5100 -0.1669
vn 0.8174 0.2750 -0.5062
vn 0.9303 0.1199 -0.3466
vn 0.1588 0.0681 -0.9850
vn 0.6187 0.2545 -0.7432
vn -0.3046 0.3728 0.8765
vn -0.3569 0.0924 0.9296
vn -0.8277 0.0699 -0.5568
vn -0.4636 0.1953 -0.8642
vn -0.3712 -0.0160 -0.9284
vn -0.8733 0.4709 0.1252
vn -0.9729 0.1725 -0.1543
vn 0.9892 0.0814 0.1217
vn 0.8880 0.4397 -0.1347
vn 0.9781 0.0652 -0.1977
vn 0.9356 0.3246 -0.1387
vn 0.0702 0.2312 -0.9704
vn 0.8804 0.4616 0.1087
vn -0.8765 0.2217 -0.4273
vn -0.9772 0.1717 0.1248
vn -0.9917 0.0832 -0.0980
vn 0.3858 0.8790 0.2802
vn 0.8411 0.2596 -0.4745
vn 0.4268 0.9039 0.0278
vn 0.7547 0.6526 0.0681
vn 0.0507 0.2023 -0.9780
vn 0.8776 0.4701 -0.0937
vn 0.4467 0.8917 0.0734
vn -0.8995 0.0213 -0.4363
vn -0.8327 0.5536 0.0139
vn -0.4558 0.6717 0.5840
vn -0.3727 0.9240 -0.0858
vn -0.4316 0.8647 0.2568
vn 0.2167 0.7770 0.5910
vn 0.3785 0.4397 0.8145
vn 0.4260 0.9016 -0.0759
vn 0.8853 0.4062 -0.2265
vn 0.8993 0.3212 -0.2969
vn 0.5463 0.2471 -0.8003
vn -0.1630 0.7544 0.6359
vn -0.5181 0.8553 -0.0062
vn -0.4485 0.2501 -0.8581
vn -0.8677 0.0368 -0.4957
vn -0.3257 0.4998 -0.8026
vn 0.8341 0.3570 -0.4205
vn 0.3722 0.3973 -0.8388
vn -0.9138 0.0886 0.3964
vn -0.3150 0.3900 0.8652
vn -0.8475 -0.0314 0.5298
vn 0.8486 0.5196 -0.0993
vn -0.0216 0.4483 -0.8936
vn 0.7471 0.6174 0.2463
vn 0.1439 0.7526 0.6426
vn -0.3592 0.9225 0.1412
vn 0.3661 0.8764 0.3128
vn -0.9947 0.0858 -0.0559
vn 0.0263 -0.6670 -0.7446
vn -0.9737 0.1572 0.1651
vn -0.9940 -0.0215 -0.1068
vn -0.9895 -0.0092 0.1439
vn -0.7408 0.6614 0.1171
vn -0.9844 0.1556 -0.0817
vn -0.6753 0.5804 0.4551
vn -0.8223 0.1248 0.5552
vn -0.6948 0.2145 -0.6865
vn -0.2388 0.6669 -0.7058
vn -0.2131 0.2673 -0.9398
vn -0.2611 -0.0201 -0.9651
vn -0.0071 0.2578 -0.9662
vn -0.0137 0.0120 -0.9998
vn -0.2762 -0.1384 -0.9511
vn -0.7211 -0.0137 -0.6927
vn -0.6161 -0.4875 -0.6187
vn -0.7035 -0.1086 -0.7023
vn -0.0691 -0.6270 -0.7759
vn -0.0531 -0.1567 -0.9862
vn -0.4926 -0.0533 0.8686
vn -0.8121 -0.4696 0.3464
vn -0.4633 -0.5259 0.7133
vn -0.5094 0.0176 0.8604
vn -0.8602 -0.0903 0.5020
vn -0.1553 -0.0610 0.9860
vn -0.1689 0.0078 0.9856
vn -0.1734 -0.5726 0.8013
vn -0.4995 0.1794 0.8475
vn -0.8504 0.0159 0.5259
vn -0.4012 0.5877 0.7026
vn -0.1600 0.6401 0.7515
vn -0.1852 0.1947 0.9632
vn -0.9793 -0.1440 0.1422
vn -0.8290 -0.5386 -0.1506
vn -0.8593 -0.5081 0.0578
vn -0.9819 -0.1398 -0.1280
vn -0.9465 -0.1553 -0.2828
vn -0.8021 -0.5212 -0.2916
vn -0.9563 -0.0280 -0.2909
vn -0.9427 0.1698 -0.2873
vn -0.5631 0.6272 -0.5381
vn -0.7538 0.6567 -0.0232
vn -0.7154 0.6553 -0.2425
vn -0.3003 0.9536 0.0234
vn -0.3008 0.9254 0.2306
vn -0.1247 0.9498 0.2870
vn -0.1112 0.9929 0.0426
vn -0.2769 0.9386 -0.2058
vn -0.0818 0.7087 -0.7007
vn -0.0732 0.9751 -0.2095
vn -0.5901 -0.7930 -0.1515
vn -0.4001 -0.9108 0.1020
vn -0.4535 -0.8797 0.1432
vn -0.3980 -0.8294 -0.3921
vn -0.2512 -0.5880 -0.7689
vn -0.1117 -0.8462 -0.5210
vn -0.1978 -0.9437 0.2652
vn -0.4118 -0.8009 -0.4347
vn -0.4977 -0.0861 -0.8630
vn -0.6211 -0.7662 -0.1646
vn -0.2172 -0.9390 0.2666
vn -0.2195 0.7869 -0.5767
vn -0.9117 0.4079 -0.0487
vn -0.4431 -0.2382 0.8642
vn -0.7075 -0.0628 0.7039
vn -0.0961 -0.7898 -0.6058
vn -0.2804 0.7207 0.6340
vn -0.1295 0.4199 -0.8983
vn -0.2163 -0.2685 -0.9387
vn -0.2144 -0.9759 -0.0407
vn -0.1523 -0.6095 -0.7780
vn -0.2770 -0.6135 -0.7395
vn -0.1265 -0.1091 -0.9860
vn -0.1736 0.0719 -0.9822
vn -0.0922 0.1146 -0.9891
vn -0.3213 0.1782 0.9301
vn -0.3159 0.2954 0.9016
vn -0.2578 0.2329 0.9377
vn -0.2642 -0.5196 0.8125
vn -0.2504 -0.5006 0.8287
vn -0.3425 0.0453 0.9384
vn -0.0854 0.0375 0.9956
vn -0.6703 0.0471 -0.7406
vn -0.9995 0.0229 -0.0222
vn -0.6619 0.0044 -0.7496
vn -0.7165 -0.0036 0.6976
vn -0.7268 -0.0038 0.6868
vn -0.1524 0.1035 -0.9829
vn -0.1480 0.0251 -0.9887
vn -0.6252 -0.1100 -0.7727
vn -0.1417 -0.1210 -0.9825
vn -0.7395 0.0423 0.6718
vn -0.9973 -0.0324 -0.0653
vn -0.3305 0.0900 0.9395
vn -0.1836 0.9803 0.0729
vn -0.2326 0.6701 0.7049
vn -0.2686 0.6834 0.6788
vn -0.2834 0.4982 0.8194
vn -0.2425 0.0044 -0.9701
vn -0.7499 -0.1265 0.6494
vn -0.1256 -0.3174 0.9400
vn -0.7780 -0.0735 0.6240
vn -0.9899 0.1416 0.0040
vn -0.7806 -0.0604 0.6221
vn -0.6654 0.1521 -0.7308
vn -0.3236 0.2681 0.9074
vn -0.2779 -0.3463 0.8960
vn -0.3771 -0.0074 0.9261
vn -0.0369 -0.0804 -0.9961
vn 0.4855 -0.8740 -0.0210
vn 0.0078 -0.9958 -0.0908
vn 0.3340 -0.5473 -0.7674
vn 0.6979 -0.3814 0.6062
vn 0.9855 -0.1663 0.0351
vn 0.6615 -0.2760 0.6973
vn 0.9482 -0.3100 0.0699
vn 0.6391 -0.3729 0.6727
vn -0.5869 0.1758 -0.7903
vn -0.9975 0.0514 -0.0484
vn -0.9829 0.1473 -0.1106
vn 0.7424 -0.1911 -0.6421
vn 0.0962 0.1491 -0.9841
vn 0.0496 -0.0323 -0.9982
vn -0.5364 0.1822 -0.8241
vn -0.9792 -0.1445 -0.1426
vn -0.9952 0.0046 -0.0979
vn -0.6200 0.1786 -0.7640
vn 0.7238 0.0085 -0.6900
vn 0.7977 -0.0059 -0.6030
vn -0.7449 -0.2393 0.6228
vn -0.1024 -0.2806 0.9544
vn -0.1174 -0.4664 0.8767
vn 0.6920 -0.2233 0.6865
vn 0.6130 -0.5294 0.5864
vn 0.6751 -0.2304 -0.7008
vn 0.1404 0.1398 -0.9802
vn -0.0783 -0.4178 0.9051
vn 0.9245 -0.3802 -0.0262
vn 0.9841 -0.1740 -0.0347
vn 0.2055 -0.7397 0.6408
vn -0.7537 -0.2540 0.6061
vn 0.9581 -0.2621 0.1157
vn 0.7996 -0.2338 -0.5532
vn 0.1247 -0.0885 -0.9882
vn -0.9514 0.0414 0.3053
vn -0.1149 -0.6437 0.7566
vn -0.1176 -0.9908 -0.0669
vn -0.1580 0.6990 0.6974
vn -0.2234 0.2184 0.9499
vn -0.1129 0.0174 -0.9935
vn -0.1007 0.7591 -0.6432
vn -0.1858 0.6737 -0.7153
vn -0.1591 0.9842 0.0782
vn -0.2720 0.6971 -0.6634
vn -0.1799 0.8780 -0.4436
vn -0.2385 0.9624 0.1298
vn -0.1908 0.7637 -0.6167
vn -0.0173 -0.9998 0.0032
vn 0.1584 -0.7465 -0.6463
vn -0.0490 -0.6664 -0.7440
vn -0.1057 0.1104 0.9883
vn 0.1706 -0.7381 0.6528
vn -0.0662 -0.6228 0.7796
vn -0.0904 0.0366 -0.9952
vn 0.0181 -0.6514 -0.7585
vn 0.0516 0.8509 0.5228
vn 0.3383 0.2479 0.9078
vn -0.1390 0.8541 0.5012
vn 0.2626 0.1152 -0.9580
vn 0.0514 0.8592 -0.5091
vn -0.1959 0.9791 0.0543
vn -0.2880 0.9504 0.1177
vn 0.0752 -0.9972 0.0036
vn -0.0319 -0.9989 -0.0357
vn -0.2023 0.7135 0.6708
vn -0.1439 0.7078 0.6916
vn -0.1600 0.9794 0.1231
vn -0.0272 -0.9996 -0.0092
vn -0.0924 -0.6361 0.7661
vn -0.1060 0.1189 0.9872
vn -0.1467 0.7699 -0.6211
vn -0.0734 0.0368 -0.9966
vn -0.0345 -0.6694 -0.7421
vn -0.6064 -0.1648 0.7779
vn -0.7552 -0.6545 -0.0346
vn -0.6977 0.0711 0.7129
vn -0.2334 0.7189 -0.6548
vn -0.2088 0.9729 0.0994
vn -0.2623 0.7053 0.6586
vn -0.3904 -0.5699 -0.7231
vn -0.4559 -0.2200 -0.8624
vn -0.2220 0.8726 0.4350
vn -0.2080 -0.8958 0.3927
vn 0.6475 -0.6281 0.4316
vn -0.3874 0.3345 0.8591
vn 0.5185 0.5196 0.6790
vn 0.0075 0.1052 -0.9944
vn 0.2822 0.1024 -0.9539
vn 0.3414 -0.7095 -0.6165
vn -0.5384 -0.1826 -0.8226
vn -0.3960 0.8075 -0.4372
vn -0.1234 0.0262 -0.9920
vn -0.7772 0.4787 -0.4085
vn -0.4119 0.9109 0.0252
vn 0.3308 -0.9437 -0.0006
vn -0.2002 -0.8688 -0.4528
vn 0.2432 -0.8229 -0.5135
vn -0.1365 0.2129 0.9675
vn -0.1802 -0.8033 0.5676
vn 0.2344 -0.7440 0.6257
vn 0.1395 -0.8163 -0.5606
vn -0.5495 0.8042 0.2265
vn -0.1630 0.8995 -0.4053
vn -0.4436 -0.8962 0.0006
vn -0.6203 -0.0391 0.7834
vn -0.9343 -0.3471 -0.0813
vn -0.9341 0.3558 -0.0305
vn -0.7821 0.5065 0.3629
vn -0.3739 0.8269 0.4201
vn 0.2129 -0.8022 -0.5577
vn 0.0143 0.0771 -0.9969
vn 0.2042 -0.8110 -0.5482
vn -0.3144 0.9486 0.0367
vn -0.3634 0.8410 0.4008
vn -0.3567 0.8354 0.4182
vn 0.1136 -0.7781 0.6178
vn 0.1852 -0.9827 -0.0033
vn 0.0123 -0.7824 0.6227
vn -0.2164 0.2090 0.9537
vn -0.2799 0.1606 0.9465
vn -0.3154 0.8368 -0.4476
vn -0.2524 0.8637 -0.4363
vn 0.3550 0.5624 0.7468
vn 0.7106 -0.6529 0.2622
vn 0.4675 0.6379 0.6120
vn -0.1969 -0.8541 -0.4814
vn -0.0857 -0.7229 0.6856
vn -0.2879 -0.5915 -0.7531
vn 0.5451 -0.7462 0.3821
vn -0.5620 0.6857 -0.4626
vn -0.2015 0.3690 0.9073
vn -0.7679 -0.6218 -0.1541
vn -0.8797 0.4712 0.0643
vn 0.1555 0.2083 -0.9656
vn -0.5601 -0.0630 -0.8260
vn -0.9375 0.1405 -0.3183
vn -0.1648 0.0176 0.9862
vn -0.2348 -0.6643 -0.7097
vn 0.1009 -0.6670 -0.7382
vn 0.3840 -0.7244 -0.5725
vn 0.6621 -0.6998 -0.2681
vn 0.5818 -0.8118 0.0503
vn 0.7002 -0.7125 0.0456
vn -0.6545 -0.7393 -0.1580
vn -0.6666 -0.7306 0.1480
vn 0.5306 -0.7074 0.4670
vn 0.6637 -0.7063 0.2461
vn 0.6837 -0.7247 0.0863
vn 0.6245 -0.7470 0.2281
vn -0.6863 -0.6825 -0.2512
vn 0.1907 -0.6448 0.7402
vn -0.4938 -0.6804 0.5415
vn -0.1767 -0.6648 0.7259
vn -0.5931 -0.6116 -0.5236
vn -0.6009 -0.7601 -0.2473
vn 0.5918 -0.7779 0.2113
vn -0.6638 -0.7467 -0.0428
vn -0.2362 0.1250 0.9636
vn -0.7378 0.0760 0.6707
vn -0.4960 0.1431 -0.8565
vn 0.9444 0.0220 0.3280
vn -0.9213 0.1018 -0.3753
vn -0.6273 -0.7355 -0.2560
vn -0.9666 0.0891 -0.2401
vn -0.9580 0.0822 -0.2747
vn -0.8577 0.1199 -0.5000
vn 0.9212 0.1301 0.3666
vn 0.6763 0.1057 0.7290
vn -0.7466 0.1678 -0.6437
vn 0.9600 0.0488 0.2759
vn 0.9947 0.0816 0.0631
vn 0.9860 0.0821 0.1455
vn 0.8472 0.3667 0.3845
vn 0.8182 0.5535 0.1555
vn 0.8493 0.5242 0.0616
vn 0.9833 0.1400 0.1164
vn 0.6509 0.4487 0.6123
vn -0.8308 0.5048 0.2343
vn -0.9671 0.0765 0.2427
vn -0.8030 0.5100 -0.3083
vn -0.7192 0.2750 -0.6381
vn 0.0113 0.0681 -0.9976
vn -0.4831 0.2544 -0.8378
vn 0.0962 0.2312 -0.9681
vn 0.1508 0.3728 0.9156
vn 0.1934 0.0924 0.9768
vn 0.9104 0.0699 -0.4077
vn 0.6041 0.1953 -0.7726
vn 0.9365 0.2218 -0.2718
vn 0.8392 0.4709 0.2721
vn 0.9849 0.1725 0.0137
vn 0.9417 0.1716 0.2895
vn -0.9955 0.0813 -0.0486
vn -0.8861 0.4616 -0.0428
vn -0.8520 0.4398 -0.2840
vn -0.9301 0.0652 -0.3614
vn -0.8983 0.3247 -0.2961
vn 0.5239 -0.0160 -0.8517
vn -0.8488 0.4701 -0.2419
vn 0.9939 0.0833 0.0723
vn 0.8329 0.0886 0.5462
vn -0.4279 0.8790 0.2104
vn -0.4526 0.8917 -0.0038
vn -0.7480 0.2595 -0.6108
vn -0.4021 0.2471 -0.8816
vn -0.4252 0.9039 -0.0453
vn -0.4141 0.8764 0.2459
vn -0.7552 0.6526 -0.0615
vn 0.1166 0.2023 -0.9723
vn 0.5881 0.2501 -0.7691
vn -0.4068 0.9016 -0.1474
vn 0.9607 0.0212 -0.2767
vn 0.3496 0.6717 0.6531
vn 0.3299 0.9225 0.2003
vn 0.3819 0.9240 -0.0211
vn 0.3816 0.8647 0.3266
vn -0.3143 0.7770 0.5454
vn -0.8337 0.4062 -0.3740
vn 0.0523 0.7544 0.6543
vn 0.5116 0.8553 0.0821
vn 0.9395 0.0368 -0.3406
vn -0.7503 0.3571 -0.5564
vn -0.2238 0.3973 -0.8900
vn 0.1631 0.3900 0.9063
vn 0.1736 0.4483 -0.8769
vn -0.8193 0.5196 -0.2424
vn -0.2512 0.7526 0.6087
vn -0.5117 0.4397 0.7381
vn -0.7781 0.6175 0.1154
vn 0.9897 0.0857 0.1144
vn -0.8356 0.3212 -0.4457
vn -0.6218 -0.7715 -0.1350
vn -0.6476 0.1624 -0.7444
vn 0.4576 0.4999 -0.7353
vn -0.0601 0.0761 -0.9953
vn -0.3691 0.9290 0.0283
vn 0.2697 -0.9629 -0.0089
vn -0.2254 0.9733 0.0435
vn 0.1517 -0.9884 -0.0007
vn 0.1305 0.9802 0.1486
vn 0.2385 0.7698 -0.5920
vn 0.0184 -0.9996 -0.0197
vn -0.0520 -0.6386 0.7677
vn 0.2329 0.0386 -0.9717
vn 0.1497 -0.6692 -0.7279
vn 0.0144 0.7066 0.7075
vn -0.1539 0.9802 0.1242
vn -0.1342 0.7698 -0.6240
vn -0.0148 -0.9996 -0.0225
vn -0.0235 -0.6692 -0.7427
vn -0.0795 -0.6387 0.7654
vn -0.0639 0.0386 -0.9972
vn -0.1347 0.7066 0.6947
vn -0.0842 0.1761 0.9808
vn -0.1637 0.9795 0.1176
vn -0.0116 -0.9991 -0.0414
vn -0.0990 0.1339 0.9860
vn 0.0158 0.0460 -0.9988
vn -0.1936 -0.9811 0.0080
vn -0.1897 0.9783 0.0829
vn -0.2901 0.2284 0.9293
vn -0.2332 0.0157 -0.9723
vn 0.0670 -0.6212 -0.7808
vn -0.0696 -0.5806 0.8112
vn -0.0651 0.6481 0.7588
vn 0.7449 -0.0314 0.6664
vt 0.424189 0.840543
vt 0.461125 0.792446
vt 0.464336 0.838546
vt 0.416717 0.891313
vt 0.381879 0.875987
vt 0.388363 0.839070
vt 0.422632 0.794167
vt 0.566789 0.877794
vt 0.547299 0.836224
vt 0.578397 0.842760
vt 0.581898 0.795908
vt 0.597619 0.848015
vt 0.620819 0.793294
vt 0.616772 0.853315
vt 0.600537 0.899719
vt 0.583095 0.888653
vt 0.579292 0.753821
vt 0.549020 0.792867
vt 0.546067 0.756194
vt 0.544645 0.723253
vt 0.574039 0.710092
vt 0.595691 0.703076
vt 0.619721 0.748357
vt 0.597837 0.751342
vt 0.601547 0.796005
vt 0.348695 0.746560
vt 0.370282 0.707710
vt 0.379394 0.748660
vt 0.352067 0.794337
vt 0.329024 0.744340
vt 0.314521 0.794038
vt 0.314430 0.744770
vt 0.328721 0.702267
vt 0.354042 0.840060
vt 0.386191 0.794961
vt 0.357348 0.881251
vt 0.333591 0.885364
vt 0.314618 0.841490
vt 0.331745 0.841868
vt 0.330568 0.794359
vt 0.413924 0.746695
vt 0.448209 0.693178
vt 0.456179 0.745664
vt 0.398831 0.701742
vt 0.504429 0.747971
vt 0.506491 0.792522
vt 0.508008 0.704406
vt 0.507486 0.836775
vt 0.542416 0.864527
vt 0.513779 0.871163
vt 0.468510 0.881365
vt 0.479157 0.922805
vt 0.419565 0.937381
vt 0.424599 0.965218
vt 0.496721 0.973106
vt 0.429012 0.990871
vt 0.314511 0.941935
vt 0.345272 0.936565
vt 0.375354 0.923035
vt 0.533244 0.902573
vt 0.561199 0.940729
vt 0.546777 0.922084
vt 0.487495 0.948280
vt 0.435746 0.653777
vt 0.381262 0.577779
vt 0.445485 0.577770
vt 0.535591 0.655029
vt 0.607121 0.620608
vt 0.561972 0.632999
vt 0.361914 0.644380
vt 0.346644 0.709066
vt 0.313881 0.639752
vt 0.338499 0.642475
vt 0.499833 0.577771
vt 0.555856 0.577771
vt 0.499825 0.533686
vt 0.346813 0.577779
vt 0.313472 0.533689
vt 0.342897 0.533687
vt 0.314240 0.577779
vt 0.334052 0.271301
vt 0.357396 0.300091
vt 0.329014 0.286781
vt 0.322390 0.251659
vt 0.313386 0.238894
vt 0.334027 0.242630
vt 0.379403 0.533687
vt 0.444533 0.533687
vt 0.556533 0.533686
vt 0.357750 0.248681
vt 0.359286 0.273939
vt 0.332089 0.303960
vt 0.321848 0.288750
vt 0.433662 0.354178
vt 0.449266 0.326720
vt 0.449485 0.354250
vt 0.366558 0.325732
vt 0.343994 0.358074
vt 0.338463 0.328531
vt 0.313384 0.207136
vt 0.344557 0.178094
vt 0.341915 0.209838
vt 0.418808 0.228852
vt 0.449323 0.220507
vt 0.449271 0.239104
vt 0.343530 0.090906
vt 0.314626 0.017308
vt 0.347540 0.017308
vt 0.414719 0.446112
vt 0.377733 0.512503
vt 0.375206 0.446113
vt 0.414715 0.091274
vt 0.383767 0.017308
vt 0.419431 0.017308
vt 0.346142 0.512510
vt 0.344101 0.446113
vt 0.375666 0.404281
vt 0.344048 0.404281
vt 0.377258 0.128712
vt 0.416572 0.128622
vt 0.413916 0.404274
vt 0.314033 0.128516
vt 0.344355 0.128615
vt 0.412771 0.274270
vt 0.449197 0.256444
vt 0.449187 0.274815
vt 0.415545 0.317015
vt 0.418053 0.335450
vt 0.764886 0.156253
vt 0.785226 0.107684
vt 0.785902 0.156261
vt 0.799007 0.216144
vt 0.788083 0.231730
vt 0.787603 0.209281
vt 0.806236 0.216144
vt 0.817640 0.209281
vt 0.817160 0.231730
vt 0.313740 0.329149
vt 0.313373 0.306234
vt 0.372191 0.215842
vt 0.374663 0.091035
vt 0.315648 0.446113
vt 0.314837 0.404281
vt 0.314860 0.512509
vt 0.379954 0.180533
vt 0.314468 0.358172
vt 0.313369 0.290182
vt 0.603223 0.533686
vt 0.601924 0.577769
vt 0.331166 0.256618
vt 0.745586 0.200221
vt 0.747370 0.231809
vt 0.859657 0.200221
vt 0.857873 0.231809
vt 0.709669 0.231837
vt 0.709669 0.170960
vt 0.711467 0.163309
vt 0.721847 0.172340
vt 0.895574 0.201072
vt 0.895574 0.231837
vt 0.893776 0.163309
vt 0.895574 0.170960
vt 0.883396 0.172340
vt 0.727815 0.107591
vt 0.746092 0.080597
vt 0.745571 0.107637
vt 0.721819 0.156184
vt 0.741924 0.156224
vt 0.819341 0.156261
vt 0.806946 0.107689
vt 0.820018 0.107684
vt 0.863319 0.156224
vt 0.840570 0.107660
vt 0.859673 0.107637
vt 0.820450 0.080597
vt 0.806937 0.054180
vt 0.822707 0.054203
vt 0.806573 0.080594
vt 0.859151 0.080597
vt 0.764674 0.107660
vt 0.784794 0.080597
vt 0.764428 0.054143
vt 0.749316 0.015651
vt 0.764815 0.015651
vt 0.840985 0.080600
vt 0.856585 0.054132
vt 0.782536 0.054203
vt 0.729421 0.054235
vt 0.748658 0.054132
vt 0.840357 0.156253
vt 0.806497 0.156257
vt 0.798746 0.156257
vt 0.883424 0.156184
vt 0.798670 0.080594
vt 0.798306 0.054180
vt 0.875823 0.054235
vt 0.877532 0.080594
vt 0.729683 0.015651
vt 0.798297 0.107689
vt 0.877428 0.107591
vt 0.840815 0.054143
vt 0.855928 0.015651
vt 0.764259 0.080600
vt 0.783049 0.015663
vt 0.798628 0.015651
vt 0.709669 0.201072
vt 0.449523 0.204607
vt 0.480124 0.220366
vt 0.479999 0.257885
vt 0.449223 0.302051
vt 0.479967 0.285858
vt 0.480002 0.302736
vt 0.449178 0.285334
vt 0.413400 0.253148
vt 0.413721 0.291399
vt 0.434697 0.204330
vt 0.422225 0.207221
vt 0.566295 0.274906
vt 0.595486 0.285901
vt 0.566268 0.285870
vt 0.566418 0.354247
vt 0.595450 0.326418
vt 0.595727 0.354264
vt 0.566331 0.238259
vt 0.595577 0.220463
vt 0.595572 0.238385
vt 0.566261 0.302736
vt 0.566248 0.326375
vt 0.479969 0.274904
vt 0.480017 0.326307
vt 0.480076 0.238202
vt 0.480251 0.354141
vt 0.936043 0.747008
vt 0.923453 0.760350
vt 0.936042 0.768567
vt 0.936038 0.820137
vt 0.916280 0.805196
vt 0.913156 0.821296
vt 0.936042 0.798169
vt 0.915442 0.782105
vt 0.819123 0.316250
vt 0.797225 0.333975
vt 0.797550 0.318382
vt 0.595475 0.302736
vt 0.595521 0.257994
vt 0.566295 0.257912
vt 0.566497 0.203804
vt 0.566331 0.220418
vt 0.595515 0.274908
vt 0.532118 0.257914
vt 0.532117 0.274905
vt 0.532351 0.203915
vt 0.532180 0.220442
vt 0.532164 0.238293
vt 0.532094 0.285856
vt 0.532103 0.302735
vt 0.532102 0.326282
vt 0.532268 0.354131
vt 0.419455 0.177066
vt 0.390478 0.193948
vt 0.377553 0.292302
vt 0.378918 0.250740
vt 0.383620 0.322861
vt 0.389307 0.352126
vt 0.377764 0.356368
vt 0.377725 0.275083
vt 0.386719 0.219392
vt 0.413831 0.374713
vt 0.419551 0.370201
vt 0.886209 0.762623
vt 0.885320 0.783617
vt 0.777659 0.360222
vt 0.775246 0.328194
vt 0.880033 0.743203
vt 0.890829 0.819226
vt 0.782364 0.317118
vt 0.936035 0.782914
vt 0.917158 0.833933
vt 0.936043 0.839292
vt 0.935345 0.733206
vt 0.924802 0.741013
vt 0.850441 0.804389
vt 0.834730 0.811118
vt 0.848924 0.814470
vt 0.845332 0.792443
vt 0.836175 0.803540
vt 0.802891 0.409291
vt 0.825644 0.420676
vt 0.802602 0.427387
vt 0.838707 0.770458
vt 0.818760 0.775581
vt 0.825647 0.779275
vt 0.890980 0.833163
vt 0.869023 0.734549
vt 0.888750 0.727085
vt 0.872363 0.723774
vt 0.827988 0.356680
vt 0.798520 0.363699
vt 0.891034 0.803458
vt 0.812287 0.796118
vt 0.823986 0.796395
vt 0.827928 0.816141
vt 0.830711 0.785266
vt 0.831336 0.794974
vt 0.844701 0.779631
vt 0.786338 0.423044
vt 0.785572 0.404993
vt 0.844285 0.822752
vt 0.876973 0.818524
vt 0.860643 0.829363
vt 0.875811 0.831263
vt 0.872324 0.786765
vt 0.858692 0.773995
vt 0.859328 0.789913
vt 0.800398 0.377537
vt 0.784805 0.386943
vt 0.781503 0.373582
vt 0.872450 0.768309
vt 0.851767 0.761641
vt 0.865900 0.752422
vt 0.846093 0.753734
vt 0.829294 0.383941
vt 0.803179 0.391195
vt 0.864707 0.805239
vt 0.877870 0.804349
vt 0.863117 0.817822
vt 0.925131 0.719445
vt 0.907509 0.711057
vt 0.915383 0.725852
vt 0.767249 0.355598
vt 0.762244 0.337615
vt 0.765097 0.361551
vt 0.738160 0.372496
vt 0.749799 0.350854
vt 0.886180 0.719532
vt 0.872236 0.715844
vt 0.895340 0.694131
vt 0.882537 0.690427
vt 0.887850 0.697470
vt 0.898063 0.686418
vt 0.840361 0.015651
vt 0.806601 0.015663
vt 0.822019 0.015663
vt 0.875560 0.015651
vt 0.766859 0.911082
vt 0.770744 0.901510
vt 0.763760 0.893499
vt 0.770211 0.925627
vt 0.762338 0.936825
vt 0.711596 0.936677
vt 0.696274 0.910932
vt 0.696421 0.941635
vt 0.712570 0.910932
vt 0.699362 0.882974
vt 0.679979 0.910932
vt 0.669017 0.887282
vt 0.663683 0.910932
vt 0.666402 0.936456
vt 0.745465 0.940958
vt 0.738734 0.910931
vt 0.736360 0.940090
vt 0.747051 0.888843
vt 0.737908 0.889706
vt 0.652267 0.923704
vt 0.650448 0.911016
vt 0.653728 0.898328
vt 0.748602 0.910932
vt 0.728378 0.888472
vt 0.713956 0.884701
vt 0.727281 0.938093
vt 0.684388 0.883796
vt 0.681354 0.941635
vt 0.685829 0.695635
vt 0.709035 0.707892
vt 0.708318 0.689391
vt 0.651216 0.838339
vt 0.636815 0.828293
vt 0.636358 0.838542
vt 0.761434 0.786870
vt 0.784626 0.791663
vt 0.781184 0.780586
vt 0.662889 0.772774
vt 0.648575 0.752749
vt 0.644587 0.767637
vt 0.667608 0.758644
vt 0.655645 0.733289
vt 0.636687 0.810221
vt 0.655736 0.797824
vt 0.638034 0.794237
vt 0.751425 0.706855
vt 0.743698 0.740467
vt 0.762160 0.730646
vt 0.651688 0.827846
vt 0.766139 0.797810
vt 0.786770 0.803304
vt 0.770097 0.809706
vt 0.790282 0.816064
vt 0.756045 0.773861
vt 0.746963 0.789506
vt 0.738081 0.763188
vt 0.749903 0.756858
vt 0.727102 0.734129
vt 0.735818 0.718438
vt 0.690493 0.734814
vt 0.692503 0.712229
vt 0.681709 0.721092
vt 0.675902 0.773849
vt 0.663860 0.828975
vt 0.652804 0.811466
vt 0.651984 0.847741
vt 0.662721 0.839648
vt 0.718851 0.717725
vt 0.726702 0.710939
vt 0.775207 0.821851
vt 0.767474 0.837667
vt 0.778828 0.834668
vt 0.733420 0.750248
vt 0.758294 0.814508
vt 0.673889 0.744932
vt 0.671792 0.787590
vt 0.659328 0.785637
vt 0.668594 0.798637
vt 0.769809 0.847741
vt 0.778660 0.847798
vt 0.683588 0.751217
vt 0.763232 0.827184
vt 0.753212 0.799839
vt 0.745139 0.819551
vt 0.696225 0.747399
vt 0.672580 0.831952
vt 0.692294 0.778048
vt 0.684106 0.807013
vt 0.757514 0.847741
vt 0.678758 0.763215
vt 0.691125 0.756638
vt 0.751837 0.830942
vt 0.741140 0.776355
vt 0.724027 0.790583
vt 0.727865 0.767257
vt 0.723221 0.747063
vt 0.702700 0.734670
vt 0.699037 0.717821
vt 0.689960 0.767062
vt 0.676496 0.818660
vt 0.665722 0.812987
vt 0.662628 0.847741
vt 0.671022 0.841116
vt 0.715429 0.734568
vt 0.727865 0.756596
vt 0.753335 0.841094
vt 0.744649 0.834372
vt 0.747224 0.843692
vt 0.679750 0.835250
vt 0.668719 0.847741
vt 0.678439 0.843499
vt 0.736824 0.806172
vt 0.718289 0.798618
vt 0.731506 0.809276
vt 0.680551 0.820931
vt 0.749336 0.847741
vt 0.690572 0.808936
vt 0.702430 0.798724
vt 0.725767 0.778640
vt 0.695283 0.790443
vt 0.739621 0.822169
vt 0.731475 0.694422
vt 0.728866 0.910932
vt 0.685895 0.837050
vt 0.685422 0.848102
vt 0.741032 0.847741
vt 0.676732 0.847741
vt 0.698378 0.813838
vt 0.688192 0.824436
vt 0.733890 0.824390
vt 0.738812 0.836505
vt 0.725362 0.813361
vt 0.710079 0.810501
vt 0.794359 0.834625
vt 0.769187 0.749663
vt 0.775611 0.765710
vt 0.794071 0.847746
vt 0.640929 0.781632
vt 0.667034 0.709545
vt 0.635994 0.847741
vt 0.205075 0.841165
vt 0.167894 0.792612
vt 0.206425 0.794302
vt 0.213092 0.892060
vt 0.164771 0.839372
vt 0.247610 0.876372
vt 0.240912 0.839472
vt 0.081350 0.836963
vt 0.061439 0.878760
vt 0.050009 0.843329
vt 0.046919 0.795987
vt 0.030597 0.848442
vt 0.007910 0.793258
vt 0.027226 0.796032
vt 0.027123 0.900645
vt 0.011233 0.853570
vt 0.049903 0.754191
vt 0.079860 0.793006
vt 0.084560 0.723965
vt 0.083012 0.756778
vt 0.009719 0.748336
vt 0.033980 0.703702
vt 0.031469 0.751533
vt 0.280135 0.746760
vt 0.258394 0.708087
vt 0.281875 0.709276
vt 0.276985 0.794544
vt 0.249421 0.748845
vt 0.299788 0.744428
vt 0.298477 0.794450
vt 0.299865 0.702364
vt 0.275218 0.840274
vt 0.242874 0.795054
vt 0.272086 0.881446
vt 0.295777 0.885443
vt 0.297500 0.841963
vt 0.214966 0.746963
vt 0.180580 0.693943
vt 0.229864 0.702249
vt 0.172761 0.746006
vt 0.124594 0.748679
vt 0.121061 0.705265
vt 0.122463 0.792695
vt 0.121385 0.837636
vt 0.086117 0.865495
vt 0.160724 0.882526
vt 0.114993 0.872283
vt 0.150060 0.924580
vt 0.210795 0.939017
vt 0.205917 0.967651
vt 0.132131 0.975845
vt 0.141589 0.950525
vt 0.284079 0.936417
vt 0.254367 0.923054
vt 0.095251 0.904000
vt 0.066684 0.942564
vt 0.044873 0.889609
vt 0.081443 0.923720
vt 0.193570 0.654851
vt 0.247379 0.577779
vt 0.265733 0.644745
vt 0.093658 0.656259
vt 0.055405 0.710773
vt 0.022813 0.622214
vt 0.067560 0.634447
vt 0.289294 0.642673
vt 0.129023 0.577772
vt 0.129118 0.533691
vt 0.182637 0.577771
vt 0.281709 0.577779
vt 0.268898 0.301442
vt 0.291197 0.271842
vt 0.297011 0.287295
vt 0.305907 0.251701
vt 0.313384 0.246016
vt 0.247387 0.533689
vt 0.073421 0.577772
vt 0.270475 0.248715
vt 0.295323 0.256799
vt 0.295298 0.304572
vt 0.305394 0.289180
vt 0.193938 0.355121
vt 0.176015 0.328031
vt 0.207023 0.335239
vt 0.284512 0.358580
vt 0.260256 0.327132
vt 0.289615 0.328914
vt 0.282865 0.177913
vt 0.285628 0.210190
vt 0.206546 0.229302
vt 0.175926 0.219668
vt 0.203923 0.207845
vt 0.284546 0.090778
vt 0.314613 0.090700
vt 0.253341 0.512512
vt 0.214391 0.446114
vt 0.254895 0.446135
vt 0.214500 0.090826
vt 0.247743 0.017308
vt 0.254392 0.090764
vt 0.285985 0.512515
vt 0.286115 0.446113
vt 0.252155 0.404241
vt 0.285386 0.404280
vt 0.250952 0.128649
vt 0.210862 0.128516
vt 0.213588 0.404272
vt 0.283022 0.128585
vt 0.213024 0.273701
vt 0.176112 0.256466
vt 0.211851 0.254735
vt 0.293270 0.242695
vt 0.210397 0.317612
vt 0.634112 0.107684
vt 0.654452 0.156253
vt 0.633436 0.156261
vt 0.620331 0.216144
vt 0.631735 0.209281
vt 0.631255 0.231730
vt 0.984912 0.216144
vt 0.973988 0.231730
vt 0.973508 0.209281
vt 0.254233 0.215514
vt 0.026664 0.533691
vt 0.027849 0.577770
vt 0.673752 0.200221
vt 0.671968 0.231809
vt 0.931491 0.200221
vt 0.933275 0.231809
vt 0.707871 0.163309
vt 0.709669 0.163423
vt 0.897372 0.163309
vt 0.907752 0.172340
vt 0.673246 0.080597
vt 0.691523 0.107591
vt 0.673767 0.107637
vt 0.697519 0.156184
vt 0.677414 0.156224
vt 0.971807 0.156261
vt 0.984202 0.107689
vt 0.984651 0.156257
vt 0.927829 0.156224
vt 0.950579 0.107660
vt 0.950792 0.156253
vt 0.970699 0.080597
vt 0.984211 0.054180
vt 0.984575 0.080594
vt 0.971131 0.107684
vt 0.931997 0.080597
vt 0.931476 0.107637
vt 0.634545 0.080597
vt 0.654665 0.107660
vt 0.654910 0.054143
vt 0.670023 0.015651
vt 0.670680 0.054132
vt 0.934564 0.054132
vt 0.950164 0.080600
vt 0.655079 0.080600
vt 0.689917 0.054235
vt 0.691627 0.080594
vt 0.697491 0.172340
vt 0.620592 0.156257
vt 0.620668 0.080594
vt 0.636802 0.054203
vt 0.915326 0.054235
vt 0.913617 0.080594
vt 0.689655 0.015651
vt 0.621041 0.107689
vt 0.913720 0.107591
vt 0.907724 0.156184
vt 0.935221 0.015651
vt 0.950334 0.054143
vt 0.621032 0.054180
vt 0.636114 0.015663
vt 0.145397 0.220346
vt 0.175617 0.203610
vt 0.145435 0.257886
vt 0.176002 0.238678
vt 0.176076 0.303006
vt 0.145445 0.285869
vt 0.176141 0.285954
vt 0.176127 0.274825
vt 0.212919 0.292865
vt 0.188960 0.203956
vt 0.030728 0.285918
vt 0.059219 0.274906
vt 0.059234 0.285883
vt 0.059157 0.354297
vt 0.030753 0.326476
vt 0.059246 0.326424
vt 0.059200 0.238244
vt 0.030667 0.220373
vt 0.059200 0.220400
vt 0.059238 0.302736
vt 0.145431 0.326349
vt 0.175682 0.354323
vt 0.923919 0.589915
vt 0.936044 0.576656
vt 0.936043 0.598211
vt 0.936038 0.649765
vt 0.916482 0.634717
vt 0.936043 0.627815
vt 0.915780 0.611622
vt 0.936035 0.612530
vt 0.911203 0.334156
vt 0.933308 0.316285
vt 0.911008 0.319288
vt 0.030704 0.258005
vt 0.059220 0.257916
vt 0.059113 0.203743
vt 0.030707 0.274909
vt 0.093400 0.257917
vt 0.093400 0.274906
vt 0.093392 0.203856
vt 0.093398 0.220424
vt 0.093398 0.238277
vt 0.093401 0.285867
vt 0.093400 0.302736
vt 0.093401 0.326326
vt 0.093395 0.354175
vt 0.238441 0.193212
vt 0.209258 0.175756
vt 0.247444 0.179769
vt 0.248443 0.292318
vt 0.268288 0.274533
vt 0.247863 0.251013
vt 0.238015 0.351967
vt 0.249383 0.358293
vt 0.213559 0.376549
vt 0.886662 0.591967
vt 0.892139 0.360916
vt 0.890318 0.328884
vt 0.880602 0.572511
vt 0.925382 0.570586
vt 0.890949 0.648597
vt 0.913262 0.650799
vt 0.896187 0.317278
vt 0.917190 0.663459
vt 0.936043 0.668939
vt 0.935971 0.562842
vt 0.949700 0.563685
vt 0.834898 0.640157
vt 0.850648 0.633522
vt 0.849072 0.643593
vt 0.836388 0.632588
vt 0.845610 0.621546
vt 0.916752 0.410023
vt 0.939488 0.421443
vt 0.941342 0.403078
vt 0.839115 0.599522
vt 0.819139 0.604527
vt 0.832869 0.593684
vt 0.891017 0.662534
vt 0.869643 0.563793
vt 0.889413 0.556445
vt 0.941931 0.357450
vt 0.942432 0.332580
vt 0.891247 0.632831
vt 0.812557 0.625025
vt 0.826004 0.608262
vt 0.824241 0.625371
vt 0.828067 0.645141
vt 0.831599 0.623994
vt 0.831032 0.614283
vt 0.845055 0.608730
vt 0.900179 0.423750
vt 0.899440 0.405699
vt 0.844385 0.651848
vt 0.860703 0.658556
vt 0.877097 0.647813
vt 0.875860 0.660545
vt 0.872635 0.616027
vt 0.859079 0.603177
vt 0.872871 0.597572
vt 0.898701 0.387647
vt 0.914851 0.378266
vt 0.895420 0.374281
vt 0.852227 0.590782
vt 0.866415 0.581647
vt 0.846599 0.582841
vt 0.858121 0.573317
vt 0.943195 0.384714
vt 0.942563 0.371082
vt 0.864909 0.634456
vt 0.878078 0.633643
vt 0.908267 0.540529
vt 0.925839 0.549020
vt 0.916053 0.555370
vt 0.881194 0.356275
vt 0.852079 0.373128
vt 0.879032 0.362225
vt 0.863751 0.351504
vt 0.876216 0.338284
vt 0.873046 0.553037
vt 0.886888 0.548877
vt 0.896198 0.523531
vt 0.883417 0.519751
vt 0.898967 0.515834
vt 0.888689 0.526826
vt 0.872966 0.545107
vt 0.916937 0.533274
vt 0.950720 0.015651
vt 0.968441 0.054203
vt 0.984533 0.015651
vt 0.654456 0.015651
vt 0.934161 0.917252
vt 0.938046 0.926824
vt 0.941210 0.917411
vt 0.937513 0.902706
vt 0.929640 0.891508
vt 0.863576 0.917402
vt 0.878898 0.891657
vt 0.863722 0.886699
vt 0.866664 0.945360
vt 0.879872 0.917402
vt 0.836319 0.941052
vt 0.847280 0.917402
vt 0.830984 0.917403
vt 0.833704 0.891879
vt 0.848656 0.886699
vt 0.906036 0.917402
vt 0.912766 0.887376
vt 0.903662 0.888244
vt 0.914352 0.939491
vt 0.915904 0.917402
vt 0.819569 0.904630
vt 0.821030 0.930007
vt 0.817749 0.917319
vt 0.931062 0.934835
vt 0.895679 0.939862
vt 0.896167 0.917402
vt 0.894582 0.890240
vt 0.851690 0.944538
vt 0.685814 0.524204
vt 0.708995 0.536481
vt 0.692459 0.540801
vt 0.636616 0.656768
vt 0.650999 0.666836
vt 0.636144 0.667015
vt 0.784478 0.620385
vt 0.761292 0.615540
vt 0.781057 0.609280
vt 0.648490 0.581270
vt 0.662774 0.601310
vt 0.644483 0.596149
vt 0.655594 0.561809
vt 0.667511 0.587189
vt 0.636505 0.638709
vt 0.655582 0.626341
vt 0.652614 0.639978
vt 0.751403 0.535496
vt 0.743618 0.569106
vt 0.735767 0.547060
vt 0.651486 0.656346
vt 0.786609 0.632031
vt 0.765981 0.626507
vt 0.790098 0.644797
vt 0.769925 0.638407
vt 0.755926 0.602520
vt 0.746822 0.618153
vt 0.741017 0.604994
vt 0.737975 0.591822
vt 0.749806 0.585507
vt 0.727024 0.562749
vt 0.690416 0.563389
vt 0.681657 0.549651
vt 0.675784 0.602402
vt 0.663654 0.657494
vt 0.652114 0.676674
vt 0.662500 0.668165
vt 0.662752 0.676708
vt 0.718800 0.546327
vt 0.726660 0.539544
vt 0.775011 0.650560
vt 0.767258 0.666363
vt 0.763034 0.655874
vt 0.733331 0.578876
vt 0.758116 0.643191
vt 0.753055 0.628516
vt 0.673809 0.573487
vt 0.683498 0.579783
vt 0.671659 0.616137
vt 0.659193 0.614164
vt 0.668439 0.627173
vt 0.778933 0.663834
vt 0.769937 0.676706
vt 0.678653 0.591773
vt 0.744954 0.648215
vt 0.736657 0.634822
vt 0.696171 0.575983
vt 0.691057 0.585216
vt 0.672369 0.660489
vt 0.670796 0.669651
vt 0.692169 0.606623
vt 0.695141 0.619022
vt 0.683939 0.635573
vt 0.757642 0.676713
vt 0.753114 0.669767
vt 0.689876 0.595637
vt 0.751633 0.659614
vt 0.723876 0.619202
vt 0.725638 0.607256
vt 0.727778 0.595873
vt 0.723168 0.575675
vt 0.702657 0.563261
vt 0.676296 0.647209
vt 0.668841 0.676706
vt 0.715386 0.563172
vt 0.727795 0.585214
vt 0.744441 0.663032
vt 0.679534 0.663800
vt 0.678209 0.672043
vt 0.718127 0.627230
vt 0.749464 0.676711
vt 0.680347 0.649491
vt 0.702277 0.627311
vt 0.698987 0.546400
vt 0.690403 0.637505
vt 0.739432 0.650821
vt 0.665531 0.641515
vt 0.708305 0.517983
vt 0.905209 0.938628
vt 0.685675 0.665605
vt 0.685544 0.677056
vt 0.741161 0.676709
vt 0.747000 0.672354
vt 0.676854 0.676701
vt 0.698201 0.642414
vt 0.687985 0.653001
vt 0.733697 0.653037
vt 0.738601 0.665157
vt 0.725189 0.641997
vt 0.709911 0.639105
vt 0.731458 0.523035
vt 0.794155 0.663365
vt 0.769102 0.578336
vt 0.778787 0.676788
vt 0.762108 0.559307
vt 0.637891 0.622730
vt 0.667013 0.538078
vt 0.640806 0.610135
vt 0.775505 0.594395
vt 0.636128 0.676671
vt 0.863245 0.647029
vt 0.859621 0.619098
vt 0.917069 0.391927
vt 0.832426 0.764657
vt 0.827469 0.402308
vt 0.828641 0.370310
vt 0.857558 0.744141
vt 0.885650 0.612956
vt 0.912633 0.364605
vt 0.506311 0.274905
vt 0.506321 0.285857
vt 0.506161 0.354136
vt 0.506237 0.220404
vt 0.506307 0.302736
vt 0.506302 0.326295
vt 0.506301 0.257899
vt 0.506088 0.203826
vt 0.117992 0.274905
vt 0.118030 0.285868
vt 0.117555 0.354180
vt 0.117980 0.326337
vt 0.117775 0.220385
vt 0.117990 0.302736
vt 0.117967 0.257902
vt 0.117323 0.203765
vt 0.313385 0.176248
vt 0.145443 0.274905
vt 0.145319 0.203674
vt 0.145411 0.238185
vt 0.145435 0.302736
vt 0.145359 0.354184
vt 0.480375 0.203737
vt 0.427786 0.190023
vt 0.204862 0.190633
vt 0.249191 0.274533
vt 0.239198 0.219570
vt 0.242360 0.323778
vt 0.210098 0.372558
vt 0.616409 0.697945
vt 0.314291 0.702090
vt 0.314669 0.886247
vt 0.416811 0.512496
vt 0.895574 0.163423
vt 0.727712 0.080594
vt 0.828453 0.333255
vt 0.595849 0.203525
vt 0.949078 0.733969
vt 0.916136 0.703752
vt 0.748889 0.379998
vt 0.773908 0.910923
vt 0.013528 0.698485
vt 0.201489 0.994125
vt 0.183319 0.533689
vt 0.284048 0.533689
vt 0.073408 0.533691
vt 0.282118 0.017308
vt 0.213588 0.512510
vt 0.209834 0.017308
vt 0.620696 0.015663
vt 0.030572 0.354320
vt 0.030670 0.238188
vt 0.030736 0.302736
vt 0.030488 0.203604
vt 0.916436 0.428118
vt 0.862796 0.380646
vt 0.968954 0.015663
vt 0.915588 0.015651
vt 0.881258 0.943633
vt 0.731338 0.637921
vt 0.794208 0.676620
s 1
usemtl skin.004
f 1/1/1 41/2/2 30/3/3
f 30/3/3 16/4/4 1/1/1
f 1/1/1 36/5/5 15/6/6
f 15/6/6 27/7/7 1/1/1
f 23/8/8 14/9/9 2/10/10
f 14/9/9 25/11/11 2/10/10
f 65/12/12 380/13/13 353/14/14
f 65/12/12 378/15/15 75/16/16
f 3/17/17 38/18/18 19/19/19
f 3/17/17 33/20/20 18/21/21
f 73/22/22 354/23/23 66/24/24
f 66/24/24 380/13/13 77/25/25
f 4/26/26 34/27/27 21/28/28
f 21/28/28 26/29/29 4/26/26
f 67/30/30 381/31/31 356/32/32
f 356/32/32 74/33/33 67/30/30
f 5/34/34 39/35/35 15/6/6
f 15/6/6 24/36/36 5/34/34
f 76/37/37 357/38/38 68/39/39
f 357/38/38 78/40/40 68/39/39
f 6/41/41 37/42/42 29/43/43
f 29/43/43 27/7/7 6/41/41
f 6/41/41 39/35/35 21/28/28
f 21/28/28 13/44/44 6/41/41
f 7/45/45 33/20/20 19/19/19
f 19/19/19 28/46/46 7/45/45
f 7/45/45 41/2/2 29/43/43
f 29/43/43 17/47/47 7/45/45
f 8/48/48 38/18/18 14/9/9
f 8/48/48 35/49/49 22/50/50
f 8/48/48 40/51/51 30/3/3
f 30/3/3 28/46/46 8/48/48
f 16/4/4 31/52/52 9/53/53
f 69/54/54 383/55/55 362/56/56
f 362/57/56 76/37/37 69/58/54
f 9/59/53 36/5/5 16/4/4
f 10/60/57 35/49/49 23/8/8
f 75/16/16 363/61/58 70/62/59
f 70/62/59 383/55/55 79/63/60
f 31/52/52 22/50/50 10/60/57
f 32/64/61 44/65/62 43/66/63
f 11/67/64 33/20/20 17/47/47
f 11/67/64 37/42/42 32/64/61
f 366/68/65 73/22/22 71/69/66
f 32/64/61 13/44/44 12/70/67
f 12/70/67 34/27/27 20/71/68
f 74/33/33 367/72/69 72/73/70
f 71/69/66 42/74/71 80/75/72
f 43/66/63 45/76/73 42/74/71
f 81/77/74 389/78/75 83/79/76
f 32/64/61 42/74/71 11/67/64
f 72/73/70 384/80/77 81/77/74
f 46/81/78 48/82/79 45/83/73
f 83/84/76 394/85/80 85/86/81
f 43/66/63 47/87/82 46/88/78
f 80/75/72 45/76/73 82/89/83
f 46/81/78 50/90/84 49/91/85
f 45/83/73 84/92/86 82/93/83
f 770/94/87 133/95/88 134/96/89
f 61/97/90 86/98/91 93/99/92
f 417/100/93 87/101/94 92/102/95
f 769/103/96 135/104/97 136/105/98
f 91/106/99 404/107/100 89/108/101
f 58/109/102 54/110/103 59/111/104
f 58/112/102 56/113/105 55/114/106
f 59/111/104 88/115/107 90/116/108
f 738/117/109 90/116/108 743/118/110
f 737/119/111 58/112/102 740/120/112
f 740/121/112 59/111/104 738/117/109
f 739/122/113 91/106/99 742/123/114
f 767/124/115 132/125/116 131/126/117
f 394/85/80 92/102/95 85/86/81
f 48/82/79 93/99/92 84/92/86
f 764/127/118 133/95/88 768/128/119
f 106/129/120 113/130/121 119/131/122
f 55/132/106 56/133/105 111/134/123
f 55/135/106 121/136/124 54/137/103
f 84/92/86 416/138/125 395/139/126
f 50/90/84 92/102/95 60/140/127
f 742/123/114 57/141/128 737/119/111
f 743/118/110 413/142/129 741/143/130
f 90/116/108 405/144/131 413/142/129
f 91/106/99 56/113/105 57/141/128
f 60/140/127 87/101/94 53/145/132
f 93/99/92 400/146/133 416/138/125
f 82/93/83 395/139/126 390/147/134
f 80/75/72 390/148/134 385/149/135
f 47/150/82 85/86/81 50/90/84
f 72/73/70 44/65/62 12/70/67
f 81/77/74 47/87/82 44/65/62
f 366/68/65 80/75/72 385/149/135
f 20/71/68 72/73/70 12/70/67
f 71/69/66 18/21/21 11/67/64
f 10/60/57 79/63/60 31/52/52
f 23/8/8 70/62/59 10/60/57
f 69/58/54 24/36/36 9/59/53
f 9/53/53 79/63/60 69/54/54
f 68/39/39 26/29/29 5/34/34
f 5/34/34 76/37/37 68/39/39
f 67/30/30 20/71/68 4/26/26
f 4/26/26 78/40/40 67/30/30
f 3/17/17 77/25/25 25/11/11
f 18/21/21 66/24/24 3/17/17
f 65/12/12 23/8/8 2/10/10
f 2/10/10 77/25/25 65/12/12
f 62/151/136 56/133/105 89/152/101
f 64/153/137 88/154/107 54/137/103
f 404/155/100 62/151/136 89/152/101
f 482/156/138 63/157/139 120/158/140
f 88/154/107 452/159/141 405/160/131
f 63/161/139 471/162/142 110/163/143
f 94/164/144 124/165/145 122/166/146
f 108/167/147 122/166/146 129/168/148
f 128/169/149 97/170/150 123/171/151
f 118/172/152 96/173/153 112/174/154
f 125/175/155 105/176/156 127/177/157
f 123/171/151 101/178/158 125/175/155
f 96/173/153 114/179/159 112/174/154
f 95/180/160 115/181/161 113/130/121
f 103/182/162 216/183/163 327/184/164
f 100/185/165 116/186/166 114/179/159
f 115/181/161 103/182/162 117/187/167
f 124/165/145 102/188/168 126/189/169
f 110/163/143 109/190/170 118/172/152
f 121/136/124 107/191/171 128/169/149
f 63/157/139 129/168/148 120/158/140
f 111/134/123 106/129/120 119/131/122
f 111/134/123 107/192/171 55/132/106
f 63/161/139 118/172/152 108/193/147
f 101/194/158 117/187/167 105/195/156
f 114/179/159 102/196/168 98/197/172
f 126/189/169 220/198/173 216/183/163
f 113/130/121 101/194/158 97/199/150
f 112/174/154 98/197/172 94/200/144
f 108/193/147 112/174/154 94/200/144
f 110/163/143 452/159/141 64/153/137
f 119/131/122 97/199/150 107/192/171
f 104/201/174 218/202/175 116/186/166
f 120/158/140 106/129/120 62/151/136
f 64/153/137 128/169/149 109/190/170
f 99/203/176 126/189/169 103/182/162
f 105/195/156 217/204/177 219/205/178
f 96/173/153 125/175/155 100/185/165
f 125/175/155 104/201/174 100/185/165
f 109/190/170 123/171/151 96/173/153
f 129/168/148 95/180/160 106/129/120
f 122/166/146 99/203/176 95/180/160
f 451/206/179 120/158/140 62/151/136
f 62/151/136 111/134/123 56/133/105
f 64/153/137 54/137/103 121/136/124
f 134/207/89 144/208/180 135/104/97
f 136/105/98 141/209/181 132/125/116
f 138/210/182 139/211/183 147/212/184
f 131/126/117 139/211/183 130/213/185
f 764/127/118 130/213/185 138/210/182
f 763/214/186 136/105/98 132/125/116
f 767/124/115 130/213/185 766/215/187
f 770/216/87 135/104/97 765/217/188
f 160/218/189 137/219/190 161/220/191
f 159/221/192 150/222/193 151/223/194
f 146/224/195 152/225/196 153/226/197
f 158/227/198 150/222/193 157/228/199
f 131/126/117 141/209/181 140/229/200
f 138/210/182 142/230/201 133/95/88
f 136/105/98 144/208/180 145/231/202
f 134/96/89 142/230/201 143/232/203
f 153/233/197 173/234/204 149/235/205
f 155/236/206 171/237/207 179/238/208
f 137/239/190 172/240/209 171/237/207
f 150/241/193 175/242/210 151/243/194
f 158/227/198 137/219/190 155/244/206
f 146/224/195 149/245/205 162/246/211
f 159/247/192 152/225/196 156/248/212
f 162/246/211 148/249/213 160/218/189
f 725/250/214 160/218/189 728/251/215
f 723/252/216 156/248/212 726/253/217
f 721/254/218 162/246/211 725/250/214
f 724/255/219 158/227/198 727/256/220
f 727/256/220 157/228/199 722/257/221
f 721/254/218 156/248/212 146/224/195
f 723/258/216 157/228/199 159/221/192
f 728/251/215 161/220/191 724/255/219
f 52/259/222 167/260/223 53/145/132
f 49/91/85 170/261/224 48/82/79
f 60/140/127 164/262/225 50/90/84
f 61/97/90 170/261/224 166/263/226
f 61/97/90 165/264/227 51/265/228
f 49/91/85 164/262/225 163/266/229
f 60/140/127 167/260/223 168/267/230
f 52/268/222 165/264/227 169/269/231
f 172/240/209 181/270/232 180/271/233
f 175/242/210 184/272/234 176/273/235
f 173/234/204 185/274/236 181/270/232
f 171/237/207 187/275/237 179/238/208
f 152/276/196 175/242/210 176/273/235
f 149/235/205 172/240/209 148/277/213
f 155/236/206 174/278/238 150/279/193
f 153/233/197 176/280/235 177/281/239
f 702/282/240 195/283/241 703/284/242
f 699/285/243 178/286/244 702/282/240
f 700/287/245 190/288/246 191/289/247
f 701/290/248 192/291/249 193/292/250
f 179/238/208 182/293/251 174/278/238
f 184/294/234 205/295/252 206/296/253
f 175/242/210 182/297/251 183/298/254
f 172/240/209 154/299/255 171/237/207
f 193/292/250 191/300/247 194/301/256
f 194/301/256 190/302/246 195/283/241
f 178/286/244 194/301/256 195/283/241
f 189/303/257 194/301/256 188/304/258
f 701/290/248 189/303/257 704/305/259
f 700/287/245 192/306/249 698/307/260
f 699/285/243 189/303/257 188/304/258
f 697/308/261 195/283/241 190/302/246
f 708/309/262 196/310/263 710/311/264
f 712/312/265 202/313/266 199/314/267
f 705/315/268 198/316/269 711/317/270
f 709/318/271 197/319/272 202/313/266
f 706/320/273 198/321/269 197/319/272
f 705/315/268 196/322/263 186/323/274
f 712/312/265 200/324/275 707/325/276
f 708/309/262 200/324/275 201/326/277
f 204/327/278 207/328/279 203/329/280
f 176/273/235 206/330/253 204/331/278
f 177/281/239 205/295/252 185/274/236
f 177/281/239 204/327/278 203/329/280
f 210/332/281 212/333/282 208/334/283
f 206/330/253 208/334/283 204/331/278
f 205/295/252 207/328/279 209/335/284
f 206/296/253 209/335/284 210/336/281
f 211/337/285 214/338/286 213/339/287
f 207/328/279 213/339/287 209/335/284
f 210/336/281 213/339/287 214/338/286
f 207/328/279 212/340/282 211/337/285
f 127/177/157 221/341/288 104/201/174
f 127/177/157 219/342/178 215/343/289
f 102/196/168 218/202/175 220/344/173
f 117/187/167 327/184/164 217/204/177
f 241/345/290 225/346/291 240/347/292
f 224/348/293 241/345/290 242/349/294
f 226/350/295 247/351/290 248/352/296
f 230/353/290 246/354/297 247/351/290
f 233/355/290 238/356/298 239/357/290
f 237/358/299 233/355/290 239/357/290
f 235/359/300 308/360/290 309/361/301
f 308/360/290 234/362/302 307/363/303
f 222/364/304 239/357/290 227/365/305
f 239/357/290 223/366/306 227/365/305
f 242/349/294 236/367/290 235/359/300
f 236/367/290 240/347/292 234/362/302
f 230/353/290 244/368/307 228/369/308
f 243/370/309 230/353/290 226/350/295
f 247/351/290 232/371/310 233/355/290
f 231/372/311 247/351/290 233/355/290
f 223/373/306 254/374/312 227/375/305
f 252/376/313 240/377/292 225/378/291
f 265/379/314 309/380/301 243/381/309
f 255/382/315 246/383/297 228/384/308
f 267/385/316 232/386/310 246/383/297
f 234/387/302 310/388/317 307/389/303
f 237/390/299 257/391/318 231/392/311
f 263/393/319 234/387/302 240/377/292
f 311/394/320 235/395/300 309/380/301
f 260/396/321 242/397/294 235/395/300
f 253/398/322 284/399/323 265/379/314
f 287/400/324 253/398/322 268/401/325
f 280/402/326 257/391/318 261/403/327
f 281/404/328 250/405/329 262/406/330
f 274/407/331 267/385/316 255/382/315
f 282/408/332 259/409/333 263/393/319
f 256/410/334 272/411/335 252/376/313
f 269/412/336 261/403/327 249/413/337
f 264/414/338 271/415/339 251/416/340
f 276/417/341 268/401/325 257/391/318
f 311/394/320 279/418/342 260/396/321
f 258/419/343 281/404/328 262/406/330
f 252/376/313 282/408/332 263/393/319
f 285/420/344 255/382/315 266/421/345
f 312/422/346 266/421/345 310/388/317
f 251/416/340 275/423/347 256/424/334
f 267/385/316 277/425/348 258/419/343
f 260/396/321 283/426/349 264/414/338
f 313/427/350 298/428/351 279/418/342
f 277/425/348 300/429/352 281/404/328
f 272/411/335 301/430/353 282/408/332
f 285/420/344 293/431/354 274/407/331
f 314/432/355 285/420/344 312/422/346
f 271/415/339 294/433/356 275/423/347
f 286/434/357 296/435/358 277/425/348
f 279/418/342 302/436/359 283/426/349
f 273/437/360 303/438/361 284/399/323
f 306/439/362 273/437/360 287/400/324
f 299/440/363 276/417/341 280/402/326
f 281/404/328 289/441/364 270/442/365
f 274/407/331 305/443/366 286/434/357
f 282/408/332 297/444/367 278/445/368
f 275/446/347 291/447/369 272/411/335
f 288/448/370 280/402/326 269/412/336
f 302/436/359 271/415/339 283/426/349
f 295/449/371 287/400/324 276/417/341
f 290/450/372 322/451/373 319/452/374
f 291/447/369 316/453/375 301/430/353
f 298/428/351 322/451/373 302/436/359
f 294/454/356 317/455/376 291/447/369
f 315/456/377 325/457/378 324/458/379
f 297/444/367 316/453/375 321/459/380
f 290/450/372 318/460/381 294/433/356
f 314/432/355 321/459/380 320/461/382
f 303/438/361 326/462/383 325/457/378
f 269/412/336 289/441/364 288/448/370
f 300/429/352 295/449/371 299/440/363
f 306/439/362 296/435/358 305/443/366
f 293/431/354 306/439/362 305/443/366
f 292/463/384 304/464/385 303/438/361
f 304/464/385 320/461/382 326/462/383
f 315/456/377 323/465/386 298/428/351
f 297/444/367 312/422/346 278/445/368
f 284/399/323 315/456/377 313/427/350
f 278/445/368 310/388/317 259/409/333
f 265/379/314 313/427/350 311/394/320
f 227/375/305 249/413/337 222/466/304
f 245/467/290 307/363/303 244/368/307
f 243/370/309 308/360/290 245/467/290
f 215/468/289 317/455/376 221/469/288
f 318/460/381 319/452/374 221/470/288
f 221/469/288 317/455/376 318/471/381
f 217/472/177 321/459/380 219/473/178
f 220/474/173 322/451/373 323/465/386
f 219/473/178 316/453/375 215/468/289
f 218/475/175 319/452/374 322/451/373
f 216/476/163 325/457/378 327/477/164
f 325/457/378 326/462/383 327/477/164
f 217/472/177 326/462/383 320/461/382
f 216/476/163 323/465/386 324/458/379
f 222/466/304 261/403/327 237/390/299
f 264/414/338 224/478/293 242/397/294
f 248/479/296 253/398/322 226/480/295
f 224/478/293 256/424/334 229/481/387
f 231/392/311 268/401/325 248/479/296
f 307/389/303 266/421/345 244/482/307
f 258/419/343 238/483/298 232/386/310
f 266/421/345 228/384/308 244/482/307
f 253/398/322 243/381/309 226/480/295
f 229/484/387 252/376/313 225/378/291
f 238/483/298 250/405/329 223/373/306
f 288/448/370 300/429/352 299/440/363
f 250/405/329 270/442/365 254/374/312
f 254/374/312 269/412/336 249/413/337
f 269/412/336 254/374/312 270/442/365
f 328/485/388 382/486/389 358/487/390
f 343/488/391 361/489/392 328/485/388
f 328/485/388 371/490/393 343/488/391
f 358/487/390 342/491/394 328/485/388
f 341/492/395 350/493/396 329/494/397
f 352/495/398 341/492/395 329/494/397
f 422/496/399 380/497/13 434/498/400
f 422/496/399 378/499/15 353/500/14
f 330/501/401 374/502/402 352/495/398
f 330/501/401 368/503/403 346/504/404
f 354/505/23 430/506/405 423/507/406
f 423/507/406 380/497/13 354/505/23
f 331/508/407 369/509/408 347/510/409
f 355/511/410 348/512/411 331/508/407
f 424/513/412 381/31/31 435/514/413
f 431/515/414 356/32/32 424/513/412
f 332/516/415 376/517/416 355/511/410
f 351/518/417 342/491/394 332/516/415
f 357/38/38 433/519/418 425/520/419
f 435/514/413 357/38/38 425/520/419
f 333/521/420 372/522/421 340/523/422
f 358/487/390 360/524/423 333/521/420
f 333/521/420 376/517/416 358/487/390
f 340/523/422 348/512/411 333/521/420
f 334/525/424 368/503/403 344/526/425
f 359/527/426 346/504/404 334/525/424
f 334/525/424 382/486/389 359/527/426
f 344/526/425 360/524/423 334/525/424
f 335/528/427 374/502/402 359/527/426
f 335/528/427 370/529/428 341/492/395
f 335/528/427 377/530/429 349/531/430
f 359/527/426 361/489/392 335/528/427
f 364/532/431 343/488/391 336/533/432
f 426/534/433 383/535/55 436/536/434
f 433/519/418 362/57/56 426/537/433
f 336/538/432 371/490/393 351/518/417
f 337/539/435 370/529/428 349/531/430
f 363/540/58 432/541/436 427/542/437
f 427/542/437 383/535/55 363/540/58
f 349/531/430 364/532/431 337/539/435
f 365/543/438 388/544/439 339/545/440
f 338/546/441 368/503/403 345/547/442
f 338/546/441 372/522/421 344/526/425
f 430/506/405 366/548/65 428/549/443
f 340/523/422 365/543/438 339/545/440
f 339/545/440 369/509/408 340/523/422
f 367/72/69 431/515/414 429/550/444
f 428/549/443 386/551/445 338/546/441
f 391/552/446 387/553/447 386/551/445
f 438/554/448 389/78/75 384/80/77
f 386/551/445 365/543/438 338/546/441
f 429/550/444 384/80/77 367/72/69
f 396/555/449 392/556/450 391/557/446
f 440/558/451 394/85/80 389/559/75
f 387/553/447 393/560/452 388/544/439
f 437/561/453 391/552/446 386/551/445
f 392/556/450 398/562/454 393/563/452
f 441/564/455 391/557/446 439/565/456
f 778/566/457 494/567/458 776/568/459
f 443/569/460 415/570/461 450/571/462
f 444/572/463 417/100/93 449/573/464
f 777/574/465 496/575/466 773/576/467
f 448/577/468 404/107/100 409/578/469
f 406/579/470 411/580/471 412/581/472
f 411/582/471 408/583/473 410/584/474
f 445/585/475 412/581/472 447/586/476
f 447/586/476 745/587/477 748/588/478
f 411/582/471 744/589/479 746/590/480
f 412/581/472 746/591/480 745/587/477
f 448/577/468 739/122/113 747/592/481
f 775/593/482 493/594/483 771/595/484
f 449/573/464 394/85/80 442/596/485
f 450/571/462 396/555/449 441/564/455
f 494/567/458 772/597/486 776/568/459
f 473/598/487 465/599/488 479/600/489
f 407/601/490 470/602/491 408/603/473
f 407/604/490 406/605/470 481/606/492
f 416/138/125 441/564/455 395/139/126
f 398/562/454 449/573/464 442/596/485
f 410/584/474 747/592/481 744/589/479
f 413/142/129 748/588/478 741/143/130
f 405/144/131 447/586/476 413/142/129
f 408/583/473 448/577/468 410/584/474
f 414/607/493 444/572/463 449/573/464
f 400/146/133 450/571/462 416/138/125
f 395/139/126 439/565/456 390/147/134
f 390/608/134 437/561/453 385/609/135
f 393/563/452 442/596/485 440/558/451
f 388/544/439 429/550/444 339/545/440
f 393/560/452 438/554/448 388/544/439
f 366/548/65 437/561/453 428/549/443
f 429/550/444 347/510/409 339/545/440
f 345/547/442 428/549/443 338/546/441
f 337/539/435 436/536/434 427/542/437
f 427/542/437 350/493/396 337/539/435
f 351/518/417 426/537/433 336/538/432
f 336/533/432 436/536/434 364/532/431
f 355/511/410 425/520/419 332/516/415
f 332/516/415 433/519/418 351/518/417
f 347/510/409 424/513/412 331/508/407
f 331/508/407 435/514/413 355/511/410
f 330/501/401 434/498/400 423/507/406
f 423/507/406 345/547/442 330/501/401
f 350/493/396 422/496/399 329/494/397
f 329/494/397 434/498/400 352/495/398
f 418/610/494 446/611/495 408/603/473
f 420/612/496 406/605/470 445/613/475
f 404/155/100 418/610/494 451/206/179
f 482/156/138 419/614/497 421/615/498
f 452/159/141 445/613/475 405/160/131
f 471/162/142 419/616/497 469/617/499
f 485/618/500 453/619/501 483/620/502
f 483/620/502 467/621/503 490/622/504
f 489/623/505 456/624/506 466/625/507
f 478/626/508 455/627/509 468/628/510
f 486/629/511 464/630/512 460/631/513
f 484/632/514 460/631/513 456/624/506
f 474/633/515 455/627/509 472/634/516
f 475/635/517 454/636/518 473/598/487
f 462/637/519 577/638/520 487/639/521
f 476/640/522 459/641/523 474/633/515
f 475/635/517 462/637/519 458/642/524
f 485/618/500 461/643/525 457/644/526
f 469/617/499 468/628/510 420/612/496
f 481/606/492 466/625/507 407/604/490
f 490/622/504 419/614/497 480/645/527
f 470/602/491 465/599/488 418/610/494
f 466/646/507 470/602/491 407/601/490
f 419/616/497 478/626/508 469/617/499
f 460/647/513 477/648/528 475/635/517
f 461/649/525 474/633/515 457/650/526
f 487/639/521 581/651/529 461/643/525
f 460/647/513 473/598/487 456/652/506
f 457/650/526 472/634/516 453/653/501
f 467/654/503 472/634/516 478/626/508
f 452/159/141 469/617/499 420/612/496
f 456/652/506 479/600/489 466/646/507
f 579/655/530 463/656/531 476/640/522
f 465/599/488 480/645/527 418/610/494
f 420/612/496 489/623/505 481/606/492
f 458/642/524 487/639/521 485/618/500
f 464/657/512 578/658/532 477/648/528
f 455/627/509 486/629/511 484/632/514
f 463/656/531 486/629/511 459/641/523
f 468/628/510 484/632/514 489/623/505
f 454/636/518 490/622/504 465/599/488
f 458/642/524 483/620/502 454/636/518
f 451/206/179 480/645/527 482/156/138
f 418/610/494 408/603/473 470/602/491
f 420/612/496 481/606/492 406/605/470
f 505/659/533 495/660/534 496/575/466
f 502/661/535 497/662/536 493/594/483
f 499/663/537 500/664/538 491/665/539
f 500/664/538 492/666/540 491/665/539
f 772/597/486 491/665/539 774/667/541
f 771/595/484 497/662/536 777/574/465
f 491/665/539 775/593/482 774/667/541
f 496/575/466 778/668/457 773/576/467
f 498/669/542 521/670/543 522/671/544
f 520/672/545 511/673/546 518/674/547
f 507/675/548 513/676/549 517/677/550
f 511/673/546 519/678/551 518/674/547
f 492/666/540 502/661/535 493/594/483
f 503/679/552 499/663/537 494/567/458
f 497/662/536 505/659/533 496/575/466
f 495/680/534 503/679/552 494/567/458
f 534/681/553 514/682/554 510/683/555
f 516/684/556 532/685/557 498/686/542
f 498/686/542 533/687/558 509/688/559
f 536/689/560 511/690/546 512/691/561
f 519/678/551 498/669/542 522/671/544
f 510/692/555 507/675/548 523/693/562
f 513/676/549 520/694/545 517/677/550
f 509/695/559 523/693/562 521/670/543
f 521/670/543 733/696/563 736/697/564
f 517/677/550 731/698/565 734/699/566
f 523/693/562 729/700/567 733/696/563
f 519/678/551 732/701/568 735/702/569
f 518/674/547 735/702/569 730/703/570
f 729/700/567 517/677/550 734/699/566
f 731/704/565 518/674/547 730/703/570
f 522/671/544 736/697/564 732/701/568
f 528/705/571 402/706/572 403/707/573
f 531/708/574 397/709/575 396/555/449
f 525/710/576 414/607/493 398/562/454
f 415/570/461 531/708/574 396/555/449
f 526/711/577 415/570/461 401/712/578
f 397/709/575 525/710/576 398/562/454
f 414/607/493 528/705/571 403/707/573
f 402/713/572 526/711/577 401/712/578
f 533/687/558 542/714/579 534/681/553
f 545/715/580 536/689/560 537/716/581
f 534/681/553 546/717/582 538/718/583
f 548/719/584 532/685/557 540/720/585
f 513/721/549 536/689/560 512/691/561
f 533/687/558 510/683/555 509/688/559
f 535/722/586 516/684/556 511/723/546
f 514/682/554 537/724/581 513/725/549
f 556/726/587 694/727/588 695/728/589
f 539/729/590 691/730/591 694/727/588
f 692/731/592 551/732/593 689/733/594
f 693/734/595 553/735/596 690/736/597
f 543/737/598 540/720/585 535/722/586
f 545/738/580 566/739/599 546/717/582
f 536/689/560 543/740/598 535/741/586
f 515/742/600 533/687/558 532/685/557
f 552/743/601 554/744/602 555/745/603
f 551/746/593 555/745/603 556/726/587
f 539/729/590 555/745/603 549/747/604
f 555/745/603 550/748/605 549/747/604
f 550/748/605 693/734/595 696/749/606
f 553/750/596 692/731/592 690/751/597
f 691/730/591 550/748/605 696/749/606
f 689/752/594 556/726/587 695/728/589
f 557/753/607 716/754/608 718/755/609
f 720/756/610 563/757/611 717/758/612
f 559/759/613 713/760/614 719/761/615
f 717/758/612 558/762/616 714/763/617
f 714/763/617 559/764/613 719/765/615
f 713/760/614 557/766/607 718/767/609
f 561/768/618 720/756/610 715/769/619
f 716/754/608 561/768/618 715/769/619
f 568/770/620 565/771/621 564/772/622
f 537/716/581 567/773/623 545/715/580
f 566/739/599 538/718/583 546/717/582
f 538/718/583 565/771/621 537/724/581
f 573/774/624 571/775/625 569/776/626
f 569/776/626 567/773/623 565/777/621
f 566/739/599 568/770/620 564/772/622
f 567/778/623 570/779/627 566/739/599
f 572/780/628 575/781/629 573/782/624
f 574/783/630 568/770/620 570/779/627
f 571/784/625 574/783/630 570/779/627
f 568/770/620 573/782/624 569/785/626
f 582/786/631 488/787/632 463/656/531
f 488/787/632 580/788/633 464/630/512
f 461/649/525 579/655/530 476/640/522
f 477/648/528 688/789/634 462/637/519
f 602/790/290 586/791/635 590/792/636
f 602/790/290 585/793/637 603/794/638
f 608/795/290 587/796/639 609/797/640
f 607/798/641 591/799/290 608/795/290
f 599/800/642 594/801/290 600/802/290
f 598/803/643 594/801/290 592/804/644
f 669/805/290 596/806/645 670/807/646
f 669/805/290 595/808/647 597/809/290
f 583/810/648 600/802/290 598/803/643
f 584/811/649 600/802/290 588/812/650
f 597/809/290 603/794/638 596/806/645
f 597/809/290 601/813/651 602/790/290
f 591/799/290 605/814/652 606/815/290
f 591/799/290 604/816/653 587/796/639
f 593/817/654 608/795/290 594/801/290
f 592/804/644 608/795/290 609/797/640
f 584/818/649 615/819/655 611/820/656
f 601/821/651 613/822/657 586/823/635
f 670/824/646 626/825/658 604/826/653
f 607/827/641 616/828/659 589/829/660
f 593/830/654 628/831/661 607/827/641
f 595/832/647 671/833/662 620/834/663
f 598/835/643 618/836/664 622/837/665
f 595/832/647 624/838/666 601/821/651
f 596/839/645 672/840/667 670/824/646
f 603/841/638 621/842/668 596/839/645
f 614/843/669 645/844/670 634/845/671
f 614/843/669 648/846/672 629/847/673
f 618/836/664 641/848/674 622/837/665
f 611/820/656 642/849/675 623/850/676
f 628/831/661 635/851/677 616/828/659
f 620/834/663 643/852/678 624/838/666
f 617/853/679 633/854/680 636/855/681
f 622/837/665 630/856/682 610/857/683
f 625/858/684 632/859/685 644/860/686
f 629/847/673 637/861/687 618/836/664
f 672/840/667 640/862/688 674/863/689
f 619/864/690 642/849/675 638/865/691
f 613/822/657 643/852/678 633/854/680
f 616/828/659 646/866/692 627/867/693
f 627/867/693 673/868/694 671/833/662
f 612/869/695 636/870/681 632/859/685
f 628/831/661 638/865/691 647/871/696
f 621/842/668 644/860/686 640/862/688
f 674/863/689 659/872/697 676/873/698
f 638/865/691 661/874/699 657/875/700
f 633/854/680 662/876/701 652/877/702
f 646/866/692 654/878/703 665/879/704
f 646/866/692 675/880/705 673/868/694
f 632/859/685 655/881/706 651/882/707
f 647/871/696 657/875/700 666/883/708
f 640/862/688 663/884/709 659/872/697
f 634/845/671 664/885/710 653/886/711
f 634/845/671 667/887/712 648/846/672
f 637/861/687 660/888/713 641/848/674
f 642/849/675 650/889/714 661/874/699
f 635/851/677 666/883/708 654/878/703
f 643/852/678 658/890/715 662/876/701
f 636/855/681 652/877/702 655/891/706
f 641/848/674 649/892/716 630/856/682
f 632/859/685 663/884/709 644/860/686
f 648/846/672 656/893/717 637/861/687
f 651/882/707 683/894/718 663/884/709
f 677/895/719 652/877/702 662/876/701
f 683/894/718 659/872/697 663/884/709
f 678/896/720 655/891/706 652/877/702
f 676/873/698 686/897/721 664/885/710
f 658/890/715 677/895/719 662/876/701
f 679/898/722 651/882/707 655/881/706
f 675/880/705 682/899/723 658/890/715
f 664/885/710 687/900/724 665/879/704
f 630/856/682 650/889/714 631/901/725
f 661/874/699 656/893/717 657/875/700
f 667/887/712 657/875/700 656/893/717
f 667/887/712 654/878/703 666/883/708
f 665/879/704 653/886/711 664/885/710
f 665/879/704 681/902/726 675/880/705
f 684/903/727 676/873/698 659/872/697
f 673/868/694 658/890/715 639/904/728
f 645/844/670 676/873/698 664/885/710
f 671/833/662 639/904/728 620/834/663
f 626/825/658 674/863/689 645/844/670
f 588/905/650 610/857/683 615/819/655
f 606/815/290 668/906/729 669/805/290
f 604/816/653 669/805/290 670/807/646
f 678/896/720 576/907/730 582/908/631
f 679/898/722 582/909/631 680/910/731
f 582/908/631 679/911/722 678/896/720
f 682/899/723 578/912/532 580/913/633
f 581/914/529 683/894/718 579/915/530
f 677/895/719 580/913/633 576/907/730
f 579/915/530 680/910/731 582/909/631
f 686/897/721 577/916/520 688/917/634
f 686/897/721 688/917/634 687/900/724
f 578/912/532 687/900/724 688/917/634
f 577/916/520 684/903/727 581/914/529
f 583/918/648 622/837/665 610/857/683
f 585/919/637 625/858/684 603/841/638
f 609/920/640 614/843/669 629/847/673
f 585/919/637 617/921/679 612/869/695
f 592/922/644 629/847/673 618/836/664
f 668/923/729 627/867/693 671/833/662
f 599/924/642 619/864/690 593/830/654
f 589/829/660 627/867/693 605/925/652
f 604/826/653 614/843/669 587/926/639
f 590/927/636 613/822/657 617/853/679
f 599/924/642 611/820/656 623/850/676
f 661/874/699 649/892/716 660/888/713
f 611/820/656 615/819/655 631/901/725
f 615/819/655 610/857/683 630/856/682
f 630/856/682 631/901/725 615/819/655
f 557/753/607 695/728/589 562/928/732
f 560/929/733 696/749/606 563/757/611
f 690/751/597 547/930/734 559/759/613
f 696/749/606 558/762/616 563/757/611
f 558/762/616 690/736/597 559/764/613
f 547/930/734 689/733/594 557/766/607
f 694/727/588 560/929/733 561/768/618
f 562/928/732 694/727/588 561/768/618
f 196/310/263 703/284/242 697/308/261
f 199/314/267 704/305/259 699/285/243
f 186/323/274 698/307/260 198/316/269
f 197/319/272 704/305/259 202/313/266
f 197/319/272 698/931/260 701/290/248
f 186/323/274 697/932/261 700/287/245
f 199/314/267 702/282/240 200/324/275
f 201/326/277 702/282/240 703/284/242
f 187/275/237 707/325/276 708/309/262
f 180/271/233 707/325/276 154/299/255
f 183/298/254 710/933/264 705/315/268
f 185/274/236 711/934/270 706/320/273
f 181/270/232 706/320/273 709/318/271
f 183/298/254 711/317/270 184/272/234
f 180/271/233 709/318/271 712/312/265
f 187/275/237 710/311/264 182/293/251
f 548/719/584 715/769/619 515/742/600
f 715/769/619 541/935/735 515/742/600
f 544/936/736 718/767/609 543/740/598
f 546/717/582 719/765/615 545/738/580
f 542/714/579 714/763/617 546/717/582
f 719/761/615 544/936/736 545/715/580
f 541/935/735 717/758/612 542/714/579
f 718/755/609 548/719/584 543/737/598
f 762/937/737 724/255/219 758/938/738
f 757/939/739 722/257/221 723/258/216
f 760/940/740 726/253/217 721/254/218
f 761/941/741 722/257/221 756/942/742
f 758/938/738 727/256/220 761/941/741
f 725/250/214 759/943/743 721/254/218
f 757/944/739 726/253/217 760/940/740
f 759/943/743 728/251/215 762/937/737
f 732/701/568 755/945/744 751/946/745
f 750/947/746 730/703/570 749/948/747
f 729/700/567 734/699/566 753/949/748
f 730/703/570 754/950/749 749/948/747
f 735/702/569 751/946/745 754/950/749
f 752/951/750 733/696/563 729/700/567
f 734/699/566 750/952/746 753/949/748
f 736/697/564 752/951/750 755/945/744
f 741/143/130 443/569/460 400/146/133
f 744/589/479 444/572/463 403/707/573
f 747/592/481 399/953/751 444/572/463
f 745/587/477 402/713/572 401/712/578
f 746/590/480 403/707/573 402/706/572
f 748/588/478 401/712/578 443/569/460
f 86/98/91 741/143/130 400/146/133
f 87/101/94 737/119/111 53/145/132
f 399/953/751 742/123/114 87/101/94
f 52/268/222 738/117/109 51/265/228
f 53/145/132 740/120/112 52/259/222
f 51/265/228 743/118/110 86/98/91
f 755/945/744 502/661/535 501/954/752
f 753/949/748 504/955/753 505/659/533
f 502/661/535 752/951/750 506/956/754
f 754/950/749 500/664/538 508/957/755
f 749/948/747 508/957/755 503/679/552
f 505/659/533 506/956/754 753/949/748
f 504/958/753 749/948/747 503/679/552
f 751/946/745 501/954/752 500/664/538
f 141/209/181 762/937/737 140/229/200
f 143/959/203 760/940/740 144/208/180
f 141/209/181 145/231/202 759/943/743
f 139/211/183 761/941/741 147/212/184
f 147/212/184 756/942/742 142/230/201
f 145/231/202 144/208/180 760/940/740
f 143/232/203 756/942/742 757/939/739
f 140/229/200 758/938/738 139/211/183
f 145/231/202 721/254/218 759/943/743
f 506/956/754 729/700/567 753/949/748
f 145/231/202 760/940/740 721/254/218
f 506/956/754 752/951/750 729/700/567
f 169/960/231 765/217/188 167/260/223
f 163/266/229 766/215/187 170/261/224
f 168/267/230 763/214/186 164/262/225
f 166/263/226 766/215/187 764/127/118
f 166/263/226 768/128/119 165/264/227
f 163/266/229 763/214/186 767/124/115
f 168/267/230 765/217/188 769/103/96
f 169/269/231 768/128/119 770/94/87
f 773/576/467 530/961/756 528/705/571
f 774/667/541 524/962/757 531/708/574
f 771/595/484 529/963/758 525/710/576
f 527/964/759 774/667/541 531/708/574
f 776/568/459 527/964/759 526/711/577
f 524/962/757 771/595/484 525/710/576
f 529/963/758 773/576/467 528/705/571
f 530/965/756 776/568/459 526/711/577
f 1/1/1 27/7/7 41/2/2
f 30/3/3 40/51/51 16/4/4
f 1/1/1 16/4/4 36/5/5
f 15/6/6 39/35/35 27/7/7
f 23/8/8 35/49/49 14/9/9
f 14/9/9 38/18/18 25/11/11
f 65/12/12 77/25/25 380/13/13
f 65/12/12 353/14/14 378/15/15
f 3/17/17 25/11/11 38/18/18
f 3/17/17 19/19/19 33/20/20
f 73/22/22 373/966/760 354/23/23
f 66/24/24 354/23/23 380/13/13
f 4/26/26 20/71/68 34/27/27
f 21/28/28 39/35/35 26/29/29
f 67/30/30 78/40/40 381/31/31
f 356/32/32 375/967/761 74/33/33
f 5/34/34 26/29/29 39/35/35
f 15/6/6 36/5/5 24/36/36
f 76/37/37 379/968/762 357/38/38
f 357/38/38 381/31/31 78/40/40
f 6/41/41 13/44/44 37/42/42
f 29/43/43 41/2/2 27/7/7
f 6/41/41 27/7/7 39/35/35
f 21/28/28 34/27/27 13/44/44
f 7/45/45 17/47/47 33/20/20
f 19/19/19 38/18/18 28/46/46
f 7/45/45 28/46/46 41/2/2
f 29/43/43 37/42/42 17/47/47
f 8/48/48 28/46/46 38/18/18
f 8/48/48 14/9/9 35/49/49
f 8/48/48 22/50/50 40/51/51
f 30/3/3 41/2/2 28/46/46
f 16/4/4 40/51/51 31/52/52
f 69/54/54 79/63/60 383/55/55
f 362/57/56 379/968/762 76/37/37
f 9/59/53 24/36/36 36/5/5
f 10/60/57 22/50/50 35/49/49
f 75/16/16 378/15/15 363/61/58
f 70/62/59 363/61/58 383/55/55
f 31/52/52 40/51/51 22/50/50
f 32/64/61 12/70/67 44/65/62
f 11/67/64 18/21/21 33/20/20
f 11/67/64 17/47/47 37/42/42
f 366/68/65 373/966/760 73/22/22
f 32/64/61 37/42/42 13/44/44
f 12/70/67 13/44/44 34/27/27
f 74/33/33 375/967/761 367/72/69
f 71/69/66 11/67/64 42/74/71
f 43/66/63 46/88/78 45/76/73
f 81/77/74 384/80/77 389/78/75
f 32/64/61 43/66/63 42/74/71
f 72/73/70 367/72/69 384/80/77
f 46/81/78 49/91/85 48/82/79
f 83/84/76 389/559/75 394/85/80
f 43/66/63 44/65/62 47/87/82
f 80/75/72 42/74/71 45/76/73
f 46/81/78 47/150/82 50/90/84
f 45/83/73 48/82/79 84/92/86
f 770/94/87 768/128/119 133/95/88
f 61/97/90 51/265/228 86/98/91
f 417/100/93 399/953/751 87/101/94
f 769/103/96 765/217/188 135/104/97
f 91/106/99 409/578/469 404/107/100
f 58/109/102 55/969/106 54/110/103
f 58/112/102 57/141/128 56/113/105
f 59/111/104 54/110/103 88/115/107
f 738/117/109 59/111/104 90/116/108
f 737/119/111 57/141/128 58/112/102
f 740/121/112 58/109/102 59/111/104
f 739/122/113 409/578/469 91/106/99
f 767/124/115 763/214/186 132/125/116
f 394/85/80 417/100/93 92/102/95
f 48/82/79 61/97/90 93/99/92
f 764/127/118 138/210/182 133/95/88
f 106/129/120 95/180/160 113/130/121
f 84/92/86 93/99/92 416/138/125
f 50/90/84 85/86/81 92/102/95
f 742/123/114 91/106/99 57/141/128
f 743/118/110 90/116/108 413/142/129
f 90/116/108 88/115/107 405/144/131
f 91/106/99 89/108/101 56/113/105
f 60/140/127 92/102/95 87/101/94
f 93/99/92 86/98/91 400/146/133
f 82/93/83 84/92/86 395/139/126
f 80/75/72 82/89/83 390/148/134
f 47/150/82 83/84/76 85/86/81
f 72/73/70 81/77/74 44/65/62
f 81/77/74 83/79/76 47/87/82
f 366/68/65 71/69/66 80/75/72
f 20/71/68 74/33/33 72/73/70
f 71/69/66 73/22/22 18/21/21
f 10/60/57 70/62/59 79/63/60
f 23/8/8 75/16/16 70/62/59
f 69/58/54 76/37/37 24/36/36
f 9/53/53 31/52/52 79/63/60
f 68/39/39 78/40/40 26/29/29
f 5/34/34 24/36/36 76/37/37
f 67/30/30 74/33/33 20/71/68
f 4/26/26 26/29/29 78/40/40
f 3/17/17 66/24/24 77/25/25
f 18/21/21 73/22/22 66/24/24
f 65/12/12 75/16/16 23/8/8
f 2/10/10 25/11/11 77/25/25
f 404/155/100 451/206/179 62/151/136
f 482/156/138 421/615/498 63/157/139
f 88/154/107 64/153/137 452/159/141
f 63/161/139 421/970/498 471/162/142
f 94/164/144 98/971/172 124/165/145
f 108/167/147 94/164/144 122/166/146
f 128/169/149 107/191/171 97/170/150
f 118/172/152 109/190/170 96/173/153
f 125/175/155 101/178/158 105/176/156
f 123/171/151 97/170/150 101/178/158
f 96/173/153 100/185/165 114/179/159
f 95/180/160 99/203/176 115/181/161
f 103/182/162 126/189/169 216/183/163
f 100/185/165 104/201/174 116/186/166
f 115/181/161 99/203/176 103/182/162
f 124/165/145 98/971/172 102/188/168
f 110/163/143 64/153/137 109/190/170
f 121/136/124 55/135/106 107/191/171
f 63/157/139 108/167/147 129/168/148
f 111/134/123 62/151/136 106/129/120
f 111/134/123 119/131/122 107/192/171
f 63/161/139 110/163/143 118/172/152
f 101/194/158 115/181/161 117/187/167
f 114/179/159 116/186/166 102/196/168
f 126/189/169 102/188/168 220/198/173
f 113/130/121 115/181/161 101/194/158
f 112/174/154 114/179/159 98/197/172
f 108/193/147 118/172/152 112/174/154
f 110/163/143 471/162/142 452/159/141
f 119/131/122 113/130/121 97/199/150
f 104/201/174 221/341/288 218/202/175
f 120/158/140 129/168/148 106/129/120
f 64/153/137 121/136/124 128/169/149
f 99/203/176 124/165/145 126/189/169
f 105/195/156 117/187/167 217/204/177
f 96/173/153 123/171/151 125/175/155
f 125/175/155 127/177/157 104/201/174
f 109/190/170 128/169/149 123/171/151
f 129/168/148 122/166/146 95/180/160
f 122/166/146 124/165/145 99/203/176
f 451/206/179 482/156/138 120/158/140
f 134/207/89 143/959/203 144/208/180
f 136/105/98 145/231/202 141/209/181
f 138/210/182 130/213/185 139/211/183
f 131/126/117 140/229/200 139/211/183
f 764/127/118 766/215/187 130/213/185
f 763/214/186 769/103/96 136/105/98
f 767/124/115 131/126/117 130/213/185
f 770/216/87 134/207/89 135/104/97
f 160/218/189 148/249/213 137/219/190
f 159/221/192 157/228/199 150/222/193
f 146/224/195 156/248/212 152/225/196
f 158/227/198 155/244/206 150/222/193
f 131/126/117 132/125/116 141/209/181
f 138/210/182 147/212/184 142/230/201
f 136/105/98 135/104/97 144/208/180
f 134/96/89 133/95/88 142/230/201
f 153/233/197 177/281/239 173/234/204
f 155/236/206 137/239/190 171/237/207
f 137/239/190 148/277/213 172/240/209
f 150/241/193 174/972/238 175/242/210
f 158/227/198 161/220/191 137/219/190
f 146/224/195 153/226/197 149/245/205
f 159/247/192 151/973/194 152/225/196
f 162/246/211 149/245/205 148/249/213
f 725/250/214 162/246/211 160/218/189
f 723/252/216 159/247/192 156/248/212
f 721/254/218 146/224/195 162/246/211
f 724/255/219 161/220/191 158/227/198
f 727/256/220 158/227/198 157/228/199
f 721/254/218 726/253/217 156/248/212
f 723/258/216 722/257/221 157/228/199
f 728/251/215 160/218/189 161/220/191
f 52/259/222 169/960/231 167/260/223
f 49/91/85 163/266/229 170/261/224
f 60/140/127 168/267/230 164/262/225
f 61/97/90 48/82/79 170/261/224
f 61/97/90 166/263/226 165/264/227
f 49/91/85 50/90/84 164/262/225
f 60/140/127 53/145/132 167/260/223
f 52/268/222 51/265/228 165/264/227
f 172/240/209 173/234/204 181/270/232
f 175/242/210 183/298/254 184/272/234
f 173/234/204 177/281/239 185/274/236
f 171/237/207 154/299/255 187/275/237
f 152/276/196 151/243/194 175/242/210
f 149/235/205 173/234/204 172/240/209
f 155/236/206 179/238/208 174/278/238
f 153/233/197 152/974/196 176/280/235
f 702/282/240 178/286/244 195/283/241
f 699/285/243 188/304/258 178/286/244
f 700/287/245 697/932/261 190/288/246
f 701/290/248 698/931/260 192/291/249
f 179/238/208 187/275/237 182/293/251
f 184/294/234 185/274/236 205/295/252
f 175/242/210 174/972/238 182/297/251
f 172/240/209 180/271/233 154/299/255
f 193/292/250 192/291/249 191/300/247
f 194/301/256 191/300/247 190/302/246
f 178/286/244 188/304/258 194/301/256
f 189/303/257 193/292/250 194/301/256
f 701/290/248 193/292/250 189/303/257
f 700/287/245 191/289/247 192/306/249
f 699/285/243 704/305/259 189/303/257
f 697/308/261 703/284/242 195/283/241
f 708/309/262 201/326/277 196/310/263
f 712/312/265 709/318/271 202/313/266
f 705/315/268 186/323/274 198/316/269
f 709/318/271 706/320/273 197/319/272
f 706/320/273 711/934/270 198/321/269
f 705/315/268 710/933/264 196/322/263
f 712/312/265 199/314/267 200/324/275
f 708/309/262 707/325/276 200/324/275
f 204/327/278 208/975/283 207/328/279
f 176/273/235 184/272/234 206/330/253
f 177/281/239 203/329/280 205/295/252
f 177/281/239 176/280/235 204/327/278
f 210/332/281 214/976/286 212/333/282
f 206/330/253 210/332/281 208/334/283
f 205/295/252 203/329/280 207/328/279
f 206/296/253 205/295/252 209/335/284
f 211/337/285 212/340/282 214/338/286
f 207/328/279 211/337/285 213/339/287
f 210/336/281 209/335/284 213/339/287
f 207/328/279 208/975/283 212/340/282
f 127/177/157 215/343/289 221/341/288
f 127/177/157 105/176/156 219/342/178
f 102/196/168 116/186/166 218/202/175
f 117/187/167 103/182/162 327/184/164
f 241/345/290 229/977/387 225/346/291
f 224/348/293 229/977/387 241/345/290
f 226/350/295 230/353/290 247/351/290
f 230/353/290 228/369/308 246/354/297
f 233/355/290 232/371/310 238/356/298
f 237/358/299 231/372/311 233/355/290
f 235/359/300 236/367/290 308/360/290
f 308/360/290 236/367/290 234/362/302
f 222/364/304 237/358/299 239/357/290
f 239/357/290 238/356/298 223/366/306
f 242/349/294 241/345/290 236/367/290
f 236/367/290 241/345/290 240/347/292
f 230/353/290 245/467/290 244/368/307
f 243/370/309 245/467/290 230/353/290
f 247/351/290 246/354/297 232/371/310
f 231/372/311 248/352/296 247/351/290
f 223/373/306 250/405/329 254/374/312
f 252/376/313 263/393/319 240/377/292
f 265/379/314 311/394/320 309/380/301
f 255/382/315 267/385/316 246/383/297
f 267/385/316 258/419/343 232/386/310
f 234/387/302 259/409/333 310/388/317
f 237/390/299 261/403/327 257/391/318
f 263/393/319 259/409/333 234/387/302
f 311/394/320 260/396/321 235/395/300
f 260/396/321 264/414/338 242/397/294
f 253/398/322 273/437/360 284/399/323
f 287/400/324 273/437/360 253/398/322
f 280/402/326 276/417/341 257/391/318
f 281/404/328 270/442/365 250/405/329
f 274/407/331 286/434/357 267/385/316
f 282/408/332 278/445/368 259/409/333
f 256/410/334 275/446/347 272/411/335
f 269/412/336 280/402/326 261/403/327
f 264/414/338 283/426/349 271/415/339
f 276/417/341 287/400/324 268/401/325
f 311/394/320 313/427/350 279/418/342
f 258/419/343 277/425/348 281/404/328
f 252/376/313 272/411/335 282/408/332
f 285/420/344 274/407/331 255/382/315
f 312/422/346 285/420/344 266/421/345
f 251/416/340 271/415/339 275/423/347
f 267/385/316 286/434/357 277/425/348
f 260/396/321 279/418/342 283/426/349
f 313/427/350 315/456/377 298/428/351
f 277/425/348 296/435/358 300/429/352
f 272/411/335 291/447/369 301/430/353
f 285/420/344 304/464/385 293/431/354
f 314/432/355 304/464/385 285/420/344
f 271/415/339 290/450/372 294/433/356
f 286/434/357 305/443/366 296/435/358
f 279/418/342 298/428/351 302/436/359
f 273/437/360 292/463/384 303/438/361
f 306/439/362 292/463/384 273/437/360
f 299/440/363 295/449/371 276/417/341
f 281/404/328 300/429/352 289/441/364
f 274/407/331 293/431/354 305/443/366
f 282/408/332 301/430/353 297/444/367
f 275/446/347 294/454/356 291/447/369
f 288/448/370 299/440/363 280/402/326
f 302/436/359 290/450/372 271/415/339
f 295/449/371 306/439/362 287/400/324
f 290/450/372 302/436/359 322/451/373
f 291/447/369 317/455/376 316/453/375
f 298/428/351 323/465/386 322/451/373
f 294/454/356 318/471/381 317/455/376
f 315/456/377 303/438/361 325/457/378
f 297/444/367 301/430/353 316/453/375
f 290/450/372 319/452/374 318/460/381
f 314/432/355 297/444/367 321/459/380
f 303/438/361 304/464/385 326/462/383
f 269/412/336 270/442/365 289/441/364
f 300/429/352 296/435/358 295/449/371
f 306/439/362 295/449/371 296/435/358
f 293/431/354 292/463/384 306/439/362
f 292/463/384 293/431/354 304/464/385
f 304/464/385 314/432/355 320/461/382
f 315/456/377 324/458/379 323/465/386
f 297/444/367 314/432/355 312/422/346
f 284/399/323 303/438/361 315/456/377
f 278/445/368 312/422/346 310/388/317
f 265/379/314 284/399/323 313/427/350
f 227/375/305 254/374/312 249/413/337
f 245/467/290 308/360/290 307/363/303
f 243/370/309 309/361/301 308/360/290
f 215/468/289 316/453/375 317/455/376
f 217/472/177 320/461/382 321/459/380
f 220/474/173 218/475/175 322/451/373
f 219/473/178 321/459/380 316/453/375
f 218/475/175 221/470/288 319/452/374
f 216/476/163 324/458/379 325/457/378
f 217/472/177 327/477/164 326/462/383
f 216/476/163 220/474/173 323/465/386
f 222/466/304 249/413/337 261/403/327
f 264/414/338 251/416/340 224/478/293
f 248/479/296 268/401/325 253/398/322
f 224/478/293 251/416/340 256/424/334
f 231/392/311 257/391/318 268/401/325
f 307/389/303 310/388/317 266/421/345
f 258/419/343 262/406/330 238/483/298
f 266/421/345 255/382/315 228/384/308
f 253/398/322 265/379/314 243/381/309
f 229/484/387 256/410/334 252/376/313
f 238/483/298 262/406/330 250/405/329
f 288/448/370 289/441/364 300/429/352
f 328/485/388 361/489/392 382/486/389
f 343/488/391 377/530/429 361/489/392
f 328/485/388 342/491/394 371/490/393
f 358/487/390 376/517/416 342/491/394
f 341/492/395 370/529/428 350/493/396
f 352/495/398 374/502/402 341/492/395
f 422/496/399 353/500/14 380/497/13
f 422/496/399 432/541/436 378/499/15
f 330/501/401 346/504/404 374/502/402
f 330/501/401 345/547/442 368/503/403
f 354/505/23 373/978/760 430/506/405
f 423/507/406 434/498/400 380/497/13
f 331/508/407 348/512/411 369/509/408
f 355/511/410 376/517/416 348/512/411
f 424/513/412 356/32/32 381/31/31
f 431/515/414 375/967/761 356/32/32
f 332/516/415 342/491/394 376/517/416
f 351/518/417 371/490/393 342/491/394
f 357/38/38 379/968/762 433/519/418
f 435/514/413 381/31/31 357/38/38
f 333/521/420 360/524/423 372/522/421
f 358/487/390 382/486/389 360/524/423
f 333/521/420 348/512/411 376/517/416
f 340/523/422 369/509/408 348/512/411
f 334/525/424 346/504/404 368/503/403
f 359/527/426 374/502/402 346/504/404
f 334/525/424 360/524/423 382/486/389
f 344/526/425 372/522/421 360/524/423
f 335/528/427 341/492/395 374/502/402
f 335/528/427 349/531/430 370/529/428
f 335/528/427 361/489/392 377/530/429
f 359/527/426 382/486/389 361/489/392
f 364/532/431 377/530/429 343/488/391
f 426/534/433 362/979/56 383/535/55
f 433/519/418 379/968/762 362/57/56
f 336/538/432 343/488/391 371/490/393
f 337/539/435 350/493/396 370/529/428
f 363/540/58 378/499/15 432/541/436
f 427/542/437 436/536/434 383/535/55
f 349/531/430 377/530/429 364/532/431
f 365/543/438 387/553/447 388/544/439
f 338/546/441 344/526/425 368/503/403
f 338/546/441 365/543/438 372/522/421
f 430/506/405 373/978/760 366/548/65
f 340/523/422 372/522/421 365/543/438
f 339/545/440 347/510/409 369/509/408
f 367/72/69 375/967/761 431/515/414
f 428/549/443 437/561/453 386/551/445
f 391/552/446 392/980/450 387/553/447
f 438/554/448 440/981/451 389/78/75
f 386/551/445 387/553/447 365/543/438
f 429/550/444 438/554/448 384/80/77
f 396/555/449 397/709/575 392/556/450
f 440/558/451 442/596/485 394/85/80
f 387/553/447 392/980/450 393/560/452
f 437/561/453 439/982/456 391/552/446
f 392/556/450 397/709/575 398/562/454
f 441/564/455 396/555/449 391/557/446
f 778/566/457 495/680/534 494/567/458
f 443/569/460 401/712/578 415/570/461
f 444/572/463 399/953/751 417/100/93
f 777/574/465 497/662/536 496/575/466
f 448/577/468 446/983/495 404/107/100
f 406/579/470 407/984/490 411/580/471
f 411/582/471 407/985/490 408/583/473
f 445/585/475 406/579/470 412/581/472
f 447/586/476 412/581/472 745/587/477
f 411/582/471 410/584/474 744/589/479
f 412/581/472 411/580/471 746/591/480
f 448/577/468 409/578/469 739/122/113
f 775/593/482 492/666/540 493/594/483
f 449/573/464 417/100/93 394/85/80
f 450/571/462 415/570/461 396/555/449
f 494/567/458 499/663/537 772/597/486
f 473/598/487 454/636/518 465/599/488
f 416/138/125 450/571/462 441/564/455
f 398/562/454 414/607/493 449/573/464
f 410/584/474 448/577/468 747/592/481
f 413/142/129 447/586/476 748/588/478
f 405/144/131 445/585/475 447/586/476
f 408/583/473 446/983/495 448/577/468
f 414/607/493 403/707/573 444/572/463
f 400/146/133 443/569/460 450/571/462
f 395/139/126 441/564/455 439/565/456
f 390/608/134 439/982/456 437/561/453
f 393/563/452 398/562/454 442/596/485
f 388/544/439 438/554/448 429/550/444
f 393/560/452 440/981/451 438/554/448
f 366/548/65 385/609/135 437/561/453
f 429/550/444 431/515/414 347/510/409
f 345/547/442 430/506/405 428/549/443
f 337/539/435 364/532/431 436/536/434
f 427/542/437 432/541/436 350/493/396
f 351/518/417 433/519/418 426/537/433
f 336/533/432 426/534/433 436/536/434
f 355/511/410 435/514/413 425/520/419
f 332/516/415 425/520/419 433/519/418
f 347/510/409 431/515/414 424/513/412
f 331/508/407 424/513/412 435/514/413
f 330/501/401 352/495/398 434/498/400
f 423/507/406 430/506/405 345/547/442
f 350/493/396 432/541/436 422/496/399
f 329/494/397 422/496/399 434/498/400
f 404/155/100 446/611/495 418/610/494
f 482/156/138 480/645/527 419/614/497
f 452/159/141 420/612/496 445/613/475
f 471/162/142 421/970/498 419/616/497
f 485/618/500 457/644/526 453/619/501
f 483/620/502 453/619/501 467/621/503
f 489/623/505 484/632/514 456/624/506
f 478/626/508 472/634/516 455/627/509
f 486/629/511 488/787/632 464/630/512
f 484/632/514 486/629/511 460/631/513
f 474/633/515 459/641/523 455/627/509
f 475/635/517 458/642/524 454/636/518
f 462/637/519 688/789/634 577/638/520
f 476/640/522 463/656/531 459/641/523
f 475/635/517 477/648/528 462/637/519
f 485/618/500 487/639/521 461/643/525
f 469/617/499 478/626/508 468/628/510
f 481/606/492 489/623/505 466/625/507
f 490/622/504 467/621/503 419/614/497
f 470/602/491 479/600/489 465/599/488
f 466/646/507 479/600/489 470/602/491
f 419/616/497 467/654/503 478/626/508
f 460/647/513 464/657/512 477/648/528
f 461/649/525 476/640/522 474/633/515
f 487/639/521 577/638/520 581/651/529
f 460/647/513 475/635/517 473/598/487
f 457/650/526 474/633/515 472/634/516
f 467/654/503 453/653/501 472/634/516
f 452/159/141 471/162/142 469/617/499
f 456/652/506 473/598/487 479/600/489
f 579/655/530 582/786/631 463/656/531
f 465/599/488 490/622/504 480/645/527
f 420/612/496 468/628/510 489/623/505
f 458/642/524 462/637/519 487/639/521
f 464/657/512 580/986/633 578/658/532
f 455/627/509 459/641/523 486/629/511
f 463/656/531 488/787/632 486/629/511
f 468/628/510 455/627/509 484/632/514
f 454/636/518 483/620/502 490/622/504
f 458/642/524 485/618/500 483/620/502
f 451/206/179 418/610/494 480/645/527
f 505/659/533 504/955/753 495/660/534
f 502/661/535 506/956/754 497/662/536
f 499/663/537 508/957/755 500/664/538
f 500/664/538 501/954/752 492/666/540
f 772/597/486 499/663/537 491/665/539
f 771/595/484 493/594/483 497/662/536
f 491/665/539 492/666/540 775/593/482
f 496/575/466 495/660/534 778/668/457
f 498/669/542 509/695/559 521/670/543
f 520/672/545 512/987/561 511/673/546
f 507/675/548 514/988/554 513/676/549
f 511/673/546 516/989/556 519/678/551
f 492/666/540 501/954/752 502/661/535
f 503/679/552 508/957/755 499/663/537
f 497/662/536 506/956/754 505/659/533
f 495/680/534 504/958/753 503/679/552
f 534/681/553 538/718/583 514/682/554
f 516/684/556 540/720/585 532/685/557
f 498/686/542 532/685/557 533/687/558
f 536/689/560 535/741/586 511/690/546
f 519/678/551 516/989/556 498/669/542
f 510/692/555 514/988/554 507/675/548
f 513/676/549 512/990/561 520/694/545
f 509/695/559 510/692/555 523/693/562
f 521/670/543 523/693/562 733/696/563
f 517/677/550 520/694/545 731/698/565
f 523/693/562 507/675/548 729/700/567
f 519/678/551 522/671/544 732/701/568
f 518/674/547 519/678/551 735/702/569
f 729/700/567 507/675/548 517/677/550
f 731/704/565 520/672/545 518/674/547
f 522/671/544 521/670/543 736/697/564
f 528/705/571 530/961/756 402/706/572
f 531/708/574 524/962/757 397/709/575
f 525/710/576 529/963/758 414/607/493
f 415/570/461 527/964/759 531/708/574
f 526/711/577 527/964/759 415/570/461
f 397/709/575 524/962/757 525/710/576
f 414/607/493 529/963/758 528/705/571
f 402/713/572 530/965/756 526/711/577
f 533/687/558 541/935/735 542/714/579
f 545/715/580 544/936/736 536/689/560
f 534/681/553 542/714/579 546/717/582
f 548/719/584 515/742/600 532/685/557
f 513/721/549 537/716/581 536/689/560
f 533/687/558 534/681/553 510/683/555
f 535/722/586 540/720/585 516/684/556
f 514/682/554 538/718/583 537/724/581
f 556/726/587 539/729/590 694/727/588
f 539/729/590 549/747/604 691/730/591
f 692/731/592 552/991/601 551/732/593
f 693/734/595 554/744/602 553/735/596
f 543/737/598 548/719/584 540/720/585
f 545/738/580 567/778/623 566/739/599
f 536/689/560 544/936/736 543/740/598
f 515/742/600 541/935/735 533/687/558
f 552/743/601 553/735/596 554/744/602
f 551/746/593 552/743/601 555/745/603
f 539/729/590 556/726/587 555/745/603
f 555/745/603 554/744/602 550/748/605
f 550/748/605 554/744/602 693/734/595
f 553/750/596 552/991/601 692/731/592
f 691/730/591 549/747/604 550/748/605
f 689/752/594 551/746/593 556/726/587
f 557/753/607 562/928/732 716/754/608
f 720/756/610 560/929/733 563/757/611
f 559/759/613 547/930/734 713/760/614
f 717/758/612 563/757/611 558/762/616
f 714/763/617 558/762/616 559/764/613
f 713/760/614 547/930/734 557/766/607
f 561/768/618 560/929/733 720/756/610
f 716/754/608 562/928/732 561/768/618
f 568/770/620 569/785/626 565/771/621
f 537/716/581 565/777/621 567/773/623
f 566/739/599 564/772/622 538/718/583
f 538/718/583 564/772/622 565/771/621
f 573/774/624 575/992/629 571/775/625
f 569/776/626 571/775/625 567/773/623
f 566/739/599 570/779/627 568/770/620
f 567/778/623 571/784/625 570/779/627
f 572/780/628 574/783/630 575/781/629
f 574/783/630 572/780/628 568/770/620
f 571/784/625 575/781/629 574/783/630
f 568/770/620 572/780/628 573/782/624
f 582/786/631 576/993/730 488/787/632
f 488/787/632 576/993/730 580/788/633
f 461/649/525 581/994/529 579/655/530
f 477/648/528 578/658/532 688/789/634
f 602/790/290 601/813/651 586/791/635
f 602/790/290 590/792/636 585/793/637
f 608/795/290 591/799/290 587/796/639
f 607/798/641 589/995/660 591/799/290
f 599/800/642 593/817/654 594/801/290
f 598/803/643 600/802/290 594/801/290
f 669/805/290 597/809/290 596/806/645
f 669/805/290 668/906/729 595/808/647
f 583/810/648 588/812/650 600/802/290
f 584/811/649 599/800/642 600/802/290
f 597/809/290 602/790/290 603/794/638
f 597/809/290 595/808/647 601/813/651
f 591/799/290 589/995/660 605/814/652
f 591/799/290 606/815/290 604/816/653
f 593/817/654 607/798/641 608/795/290
f 592/804/644 594/801/290 608/795/290
f 584/818/649 588/905/650 615/819/655
f 601/821/651 624/838/666 613/822/657
f 670/824/646 672/840/667 626/825/658
f 607/827/641 628/831/661 616/828/659
f 593/830/654 619/864/690 628/831/661
f 595/832/647 668/923/729 671/833/662
f 598/835/643 592/922/644 618/836/664
f 595/832/647 620/834/663 624/838/666
f 596/839/645 621/842/668 672/840/667
f 603/841/638 625/858/684 621/842/668
f 614/843/669 626/825/658 645/844/670
f 614/843/669 634/845/671 648/846/672
f 618/836/664 637/861/687 641/848/674
f 611/820/656 631/901/725 642/849/675
f 628/831/661 647/871/696 635/851/677
f 620/834/663 639/904/728 643/852/678
f 617/853/679 613/822/657 633/854/680
f 622/837/665 641/848/674 630/856/682
f 625/858/684 612/869/695 632/859/685
f 629/847/673 648/846/672 637/861/687
f 672/840/667 621/842/668 640/862/688
f 619/864/690 623/850/676 642/849/675
f 613/822/657 624/838/666 643/852/678
f 616/828/659 635/851/677 646/866/692
f 627/867/693 646/866/692 673/868/694
f 612/869/695 617/921/679 636/870/681
f 628/831/661 619/864/690 638/865/691
f 621/842/668 625/858/684 644/860/686
f 674/863/689 640/862/688 659/872/697
f 638/865/691 642/849/675 661/874/699
f 633/854/680 643/852/678 662/876/701
f 646/866/692 635/851/677 654/878/703
f 646/866/692 665/879/704 675/880/705
f 632/859/685 636/870/681 655/881/706
f 647/871/696 638/865/691 657/875/700
f 640/862/688 644/860/686 663/884/709
f 634/845/671 645/844/670 664/885/710
f 634/845/671 653/886/711 667/887/712
f 637/861/687 656/893/717 660/888/713
f 642/849/675 631/901/725 650/889/714
f 635/851/677 647/871/696 666/883/708
f 643/852/678 639/904/728 658/890/715
f 636/855/681 633/854/680 652/877/702
f 641/848/674 660/888/713 649/892/716
f 632/859/685 651/882/707 663/884/709
f 648/846/672 667/887/712 656/893/717
f 651/882/707 680/910/731 683/894/718
f 677/895/719 678/896/720 652/877/702
f 683/894/718 684/903/727 659/872/697
f 678/896/720 679/911/722 655/891/706
f 676/873/698 685/996/763 686/897/721
f 658/890/715 682/899/723 677/895/719
f 679/898/722 680/910/731 651/882/707
f 675/880/705 681/902/726 682/899/723
f 664/885/710 686/897/721 687/900/724
f 630/856/682 649/892/716 650/889/714
f 661/874/699 660/888/713 656/893/717
f 667/887/712 666/883/708 657/875/700
f 667/887/712 653/886/711 654/878/703
f 665/879/704 654/878/703 653/886/711
f 665/879/704 687/900/724 681/902/726
f 684/903/727 685/996/763 676/873/698
f 673/868/694 675/880/705 658/890/715
f 645/844/670 674/863/689 676/873/698
f 671/833/662 673/868/694 639/904/728
f 626/825/658 672/840/667 674/863/689
f 588/905/650 583/918/648 610/857/683
f 606/815/290 605/814/652 668/906/729
f 604/816/653 606/815/290 669/805/290
f 678/896/720 677/895/719 576/907/730
f 682/899/723 681/902/726 578/912/532
f 581/914/529 684/903/727 683/894/718
f 677/895/719 682/899/723 580/913/633
f 579/915/530 683/894/718 680/910/731
f 686/897/721 685/996/763 577/916/520
f 578/912/532 681/902/726 687/900/724
f 577/916/520 685/996/763 684/903/727
f 583/918/648 598/835/643 622/837/665
f 585/919/637 612/869/695 625/858/684
f 609/920/640 587/926/639 614/843/669
f 585/919/637 590/997/636 617/921/679
f 592/922/644 609/920/640 629/847/673
f 668/923/729 605/925/652 627/867/693
f 599/924/642 623/850/676 619/864/690
f 589/829/660 616/828/659 627/867/693
f 604/826/653 626/825/658 614/843/669
f 590/927/636 586/823/635 613/822/657
f 599/924/642 584/818/649 611/820/656
f 661/874/699 650/889/714 649/892/716
f 557/753/607 689/752/594 695/728/589
f 560/929/733 691/730/591 696/749/606
f 690/751/597 692/731/592 547/930/734
f 696/749/606 693/734/595 558/762/616
f 558/762/616 693/734/595 690/736/597
f 547/930/734 692/731/592 689/733/594
f 694/727/588 691/730/591 560/929/733
f 562/928/732 695/728/589 694/727/588
f 196/310/263 201/326/277 703/284/242
f 199/314/267 202/313/266 704/305/259
f 186/323/274 700/287/245 698/307/260
f 197/319/272 701/290/248 704/305/259
f 197/319/272 198/321/269 698/931/260
f 186/323/274 196/322/263 697/932/261
f 199/314/267 699/285/243 702/282/240
f 201/326/277 200/324/275 702/282/240
f 187/275/237 154/299/255 707/325/276
f 180/271/233 712/312/265 707/325/276
f 183/298/254 182/297/251 710/933/264
f 185/274/236 184/294/234 711/934/270
f 181/270/232 185/274/236 706/320/273
f 183/298/254 705/315/268 711/317/270
f 180/271/233 181/270/232 709/318/271
f 187/275/237 708/309/262 710/311/264
f 548/719/584 716/754/608 715/769/619
f 715/769/619 720/756/610 541/935/735
f 544/936/736 713/760/614 718/767/609
f 546/717/582 714/763/617 719/765/615
f 542/714/579 717/758/612 714/763/617
f 719/761/615 713/760/614 544/936/736
f 541/935/735 720/756/610 717/758/612
f 718/755/609 716/754/608 548/719/584
f 762/937/737 728/251/215 724/255/219
f 757/939/739 756/942/742 722/257/221
f 761/941/741 727/256/220 722/257/221
f 758/938/738 724/255/219 727/256/220
f 757/944/739 723/252/216 726/253/217
f 759/943/743 725/250/214 728/251/215
f 732/701/568 736/697/564 755/945/744
f 750/947/746 731/704/565 730/703/570
f 730/703/570 735/702/569 754/950/749
f 735/702/569 732/701/568 751/946/745
f 734/699/566 731/698/565 750/952/746
f 736/697/564 733/696/563 752/951/750
f 741/143/130 748/588/478 443/569/460
f 744/589/479 747/592/481 444/572/463
f 747/592/481 739/122/113 399/953/751
f 745/587/477 746/591/480 402/713/572
f 746/590/480 744/589/479 403/707/573
f 748/588/478 745/587/477 401/712/578
f 86/98/91 743/118/110 741/143/130
f 87/101/94 742/123/114 737/119/111
f 399/953/751 739/122/113 742/123/114
f 52/268/222 740/121/112 738/117/109
f 53/145/132 737/119/111 740/120/112
f 51/265/228 738/117/109 743/118/110
f 755/945/744 752/951/750 502/661/535
f 753/949/748 750/952/746 504/955/753
f 754/950/749 751/946/745 500/664/538
f 749/948/747 754/950/749 508/957/755
f 504/958/753 750/947/746 749/948/747
f 751/946/745 755/945/744 501/954/752
f 141/209/181 759/943/743 762/937/737
f 143/959/203 757/944/739 760/940/740
f 139/211/183 758/938/738 761/941/741
f 147/212/184 761/941/741 756/942/742
f 143/232/203 142/230/201 756/942/742
f 140/229/200 762/937/737 758/938/738
f 169/960/231 770/216/87 765/217/188
f 163/266/229 767/124/115 766/215/187
f 168/267/230 769/103/96 763/214/186
f 166/263/226 170/261/224 766/215/187
f 166/263/226 764/127/118 768/128/119
f 163/266/229 164/262/225 763/214/186
f 168/267/230 167/260/223 765/217/188
f 169/269/231 165/264/227 768/128/119
f 773/576/467 778/668/457 530/961/756
f 774/667/541 775/593/482 524/962/757
f 771/595/484 777/574/465 529/963/758
f 527/964/759 772/597/486 774/667/541
f 776/568/459 772/597/486 527/964/759
f 524/962/757 775/593/482 771/595/484
f 529/963/758 777/574/465 773/576/467
f 530/965/756 778/566/457 776/568/459
