# Blender 4.3.2
# www.blender.org
mtllib @player.002.mtl
o @player
v -1.445495 0.722457 -5.997679
v -1.482562 0.733485 -6.137628
v -1.482562 0.655430 -6.137628
v -1.479893 0.636410 -5.939423
v -1.479893 0.722348 -5.946320
v -1.447103 0.642965 -5.994230
v -1.447103 0.649397 -6.081046
v -1.445495 0.727862 -6.081046
v -1.480683 0.765418 -5.988263
v -1.480683 0.771150 -6.083487
v -1.480683 0.598048 -6.083487
v -1.480683 0.584433 -5.981365
v -1.456942 0.606257 -5.996796
v -1.459290 0.729998 -6.120947
v -1.459290 0.720458 -5.967171
v -1.456942 0.755624 -5.993186
v -1.456942 0.617409 -6.080307
v -1.482663 0.621680 -6.124387
v -1.459290 0.655887 -6.120947
v -1.479994 0.596944 -5.945444
v -1.459290 0.642649 -5.961136
v -1.456942 0.757927 -6.080307
v -1.482663 0.758819 -6.118872
v -1.479994 0.751195 -5.956416
v -1.481992 0.691390 -6.142553
v -1.479322 0.681404 -5.941672
v -1.445717 0.683539 -5.998955
v -1.446705 0.687543 -6.082396
v -1.442575 0.644936 -6.035326
v -1.440966 0.725779 -6.036189
v -1.479174 0.773272 -6.034056
v -1.479174 0.585357 -6.032331
v -1.465204 0.630735 -6.110383
v -1.465204 0.602588 -5.964142
v -1.465204 0.754593 -6.110383
v -1.462752 0.747287 -5.965800
v -1.453923 0.608609 -6.033080
v -1.459479 0.689835 -6.123670
v -1.458695 0.683005 -5.965539
v -1.453923 0.757759 -6.034589
v -1.441751 0.684849 -6.037039
v -1.492974 0.581728 -6.061010
v -1.490046 0.577397 -6.038037
v -1.493148 0.576283 -6.015696
v -1.494933 0.564671 -6.062391
v -1.488368 0.560182 -6.040088
v -1.494933 0.558739 -6.017897
v -1.477529 0.558388 -6.062959
v -1.471642 0.556237 -6.038686
v -1.477529 0.552876 -6.016061
v -1.467559 0.504429 -6.067449
v -1.459896 0.501038 -6.031722
v -1.467559 0.499344 -5.999640
v -1.462556 0.370529 -6.059616
v -1.454315 0.365078 -6.021856
v -1.464661 0.363782 -5.989687
v -1.469243 0.426823 -5.991360
v -1.461880 0.428088 -6.022944
v -1.469243 0.431213 -6.056166
v -1.471420 0.525053 -6.007277
v -1.471420 0.530343 -6.071197
v -1.492369 0.344170 -5.983906
v -1.507789 0.322787 -6.045331
v -1.481589 0.343115 -6.075167
v -1.497150 0.734568 -6.139297
v -1.497150 0.654461 -6.141666
v -1.497150 0.633303 -5.935250
v -1.497150 0.723346 -5.942148
v -1.496249 0.769789 -5.986925
v -1.496249 0.773878 -6.084825
v -1.496249 0.594704 -6.084825
v -1.496249 0.580755 -5.980027
v -1.497198 0.619575 -6.127069
v -1.497198 0.591192 -5.942728
v -1.497198 0.760953 -6.121555
v -1.497198 0.753307 -5.953074
v -1.496876 0.691968 -6.144430
v -1.496876 0.680849 -5.935844
v -1.495526 0.775207 -6.034056
v -1.501069 0.583543 -6.069394
v -1.502138 0.575637 -6.010753
v -1.503078 0.565267 -6.066244
v -1.503078 0.558192 -6.013036
v -1.494738 0.559079 -6.066939
v -1.494738 0.552198 -6.010643
v -1.489960 0.504850 -6.073541
v -1.489960 0.499047 -5.992525
v -1.487563 0.372745 -6.072167
v -1.487563 0.363281 -5.979620
v -1.490767 0.431544 -6.063205
v -1.490767 0.426629 -5.984358
v -1.491810 0.524573 -6.000313
v -1.491810 0.530894 -6.077345
v -1.500446 0.270157 -6.051463
v -1.488532 0.266102 -6.009894
v -1.469792 0.274134 -6.067624
v -1.453683 0.275971 -6.025846
v -1.498849 0.249964 -6.059552
v -1.487266 0.240617 -6.020458
v -1.468833 0.250579 -6.076768
v -1.452886 0.246135 -6.036134
v -1.495929 0.209091 -6.069737
v -1.485055 0.203762 -6.035913
v -1.469765 0.206451 -6.085718
v -1.456289 0.205447 -6.050290
v -1.494609 0.302539 -6.001143
v -1.453194 0.315042 -6.021513
v -1.504966 0.294661 -6.048532
v -1.471838 0.304991 -6.069204
v -1.501887 0.330874 -6.071167
v -1.470092 0.350734 -5.995689
v -1.488389 0.272836 -6.066080
v -1.469031 0.270418 -6.010911
v -1.486479 0.250756 -6.075795
v -1.468013 0.241570 -6.021886
v -1.484733 0.207353 -6.082902
v -1.468373 0.203177 -6.037562
v -1.492688 0.300064 -6.068979
v -1.471456 0.308974 -6.003120
v -1.501930 0.327980 -6.017782
v -1.461409 0.350319 -6.051813
v -1.501059 0.267644 -6.028214
v -1.456138 0.275728 -6.049554
v -1.499295 0.244148 -6.037705
v -1.455032 0.248160 -6.060569
v -1.496076 0.206463 -6.049725
v -1.456820 0.205738 -6.071107
v -1.455980 0.310723 -6.051570
v -1.506081 0.298144 -6.021549
v -1.438450 0.547097 -6.054811
v -1.437242 0.549713 -6.036859
v -1.439435 0.545415 -6.021762
v -1.441744 0.512365 -6.056050
v -1.439587 0.505599 -6.032212
v -1.442654 0.509124 -6.010806
v -1.440517 0.526351 -6.015901
v -1.300008 0.532898 -6.043406
v -1.439571 0.529723 -6.057288
v -1.396881 0.542173 -6.051229
v -1.395324 0.543246 -6.036795
v -1.397759 0.539041 -6.023341
v -1.399817 0.509586 -6.053899
v -1.398591 0.503236 -6.032653
v -1.400627 0.506697 -6.017507
v -1.398723 0.522050 -6.016155
v -1.360675 0.518824 -6.011045
v -1.397880 0.525056 -6.057766
v -1.299800 0.530780 -6.031317
v -1.300863 0.530320 -6.020050
v -1.303715 0.505781 -6.045641
v -1.304405 0.499811 -6.027849
v -1.304504 0.503403 -6.015803
v -1.302322 0.516155 -6.013713
v -1.271247 0.524317 -6.047522
v -1.301501 0.518629 -6.049330
v -1.363133 0.503396 -6.013404
v -1.362178 0.505280 -6.052008
v -1.359682 0.522072 -6.055975
v -1.362178 0.498509 -6.028852
v -1.357111 0.541456 -6.033366
v -1.358165 0.540686 -6.049098
v -1.359200 0.537301 -6.018701
v -1.458156 0.553657 -6.037512
v -1.462229 0.550136 -6.018099
v -1.460595 0.507816 -6.063004
v -1.459751 0.530342 -6.066340
v -1.462507 0.508536 -6.006290
v -1.461599 0.525536 -6.010678
v -1.455392 0.501853 -6.031904
v -1.460595 0.553152 -6.061962
v -1.288399 0.526058 -6.049037
v -1.288303 0.525162 -6.030698
v -1.293668 0.525310 -6.014776
v -1.291683 0.508132 -6.052445
v -1.292044 0.504937 -6.025488
v -1.298114 0.507779 -6.008635
v -1.296333 0.516252 -6.005413
v -1.226032 0.504323 -6.041708
v -1.288777 0.516434 -6.057724
v -1.268827 0.522924 -6.029485
v -1.272102 0.522622 -6.012672
v -1.274954 0.506481 -6.050858
v -1.271897 0.502555 -6.024310
v -1.275743 0.504917 -6.006335
v -1.273561 0.513305 -6.003217
v -1.252724 0.498662 -6.026194
v -1.272740 0.514932 -6.056362
v -1.223747 0.503005 -6.027171
v -1.227019 0.503255 -6.013622
v -1.231170 0.492339 -6.044396
v -1.228460 0.489154 -6.023000
v -1.232081 0.491354 -6.008515
v -1.229230 0.496927 -6.006001
v -1.225619 0.496343 -6.026592
v -1.228282 0.497952 -6.048832
v -1.255781 0.502027 -6.050228
v -1.254388 0.507874 -6.007100
v -1.256570 0.500687 -6.009923
v -1.249654 0.516118 -6.030879
v -1.252074 0.517312 -6.047207
v -1.253567 0.509269 -6.055210
v -1.252929 0.515859 -6.015660
v -1.291915 0.512485 -5.992900
v -1.293244 0.503965 -5.995485
v -1.278942 0.511214 -5.995164
v -1.280271 0.502694 -5.997749
v -1.284847 0.507774 -5.981723
v -1.285647 0.499049 -5.983673
v -1.275759 0.509424 -5.993659
v -1.276559 0.500699 -5.995609
v -1.271278 0.502902 -5.969292
v -1.271839 0.496783 -5.970659
v -1.264904 0.504060 -5.977663
v -1.265465 0.497941 -5.979030
v -1.469067 0.163279 -6.074432
v -1.490660 0.164419 -6.053099
v -1.468672 0.162613 -6.051375
v -1.488129 0.165278 -6.077076
v -1.467793 0.162744 -6.062990
v -1.490688 0.164588 -6.065845
v -1.477887 0.164565 -6.079279
v -1.473994 0.118487 -5.979726
v -1.456316 0.118487 -5.983568
v -1.484614 0.118487 -6.084772
v -1.467745 0.118486 -6.087660
v -1.487754 0.118487 -6.031366
v -1.464954 0.118487 -5.979371
v -1.451495 0.118486 -6.038671
v -1.474594 0.118486 -6.089542
v -1.469779 0.118487 -6.034810
v -1.488854 0.118488 -6.003885
v -1.448537 0.118487 -6.012378
v -1.467217 0.118487 -6.005729
v -1.457001 0.118486 -6.067786
v -1.493419 0.118487 -6.061158
v -1.472611 0.118487 -6.066961
v -1.484046 0.118488 -5.991062
v -1.449773 0.118487 -5.998314
v -1.465936 0.118487 -5.991189
v -1.461579 0.118486 -6.082230
v -1.474152 0.118486 -6.083236
v -1.491847 0.118487 -6.076627
v -1.489981 0.118487 -6.045219
v -1.455273 0.118486 -6.051161
v -1.471060 0.118487 -6.049350
v -1.449137 0.118487 -6.025821
v -1.468498 0.118487 -6.020269
v -1.490038 0.118487 -6.017329
v -1.473718 0.133330 -5.980034
v -1.452973 0.133330 -5.984076
v -1.486055 0.133329 -6.087293
v -1.469329 0.132434 -6.087401
v -1.490298 0.133330 -6.031093
v -1.463130 0.133330 -5.979823
v -1.449756 0.133329 -6.038914
v -1.476554 0.133329 -6.090874
v -1.489684 0.133330 -6.001667
v -1.446286 0.133329 -6.010761
v -1.456785 0.133329 -6.070052
v -1.495310 0.133329 -6.063044
v -1.484044 0.133330 -5.987937
v -1.447913 0.133329 -5.995647
v -1.462399 0.131859 -6.079485
v -1.493075 0.133329 -6.079809
v -1.492471 0.133330 -6.045926
v -1.453898 0.133329 -6.052181
v -1.446990 0.133329 -6.025156
v -1.491073 0.133330 -6.016062
v -1.473299 0.139702 -5.981120
v -1.456318 0.139702 -5.983449
v -1.485960 0.142894 -6.085529
v -1.469603 0.143157 -6.085209
v -1.487157 0.142895 -6.029101
v -1.452355 0.142894 -6.035147
v -1.477371 0.142956 -6.088243
v -1.486593 0.142895 -6.004324
v -1.449253 0.142894 -6.011622
v -1.458799 0.142894 -6.066953
v -1.492678 0.143249 -6.063547
v -1.482872 0.142895 -5.991651
v -1.450604 0.142894 -5.997586
v -1.464399 0.142795 -6.077085
v -1.490440 0.143155 -6.075920
v -1.489305 0.142895 -6.039818
v -1.454473 0.142894 -6.045261
v -1.449909 0.142894 -6.025039
v -1.487829 0.142895 -6.017750
v -1.471928 0.148879 -5.987707
v -1.461086 0.148879 -5.990233
v -1.486050 0.152992 -6.083519
v -1.471826 0.153511 -6.083900
v -1.478866 0.150320 -6.030198
v -1.459727 0.152175 -6.032799
v -1.478776 0.153370 -6.084660
v -1.482568 0.150070 -6.009129
v -1.455231 0.152179 -6.012187
v -1.463137 0.155047 -6.066778
v -1.491966 0.153881 -6.062889
v -1.479280 0.151086 -5.996400
v -1.456686 0.151402 -6.000223
v -1.466904 0.153193 -6.076460
v -1.489994 0.153158 -6.074702
v -1.481600 0.153241 -6.040824
v -1.463754 0.156130 -6.040566
v -1.456526 0.151911 -6.023510
v -1.480265 0.150657 -6.019528
v -1.456887 0.118486 -6.059541
v -1.471835 0.118487 -6.058156
v -1.492094 0.118487 -6.053121
v -1.455338 0.133329 -6.061154
v -1.494392 0.133330 -6.054387
v -1.456775 0.142894 -6.056264
v -1.491878 0.142895 -6.050421
v -1.462416 0.156130 -6.055532
v -1.490040 0.156131 -6.050859
v -1.469132 0.160717 -6.076183
v -1.474123 0.159341 -6.083532
v -1.479869 0.160749 -6.082819
v -1.484304 0.161397 -6.080217
v -1.466143 0.158484 -6.053849
v -1.466244 0.160961 -6.065944
v -1.490371 0.159732 -6.074474
v -1.491437 0.160366 -6.062941
v -1.490215 0.158484 -6.050087
v -1.480552 0.158855 -6.044238
v -1.469419 0.158484 -6.047122
v -1.480484 0.163309 -6.045926
v -1.575650 0.722457 -5.997679
v -1.538583 0.733485 -6.137628
v -1.538583 0.655430 -6.137628
v -1.541252 0.636410 -5.939423
v -1.541252 0.722348 -5.946320
v -1.574042 0.642965 -5.994230
v -1.574042 0.649397 -6.081046
v -1.575650 0.727862 -6.081046
v -1.540461 0.765418 -5.988263
v -1.540461 0.771150 -6.083487
v -1.540461 0.598048 -6.083487
v -1.540461 0.584433 -5.981365
v -1.564203 0.606257 -5.996796
v -1.561855 0.729998 -6.120947
v -1.561855 0.720458 -5.967171
v -1.564203 0.755624 -5.993186
v -1.564203 0.617409 -6.080307
v -1.538482 0.621680 -6.124387
v -1.561855 0.655887 -6.120947
v -1.541151 0.596944 -5.945444
v -1.561855 0.642649 -5.961136
v -1.564203 0.757927 -6.080307
v -1.538482 0.758819 -6.118872
v -1.541151 0.751195 -5.956416
v -1.539153 0.691390 -6.142553
v -1.510572 0.735565 -6.140148
v -1.510572 0.653568 -6.142517
v -1.541822 0.681404 -5.941672
v -1.510572 0.630443 -5.934447
v -1.510572 0.723276 -5.938309
v -1.575428 0.683539 -5.998955
v -1.574440 0.687543 -6.082396
v -1.578570 0.644936 -6.035326
v -1.580178 0.725779 -6.036189
v -1.510572 0.771839 -5.985693
v -1.510572 0.775517 -6.086056
v -1.541971 0.773272 -6.034056
v -1.541971 0.585357 -6.032331
v -1.510572 0.593681 -6.086056
v -1.510572 0.577370 -5.978796
v -1.555941 0.630735 -6.110383
v -1.555941 0.602588 -5.964142
v -1.555941 0.754593 -6.110383
v -1.558393 0.747287 -5.965800
v -1.567222 0.608609 -6.033080
v -1.510572 0.617638 -6.129538
v -1.561665 0.689835 -6.123670
v -1.510572 0.589911 -5.940229
v -1.562449 0.683005 -5.965539
v -1.567222 0.757759 -6.034589
v -1.510572 0.762916 -6.122882
v -1.510572 0.755250 -5.950575
v -1.510572 0.692047 -6.145907
v -1.510572 0.680337 -5.935747
v -1.579394 0.684849 -6.037039
v -1.510572 0.777103 -6.034056
v -1.510572 0.574777 -6.006384
v -1.510572 0.584152 -6.068914
v -1.528170 0.581728 -6.061010
v -1.531099 0.577397 -6.038037
v -1.527997 0.576283 -6.015696
v -1.510572 0.557689 -6.008564
v -1.510572 0.565815 -6.070716
v -1.526212 0.564671 -6.062391
v -1.532777 0.560182 -6.040088
v -1.526212 0.558739 -6.017897
v -1.510572 0.551575 -6.005658
v -1.510572 0.559714 -6.071530
v -1.543616 0.558388 -6.062959
v -1.549502 0.556237 -6.038686
v -1.543616 0.552876 -6.016061
v -1.510572 0.498774 -5.985979
v -1.510572 0.505238 -6.079146
v -1.553586 0.504429 -6.067449
v -1.561249 0.501038 -6.031722
v -1.553586 0.499344 -5.999640
v -1.510572 0.362965 -5.975721
v -1.510572 0.374422 -6.079878
v -1.558588 0.370529 -6.059616
v -1.566776 0.365081 -6.021754
v -1.556356 0.363781 -5.989664
v -1.510572 0.426452 -5.977915
v -1.551902 0.426823 -5.991360
v -1.559265 0.428088 -6.022944
v -1.551902 0.431213 -6.056166
v -1.510572 0.431848 -6.069683
v -1.549725 0.525053 -6.007277
v -1.549725 0.530343 -6.071197
v -1.510572 0.531400 -6.079799
v -1.510572 0.524131 -5.993906
v -1.528582 0.344163 -5.984078
v -1.513532 0.322788 -6.045290
v -1.539856 0.343120 -6.075129
v -1.510661 0.322787 -6.045311
v -1.523995 0.734568 -6.139297
v -1.523995 0.654461 -6.141666
v -1.523995 0.633303 -5.935250
v -1.523995 0.723346 -5.942148
v -1.524895 0.769789 -5.986925
v -1.524895 0.773878 -6.084825
v -1.524895 0.594704 -6.084825
v -1.524895 0.580755 -5.980027
v -1.523947 0.619575 -6.127069
v -1.523947 0.591192 -5.942728
v -1.523947 0.760953 -6.121555
v -1.523947 0.753307 -5.953074
v -1.524269 0.691968 -6.144430
v -1.524269 0.680849 -5.935844
v -1.525619 0.775207 -6.034056
v -1.520076 0.583543 -6.069394
v -1.519007 0.575637 -6.010753
v -1.518067 0.565267 -6.066244
v -1.518067 0.558192 -6.013036
v -1.526407 0.559079 -6.066939
v -1.526407 0.552198 -6.010643
v -1.531185 0.504850 -6.073541
v -1.531185 0.499047 -5.992525
v -1.533582 0.372745 -6.072167
v -1.533582 0.363281 -5.979620
v -1.530378 0.431544 -6.063205
v -1.530378 0.426629 -5.984358
v -1.529334 0.524573 -6.000313
v -1.529334 0.530894 -6.077345
v -1.510572 0.343138 -5.981372
v -1.510572 0.343138 -6.074485
v -1.521011 0.270145 -6.051956
v -1.532358 0.266092 -6.010132
v -1.551878 0.274145 -6.067438
v -1.567412 0.275987 -6.025311
v -1.522730 0.249952 -6.060012
v -1.533781 0.240611 -6.020669
v -1.552974 0.250588 -6.076563
v -1.568366 0.246152 -6.035584
v -1.525809 0.209079 -6.070130
v -1.536223 0.203757 -6.036071
v -1.552188 0.206456 -6.085530
v -1.565179 0.205461 -6.049811
v -1.526142 0.302524 -6.001509
v -1.567821 0.315057 -6.020960
v -1.516438 0.294646 -6.049120
v -1.549837 0.305001 -6.069056
v -1.519660 0.330877 -6.071040
v -1.550790 0.350732 -5.995653
v -1.510769 0.328575 -6.070060
v -1.533264 0.272835 -6.066304
v -1.551867 0.270421 -6.010718
v -1.535318 0.250753 -6.075980
v -1.553050 0.241577 -6.021673
v -1.537184 0.207348 -6.083045
v -1.552925 0.203184 -6.037352
v -1.528991 0.300060 -6.069293
v -1.549315 0.308974 -6.002974
v -1.519144 0.327983 -6.017659
v -1.559841 0.350327 -6.051586
v -1.510545 0.325616 -6.019319
v -1.520083 0.267629 -6.028725
v -1.565282 0.275745 -6.049068
v -1.521988 0.244135 -6.038178
v -1.566553 0.248177 -6.060062
v -1.525391 0.206451 -6.050124
v -1.564932 0.205752 -6.070637
v -1.565448 0.310742 -6.051074
v -1.514954 0.298124 -6.022166
v -1.582695 0.547097 -6.054811
v -1.583903 0.549713 -6.036859
v -1.581709 0.545415 -6.021762
v -1.579400 0.512365 -6.056050
v -1.581557 0.505599 -6.032212
v -1.578491 0.509124 -6.010806
v -1.580627 0.526351 -6.015901
v -1.721137 0.532899 -6.043406
v -1.581573 0.529723 -6.057288
v -1.624264 0.542173 -6.051229
v -1.625821 0.543246 -6.036795
v -1.623386 0.539041 -6.023341
v -1.621328 0.509586 -6.053899
v -1.622554 0.503236 -6.032653
v -1.620517 0.506697 -6.017507
v -1.622421 0.522050 -6.016155
v -1.660469 0.518824 -6.011045
v -1.623264 0.525056 -6.057766
v -1.721345 0.530780 -6.031318
v -1.720282 0.530321 -6.020050
v -1.717429 0.505781 -6.045641
v -1.716740 0.499811 -6.027849
v -1.716640 0.503403 -6.015803
v -1.718823 0.516155 -6.013713
v -1.749898 0.524317 -6.047523
v -1.719643 0.518629 -6.049330
v -1.658012 0.503397 -6.013404
v -1.658967 0.505280 -6.052008
v -1.661463 0.522072 -6.055975
v -1.658966 0.498509 -6.028852
v -1.664034 0.541457 -6.033366
v -1.662980 0.540686 -6.049098
v -1.661945 0.537302 -6.018702
v -1.562988 0.553657 -6.037512
v -1.558915 0.550136 -6.018099
v -1.560549 0.507816 -6.063004
v -1.561394 0.530342 -6.066340
v -1.558638 0.508536 -6.006290
v -1.559546 0.525536 -6.010678
v -1.565752 0.501853 -6.031904
v -1.560550 0.553152 -6.061962
v -1.732746 0.526059 -6.049037
v -1.732842 0.525163 -6.030698
v -1.727476 0.525310 -6.014776
v -1.729462 0.508132 -6.052445
v -1.729101 0.504938 -6.025488
v -1.723031 0.507779 -6.008635
v -1.724812 0.516252 -6.005413
v -1.795112 0.504323 -6.041708
v -1.732368 0.516434 -6.057724
v -1.752317 0.522924 -6.029485
v -1.749043 0.522622 -6.012673
v -1.746190 0.506482 -6.050858
v -1.749248 0.502555 -6.024310
v -1.745402 0.504918 -6.006336
v -1.747584 0.513305 -6.003217
v -1.768421 0.498662 -6.026195
v -1.748404 0.514932 -6.056362
v -1.797398 0.503005 -6.027172
v -1.794126 0.503255 -6.013622
v -1.789974 0.492339 -6.044397
v -1.792685 0.489154 -6.023001
v -1.789064 0.491354 -6.008515
v -1.791915 0.496927 -6.006002
v -1.795526 0.496343 -6.026593
v -1.792862 0.497952 -6.048832
v -1.765363 0.502027 -6.050228
v -1.766757 0.507874 -6.007100
v -1.764575 0.500687 -6.009923
v -1.771490 0.516118 -6.030880
v -1.769071 0.517312 -6.047208
v -1.767578 0.509269 -6.055210
v -1.768216 0.515859 -6.015660
v -1.729230 0.512486 -5.992901
v -1.727901 0.503965 -5.995485
v -1.742203 0.511214 -5.995164
v -1.740874 0.502694 -5.997749
v -1.736298 0.507774 -5.981723
v -1.735498 0.499049 -5.983673
v -1.745386 0.509424 -5.993659
v -1.744585 0.500699 -5.995609
v -1.749867 0.502903 -5.969293
v -1.749306 0.496784 -5.970660
v -1.756241 0.504060 -5.977664
v -1.755679 0.497941 -5.979031
v -1.552700 0.163282 -6.074314
v -1.530998 0.164414 -6.053253
v -1.552937 0.162616 -6.051291
v -1.533688 0.165275 -6.077161
v -1.553893 0.162748 -6.062876
v -1.531057 0.164584 -6.065978
v -1.543927 0.164566 -6.079249
v -1.547751 0.118486 -5.979726
v -1.565429 0.118486 -5.983568
v -1.537133 0.118486 -6.084773
v -1.554000 0.118486 -6.087661
v -1.533992 0.118486 -6.031367
v -1.556791 0.118486 -5.979372
v -1.570249 0.118486 -6.038672
v -1.547152 0.118486 -6.089543
v -1.551967 0.118486 -6.034811
v -1.532893 0.118486 -6.003886
v -1.573207 0.118486 -6.012379
v -1.554528 0.118486 -6.005730
v -1.564744 0.118486 -6.067787
v -1.528329 0.118486 -6.061159
v -1.549134 0.118486 -6.066962
v -1.537700 0.118486 -5.991063
v -1.571971 0.118486 -5.998315
v -1.555809 0.118486 -5.991189
v -1.560166 0.118486 -6.082231
v -1.547594 0.118486 -6.083237
v -1.529900 0.118486 -6.076628
v -1.531766 0.118486 -6.045220
v -1.566471 0.118486 -6.051162
v -1.550686 0.118486 -6.049351
v -1.572607 0.118486 -6.025822
v -1.553248 0.118486 -6.020270
v -1.531709 0.118486 -6.017330
v -1.548027 0.133329 -5.980035
v -1.568770 0.133329 -5.984077
v -1.535691 0.133329 -6.087294
v -1.552416 0.132434 -6.087402
v -1.531449 0.133329 -6.031093
v -1.558614 0.133329 -5.979823
v -1.571988 0.133329 -6.038916
v -1.545192 0.133329 -6.090875
v -1.532063 0.133329 -6.001668
v -1.575458 0.133329 -6.010762
v -1.564959 0.133329 -6.070053
v -1.526437 0.133329 -6.063044
v -1.537701 0.133329 -5.987937
v -1.573830 0.133329 -5.995648
v -1.559345 0.131859 -6.079487
v -1.528672 0.133329 -6.079810
v -1.529276 0.133329 -6.045927
v -1.567846 0.133329 -6.052182
v -1.574754 0.133329 -6.025156
v -1.530674 0.133329 -6.016063
v -1.548446 0.139701 -5.981121
v -1.565426 0.139701 -5.983449
v -1.535786 0.142894 -6.085530
v -1.552142 0.143157 -6.085210
v -1.534588 0.142894 -6.029102
v -1.569389 0.142894 -6.035148
v -1.544375 0.142956 -6.088243
v -1.535153 0.142894 -6.004324
v -1.572491 0.142894 -6.011623
v -1.562945 0.142894 -6.066954
v -1.529068 0.143248 -6.063548
v -1.538874 0.142894 -5.991651
v -1.571139 0.142894 -5.997587
v -1.557346 0.142795 -6.077087
v -1.531306 0.143154 -6.075921
v -1.532441 0.142894 -6.039819
v -1.567271 0.142894 -6.045263
v -1.571834 0.142894 -6.025040
v -1.533917 0.142894 -6.017750
v -1.549817 0.148878 -5.987707
v -1.560658 0.148878 -5.990234
v -1.535696 0.152991 -6.083519
v -1.549919 0.153511 -6.083901
v -1.542879 0.150319 -6.030199
v -1.562017 0.152175 -6.032800
v -1.542970 0.153370 -6.084661
v -1.539177 0.150069 -6.009130
v -1.566513 0.152179 -6.012188
v -1.558608 0.155047 -6.066779
v -1.529780 0.153880 -6.062890
v -1.542466 0.151085 -5.996401
v -1.565058 0.151402 -6.000224
v -1.554841 0.153193 -6.076462
v -1.531752 0.153158 -6.074703
v -1.540146 0.153240 -6.040825
v -1.557991 0.156130 -6.040567
v -1.565218 0.151911 -6.023510
v -1.541481 0.150656 -6.019529
v -1.564857 0.118486 -6.059543
v -1.549910 0.118486 -6.058156
v -1.529653 0.118486 -6.053122
v -1.566406 0.133329 -6.061155
v -1.527355 0.133329 -6.054388
v -1.564969 0.142894 -6.056265
v -1.529868 0.142894 -6.050422
v -1.559328 0.156130 -6.055532
v -1.531705 0.156130 -6.050860
v -1.552612 0.160717 -6.076184
v -1.547621 0.159341 -6.083533
v -1.541877 0.160749 -6.082820
v -1.537441 0.161396 -6.080218
v -1.555601 0.158484 -6.053850
v -1.555501 0.160961 -6.065945
v -1.531375 0.159731 -6.074474
v -1.530309 0.160365 -6.062941
v -1.531531 0.158484 -6.050087
v -1.541193 0.158855 -6.044238
v -1.552325 0.158484 -6.047123
v -1.541108 0.163307 -6.045980
v -1.777669 0.497183 -6.047312
v -1.776819 0.496020 -6.009219
v -1.784444 0.509562 -6.029026
v -1.780553 0.493908 -6.024598
v -1.779336 0.502401 -6.006551
v -1.782092 0.510818 -6.044458
v -1.780220 0.503611 -6.052021
v -1.781171 0.509557 -6.014641
v -1.243476 0.497183 -6.047312
v -1.244326 0.496020 -6.009219
v -1.236701 0.509562 -6.029026
v -1.240592 0.493908 -6.024597
v -1.241809 0.502401 -6.006551
v -1.239053 0.510818 -6.044457
v -1.240925 0.503611 -6.052021
v -1.239974 0.509557 -6.014641
v -1.262311 0.500609 -6.025252
v -1.263975 0.510589 -6.005158
v -1.261660 0.520815 -6.047365
v -1.263154 0.512100 -6.055786
v -1.262515 0.519240 -6.014166
v -1.265368 0.504254 -6.050543
v -1.266157 0.502802 -6.008129
v -1.259241 0.519521 -6.030182
v -1.758834 0.500609 -6.025252
v -1.757170 0.510590 -6.005159
v -1.759485 0.520815 -6.047365
v -1.757991 0.512101 -6.055786
v -1.758629 0.519240 -6.014166
v -1.755777 0.504254 -6.050543
v -1.754988 0.502802 -6.008130
v -1.761904 0.519521 -6.030183
v -1.380997 0.507433 -6.052953
v -1.380988 0.500872 -6.030752
v -1.377523 0.541429 -6.050164
v -1.378480 0.538171 -6.021021
v -1.381880 0.505047 -6.015455
v -1.378781 0.523564 -6.056871
v -1.377935 0.542351 -6.035080
v -1.640147 0.507433 -6.052954
v -1.640157 0.500872 -6.030753
v -1.643622 0.541429 -6.050164
v -1.642665 0.538171 -6.021021
v -1.639265 0.505047 -6.015455
v -1.642364 0.523564 -6.056871
v -1.643210 0.542351 -6.035080
v -1.510572 0.394708 -5.976819
v -1.457659 0.396576 -6.022432
v -1.510572 0.403135 -6.074780
v -1.466586 0.395308 -5.990587
v -1.465900 0.400871 -6.057891
v -1.489165 0.402144 -6.067686
v -1.489165 0.394955 -5.981989
v -1.563455 0.396577 -6.022375
v -1.554488 0.395308 -5.990571
v -1.555245 0.400871 -6.057891
v -1.531980 0.402144 -6.067686
v -1.531980 0.394955 -5.981989
v -1.468401 0.463083 -5.995500
v -1.468401 0.467821 -6.061807
v -1.510572 0.462613 -5.981947
v -1.460888 0.464563 -6.027333
v -1.510572 0.468543 -6.074414
v -1.490363 0.462838 -5.988441
v -1.490363 0.468197 -6.068373
v -1.552744 0.463083 -5.995500
v -1.552744 0.467821 -6.061807
v -1.560257 0.464563 -6.027333
v -1.530781 0.462838 -5.988441
v -1.530781 0.468197 -6.068373
v -1.332687 0.503400 -6.014604
v -1.329460 0.520350 -6.052652
v -1.327662 0.536118 -6.032341
v -1.330366 0.517489 -6.012379
v -1.331815 0.505530 -6.048825
v -1.330859 0.499160 -6.028350
v -1.327954 0.536792 -6.046252
v -1.328900 0.533811 -6.019376
v -1.688458 0.503400 -6.014604
v -1.691685 0.520350 -6.052652
v -1.693483 0.536119 -6.032342
v -1.690778 0.517489 -6.012380
v -1.689330 0.505530 -6.048825
v -1.690286 0.499160 -6.028350
v -1.693190 0.536792 -6.046252
v -1.692245 0.533811 -6.019376
v -1.418488 0.524201 -6.016028
v -1.417594 0.527389 -6.057527
v -1.416533 0.544635 -6.053020
v -1.415428 0.546480 -6.036827
v -1.417465 0.542228 -6.022552
v -1.418982 0.504417 -6.032433
v -1.420508 0.507911 -6.014156
v -1.419649 0.510975 -6.054974
v -1.602656 0.524201 -6.016028
v -1.603551 0.527389 -6.057527
v -1.604612 0.544635 -6.053020
v -1.605717 0.546480 -6.036827
v -1.603679 0.542228 -6.022552
v -1.602162 0.504417 -6.032433
v -1.600636 0.507910 -6.014156
v -1.601496 0.510975 -6.054974
v -1.499648 0.260272 -6.055168
v -1.487899 0.253063 -6.014907
v -1.453285 0.260947 -6.030540
v -1.468522 0.255707 -6.016048
v -1.487435 0.262181 -6.070541
v -1.455586 0.262124 -6.054610
v -1.500177 0.255823 -6.032661
v -1.521865 0.260260 -6.055645
v -1.533066 0.253056 -6.015132
v -1.567882 0.260963 -6.029998
v -1.552454 0.255712 -6.015846
v -1.534284 0.262177 -6.070746
v -1.565910 0.262141 -6.054115
v -1.521031 0.255809 -6.033155
vn 0.9618 0.1271 0.2424
vn 0.9998 -0.0172 -0.0026
vn 0.9835 0.1799 0.0176
vn 0.7727 0.6342 0.0258
vn 0.7353 0.6402 0.2224
vn 0.6953 0.4725 0.5416
vn 0.8314 0.0497 0.5534
vn 0.9719 -0.0032 0.2353
vn 0.3350 0.7379 -0.5860
vn 0.7895 0.2294 -0.5692
vn 0.3568 0.3394 -0.8703
vn 0.3873 -0.0166 -0.9218
vn 0.1170 0.3547 -0.9276
vn -0.0000 0.0229 -0.9997
vn -0.0000 0.3567 -0.9342
vn 0.1913 0.7693 -0.6095
vn 0.4358 -0.2224 -0.8721
vn 0.8215 -0.0136 -0.5701
vn 0.7842 -0.2124 -0.5830
vn 0.7448 -0.4510 -0.4919
vn 0.4540 -0.5754 -0.6803
vn 0.2151 -0.6386 -0.7389
vn -0.0000 -0.2390 -0.9710
vn 0.1733 -0.2265 -0.9585
vn 0.1252 0.0120 -0.9921
vn 0.5133 -0.0628 0.8559
vn 0.8261 -0.4385 0.3540
vn 0.8571 -0.0731 0.5100
vn 0.5425 0.0804 0.8362
vn 0.1541 -0.0712 0.9855
vn -0.0000 0.0367 0.9993
vn -0.0000 -0.0843 0.9964
vn 0.2583 -0.6549 0.7102
vn 0.4725 0.1689 0.8650
vn 0.8551 0.0440 0.5167
vn 0.3553 0.6236 0.6964
vn 0.2539 0.2369 0.9378
vn -0.0000 0.6727 0.7399
vn -0.0000 0.2409 0.9705
vn 0.1683 0.0667 0.9835
vn 0.9641 -0.1386 0.2265
vn 0.8426 -0.5355 -0.0565
vn 0.9868 -0.1619 -0.0065
vn 0.8632 -0.4924 0.1113
vn 0.9614 -0.1644 -0.2205
vn 0.9779 -0.0145 -0.2087
vn 0.8015 -0.5268 -0.2829
vn 0.9657 0.1684 -0.1978
vn 0.6411 0.6113 -0.4640
vn 0.7547 0.6370 -0.1569
vn 0.3142 0.9480 0.0511
vn 0.3348 0.9048 0.2630
vn 0.2119 0.9402 0.2666
vn -0.0000 0.9991 0.0430
vn -0.0000 0.9595 0.2817
vn 0.2230 0.6526 0.7241
vn 0.3272 0.9293 -0.1715
vn -0.0000 0.9818 -0.1897
vn 0.1565 0.9707 -0.1822
vn 0.1327 0.9898 0.0513
vn 0.6363 -0.7673 -0.0800
vn 0.6695 -0.6829 0.2921
vn 0.9040 -0.4231 -0.0622
vn 0.4760 -0.7883 -0.3899
vn -0.0000 -0.8525 -0.5227
vn 0.1690 -0.8359 -0.5222
vn 0.4805 -0.8617 0.1631
vn 0.5285 -0.5172 0.6732
vn -0.0000 -0.9815 0.1913
vn 0.2415 -0.9488 0.2037
vn 0.2794 -0.6013 -0.7486
vn 0.6112 0.4851 -0.6254
vn 0.7265 -0.5426 -0.4218
vn -0.0000 -0.8018 0.5976
vn 0.4360 0.2593 0.8618
vn 0.3871 -0.6939 0.6072
vn 0.7015 0.7074 0.0863
vn 0.3036 0.7892 -0.5338
vn -0.0000 0.4493 0.8934
vn 0.2562 0.5390 0.8024
vn 0.6105 0.4923 0.6204
vn 0.4510 0.1553 -0.8789
vn 0.2606 0.7390 0.6213
vn 0.2119 0.9721 0.1009
vn 0.2520 0.4604 -0.8512
vn 0.2000 -0.9798 0.0074
vn 0.2294 -0.6354 -0.7373
vn 0.0830 -0.9951 -0.0535
vn 0.3209 0.0803 -0.9437
vn 0.2632 -0.1236 -0.9568
vn 0.2203 0.1297 -0.9668
vn -0.0000 0.3468 0.9379
vn 0.2963 0.1997 0.9340
vn 0.2914 0.3324 0.8970
vn 0.2596 0.2582 0.9306
vn 0.1899 -0.5119 0.8378
vn 0.1504 0.2616 0.9534
vn 0.2898 0.0651 0.9549
vn -0.0012 -0.1033 0.9947
vn 0.2890 -0.1028 0.9518
vn 0.9929 0.1156 0.0280
vn 0.8093 0.0482 -0.5855
vn 0.7705 0.1317 -0.6236
vn 0.7361 0.0831 0.6718
vn 0.9963 0.0160 0.0843
vn 0.3342 0.0983 -0.9374
vn 0.3465 0.1509 -0.9258
vn 0.7296 -0.1170 -0.6738
vn 0.3096 0.0101 -0.9508
vn 0.2814 -0.1371 -0.9497
vn 0.7338 0.0602 0.6767
vn 0.9983 0.0562 0.0154
vn 0.9996 -0.0266 0.0062
vn 0.7562 0.0120 -0.6543
vn -0.0000 0.1100 0.9939
vn 0.3069 0.0953 0.9470
vn 0.3033 0.1034 0.9473
vn 0.2051 0.9751 0.0842
vn 0.1846 0.7032 0.6866
vn 0.1613 0.9838 0.0777
vn 0.3844 0.0163 -0.9230
vn 0.5203 -0.5679 -0.6378
vn -0.4962 -0.2268 0.8381
vn 0.4369 -0.2182 0.8726
vn 0.4872 -0.2009 0.8498
vn 0.7435 -0.2019 0.6376
vn 0.7074 -0.3135 0.6335
vn 0.9087 -0.0108 -0.4172
vn -0.0000 0.1577 -0.9875
vn -0.0000 0.2825 -0.9593
vn 0.3047 0.3014 0.9035
vn 0.7179 0.0848 0.6910
vn -0.0000 0.0176 -0.9998
vn -0.0000 -0.1330 -0.9911
vn -0.0000 0.0079 -1.0000
vn -0.0000 0.1729 -0.9849
vn 0.6832 0.0964 0.7239
vn -0.0000 -0.1059 -0.9944
vn -0.0000 -0.0032 -1.0000
vn -0.0000 -0.4741 -0.8805
vn 0.1638 -0.4667 0.8691
vn 0.3276 -0.0133 -0.9447
vn 0.0017 -0.9662 0.2577
vn -0.6447 -0.7500 -0.1482
vn -0.5938 -0.6580 0.4631
vn -0.0020 -0.1523 -0.9883
vn -0.0043 -0.7723 -0.6353
vn -0.1887 -0.4311 -0.8823
vn -0.9407 0.0600 -0.3339
vn -0.9536 -0.1740 0.2455
vn -0.9502 -0.1753 0.2576
vn -0.9466 -0.1156 -0.3009
vn -0.9407 -0.1986 0.2750
vn -0.9538 -0.0995 0.2835
vn 0.9127 0.0474 -0.4058
vn 0.9360 -0.0693 0.3450
vn 0.9365 0.0694 -0.3438
vn -0.4864 -0.1376 -0.8629
vn 0.4327 0.1660 -0.8861
vn -0.5061 0.0812 -0.8586
vn 0.9199 0.1175 -0.3742
vn 0.9347 -0.2054 0.2901
vn 0.9227 -0.0839 -0.3764
vn 0.9189 0.1743 -0.3539
vn 0.9423 -0.1292 0.3087
vn -0.4417 0.2421 -0.8639
vn -0.4717 0.3115 -0.8249
vn 0.3835 0.2612 -0.8859
vn -0.4080 -0.3651 0.8368
vn 0.4273 -0.3397 0.8378
vn 0.4331 -0.3095 0.8465
vn -0.4053 -0.2955 0.8651
vn -0.9162 -0.0285 0.3996
vn -0.1287 0.0704 0.9892
vn -0.4716 0.0346 -0.8811
vn 0.4456 -0.2999 0.8435
vn -0.9367 0.0509 -0.3463
vn -0.9488 -0.1524 0.2766
vn 0.4298 -0.0259 -0.9026
vn 0.9547 -0.0207 0.2968
vn -0.9312 -0.0298 -0.3634
vn -0.9949 0.0193 -0.0987
vn 0.9421 -0.0887 0.3235
vn -0.9406 -0.0445 -0.3366
vn 0.1307 0.3180 -0.9390
vn -0.7168 0.0361 -0.6963
vn -0.4207 -0.3812 0.8232
vn 0.8409 0.1257 0.5264
vn 0.9834 0.1800 0.0218
vn 0.3198 0.0085 -0.9475
vn -0.3861 -0.3089 0.8692
vn -0.0038 -0.6446 0.7645
vn -0.0531 -0.9976 -0.0451
vn -0.0583 -0.6684 0.7415
vn 0.0601 -0.5861 0.8080
vn 0.0574 0.2093 0.9762
vn 0.0454 0.7357 0.6758
vn 0.1261 0.7088 0.6940
vn 0.0195 0.0540 -0.9983
vn 0.1015 0.7796 -0.6180
vn 0.0224 0.0554 -0.9982
vn 0.1506 0.9838 0.0973
vn 0.1329 0.7325 -0.6677
vn 0.2690 0.7012 -0.6603
vn 0.2278 0.0201 -0.9735
vn 0.2368 0.7220 0.6501
vn 0.3294 0.7159 -0.6156
vn 0.6114 -0.1404 0.7788
vn 0.1577 0.9806 0.1162
vn 0.2473 0.8782 -0.4094
vn 0.1734 0.8180 -0.5484
vn 0.0240 -0.9997 -0.0039
vn 0.0304 -0.7789 -0.6264
vn 0.2014 -0.9792 -0.0234
vn 0.0526 0.1166 0.9918
vn 0.0368 -0.7610 0.6477
vn -0.3841 0.2488 0.8892
vn 0.1204 0.0419 -0.9918
vn 0.0786 -0.6931 -0.7166
vn 0.0918 0.9894 0.1126
vn -0.0373 -0.6815 -0.7309
vn -0.0178 -0.6544 -0.7560
vn -0.0466 0.1564 0.9866
vn -0.0893 -0.9952 -0.0407
vn -0.0304 0.8456 0.5330
vn 0.1966 0.8437 0.4995
vn -0.1654 0.1215 -0.9787
vn 0.0637 0.8554 -0.5140
vn -0.1831 0.1024 -0.9778
vn 0.2763 0.9584 0.0712
vn 0.0852 -0.9963 0.0132
vn 0.1161 0.7668 0.6313
vn 0.0310 -0.6556 0.7545
vn 0.3156 0.9420 0.1142
vn -0.0439 0.7466 0.6639
vn 0.0877 0.9892 0.1179
vn 0.0332 0.9924 0.1182
vn -0.1597 -0.6415 0.7503
vn -0.0444 -0.9990 0.0100
vn -0.0590 -0.6439 0.7628
vn 0.0234 0.7397 0.6726
vn -0.0299 0.1219 0.9921
vn 0.0671 0.8000 -0.5962
vn 0.0830 0.0489 -0.9953
vn 0.0496 0.0576 -0.9971
vn 0.0166 -0.6976 -0.7163
vn -0.0421 -0.6899 -0.7227
vn -0.1277 -0.9917 -0.0146
vn 0.1080 0.8005 -0.5896
vn 0.7667 -0.6415 0.0258
vn 0.5827 -0.2192 -0.7826
vn 0.2077 0.8841 0.4186
vn 0.2387 0.9696 0.0540
vn 0.1659 -0.9130 0.3728
vn -0.6303 -0.6451 0.4320
vn -0.5804 0.5525 0.5982
vn 0.0965 0.1138 -0.9888
vn -0.2187 -0.7332 -0.6439
vn 0.4763 0.8014 -0.3617
vn 0.6250 -0.1842 -0.7586
vn 0.2542 0.0132 -0.9671
vn 0.4431 0.8950 0.0515
vn 0.8329 0.4703 -0.2918
vn -0.3598 -0.9327 -0.0248
vn 0.2562 -0.8849 -0.3890
vn 0.4364 -0.8991 0.0344
vn 0.0599 0.2255 0.9724
vn 0.1514 -0.8198 0.5522
vn 0.5596 -0.0319 0.8282
vn -0.1037 -0.8390 -0.5341
vn 0.5647 0.8014 0.1971
vn 0.2926 -0.8572 -0.4237
vn -0.1647 -0.9863 -0.0107
vn 0.2204 0.9070 -0.3588
vn 0.9470 -0.3213 -0.0042
vn 0.7759 0.5058 0.3770
vn 0.9315 0.3613 0.0412
vn 0.3729 0.8334 0.4080
vn -0.3207 -0.7493 0.5794
vn -0.2171 -0.8396 -0.4980
vn -0.1765 -0.8313 -0.5271
vn 0.1785 0.0738 -0.9812
vn -0.1796 -0.8211 -0.5418
vn 0.3386 0.9393 0.0545
vn 0.3661 0.8473 0.3848
vn 0.3962 0.9168 0.0505
vn -0.2022 -0.9792 -0.0166
vn -0.1887 -0.7947 0.5769
vn -0.0662 -0.8015 0.5943
vn 0.3577 0.8418 0.4043
vn 0.1669 0.2231 0.9604
vn 0.2438 0.1660 0.9555
vn -0.2911 -0.9563 -0.0282
vn 0.3908 0.8357 -0.3858
vn 0.3207 0.8676 -0.3800
vn 0.0871 0.0800 -0.9930
vn -0.7542 -0.6394 0.1496
vn -0.4781 0.5941 0.6469
vn -0.5534 0.6648 0.5018
vn 0.3741 0.3771 0.8472
vn -0.6145 -0.7323 0.2936
vn 0.7694 -0.6322 -0.0917
vn 0.0273 -0.7127 0.7010
vn 0.6610 0.6530 -0.3698
vn 0.3966 -0.6097 -0.6863
vn 0.8632 0.4841 0.1431
vn 0.1206 0.3602 0.9250
vn 0.8445 0.0717 -0.5308
vn -0.0000 -1.0000 -0.0000
vn 0.4011 -0.6204 -0.6739
vn 0.6671 -0.5887 -0.4565
vn -0.4005 -0.7298 -0.5540
vn -0.6564 -0.7044 -0.2703
vn -0.6029 -0.7978 0.0005
vn -0.6993 -0.7148 -0.0101
vn 0.6693 -0.7386 -0.0807
vn 0.6612 -0.7323 0.1632
vn -0.6081 -0.7095 0.3561
vn -0.6868 -0.7265 0.0218
vn -0.6524 -0.7451 0.1385
vn 0.6429 -0.7632 -0.0657
vn -0.3010 -0.6350 0.7115
vn 0.1434 -0.6554 0.7416
vn 0.5000 -0.6794 0.5371
vn 0.7078 -0.6888 -0.1565
vn 0.6355 -0.7554 -0.1593
vn 0.6582 -0.7357 -0.1597
vn -0.6237 -0.7709 0.1291
vn 0.6669 -0.7451 0.0107
vn -0.6885 -0.7097 0.1496
vn 0.1897 0.1385 0.9720
vn 0.8230 0.1446 -0.5493
vn -0.9802 0.0198 0.1969
vn 0.9672 0.0962 -0.2350
vn 0.9888 0.0821 -0.1250
vn 0.9857 0.0752 -0.1510
vn -0.9648 0.1217 0.2332
vn -0.9874 0.0443 0.1521
vn -0.9971 0.0740 -0.0182
vn -0.9961 0.0740 0.0482
vn -0.8853 0.3723 0.2786
vn -0.8697 0.4935 -0.0133
vn -0.9913 0.1287 0.0259
vn -0.7518 0.4446 0.4870
vn -0.7979 0.1074 0.5931
vn 0.9581 0.0789 0.2752
vn 0.5036 0.4584 0.7323
vn 0.7414 0.0879 0.6653
vn 0.8546 0.4819 -0.1936
vn 0.8285 0.2552 -0.4985
vn 0.9271 0.1142 -0.3569
vn 0.0143 0.2481 -0.9686
vn 0.5791 0.1191 -0.8065
vn 0.0329 0.0818 -0.9961
vn -0.2654 0.4104 0.8724
vn -0.3296 0.1034 0.9384
vn -0.9050 0.0638 -0.4205
vn -0.5980 0.2128 -0.7727
vn -0.5439 -0.0094 -0.8391
vn -0.8828 0.4413 0.1610
vn -0.9859 0.1574 -0.0561
vn 0.9968 0.0748 0.0293
vn 0.8391 0.4767 0.2621
vn 0.6182 0.2184 -0.7551
vn 0.8966 0.4106 -0.1660
vn 0.9726 0.0604 -0.2244
vn 0.9379 0.3006 -0.1731
vn 0.9001 0.4353 0.0196
vn -0.9375 0.2044 -0.2817
vn -0.9732 0.1576 0.1675
vn -0.9971 0.0757 -0.0099
vn 0.4300 0.8791 0.2056
vn 0.8432 0.2619 -0.4695
vn 0.4393 0.8982 0.0169
vn 0.7820 0.6233 0.0061
vn -0.0677 0.2374 -0.9691
vn 0.4399 0.8941 -0.0835
vn 0.8845 0.4482 -0.1296
vn -0.9386 0.0746 -0.3369
vn -0.3999 0.9066 0.1349
vn -0.8373 0.5455 0.0377
vn -0.4022 0.9142 -0.0487
vn -0.4372 0.8628 0.2538
vn 0.3019 0.8066 0.5082
vn 0.9076 0.2944 -0.2993
vn 0.5357 0.2624 -0.8026
vn -0.1284 0.7848 0.6063
vn -0.6178 0.2383 -0.7493
vn -0.5326 0.8457 0.0338
vn -0.4846 0.4028 -0.7765
vn 0.7574 0.4070 -0.5106
vn -0.9060 0.0664 -0.4180
vn 0.3611 0.4534 -0.8149
vn -0.9120 0.0805 0.4023
vn -0.1569 0.4300 0.8891
vn -0.8036 -0.0095 0.5951
vn 0.8889 0.3911 -0.2384
vn 0.8118 0.5776 -0.0860
vn -0.1693 0.5089 -0.8440
vn 0.6976 0.7012 0.1475
vn -0.4317 0.6972 0.5722
vn 0.2772 0.8119 0.5138
vn 0.4732 0.8808 0.0188
vn 0.3825 0.8935 0.2352
vn -0.9951 0.0984 0.0003
vn -0.0221 -0.6573 -0.7533
vn -0.9618 0.1271 0.2424
vn -0.9998 -0.0172 -0.0026
vn -0.9719 -0.0032 0.2352
vn -0.7727 0.6342 0.0258
vn -0.9835 0.1799 0.0176
vn -0.6953 0.4725 0.5416
vn -0.7353 0.6402 0.2224
vn -0.8314 0.0497 0.5534
vn -0.7895 0.2294 -0.5692
vn -0.3350 0.7379 -0.5860
vn -0.3568 0.3394 -0.8703
vn -0.3873 -0.0166 -0.9218
vn -0.1170 0.3547 -0.9276
vn -0.1252 0.0120 -0.9921
vn -0.1913 0.7693 -0.6095
vn -0.4358 -0.2224 -0.8721
vn -0.8215 -0.0137 -0.5701
vn -0.7448 -0.4510 -0.4919
vn -0.7842 -0.2124 -0.5830
vn -0.2151 -0.6386 -0.7389
vn -0.1733 -0.2265 -0.9585
vn -0.5133 -0.0628 0.8559
vn -0.8261 -0.4385 0.3540
vn -0.5285 -0.5172 0.6732
vn -0.5425 0.0804 0.8362
vn -0.8571 -0.0731 0.5100
vn -0.1541 -0.0712 0.9855
vn -0.1683 0.0667 0.9835
vn -0.2583 -0.6549 0.7102
vn -0.4725 0.1689 0.8650
vn -0.8551 0.0440 0.5167
vn -0.2539 0.2369 0.9378
vn -0.2230 0.6526 0.7241
vn -0.9641 -0.1386 0.2265
vn -0.8426 -0.5355 -0.0565
vn -0.8632 -0.4924 0.1113
vn -0.9868 -0.1619 -0.0065
vn -0.9614 -0.1644 -0.2205
vn -0.8015 -0.5268 -0.2829
vn -0.9779 -0.0145 -0.2087
vn -0.9657 0.1684 -0.1978
vn -0.6411 0.6113 -0.4640
vn -0.7547 0.6370 -0.1569
vn -0.3142 0.9480 0.0511
vn -0.3348 0.9048 0.2630
vn -0.2119 0.9402 0.2666
vn -0.1327 0.9898 0.0513
vn -0.3553 0.6236 0.6964
vn -0.3272 0.9293 -0.1715
vn -0.1565 0.9707 -0.1823
vn -0.6363 -0.7673 -0.0800
vn -0.6695 -0.6829 0.2921
vn -0.4805 -0.8617 0.1631
vn -0.4760 -0.7883 -0.3899
vn -0.4540 -0.5754 -0.6803
vn -0.1690 -0.8359 -0.5222
vn -0.2415 -0.9488 0.2037
vn -0.2794 -0.6013 -0.7486
vn -0.6112 0.4851 -0.6254
vn -0.9040 -0.4231 -0.0622
vn -0.7265 -0.5426 -0.4218
vn -0.4360 0.2593 0.8618
vn -0.3871 -0.6939 0.6072
vn -0.3036 0.7892 -0.5338
vn -0.7015 0.7074 0.0863
vn -0.0000 0.1858 0.9826
vn -0.6105 0.4923 0.6204
vn -0.4511 0.1553 -0.8789
vn -0.2606 0.7390 0.6213
vn -0.2520 0.4604 -0.8512
vn -0.2000 -0.9798 0.0074
vn -0.2294 -0.6354 -0.7373
vn -0.5203 -0.5679 -0.6378
vn -0.2632 -0.1236 -0.9568
vn -0.3209 0.0803 -0.9437
vn -0.2203 0.1297 -0.9668
vn -0.2963 0.1997 0.9340
vn -0.2914 0.3324 0.8970
vn -0.2596 0.2582 0.9306
vn -0.1899 -0.5119 0.8378
vn -0.6114 -0.1404 0.7788
vn -0.2900 0.0650 0.9548
vn -0.0000 0.0345 0.9994
vn -0.8099 0.0494 -0.5845
vn -0.9930 0.1148 0.0292
vn -0.7708 0.1316 -0.6233
vn -0.9961 0.0152 0.0872
vn -0.7357 0.0821 0.6723
vn -0.3337 0.0988 -0.9375
vn -0.3465 0.1509 -0.9258
vn -0.3096 0.0101 -0.9508
vn -0.7296 -0.1170 -0.6738
vn -0.2814 -0.1371 -0.9497
vn -0.9983 0.0558 0.0155
vn -0.7338 0.0602 0.6767
vn -0.9996 -0.0266 0.0062
vn -0.7562 0.0120 -0.6543
vn -0.3069 0.0953 0.9470
vn -0.3033 0.1034 0.9473
vn -0.2051 0.9751 0.0842
vn -0.1846 0.7033 0.6866
vn -0.2368 0.7220 0.6501
vn -0.2562 0.5390 0.8024
vn -0.3844 0.0163 -0.9230
vn -0.4197 -0.2187 0.8809
vn 0.5111 -0.2270 0.8290
vn -0.4713 -0.2030 0.8583
vn -0.7025 -0.3157 0.6379
vn -0.7422 -0.2057 0.6378
vn -0.9118 -0.0098 -0.4105
vn -0.7180 0.0844 0.6909
vn -0.2896 -0.1082 0.9510
vn -0.6832 0.0964 0.7239
vn -0.3047 0.3013 0.9035
vn -0.1646 -0.4696 0.8674
vn -0.3314 -0.0148 -0.9434
vn 0.6445 -0.7491 -0.1530
vn -0.0006 -0.9982 -0.0606
vn 0.1850 -0.4333 -0.8820
vn 0.9572 -0.1740 0.2314
vn 0.9355 0.0599 -0.3481
vn 0.9539 -0.1753 0.2436
vn 0.9447 -0.1986 0.2611
vn 0.9419 -0.1130 -0.3164
vn 0.9579 -0.1016 0.2687
vn -0.9185 0.0499 -0.3922
vn -0.9305 -0.0693 0.3597
vn -0.9502 -0.0205 0.3110
vn 0.4702 -0.1302 -0.8729
vn -0.4499 0.1657 -0.8776
vn -0.4449 -0.0207 -0.8953
vn -0.9255 0.1175 -0.3600
vn -0.9301 -0.2053 0.3046
vn -0.9374 -0.1294 0.3233
vn -0.9242 0.1742 -0.3399
vn -0.9369 -0.0889 0.3381
vn 0.4557 0.3122 -0.8336
vn 0.4251 0.2423 -0.8721
vn -0.4005 0.2608 -0.8784
vn -0.4107 -0.3404 0.8458
vn 0.4238 -0.3645 0.8291
vn -0.4164 -0.3102 0.8546
vn 0.4221 -0.2950 0.8572
vn 0.9200 -0.0342 0.3904
vn 0.9528 -0.1529 0.2622
vn 0.4545 0.0339 -0.8901
vn 0.4363 -0.3804 0.8154
vn 0.9313 0.0508 -0.3606
vn 0.5958 -0.6590 0.4591
vn -0.4290 -0.3006 0.8518
vn 0.9254 -0.0308 -0.3778
vn 0.9944 0.0169 -0.1044
vn 0.4893 0.0815 -0.8683
vn -0.1404 0.3190 -0.9373
vn -0.3379 0.0087 -0.9411
vn -0.8346 0.1358 0.5339
vn -0.9285 -0.0832 -0.3619
vn -0.9415 0.0697 -0.3296
vn 0.4026 -0.3086 0.8618
vn 0.0583 -0.6684 0.7415
vn 0.0531 -0.9976 -0.0451
vn -0.0601 -0.5861 0.8080
vn -0.0454 0.7357 0.6758
vn -0.0574 0.2093 0.9762
vn -0.1261 0.7088 0.6940
vn -0.0195 0.0540 -0.9983
vn -0.1015 0.7796 -0.6181
vn -0.1329 0.7325 -0.6677
vn -0.1506 0.9838 0.0973
vn -0.2690 0.7011 -0.6603
vn -0.3294 0.7159 -0.6156
vn -0.2472 0.8782 -0.4094
vn -0.1577 0.9806 0.1162
vn -0.1734 0.8180 -0.5484
vn -0.0240 -0.9997 -0.0039
vn -0.0304 -0.7789 -0.6264
vn -0.0786 -0.6931 -0.7166
vn -0.0526 0.1166 0.9918
vn -0.0368 -0.7610 0.6477
vn -0.0310 -0.6556 0.7545
vn -0.1204 0.0419 -0.9918
vn 0.0373 -0.6815 -0.7309
vn 0.0178 -0.6544 -0.7560
vn 0.0304 0.8456 0.5330
vn 0.3841 0.2487 0.8892
vn -0.1966 0.8437 0.4995
vn 0.1655 0.1215 -0.9787
vn -0.0637 0.8554 -0.5140
vn -0.2763 0.9584 0.0712
vn -0.3156 0.9420 0.1142
vn -0.0852 -0.9963 0.0132
vn -0.2014 -0.9792 -0.0234
vn -0.1160 0.7668 0.6313
vn -0.0877 0.9892 0.1178
vn 0.0439 0.7466 0.6639
vn -0.0332 0.9924 0.1182
vn 0.1597 -0.6415 0.7503
vn 0.0444 -0.9990 0.0100
vn 0.1276 -0.9917 -0.0146
vn -0.0234 0.7397 0.6726
vn 0.0299 0.1219 0.9921
vn -0.0830 0.0489 -0.9953
vn -0.0671 0.8000 -0.5962
vn -0.0497 0.0575 -0.9971
vn -0.0166 -0.6976 -0.7163
vn 0.0421 -0.6899 -0.7227
vn 0.0590 -0.6439 0.7628
vn -0.1080 0.8005 -0.5896
vn -0.7667 -0.6415 0.0258
vn -0.2119 0.9721 0.1009
vn -0.5827 -0.2192 -0.7826
vn -0.2077 0.8841 0.4186
vn -0.1658 -0.9130 0.3728
vn 0.6303 -0.6451 0.4320
vn 0.5804 0.5525 0.5982
vn -0.0965 0.1138 -0.9888
vn 0.1831 0.1023 -0.9778
vn 0.2187 -0.7333 -0.6438
vn -0.6250 -0.1842 -0.7586
vn -0.4763 0.8014 -0.3617
vn -0.2542 0.0132 -0.9671
vn -0.8329 0.4703 -0.2919
vn -0.4431 0.8950 0.0515
vn 0.3598 -0.9327 -0.0248
vn -0.2563 -0.8849 -0.3890
vn 0.2171 -0.8396 -0.4980
vn -0.0598 0.2255 0.9724
vn -0.1514 -0.8198 0.5522
vn 0.3207 -0.7493 0.5794
vn 0.1037 -0.8390 -0.5342
vn -0.5647 0.8014 0.1971
vn -0.3741 0.3771 0.8472
vn -0.2204 0.9070 -0.3588
vn -0.4364 -0.8991 0.0344
vn -0.5596 -0.0319 0.8281
vn -0.9470 -0.3213 -0.0042
vn -0.9315 0.3613 0.0412
vn -0.7759 0.5058 0.3770
vn -0.3729 0.8334 0.4080
vn 0.1765 -0.8313 -0.5271
vn -0.1785 0.0738 -0.9812
vn -0.0871 0.0800 -0.9930
vn -0.3386 0.9393 0.0545
vn -0.3661 0.8473 0.3848
vn -0.3577 0.8418 0.4043
vn 0.1887 -0.7947 0.5769
vn 0.2022 -0.9792 -0.0166
vn 0.0662 -0.8015 0.5943
vn -0.1669 0.2231 0.9604
vn -0.2438 0.1660 0.9555
vn 0.1796 -0.8211 -0.5418
vn -0.3908 0.8358 -0.3857
vn -0.3207 0.8676 -0.3800
vn 0.4781 0.5941 0.6469
vn 0.7542 -0.6393 0.1496
vn 0.5534 0.6648 0.5018
vn -0.2926 -0.8573 -0.4236
vn 0.6145 -0.7322 0.2936
vn -0.7694 -0.6321 -0.0917
vn -0.3966 -0.6097 -0.6862
vn -0.6610 0.6530 -0.3698
vn -0.8632 0.4842 0.1430
vn -0.0273 -0.7126 0.7010
vn -0.1207 0.3602 0.9250
vn -0.8498 0.0777 -0.5214
vn -0.9821 0.1865 0.0281
vn 0.7104 0.0348 -0.7029
vn 0.1395 0.0724 0.9876
vn -0.4011 -0.6204 -0.6739
vn 0.0221 -0.6574 -0.7532
vn 0.4005 -0.7298 -0.5540
vn 0.6564 -0.7044 -0.2703
vn 0.6029 -0.7978 0.0005
vn 0.6993 -0.7148 -0.0101
vn -0.6693 -0.7386 -0.0807
vn -0.6612 -0.7322 0.1632
vn 0.6081 -0.7095 0.3560
vn 0.6884 -0.7097 0.1496
vn 0.6868 -0.7265 0.0218
vn 0.6524 -0.7451 0.1385
vn -0.6429 -0.7631 -0.0657
vn 0.3010 -0.6350 0.7115
vn -0.5000 -0.6794 0.5371
vn -0.1434 -0.6554 0.7415
vn -0.6671 -0.5887 -0.4565
vn -0.6356 -0.7554 -0.1593
vn 0.6237 -0.7709 0.1291
vn -0.6669 -0.7451 0.0107
vn -0.1897 0.1385 0.9720
vn -0.7414 0.0880 0.6653
vn -0.8230 0.1446 -0.5493
vn -0.5791 0.1191 -0.8065
vn 0.9802 0.0198 0.1969
vn -0.9672 0.0962 -0.2350
vn -0.6582 -0.7357 -0.1597
vn -0.9888 0.0821 -0.1250
vn -0.7078 -0.6888 -0.1565
vn -0.9857 0.0753 -0.1510
vn -0.9272 0.1142 -0.3568
vn 0.9648 0.1217 0.2332
vn 0.7980 0.1073 0.5931
vn 0.9874 0.0443 0.1520
vn 0.9971 0.0740 -0.0182
vn 0.9961 0.0740 0.0482
vn 0.8854 0.3722 0.2786
vn 0.8373 0.5454 0.0377
vn 0.8697 0.4934 -0.0133
vn 0.9913 0.1287 0.0259
vn 0.7518 0.4445 0.4870
vn -0.9581 0.0789 0.2752
vn -0.5036 0.4585 0.7322
vn -0.8391 0.4767 0.2621
vn -0.8546 0.4819 -0.1936
vn -0.8285 0.2553 -0.4985
vn -0.0143 0.2481 -0.9686
vn -0.0329 0.0819 -0.9961
vn 0.2654 0.4104 0.8724
vn 0.3296 0.1034 0.9384
vn 0.9050 0.0638 -0.4205
vn 0.5980 0.2127 -0.7727
vn 0.9375 0.2044 -0.2817
vn 0.8828 0.4412 0.1609
vn 0.9859 0.1574 -0.0561
vn 0.9732 0.1575 0.1675
vn -0.9968 0.0749 0.0293
vn -0.9001 0.4353 0.0196
vn -0.6182 0.2184 -0.7551
vn -0.8966 0.4106 -0.1660
vn -0.9726 0.0604 -0.2243
vn -0.9379 0.3006 -0.1731
vn 0.5439 -0.0094 -0.8391
vn -0.8845 0.4482 -0.1295
vn 0.9971 0.0757 -0.0099
vn 0.9120 0.0804 0.4023
vn -0.4300 0.8791 0.2056
vn -0.4732 0.8808 0.0188
vn -0.8432 0.2619 -0.4694
vn -0.5357 0.2624 -0.8026
vn -0.4393 0.8982 0.0169
vn -0.3825 0.8935 0.2352
vn -0.7820 0.6233 0.0061
vn 0.0677 0.2374 -0.9690
vn 0.6179 0.2383 -0.7493
vn -0.4399 0.8941 -0.0835
vn 0.9386 0.0746 -0.3369
vn 0.3999 0.9066 0.1349
vn 0.4023 0.9142 -0.0487
vn 0.4372 0.8628 0.2538
vn -0.3019 0.8066 0.5082
vn -0.9076 0.2944 -0.2993
vn 0.1285 0.7848 0.6063
vn 0.5326 0.8457 0.0338
vn 0.4830 0.4016 -0.7781
vn -0.7557 0.4130 -0.5083
vn 0.9059 0.0678 -0.4181
vn -0.3608 0.4531 -0.8152
vn 0.1534 0.4329 0.8883
vn 0.4317 0.6972 0.5723
vn -0.8890 0.3911 -0.2383
vn 0.1690 0.5110 -0.8428
vn -0.8089 0.5819 -0.0842
vn -0.2759 0.8136 0.5119
vn -0.6915 0.7072 0.1474
vn 0.9954 0.0955 -0.0014
vn 0.8030 -0.0085 0.5959
vn -0.3963 0.9167 0.0505
vn 0.2911 -0.9563 -0.0282
vn -0.2387 0.9696 0.0540
vn 0.1647 -0.9863 -0.0107
vn -0.0918 0.9894 0.1126
vn 0.0893 -0.9952 -0.0407
vn 0.0466 0.1564 0.9866
vn -0.0224 0.0554 -0.9982
vn -0.0000 0.0894 0.9960
vn -0.0000 0.2005 0.9797
vn -0.0830 -0.9951 -0.0535
vn -0.1504 0.2616 0.9534
vn -0.2278 0.0201 -0.9735
vn -0.1613 0.9838 0.0777
vn 0.9354 -0.0448 -0.3509
vn -0.0000 0.7862 -0.6179
vn -0.0000 -0.6480 -0.7616
vn -0.0000 -0.6327 0.7744
vt 0.424701 0.840048
vt 0.461737 0.792426
vt 0.464884 0.838834
vt 0.468357 0.881332
vt 0.416097 0.891155
vt 0.382303 0.875623
vt 0.388845 0.838885
vt 0.423209 0.793785
vt 0.567369 0.879717
vt 0.547922 0.837220
vt 0.579037 0.844668
vt 0.582610 0.796170
vt 0.598269 0.849956
vt 0.621565 0.796099
vt 0.617431 0.855287
vt 0.583674 0.890608
vt 0.580062 0.754791
vt 0.549707 0.794263
vt 0.546804 0.757119
vt 0.544177 0.724490
vt 0.573455 0.711359
vt 0.595019 0.704367
vt 0.620532 0.750242
vt 0.598626 0.752337
vt 0.602276 0.796592
vt 0.349273 0.747190
vt 0.370455 0.709217
vt 0.379997 0.749138
vt 0.352581 0.794437
vt 0.329588 0.744940
vt 0.315002 0.794084
vt 0.314985 0.741795
vt 0.329344 0.703695
vt 0.354491 0.840733
vt 0.386734 0.795098
vt 0.357743 0.880856
vt 0.332172 0.842510
vt 0.315019 0.885796
vt 0.315031 0.842108
vt 0.331063 0.794428
vt 0.414559 0.747483
vt 0.448949 0.694770
vt 0.456853 0.745548
vt 0.399518 0.701783
vt 0.505141 0.748829
vt 0.507142 0.792801
vt 0.508784 0.706093
vt 0.508074 0.837122
vt 0.544300 0.865660
vt 0.514661 0.872259
vt 0.478349 0.922822
vt 0.419137 0.937326
vt 0.424097 0.965195
vt 0.495723 0.973192
vt 0.428443 0.990876
vt 0.314782 0.941388
vt 0.333959 0.884940
vt 0.345577 0.936058
vt 0.375705 0.922558
vt 0.532102 0.902649
vt 0.559814 0.940878
vt 0.545515 0.922196
vt 0.486594 0.948330
vt 0.436532 0.655316
vt 0.382595 0.577465
vt 0.445393 0.577416
vt 0.535122 0.656711
vt 0.607811 0.622342
vt 0.561397 0.634699
vt 0.362648 0.645806
vt 0.347330 0.708825
vt 0.314578 0.640560
vt 0.339216 0.643866
vt 0.559529 0.577420
vt 0.509270 0.534980
vt 0.510735 0.577421
vt 0.314959 0.577465
vt 0.343869 0.535021
vt 0.347826 0.577463
vt 0.332242 0.271386
vt 0.357633 0.299914
vt 0.327559 0.284656
vt 0.321315 0.250312
vt 0.314171 0.231740
vt 0.334433 0.243039
vt 0.382847 0.535032
vt 0.444090 0.534948
vt 0.558656 0.534925
vt 0.351430 0.248123
vt 0.359600 0.274896
vt 0.333829 0.303559
vt 0.319754 0.286217
vt 0.418691 0.370972
vt 0.418603 0.335552
vt 0.431990 0.354981
vt 0.366602 0.325961
vt 0.343676 0.358303
vt 0.338145 0.328760
vt 0.314003 0.207365
vt 0.345144 0.178504
vt 0.335864 0.210609
vt 0.387039 0.219621
vt 0.422363 0.207716
vt 0.418946 0.229929
vt 0.345500 0.054288
vt 0.315528 0.018181
vt 0.347504 0.018238
vt 0.415450 0.479198
vt 0.378862 0.512649
vt 0.376599 0.479159
vt 0.379180 0.054356
vt 0.421058 0.018359
vt 0.417869 0.054390
vt 0.345824 0.512586
vt 0.344804 0.479148
vt 0.376072 0.404566
vt 0.343784 0.441555
vt 0.343730 0.404567
vt 0.377222 0.128952
vt 0.414680 0.091883
vt 0.416751 0.128948
vt 0.414734 0.404572
vt 0.374336 0.441555
vt 0.314426 0.128944
vt 0.343495 0.091877
vt 0.344319 0.128948
vt 0.377580 0.274898
vt 0.414096 0.254865
vt 0.413016 0.274926
vt 0.383845 0.322909
vt 0.389352 0.351632
vt 0.764725 0.156147
vt 0.785862 0.122612
vt 0.785443 0.156150
vt 0.799682 0.217712
vt 0.787967 0.231864
vt 0.787944 0.209717
vt 0.806383 0.217712
vt 0.817931 0.209717
vt 0.817908 0.231864
vt 0.313716 0.329378
vt 0.313408 0.304910
vt 0.371733 0.216071
vt 0.374628 0.091879
vt 0.314870 0.441555
vt 0.314416 0.404567
vt 0.315731 0.512570
vt 0.315301 0.479147
vt 0.383732 0.018359
vt 0.379817 0.180762
vt 0.313963 0.358401
vt 0.313509 0.286997
vt 0.606192 0.534877
vt 0.603163 0.577407
vt 0.325529 0.253434
vt 0.745241 0.200706
vt 0.748033 0.232049
vt 0.860635 0.200706
vt 0.857842 0.232049
vt 0.709972 0.232115
vt 0.709972 0.171386
vt 0.711885 0.163092
vt 0.722930 0.172839
vt 0.895904 0.200711
vt 0.895904 0.232115
vt 0.893990 0.163092
vt 0.895904 0.171386
vt 0.882945 0.172839
vt 0.728058 0.108499
vt 0.746362 0.095822
vt 0.746436 0.108499
vt 0.722900 0.156121
vt 0.746509 0.122612
vt 0.742320 0.156136
vt 0.820432 0.156150
vt 0.806948 0.122612
vt 0.820014 0.122612
vt 0.863555 0.156136
vt 0.840811 0.122612
vt 0.859366 0.122612
vt 0.820810 0.095822
vt 0.807180 0.054984
vt 0.822926 0.054984
vt 0.820412 0.108499
vt 0.806988 0.095820
vt 0.859513 0.095822
vt 0.859440 0.108499
vt 0.840859 0.095821
vt 0.765055 0.108499
vt 0.785065 0.095822
vt 0.785464 0.108499
vt 0.765027 0.054984
vt 0.749674 0.016269
vt 0.765051 0.016269
vt 0.856880 0.054984
vt 0.782949 0.054984
vt 0.727994 0.095821
vt 0.748996 0.054984
vt 0.841092 0.156147
vt 0.806711 0.156148
vt 0.799277 0.156148
vt 0.882975 0.156121
vt 0.798935 0.095820
vt 0.798699 0.054984
vt 0.876366 0.054983
vt 0.877882 0.095821
vt 0.730059 0.016269
vt 0.798960 0.108499
vt 0.877818 0.108499
vt 0.877753 0.122612
vt 0.798985 0.122612
vt 0.840838 0.016269
vt 0.856202 0.016269
vt 0.765025 0.095821
vt 0.782896 0.016268
vt 0.798648 0.016268
vt 0.840857 0.054984
vt 0.765086 0.122612
vt 0.709972 0.200711
vt 0.449796 0.204123
vt 0.480685 0.220695
vt 0.449700 0.220684
vt 0.449682 0.238404
vt 0.480599 0.257655
vt 0.449654 0.257610
vt 0.449661 0.302478
vt 0.480577 0.286036
vt 0.480601 0.302370
vt 0.449670 0.274956
vt 0.449646 0.286082
vt 0.412883 0.292280
vt 0.415778 0.316747
vt 0.379110 0.250741
vt 0.377299 0.292342
vt 0.427685 0.190243
vt 0.390341 0.194177
vt 0.566812 0.275036
vt 0.595566 0.286095
vt 0.566812 0.286023
vt 0.566827 0.354952
vt 0.595512 0.326825
vt 0.595500 0.354952
vt 0.566782 0.238670
vt 0.595706 0.220705
vt 0.595699 0.238600
vt 0.566815 0.302227
vt 0.566822 0.326817
vt 0.480593 0.274987
vt 0.480612 0.326823
vt 0.449673 0.326828
vt 0.480652 0.238492
vt 0.449765 0.354952
vt 0.480773 0.354952
vt 0.936053 0.746623
vt 0.923121 0.760166
vt 0.936048 0.768188
vt 0.936018 0.819789
vt 0.916592 0.805110
vt 0.913699 0.821253
vt 0.936059 0.797784
vt 0.915423 0.782034
vt 0.933272 0.316595
vt 0.910614 0.334381
vt 0.911752 0.319669
vt 0.595550 0.302456
vt 0.566800 0.257742
vt 0.595621 0.257734
vt 0.566790 0.204124
vt 0.566782 0.220717
vt 0.595577 0.275057
vt 0.506548 0.257674
vt 0.532485 0.275009
vt 0.506526 0.274998
vt 0.506620 0.220701
vt 0.532625 0.204124
vt 0.532558 0.220707
vt 0.532519 0.257694
vt 0.532559 0.238577
vt 0.506519 0.286032
vt 0.532482 0.302308
vt 0.506530 0.302339
vt 0.532468 0.326821
vt 0.506529 0.326822
vt 0.506639 0.354952
vt 0.532541 0.354952
vt 0.532490 0.286028
vt 0.420373 0.176908
vt 0.377808 0.356778
vt 0.414725 0.374942
vt 0.885913 0.762972
vt 0.885325 0.783977
vt 0.892080 0.360976
vt 0.889616 0.328988
vt 0.924192 0.740812
vt 0.891345 0.819504
vt 0.896713 0.317960
vt 0.935973 0.782601
vt 0.917882 0.833832
vt 0.936077 0.838896
vt 0.934622 0.732855
vt 0.850748 0.805248
vt 0.835136 0.812201
vt 0.849376 0.815349
vt 0.845468 0.793376
vt 0.836471 0.804603
vt 0.917673 0.409579
vt 0.940634 0.420541
vt 0.917720 0.427678
vt 0.838529 0.771488
vt 0.818658 0.776896
vt 0.825597 0.780492
vt 0.891695 0.833437
vt 0.868327 0.735148
vt 0.887944 0.727402
vt 0.871512 0.724326
vt 0.941792 0.356512
vt 0.912643 0.364253
vt 0.891324 0.803735
vt 0.812448 0.795354
vt 0.824181 0.797634
vt 0.828406 0.817321
vt 0.830746 0.786410
vt 0.831510 0.796107
vt 0.844654 0.780574
vt 0.901378 0.423637
vt 0.900278 0.405603
vt 0.844856 0.823697
vt 0.876501 0.831755
vt 0.863616 0.818497
vt 0.861307 0.830073
vt 0.872376 0.787311
vt 0.858562 0.774738
vt 0.859427 0.790645
vt 0.915135 0.377867
vt 0.899177 0.387570
vt 0.895628 0.374273
vt 0.872238 0.768855
vt 0.851461 0.762485
vt 0.857000 0.744904
vt 0.865460 0.753064
vt 0.943603 0.383745
vt 0.917627 0.391481
vt 0.865024 0.805893
vt 0.878174 0.804814
vt 0.877480 0.819001
vt 0.924213 0.719241
vt 0.906472 0.711107
vt 0.914557 0.725788
vt 0.881044 0.356556
vt 0.875706 0.338668
vt 0.879460 0.743643
vt 0.863509 0.352136
vt 0.863138 0.381292
vt 0.852273 0.373989
vt 0.885267 0.719886
vt 0.871271 0.716399
vt 0.896674 0.686606
vt 0.886620 0.697803
vt 0.894062 0.694357
vt 0.881207 0.690837
vt 0.822979 0.016268
vt 0.807221 0.016268
vt 0.875816 0.016269
vt 0.767140 0.911152
vt 0.771025 0.901580
vt 0.764041 0.893569
vt 0.770492 0.925697
vt 0.762619 0.936895
vt 0.711877 0.936747
vt 0.696555 0.911002
vt 0.696701 0.941705
vt 0.712850 0.911002
vt 0.699642 0.883044
vt 0.680259 0.911002
vt 0.669298 0.887352
vt 0.663963 0.911002
vt 0.666683 0.936525
vt 0.745745 0.941028
vt 0.739015 0.911001
vt 0.736641 0.940160
vt 0.748883 0.911001
vt 0.738188 0.889775
vt 0.652548 0.923774
vt 0.650728 0.911086
vt 0.654009 0.898398
vt 0.747331 0.888913
vt 0.728658 0.888542
vt 0.714237 0.884771
vt 0.727561 0.938163
vt 0.684668 0.883866
vt 0.681635 0.941705
vt 0.685829 0.695635
vt 0.708990 0.708576
vt 0.708432 0.689949
vt 0.636358 0.838542
vt 0.651688 0.827846
vt 0.635893 0.827677
vt 0.761434 0.786870
vt 0.785169 0.791226
vt 0.781184 0.780586
vt 0.662889 0.772774
vt 0.648575 0.752749
vt 0.644587 0.767637
vt 0.667608 0.758644
vt 0.655645 0.733289
vt 0.636687 0.810221
vt 0.655557 0.797710
vt 0.638034 0.794237
vt 0.751425 0.706855
vt 0.743897 0.740484
vt 0.762033 0.731608
vt 0.765163 0.797322
vt 0.787648 0.803114
vt 0.770097 0.809706
vt 0.791133 0.816315
vt 0.756045 0.773861
vt 0.746963 0.789506
vt 0.738081 0.763188
vt 0.749903 0.756858
vt 0.728583 0.733966
vt 0.736307 0.719414
vt 0.683428 0.721761
vt 0.699037 0.717821
vt 0.692503 0.712229
vt 0.675902 0.773849
vt 0.663860 0.828975
vt 0.652656 0.811979
vt 0.662989 0.848260
vt 0.651216 0.838339
vt 0.651369 0.848259
vt 0.718851 0.717725
vt 0.726155 0.711178
vt 0.775207 0.821912
vt 0.767474 0.837667
vt 0.779325 0.835265
vt 0.733420 0.750248
vt 0.758294 0.814508
vt 0.673889 0.744932
vt 0.690265 0.735383
vt 0.662721 0.839648
vt 0.671987 0.788046
vt 0.658905 0.785523
vt 0.669398 0.798853
vt 0.770171 0.848260
vt 0.779396 0.848260
vt 0.683588 0.751217
vt 0.763232 0.827184
vt 0.753212 0.799839
vt 0.745139 0.819551
vt 0.696225 0.747399
vt 0.672536 0.832167
vt 0.692294 0.778048
vt 0.684106 0.807013
vt 0.757876 0.848260
vt 0.689617 0.767062
vt 0.678758 0.763215
vt 0.751837 0.830942
vt 0.726011 0.777908
vt 0.741140 0.776355
vt 0.727747 0.767067
vt 0.723221 0.747063
vt 0.702554 0.734897
vt 0.666038 0.813500
vt 0.671483 0.841478
vt 0.715282 0.734795
vt 0.755272 0.840706
vt 0.728335 0.757320
vt 0.747224 0.843692
vt 0.679462 0.835501
vt 0.744649 0.834372
vt 0.669902 0.848260
vt 0.678439 0.843499
vt 0.737140 0.805935
vt 0.718747 0.798862
vt 0.731506 0.809276
vt 0.676496 0.818660
vt 0.681201 0.821956
vt 0.749698 0.848260
vt 0.689595 0.809913
vt 0.724135 0.790230
vt 0.701454 0.798968
vt 0.691125 0.756638
vt 0.695283 0.790443
vt 0.740023 0.822211
vt 0.731965 0.694501
vt 0.729146 0.911001
vt 0.685748 0.848259
vt 0.741199 0.848260
vt 0.676559 0.848260
vt 0.688336 0.824075
vt 0.734432 0.824734
vt 0.686221 0.838135
vt 0.739082 0.837215
vt 0.710682 0.811176
vt 0.697257 0.814380
vt 0.725362 0.813361
vt 0.794502 0.834892
vt 0.769187 0.749663
vt 0.775611 0.765710
vt 0.794901 0.848257
vt 0.640929 0.781632
vt 0.666521 0.709568
vt 0.636356 0.848259
vt 0.205395 0.840356
vt 0.168249 0.792680
vt 0.206812 0.794023
vt 0.161589 0.882055
vt 0.165057 0.839231
vt 0.247916 0.875817
vt 0.214392 0.891615
vt 0.241265 0.839077
vt 0.081566 0.837294
vt 0.061577 0.879960
vt 0.050187 0.844482
vt 0.047164 0.795723
vt 0.030751 0.849572
vt 0.008122 0.795077
vt 0.027453 0.795879
vt 0.044980 0.890795
vt 0.011363 0.854676
vt 0.050209 0.754404
vt 0.080136 0.794155
vt 0.086190 0.724548
vt 0.083344 0.757041
vt 0.009998 0.749349
vt 0.035870 0.704195
vt 0.031763 0.751718
vt 0.280653 0.747292
vt 0.259406 0.709407
vt 0.282503 0.708944
vt 0.277433 0.794536
vt 0.249910 0.749310
vt 0.300327 0.744987
vt 0.298944 0.794473
vt 0.300463 0.703752
vt 0.275598 0.840835
vt 0.243291 0.795273
vt 0.297897 0.842557
vt 0.296112 0.884965
vt 0.215427 0.747718
vt 0.181086 0.695152
vt 0.230402 0.702057
vt 0.173187 0.745804
vt 0.124974 0.748995
vt 0.121499 0.706399
vt 0.122778 0.792952
vt 0.121636 0.837433
vt 0.084989 0.865972
vt 0.114850 0.872809
vt 0.151460 0.924131
vt 0.211767 0.938667
vt 0.206881 0.967319
vt 0.133578 0.975415
vt 0.143009 0.950086
vt 0.284332 0.935822
vt 0.254612 0.922405
vt 0.272406 0.880931
vt 0.097049 0.903456
vt 0.068619 0.942013
vt 0.083305 0.923173
vt 0.194143 0.656045
vt 0.247489 0.577466
vt 0.266383 0.646033
vt 0.095483 0.657314
vt 0.057188 0.711303
vt 0.023577 0.623156
vt 0.069552 0.635446
vt 0.289968 0.643994
vt 0.071392 0.577421
vt 0.120835 0.534998
vt 0.184361 0.577417
vt 0.119669 0.577423
vt 0.284898 0.535025
vt 0.282127 0.577464
vt 0.269410 0.300468
vt 0.294776 0.271386
vt 0.299459 0.284656
vt 0.306484 0.250312
vt 0.314290 0.247970
vt 0.245931 0.535039
vt 0.071962 0.534946
vt 0.275823 0.248153
vt 0.301489 0.253434
vt 0.293325 0.304171
vt 0.307265 0.286217
vt 0.208695 0.372787
vt 0.207736 0.335642
vt 0.238048 0.352770
vt 0.284195 0.358809
vt 0.260662 0.326638
vt 0.289297 0.329143
vt 0.282910 0.178142
vt 0.291825 0.210419
vt 0.240092 0.219225
vt 0.203883 0.206876
vt 0.237038 0.193441
vt 0.284744 0.054246
vt 0.315138 0.054235
vt 0.252661 0.512749
vt 0.215164 0.479218
vt 0.253997 0.479174
vt 0.209691 0.018239
vt 0.250975 0.054268
vt 0.212078 0.054277
vt 0.285667 0.512634
vt 0.285805 0.479156
vt 0.285942 0.441555
vt 0.252561 0.404567
vt 0.285068 0.404567
vt 0.214464 0.091875
vt 0.251290 0.128949
vt 0.211458 0.128944
vt 0.255333 0.441555
vt 0.213861 0.404572
vt 0.285957 0.091875
vt 0.284433 0.128947
vt 0.249199 0.274905
vt 0.211924 0.254886
vt 0.247827 0.250786
vt 0.293315 0.242924
vt 0.243254 0.323720
vt 0.634082 0.122612
vt 0.655078 0.156147
vt 0.634500 0.156150
vt 0.620451 0.217712
vt 0.631999 0.209717
vt 0.631977 0.231864
vt 0.985614 0.217712
vt 0.973899 0.231864
vt 0.973876 0.209717
vt 0.254730 0.091874
vt 0.283530 0.018181
vt 0.247850 0.179997
vt 0.255597 0.215743
vt 0.025045 0.534903
vt 0.028247 0.577410
vt 0.674703 0.200706
vt 0.671910 0.232049
vt 0.931173 0.200706
vt 0.933965 0.232049
vt 0.708058 0.163092
vt 0.709972 0.163211
vt 0.897817 0.163092
vt 0.908862 0.172839
vt 0.673582 0.095822
vt 0.691886 0.108499
vt 0.673508 0.108499
vt 0.673434 0.122612
vt 0.697044 0.156121
vt 0.677624 0.156136
vt 0.971375 0.156150
vt 0.984917 0.122612
vt 0.985209 0.156148
vt 0.928252 0.156136
vt 0.951042 0.122612
vt 0.950589 0.156147
vt 0.970997 0.095822
vt 0.984631 0.054984
vt 0.984867 0.095820
vt 0.971395 0.108499
vt 0.984892 0.108499
vt 0.932368 0.108499
vt 0.932294 0.095822
vt 0.950965 0.095821
vt 0.634879 0.095822
vt 0.654923 0.108499
vt 0.634480 0.108499
vt 0.654936 0.054984
vt 0.670270 0.016269
vt 0.670948 0.054984
vt 0.934928 0.054984
vt 0.654938 0.095821
vt 0.691950 0.095821
vt 0.697013 0.172839
vt 0.620779 0.156148
vt 0.621056 0.095820
vt 0.636994 0.054984
vt 0.915498 0.054983
vt 0.913926 0.095821
vt 0.689838 0.016269
vt 0.690377 0.054983
vt 0.621036 0.108499
vt 0.913990 0.108499
vt 0.908832 0.156121
vt 0.932441 0.122612
vt 0.621016 0.122612
vt 0.950999 0.016269
vt 0.950969 0.054984
vt 0.621248 0.054984
vt 0.637047 0.016268
vt 0.968881 0.054984
vt 0.971794 0.122612
vt 0.654909 0.122612
vt 0.145191 0.220694
vt 0.175901 0.204123
vt 0.176090 0.220682
vt 0.145241 0.257656
vt 0.176125 0.238395
vt 0.176179 0.257611
vt 0.176168 0.302520
vt 0.145255 0.286054
vt 0.176196 0.286099
vt 0.176147 0.274965
vt 0.213159 0.292296
vt 0.249624 0.292358
vt 0.204472 0.190753
vt 0.031066 0.286124
vt 0.059417 0.275048
vt 0.059422 0.286044
vt 0.059492 0.354952
vt 0.031124 0.326827
vt 0.059475 0.326819
vt 0.059279 0.238666
vt 0.030921 0.220705
vt 0.059276 0.220716
vt 0.059440 0.302276
vt 0.145236 0.326824
vt 0.176146 0.326829
vt 0.175964 0.354952
vt 0.923354 0.589708
vt 0.936057 0.576206
vt 0.936052 0.597770
vt 0.936019 0.649366
vt 0.916692 0.634633
vt 0.936061 0.627368
vt 0.915592 0.611553
vt 0.935975 0.612170
vt 0.796272 0.333957
vt 0.818957 0.316206
vt 0.797433 0.319246
vt 0.031084 0.302521
vt 0.059362 0.257746
vt 0.030929 0.238598
vt 0.059305 0.204124
vt 0.031009 0.257741
vt 0.093911 0.275019
vt 0.118252 0.257676
vt 0.118260 0.275008
vt 0.118222 0.220700
vt 0.093754 0.204124
vt 0.118173 0.204123
vt 0.093876 0.257696
vt 0.093831 0.238570
vt 0.093919 0.302358
vt 0.118265 0.286051
vt 0.118261 0.302386
vt 0.093936 0.326823
vt 0.118262 0.326824
vt 0.093831 0.220705
vt 0.118215 0.354952
vt 0.093909 0.286048
vt 0.208452 0.175985
vt 0.267320 0.274905
vt 0.249789 0.357798
vt 0.212772 0.376778
vt 0.886139 0.592404
vt 0.777696 0.360523
vt 0.775283 0.328531
vt 0.924484 0.570357
vt 0.891403 0.648951
vt 0.913751 0.650767
vt 0.782396 0.317514
vt 0.917897 0.663357
vt 0.936077 0.668483
vt 0.934937 0.562431
vt 0.948678 0.563037
vt 0.835215 0.641481
vt 0.850848 0.634574
vt 0.849446 0.644672
vt 0.836574 0.633887
vt 0.845604 0.622687
vt 0.803215 0.409166
vt 0.826158 0.420164
vt 0.827672 0.401768
vt 0.838730 0.600779
vt 0.818842 0.606128
vt 0.832383 0.595050
vt 0.891712 0.662885
vt 0.868635 0.564528
vt 0.888276 0.556840
vt 0.879743 0.573056
vt 0.827416 0.356136
vt 0.827484 0.332708
vt 0.891428 0.633182
vt 0.812578 0.624567
vt 0.825771 0.609744
vt 0.824304 0.626881
vt 0.828470 0.646582
vt 0.831637 0.625377
vt 0.830902 0.615677
vt 0.844827 0.609883
vt 0.786898 0.423198
vt 0.785826 0.405163
vt 0.844902 0.653006
vt 0.876523 0.661158
vt 0.863677 0.647862
vt 0.877540 0.648407
vt 0.872530 0.616702
vt 0.858753 0.604088
vt 0.872446 0.598246
vt 0.784753 0.387128
vt 0.800726 0.377450
vt 0.781225 0.373826
vt 0.851688 0.591814
vt 0.865716 0.582435
vt 0.857280 0.574250
vt 0.829185 0.383372
vt 0.828300 0.369754
vt 0.865123 0.635262
vt 0.878275 0.634222
vt 0.906852 0.540600
vt 0.924568 0.548786
vt 0.914893 0.555304
vt 0.766667 0.356086
vt 0.749140 0.351639
vt 0.748724 0.380794
vt 0.764617 0.362075
vt 0.761358 0.338190
vt 0.871852 0.553715
vt 0.885620 0.549316
vt 0.887040 0.527237
vt 0.897126 0.516070
vt 0.894491 0.523813
vt 0.881647 0.520255
vt 0.871635 0.545787
vt 0.915395 0.533196
vt 0.968828 0.016268
vt 0.984580 0.016268
vt 0.935606 0.016269
vt 0.654925 0.016269
vt 0.934523 0.917621
vt 0.938408 0.927193
vt 0.941572 0.917780
vt 0.937875 0.903075
vt 0.930002 0.891877
vt 0.863938 0.917771
vt 0.879260 0.892026
vt 0.864084 0.887068
vt 0.867026 0.945729
vt 0.880234 0.917771
vt 0.836681 0.941421
vt 0.847642 0.917771
vt 0.831347 0.917772
vt 0.834066 0.892248
vt 0.849018 0.887068
vt 0.906398 0.917771
vt 0.913129 0.887745
vt 0.904024 0.888613
vt 0.905572 0.938997
vt 0.916266 0.917771
vt 0.819931 0.904999
vt 0.821392 0.930376
vt 0.818111 0.917687
vt 0.931424 0.935204
vt 0.896042 0.940231
vt 0.896530 0.917771
vt 0.894944 0.890609
vt 0.852052 0.944907
vt 0.686042 0.524352
vt 0.709177 0.537312
vt 0.692687 0.540948
vt 0.636372 0.667162
vt 0.651714 0.656493
vt 0.651227 0.666984
vt 0.785249 0.620097
vt 0.761520 0.615688
vt 0.781285 0.609428
vt 0.648718 0.581418
vt 0.663002 0.601458
vt 0.644711 0.596297
vt 0.655822 0.561957
vt 0.667739 0.587337
vt 0.636733 0.638857
vt 0.655630 0.626375
vt 0.652694 0.640638
vt 0.751631 0.535644
vt 0.744045 0.569271
vt 0.736483 0.548184
vt 0.635921 0.656300
vt 0.787716 0.631988
vt 0.765233 0.626167
vt 0.791176 0.645197
vt 0.770153 0.638555
vt 0.756154 0.602668
vt 0.747050 0.618300
vt 0.741245 0.605142
vt 0.738203 0.591970
vt 0.750033 0.585655
vt 0.728733 0.562733
vt 0.683603 0.550467
vt 0.699215 0.546547
vt 0.690416 0.564106
vt 0.676012 0.602550
vt 0.663882 0.657641
vt 0.662980 0.677015
vt 0.651365 0.677015
vt 0.719028 0.546474
vt 0.726341 0.539931
vt 0.775239 0.650769
vt 0.767486 0.666511
vt 0.763261 0.656022
vt 0.733559 0.579024
vt 0.758344 0.643339
vt 0.753283 0.628664
vt 0.674036 0.573634
vt 0.683726 0.579931
vt 0.662728 0.668313
vt 0.672082 0.616741
vt 0.658998 0.614197
vt 0.669471 0.627536
vt 0.779342 0.664126
vt 0.770165 0.677015
vt 0.678881 0.591921
vt 0.745182 0.648362
vt 0.737201 0.634733
vt 0.696399 0.576131
vt 0.691285 0.585364
vt 0.672552 0.660852
vt 0.671485 0.670160
vt 0.692397 0.606771
vt 0.695369 0.619169
vt 0.684166 0.635721
vt 0.757870 0.677015
vt 0.755280 0.669527
vt 0.689760 0.595785
vt 0.751861 0.659762
vt 0.726110 0.606671
vt 0.727889 0.595831
vt 0.723396 0.575823
vt 0.702738 0.563637
vt 0.666074 0.642176
vt 0.669891 0.677015
vt 0.715467 0.563548
vt 0.728493 0.586086
vt 0.747228 0.672502
vt 0.679473 0.664199
vt 0.744669 0.663180
vt 0.678437 0.672191
vt 0.718813 0.627622
vt 0.724212 0.618997
vt 0.676524 0.647357
vt 0.749692 0.677015
vt 0.681227 0.650664
vt 0.701529 0.627703
vt 0.689654 0.638630
vt 0.740064 0.651011
vt 0.708647 0.518689
vt 0.685735 0.677015
vt 0.686228 0.666838
vt 0.741198 0.677015
vt 0.676547 0.677015
vt 0.688358 0.652787
vt 0.697308 0.643104
vt 0.734468 0.653528
vt 0.739084 0.666015
vt 0.710741 0.639927
vt 0.731566 0.638069
vt 0.725417 0.642145
vt 0.732176 0.523263
vt 0.794526 0.663780
vt 0.769330 0.578484
vt 0.779389 0.677016
vt 0.762210 0.560416
vt 0.638119 0.622878
vt 0.666728 0.538248
vt 0.641034 0.610282
vt 0.775733 0.594543
vt 0.636356 0.677015
vt 0.861333 0.659431
vt 0.859570 0.619998
vt 0.803196 0.391068
vt 0.845924 0.583972
vt 0.845674 0.754660
vt 0.942118 0.402143
vt 0.942698 0.370129
vt 0.885489 0.613407
vt 0.798255 0.363832
vt 0.480859 0.204123
vt 0.145244 0.274996
vt 0.145141 0.354952
vt 0.145210 0.238484
vt 0.145242 0.302415
vt 0.145087 0.204123
vt 0.214951 0.441555
vt 0.314749 0.091873
vt 0.414742 0.441555
vt 0.314103 0.176477
vt 0.093852 0.354952
vt 0.435707 0.203873
vt 0.194848 0.354981
vt 0.207156 0.229503
vt 0.210380 0.317703
vt 0.212908 0.274933
vt 0.190858 0.203868
vt 0.806968 0.108499
vt 0.728122 0.122612
vt 0.914054 0.122612
vt 0.691822 0.122612
vt 0.601115 0.901709
vt 0.617289 0.699781
vt 0.314901 0.703498
vt 0.314357 0.535019
vt 0.416158 0.512649
vt 0.895904 0.163211
vt 0.729510 0.054983
vt 0.941824 0.333084
vt 0.595682 0.204124
vt 0.506734 0.204123
vt 0.948365 0.733420
vt 0.832166 0.765778
vt 0.914994 0.703678
vt 0.879002 0.362548
vt 0.774189 0.910992
vt 0.027199 0.901816
vt 0.013882 0.699460
vt 0.202444 0.993810
vt 0.185223 0.534962
vt 0.215378 0.512749
vt 0.247220 0.018239
vt 0.621289 0.016268
vt 0.031049 0.275075
vt 0.031128 0.354952
vt 0.030934 0.204124
vt 0.803234 0.427265
vt 0.737870 0.373475
vt 0.916038 0.016269
vt 0.881621 0.944002
vt 0.914714 0.939860
vt 0.794904 0.677014
s 1
usemtl skin
f 1/1/1 41/2/2 30/3/3
f 1/1/1 40/4/4 16/5/5
f 1/1/1 36/6/6 15/7/7
f 15/7/7 27/8/8 1/1/1
f 23/9/9 14/10/10 2/11/11
f 14/10/10 25/12/12 2/11/11
f 65/13/13 380/14/14 353/15/15
f 353/15/15 75/16/16 65/13/13
f 3/17/17 38/18/18 19/19/19
f 3/17/17 33/20/20 18/21/21
f 73/22/22 354/23/23 66/24/24
f 66/24/24 380/14/14 77/25/25
f 4/26/26 34/27/27 21/28/28
f 21/28/28 26/29/29 4/26/26
f 67/30/30 381/31/31 356/32/32
f 356/32/32 74/33/33 67/30/30
f 5/34/34 39/35/35 15/7/7
f 5/34/34 36/6/6 24/36/36
f 68/37/37 379/38/38 357/39/39
f 357/39/39 78/40/40 68/37/37
f 6/41/41 37/42/42 29/43/43
f 29/43/43 27/8/8 6/41/41
f 6/41/41 39/35/35 21/28/28
f 21/28/28 13/44/44 6/41/41
f 7/45/45 33/20/20 19/19/19
f 19/19/19 28/46/46 7/45/45
f 7/45/45 41/2/2 29/43/43
f 29/43/43 17/47/47 7/45/45
f 28/46/46 14/10/10 8/48/48
f 8/48/48 35/49/49 22/50/50
f 8/48/48 40/4/4 30/3/3
f 30/3/3 28/46/46 8/48/48
f 16/5/5 31/51/51 9/52/52
f 69/53/53 383/54/54 362/55/55
f 362/56/55 76/57/56 69/58/53
f 9/59/52 36/6/6 16/5/5
f 10/60/57 35/49/49 23/9/9
f 75/16/16 363/61/58 70/62/59
f 70/62/59 383/54/54 79/63/60
f 31/51/51 22/50/50 10/60/57
f 32/64/61 44/65/62 43/66/63
f 11/67/64 33/20/20 17/47/47
f 11/67/64 37/42/42 32/64/61
f 366/68/65 73/22/22 71/69/66
f 32/64/61 13/44/44 12/70/67
f 12/70/67 34/27/27 20/71/68
f 74/33/33 367/72/69 72/73/70
f 11/67/64 80/74/71 71/69/66
f 43/66/63 45/75/72 42/76/73
f 384/77/74 83/78/75 81/79/76
f 32/64/61 42/76/73 11/67/64
f 72/73/70 384/77/74 81/79/76
f 46/80/77 48/81/78 45/82/72
f 83/83/75 394/84/79 85/85/80
f 43/66/63 47/86/81 46/87/77
f 42/76/73 82/88/82 80/74/71
f 46/80/77 50/89/83 49/90/84
f 45/82/72 84/91/85 82/92/82
f 169/93/86 133/94/87 134/95/88
f 61/96/89 86/97/90 93/98/91
f 417/99/92 87/100/93 92/101/94
f 168/102/95 135/103/96 136/104/97
f 741/105/98 404/106/99 89/107/100
f 736/108/101 54/109/102 739/110/103
f 738/111/104 55/112/105 736/113/101
f 739/110/103 88/114/106 740/115/107
f 748/116/108 90/117/109 753/118/110
f 747/119/111 58/120/112 750/121/113
f 750/122/113 59/123/114 748/116/108
f 749/124/115 91/125/116 752/126/117
f 163/127/118 132/128/119 131/129/120
f 394/84/79 92/101/94 85/85/80
f 48/81/78 93/98/91 84/91/85
f 166/130/121 133/94/87 165/131/122
f 106/132/123 113/133/124 119/134/125
f 55/135/105 56/136/126 111/137/127
f 55/138/105 121/139/128 54/140/102
f 84/91/85 416/141/129 395/142/130
f 50/89/83 92/101/94 60/143/131
f 752/126/117 57/144/132 747/119/111
f 753/118/110 413/145/133 751/146/134
f 740/115/107 405/147/135 737/148/136
f 738/111/104 89/107/100 56/149/126
f 92/101/94 53/150/137 60/143/131
f 93/98/91 400/151/138 416/141/129
f 82/92/82 395/142/130 390/152/139
f 80/74/71 390/153/139 385/154/140
f 47/155/81 85/85/80 50/89/83
f 72/73/70 44/65/62 12/70/67
f 81/79/76 47/86/81 44/65/62
f 366/68/65 80/74/71 385/154/140
f 20/71/68 72/73/70 12/70/67
f 71/69/66 18/21/21 11/67/64
f 10/60/57 79/63/60 31/51/51
f 23/9/9 70/62/59 10/60/57
f 69/58/53 24/36/36 9/59/52
f 9/52/52 79/63/60 69/53/53
f 68/37/37 26/29/29 5/34/34
f 24/36/36 68/37/37 5/34/34
f 67/30/30 20/71/68 4/26/26
f 4/26/26 78/40/40 67/30/30
f 3/17/17 77/25/25 25/12/12
f 18/21/21 66/24/24 3/17/17
f 65/13/13 23/9/9 2/11/11
f 2/11/11 77/25/25 65/13/13
f 62/156/141 56/136/126 89/157/100
f 64/158/142 88/159/106 54/140/102
f 404/160/99 62/156/141 89/157/100
f 482/161/143 63/162/144 120/163/145
f 88/159/106 452/164/146 405/165/135
f 63/166/144 471/167/147 110/168/148
f 791/169/149 124/170/150 797/171/151
f 108/172/152 122/173/153 129/174/154
f 128/175/155 97/176/156 123/177/157
f 118/178/158 96/179/159 112/180/160
f 125/181/161 105/182/162 127/183/163
f 796/184/164 101/185/165 125/181/161
f 114/186/166 795/187/167 100/188/168
f 792/189/169 115/190/170 794/191/171
f 103/192/172 216/193/173 327/194/174
f 100/188/168 116/195/175 114/186/166
f 115/190/170 103/192/172 117/196/176
f 98/197/177 126/198/178 124/170/150
f 110/168/148 109/199/179 118/178/158
f 121/139/128 107/200/180 128/175/155
f 63/162/144 129/174/154 120/163/145
f 62/156/141 119/134/125 111/137/127
f 111/137/127 107/201/180 55/135/105
f 63/166/144 118/178/158 108/202/152
f 101/203/165 117/196/176 105/204/162
f 114/186/166 102/205/181 98/206/177
f 126/198/178 220/207/182 216/193/173
f 793/208/183 115/190/170 101/203/165
f 795/187/167 98/206/177 791/209/149
f 108/202/152 112/180/160 94/210/184
f 110/168/148 452/164/146 64/158/142
f 119/134/125 97/211/156 107/201/180
f 116/195/175 221/212/185 218/213/186
f 120/163/145 106/132/123 62/156/141
f 64/158/142 128/175/155 109/199/179
f 124/170/150 103/192/172 99/214/187
f 105/204/162 217/215/188 219/216/189
f 796/184/164 125/181/161 100/188/168
f 100/188/168 127/183/163 104/217/190
f 109/199/179 123/177/157 96/179/159
f 129/174/154 95/218/191 106/132/123
f 797/171/151 99/214/187 792/189/169
f 451/219/192 120/163/145 62/156/141
f 62/156/141 111/137/127 56/136/126
f 64/158/142 54/140/102 121/139/128
f 780/220/193 144/221/194 781/222/195
f 775/223/196 141/224/197 779/225/198
f 776/226/199 139/227/200 147/228/201
f 778/229/202 139/227/200 777/230/203
f 166/130/121 130/231/204 138/232/205
f 168/102/95 132/128/119 164/233/206
f 163/127/118 130/231/204 170/234/207
f 169/235/86 135/103/96 167/236/208
f 761/237/209 137/238/210 765/239/211
f 764/240/212 150/241/213 151/242/214
f 762/243/215 152/244/216 153/245/217
f 760/246/218 150/241/213 763/247/219
f 778/229/202 141/224/197 140/248/220
f 776/226/199 142/249/221 782/250/222
f 775/223/196 144/221/194 145/251/223
f 780/252/193 142/249/221 143/253/224
f 153/254/217 173/255/225 149/256/226
f 155/257/227 171/258/228 179/259/229
f 137/260/210 172/261/230 171/258/228
f 150/262/213 175/263/231 151/264/214
f 765/239/211 155/265/227 760/246/218
f 766/266/232 153/245/217 149/267/226
f 764/268/212 152/244/216 759/269/233
f 761/237/209 149/267/226 148/270/234
f 724/271/235 160/272/236 727/273/237
f 725/274/238 159/275/239 156/276/240
f 162/277/241 724/271/235 146/278/242
f 723/279/243 158/280/244 726/281/245
f 726/281/245 157/282/246 721/283/247
f 725/274/238 156/276/240 146/278/242
f 722/284/248 157/282/246 159/285/239
f 727/273/237 161/286/249 723/279/243
f 52/287/250 167/236/208 53/150/137
f 49/90/84 170/234/207 48/81/78
f 60/143/131 164/233/206 50/89/83
f 61/96/89 170/234/207 166/130/121
f 61/96/89 165/131/122 51/288/251
f 49/90/84 164/233/206 163/127/118
f 60/143/131 167/236/208 168/102/95
f 52/289/250 165/131/122 169/93/86
f 172/261/230 181/290/252 180/291/253
f 175/263/231 184/292/254 176/293/255
f 177/294/256 181/290/252 173/255/225
f 171/258/228 187/295/257 179/259/229
f 152/296/216 175/263/231 176/293/255
f 149/256/226 172/261/230 148/297/234
f 155/257/227 174/298/258 150/299/213
f 153/254/217 176/300/255 177/294/256
f 702/301/259 195/302/260 703/303/261
f 699/304/262 178/305/263 702/301/259
f 700/306/264 190/307/265 191/308/266
f 701/309/267 192/310/268 193/311/269
f 179/259/229 182/312/270 174/298/258
f 184/313/254 205/314/271 206/315/272
f 175/263/231 182/316/270 183/317/273
f 172/261/230 154/318/274 171/258/228
f 193/311/269 191/319/266 194/320/275
f 194/320/275 190/321/265 195/302/260
f 178/305/263 194/320/275 195/302/260
f 189/322/276 194/320/275 188/323/277
f 701/309/267 189/322/276 704/324/278
f 700/306/264 192/325/268 698/326/279
f 699/304/262 189/322/276 188/323/277
f 697/327/280 195/302/260 190/321/265
f 710/328/281 201/329/282 196/330/283
f 712/331/284 202/332/285 199/333/286
f 705/334/287 198/335/288 711/336/289
f 709/337/290 197/338/291 202/332/285
f 711/339/289 197/338/291 706/340/292
f 705/334/287 196/341/283 186/342/293
f 712/331/284 200/343/294 707/344/295
f 708/345/296 200/343/294 201/329/282
f 204/346/297 207/347/298 203/348/299
f 176/293/255 206/349/272 204/350/297
f 177/294/256 205/314/271 185/351/300
f 177/294/256 204/346/297 203/348/299
f 208/352/301 214/353/302 212/354/303
f 206/349/272 208/352/301 204/350/297
f 205/314/271 207/347/298 209/355/304
f 206/315/272 209/355/304 210/356/305
f 212/357/303 213/358/306 211/359/307
f 207/347/298 213/358/306 209/355/304
f 209/355/304 214/360/302 210/356/305
f 207/347/298 212/357/303 211/359/307
f 104/217/190 215/361/308 221/212/185
f 127/183/163 219/362/189 215/361/308
f 102/205/181 218/213/186 220/363/182
f 117/196/176 327/194/174 217/215/188
f 241/364/309 225/365/310 240/366/311
f 224/367/312 241/364/309 242/368/313
f 226/369/314 247/370/309 248/371/315
f 230/372/309 246/373/316 247/370/309
f 233/374/309 238/375/317 239/376/309
f 237/377/318 233/374/309 239/376/309
f 235/378/319 308/379/309 309/380/320
f 236/381/309 307/382/321 308/379/309
f 222/383/322 239/376/309 227/384/323
f 239/376/309 223/385/324 227/384/323
f 242/368/313 236/381/309 235/378/319
f 236/381/309 240/366/311 234/386/325
f 230/372/309 244/387/326 228/388/327
f 243/389/328 230/372/309 226/369/314
f 247/370/309 232/390/329 233/374/309
f 248/371/315 233/374/309 231/391/330
f 223/392/324 254/393/331 227/394/323
f 225/395/310 263/396/332 240/397/311
f 265/398/333 309/399/320 243/400/328
f 255/401/334 246/402/316 228/403/327
f 267/404/335 232/405/329 246/402/316
f 234/406/325 310/407/336 307/408/321
f 237/409/318 257/410/337 231/411/330
f 263/396/332 234/406/325 240/397/311
f 311/412/338 235/413/319 309/399/320
f 260/414/339 242/415/313 235/413/319
f 253/416/340 284/417/341 265/398/333
f 287/418/342 253/416/340 268/419/343
f 280/420/344 257/410/337 261/421/345
f 262/422/346 270/423/347 250/424/348
f 274/425/349 267/404/335 255/401/334
f 282/426/350 259/427/351 263/396/332
f 275/428/352 252/429/353 256/430/354
f 269/431/355 261/421/345 249/432/356
f 264/433/357 271/434/358 251/435/359
f 276/436/360 268/419/343 257/410/337
f 311/412/338 279/437/361 260/414/339
f 258/438/362 281/439/363 262/422/346
f 272/440/364 263/396/332 252/429/353
f 285/441/365 255/401/334 266/442/366
f 312/443/367 266/442/366 310/407/336
f 251/435/359 275/444/352 256/445/354
f 267/404/335 277/446/368 258/438/362
f 260/414/339 283/447/369 264/433/357
f 313/448/370 298/449/371 279/437/361
f 277/446/368 300/450/372 281/439/363
f 272/440/364 301/451/373 282/426/350
f 285/441/365 293/452/374 274/425/349
f 314/453/375 285/441/365 312/443/367
f 271/434/358 294/454/376 275/444/352
f 305/455/377 277/446/368 286/456/378
f 279/437/361 302/457/379 283/447/369
f 292/458/380 284/417/341 273/459/381
f 306/460/382 273/459/381 287/418/342
f 299/461/383 276/436/360 280/420/344
f 281/439/363 289/462/384 270/423/347
f 274/425/349 305/455/377 286/456/378
f 301/451/373 278/463/385 282/426/350
f 275/428/352 291/464/386 272/440/364
f 288/465/387 280/420/344 269/431/355
f 283/447/369 290/466/388 271/434/358
f 295/467/389 287/418/342 276/436/360
f 302/457/379 319/468/390 290/466/388
f 291/464/386 316/469/391 301/451/373
f 298/449/371 322/470/392 302/457/379
f 294/471/376 317/472/393 291/464/386
f 315/473/394 325/474/395 324/475/396
f 297/476/397 316/469/391 321/477/398
f 290/466/388 318/478/399 294/454/376
f 314/453/375 321/477/398 320/479/400
f 303/480/401 326/481/402 325/474/395
f 269/431/355 289/462/384 288/465/387
f 300/450/372 295/467/389 299/461/383
f 306/460/382 296/482/403 305/455/377
f 305/455/377 292/458/380 306/460/382
f 292/458/380 304/483/404 303/480/401
f 304/483/404 320/479/400 326/481/402
f 315/473/394 323/484/405 298/449/371
f 297/476/397 312/443/367 278/463/385
f 284/417/341 315/473/394 313/448/370
f 278/463/385 310/407/336 259/427/351
f 265/398/333 313/448/370 311/412/338
f 227/394/323 249/432/356 222/485/322
f 245/486/309 307/382/321 244/387/326
f 309/380/320 245/486/309 243/389/328
f 221/487/185 316/469/391 317/472/393
f 318/478/399 319/468/390 221/488/185
f 221/487/185 317/472/393 318/489/399
f 219/490/189 320/479/400 321/477/398
f 220/491/182 322/470/392 323/484/405
f 215/492/308 321/477/398 316/469/391
f 218/493/186 319/468/390 322/470/392
f 327/494/174 324/475/396 325/474/395
f 325/474/395 326/481/402 327/494/174
f 217/495/188 326/481/402 320/479/400
f 216/496/173 323/484/405 324/475/396
f 222/485/322 261/421/345 237/409/318
f 264/433/357 224/497/312 242/415/313
f 248/498/315 253/416/340 226/499/314
f 224/497/312 256/445/354 229/500/406
f 231/411/330 268/419/343 248/498/315
f 307/408/321 266/442/366 244/501/326
f 258/438/362 238/502/317 232/405/329
f 244/501/326 255/401/334 228/403/327
f 253/416/340 243/400/328 226/499/314
f 229/503/406 252/429/353 225/395/310
f 238/502/317 250/424/348 223/392/324
f 299/461/383 289/462/384 300/450/372
f 250/424/348 270/423/347 254/393/331
f 254/393/331 269/431/355 249/432/356
f 269/431/355 254/393/331 270/423/347
f 328/504/407 382/505/408 358/506/409
f 328/504/407 377/507/410 361/508/411
f 328/504/407 371/509/412 343/510/413
f 358/506/409 342/511/414 328/504/407
f 341/512/415 350/513/416 329/514/417
f 352/515/418 341/512/415 329/514/417
f 422/516/419 380/517/14 434/518/420
f 432/519/421 353/520/15 422/516/419
f 330/521/422 374/522/423 352/515/418
f 330/521/422 368/523/424 346/524/425
f 354/525/23 430/526/426 423/527/427
f 423/527/427 380/517/14 354/525/23
f 331/528/428 369/529/429 347/530/430
f 355/531/431 348/532/432 331/528/428
f 424/533/433 381/31/31 435/534/434
f 431/535/435 356/32/32 424/533/433
f 332/536/436 376/537/437 355/531/431
f 332/536/436 371/509/412 342/511/414
f 425/538/438 379/38/38 433/539/439
f 435/534/434 357/39/39 425/538/438
f 333/540/440 372/541/441 340/542/442
f 358/506/409 360/543/443 333/540/440
f 333/540/440 376/537/437 358/506/409
f 340/542/442 348/532/432 333/540/440
f 334/544/444 368/523/424 344/545/445
f 359/546/446 346/524/425 334/544/444
f 334/544/444 382/505/408 359/546/446
f 344/545/445 360/543/443 334/544/444
f 341/512/415 359/546/446 335/547/447
f 335/547/447 370/548/448 341/512/415
f 335/547/447 377/507/410 349/549/449
f 359/546/446 361/508/411 335/547/447
f 364/550/450 343/510/413 336/551/451
f 426/552/452 383/553/54 436/554/453
f 433/539/439 362/56/55 426/555/452
f 336/556/451 371/509/412 351/557/454
f 337/558/455 370/548/448 349/549/449
f 363/559/58 432/519/421 427/560/456
f 427/560/456 383/553/54 363/559/58
f 349/549/449 364/550/450 337/558/455
f 365/561/457 388/562/458 339/563/459
f 338/564/460 368/523/424 345/565/461
f 338/564/460 372/541/441 344/545/445
f 430/526/426 366/566/65 428/567/462
f 340/542/442 365/561/457 339/563/459
f 339/563/459 369/529/429 340/542/442
f 367/72/69 431/535/435 429/568/463
f 437/569/464 338/564/460 428/567/462
f 391/570/465 387/571/466 386/572/467
f 440/573/468 384/77/74 438/574/469
f 386/572/467 365/561/457 338/564/460
f 429/568/463 384/77/74 367/72/69
f 396/575/470 392/576/471 391/577/465
f 440/578/468 394/84/79 389/579/472
f 387/571/466 393/580/473 388/562/458
f 439/581/474 386/572/467 437/569/464
f 392/576/471 398/582/475 393/583/473
f 441/584/476 391/577/465 439/585/474
f 530/586/477 494/587/478 526/588/479
f 443/589/480 415/590/481 450/591/482
f 444/592/483 417/99/92 449/593/484
f 529/594/485 496/595/486 528/596/487
f 746/597/488 404/106/99 735/598/489
f 406/599/490 742/600/491 744/601/492
f 407/602/493 743/603/494 742/604/491
f 445/605/495 744/601/492 745/606/496
f 447/607/497 755/608/498 758/609/499
f 411/610/500 754/611/501 756/612/502
f 412/613/503 756/614/502 755/608/498
f 448/615/504 749/124/115 757/616/505
f 524/617/506 493/618/507 525/619/508
f 449/593/484 394/84/79 442/620/509
f 450/591/482 396/575/470 441/584/476
f 494/587/478 527/621/510 526/588/479
f 473/622/511 465/623/512 479/624/513
f 407/625/493 470/626/514 408/627/515
f 407/628/493 406/629/490 481/630/516
f 416/141/129 441/584/476 395/142/130
f 398/582/475 449/593/484 442/620/509
f 410/631/517 757/616/505 754/611/501
f 413/145/133 758/609/499 751/146/134
f 405/147/135 745/606/496 737/148/136
f 743/603/494 446/632/518 746/597/488
f 403/633/519 449/593/484 414/634/520
f 400/151/138 450/591/482 416/141/129
f 395/142/130 439/585/474 390/152/139
f 390/635/139 437/569/464 385/636/140
f 393/583/473 442/620/509 440/578/468
f 388/562/458 429/568/463 339/563/459
f 393/580/473 438/574/469 388/562/458
f 366/566/65 437/569/464 428/567/462
f 429/568/463 347/530/430 339/563/459
f 345/565/461 428/567/462 338/564/460
f 337/558/455 436/554/453 427/560/456
f 427/560/456 350/513/416 337/558/455
f 351/557/454 426/555/452 336/556/451
f 336/551/451 436/554/453 364/550/450
f 355/531/431 425/538/438 332/536/436
f 425/538/438 351/557/454 332/536/436
f 347/530/430 424/533/433 331/528/428
f 331/528/428 435/534/434 355/531/431
f 330/521/422 434/518/420 423/527/427
f 423/527/427 345/565/461 330/521/422
f 350/513/416 422/516/419 329/514/417
f 329/514/417 434/518/420 352/515/418
f 418/637/521 446/638/518 408/627/515
f 420/639/522 406/629/490 445/640/495
f 404/160/99 418/637/521 451/219/192
f 482/161/143 419/641/523 421/642/524
f 452/164/146 445/640/495 405/165/135
f 471/167/147 419/643/523 469/644/525
f 485/645/526 798/646/527 804/647/528
f 483/648/529 467/649/530 490/650/531
f 489/651/532 456/652/533 466/653/534
f 478/654/535 455/655/536 468/656/537
f 486/657/538 464/658/539 460/659/540
f 803/660/541 460/659/540 800/661/542
f 802/662/543 474/663/544 459/664/545
f 475/665/546 799/666/547 801/667/548
f 462/668/549 577/669/550 487/670/551
f 476/671/552 459/664/545 474/663/544
f 475/665/546 462/668/549 458/672/553
f 487/670/551 457/673/554 485/645/526
f 469/644/525 468/656/537 420/639/522
f 481/630/516 466/653/534 407/628/493
f 490/650/531 419/641/523 480/674/555
f 479/624/513 418/637/521 470/626/514
f 466/675/534 470/626/514 407/625/493
f 419/643/523 478/654/535 469/644/525
f 460/676/540 477/677/556 475/665/546
f 461/678/557 474/663/544 457/679/554
f 487/670/551 581/680/558 461/681/557
f 800/682/542 475/665/546 801/667/548
f 457/679/554 802/662/543 798/683/527
f 467/684/530 472/685/559 478/654/535
f 452/164/146 469/644/525 420/639/522
f 456/686/533 479/624/513 466/675/534
f 476/671/552 582/687/560 463/688/561
f 465/623/512 480/674/555 418/637/521
f 420/639/522 489/651/532 481/630/516
f 462/668/549 485/645/526 458/672/553
f 464/689/539 578/690/562 477/677/556
f 459/664/545 486/657/538 803/660/541
f 459/664/545 488/691/563 486/657/538
f 468/656/537 484/692/564 489/651/532
f 454/693/565 490/650/531 465/623/512
f 458/672/553 804/647/528 799/666/547
f 451/219/192 480/674/555 482/161/143
f 418/637/521 408/627/515 470/626/514
f 420/639/522 481/630/516 406/629/490
f 505/694/566 788/695/567 789/696/568
f 502/697/569 783/698/570 787/699/571
f 784/700/572 500/701/573 785/702/574
f 500/701/573 786/703/575 785/702/574
f 527/621/510 491/704/576 531/705/577
f 493/618/507 529/594/485 525/619/508
f 491/704/576 524/617/506 531/705/577
f 496/595/486 530/706/477 528/596/487
f 498/707/578 769/708/579 773/709/580
f 772/710/581 511/711/582 771/712/583
f 770/713/584 513/714/585 767/715/586
f 511/711/582 768/716/587 771/712/583
f 786/703/575 502/697/569 787/699/571
f 503/717/588 784/700/572 790/718/589
f 783/698/570 505/694/566 789/696/568
f 788/719/567 503/717/588 790/718/589
f 534/720/590 514/721/591 510/722/592
f 516/723/593 532/724/594 498/725/578
f 498/725/578 533/726/595 509/727/596
f 536/728/597 511/729/582 512/730/598
f 516/731/593 773/709/580 768/716/587
f 774/732/599 514/733/591 770/713/584
f 513/714/585 772/734/581 767/715/586
f 769/708/579 510/735/592 774/732/599
f 521/736/600 731/737/601 734/738/602
f 732/739/603 520/740/604 729/741/605
f 731/737/601 523/742/606 507/743/607
f 519/744/608 730/745/609 733/746/610
f 518/747/611 733/746/610 728/748/612
f 507/743/607 517/749/613 732/739/603
f 729/750/605 518/747/611 728/748/612
f 522/751/614 734/738/602 730/745/609
f 528/596/487 402/752/615 403/633/519
f 531/705/577 397/753/616 396/575/470
f 525/619/508 414/634/520 398/582/475
f 415/590/481 531/705/577 396/575/470
f 526/588/479 415/590/481 401/754/617
f 397/753/616 525/619/508 398/582/475
f 414/634/520 528/596/487 403/633/519
f 402/755/615 526/588/479 401/754/617
f 533/726/595 542/756/618 534/720/590
f 545/757/619 536/728/597 537/758/620
f 542/756/618 538/759/621 534/720/590
f 548/760/622 532/724/594 540/761/623
f 513/762/585 536/728/597 512/730/598
f 533/726/595 510/722/592 509/727/596
f 535/763/624 516/723/593 511/764/582
f 514/721/591 537/765/620 513/766/585
f 556/767/625 694/768/626 695/769/627
f 539/770/628 691/771/629 694/768/626
f 692/772/630 551/773/631 689/774/632
f 693/775/633 553/776/634 690/777/635
f 543/778/636 540/761/623 535/763/624
f 545/779/619 566/780/637 546/781/638
f 536/728/597 543/782/636 535/783/624
f 515/784/639 533/726/595 532/724/594
f 552/785/640 554/786/641 555/787/642
f 551/788/631 555/787/642 556/767/625
f 539/770/628 555/787/642 549/789/643
f 555/787/642 550/790/644 549/789/643
f 550/790/644 693/775/633 696/791/645
f 553/792/634 692/772/630 690/793/635
f 691/771/629 550/790/644 696/791/645
f 689/794/632 556/767/625 695/769/627
f 718/795/646 562/796/647 716/797/648
f 720/798/649 563/799/650 717/800/651
f 559/801/652 713/802/653 719/803/654
f 717/800/651 558/804/655 714/805/656
f 558/804/655 719/806/654 714/805/656
f 713/802/653 557/807/657 718/808/646
f 561/809/658 720/798/649 715/810/659
f 716/797/648 561/809/658 715/810/659
f 568/811/660 565/812/661 564/813/662
f 537/758/620 567/814/663 545/757/619
f 566/780/637 538/759/621 546/781/638
f 538/759/621 565/812/661 537/765/620
f 569/815/664 575/816/665 571/817/666
f 569/815/664 567/814/663 565/818/661
f 566/780/637 568/811/660 564/813/662
f 567/819/663 570/820/667 566/780/637
f 574/821/668 573/822/669 572/823/670
f 574/821/668 568/811/660 570/820/667
f 575/824/665 570/820/667 571/825/666
f 568/811/660 573/822/669 569/826/664
f 463/688/561 576/827/671 488/691/563
f 488/691/563 580/828/672 464/658/539
f 461/678/557 579/829/673 476/671/552
f 477/677/556 688/830/674 462/668/549
f 602/831/309 586/832/675 590/833/676
f 602/831/309 585/834/677 603/835/678
f 608/836/309 587/837/679 609/838/680
f 607/839/681 591/840/309 608/836/309
f 599/841/682 594/842/309 600/843/309
f 598/844/683 594/842/309 592/845/684
f 669/846/309 596/847/685 670/848/686
f 668/849/687 597/850/309 669/846/309
f 583/851/688 600/843/309 598/844/683
f 584/852/689 600/843/309 588/853/690
f 597/850/309 603/835/678 596/847/685
f 597/850/309 601/854/691 602/831/309
f 591/840/309 605/855/692 606/856/309
f 591/840/309 604/857/693 587/837/679
f 593/858/694 608/836/309 594/842/309
f 594/842/309 609/838/680 592/845/684
f 584/859/689 615/860/695 611/861/696
f 586/862/675 624/863/697 613/864/698
f 670/865/686 626/866/699 604/867/693
f 607/868/681 616/869/700 589/870/701
f 593/871/694 628/872/702 607/868/681
f 595/873/703 671/874/704 620/875/705
f 598/876/683 618/877/706 622/878/707
f 595/873/703 624/863/697 601/879/691
f 596/880/685 672/881/708 670/865/686
f 603/882/678 621/883/709 596/880/685
f 614/884/710 645/885/711 634/886/712
f 614/884/710 648/887/713 629/888/714
f 618/877/706 641/889/715 622/878/707
f 623/890/716 631/891/717 642/892/718
f 628/872/702 635/893/719 616/869/700
f 620/875/705 643/894/720 624/863/697
f 613/864/698 636/895/721 617/896/722
f 622/878/707 630/897/723 610/898/724
f 625/899/725 632/900/726 644/901/727
f 629/888/714 637/902/728 618/877/706
f 672/881/708 640/903/729 674/904/730
f 619/905/731 642/892/718 638/906/732
f 624/863/697 633/907/733 613/864/698
f 616/869/700 646/908/734 627/909/735
f 627/909/735 673/910/736 671/874/704
f 612/911/737 636/912/721 632/900/726
f 628/872/702 638/906/732 647/913/738
f 621/883/709 644/901/727 640/903/729
f 674/904/730 659/914/739 676/915/740
f 638/906/732 661/916/741 657/917/742
f 633/907/733 662/918/743 652/919/744
f 646/908/734 654/920/745 665/921/746
f 646/908/734 675/922/747 673/910/736
f 632/900/726 655/923/748 651/924/749
f 638/906/732 666/925/750 647/913/738
f 640/903/729 663/926/751 659/914/739
f 645/885/711 653/927/752 634/886/712
f 634/886/712 667/928/753 648/887/713
f 637/902/728 660/929/754 641/889/715
f 642/892/718 650/930/755 661/916/741
f 635/893/719 666/925/750 654/920/745
f 639/931/756 662/918/743 643/894/720
f 636/895/721 652/919/744 655/932/748
f 641/889/715 649/933/757 630/897/723
f 644/901/727 651/924/749 663/926/751
f 648/887/713 656/934/758 637/902/728
f 680/935/759 663/926/751 651/924/749
f 677/936/760 652/919/744 662/918/743
f 683/937/761 659/914/739 663/926/751
f 678/938/762 655/932/748 652/919/744
f 676/915/740 686/939/763 664/940/764
f 658/941/765 677/936/760 662/918/743
f 679/942/766 651/924/749 655/923/748
f 675/922/747 682/943/767 658/941/765
f 664/940/764 687/944/768 665/921/746
f 630/897/723 650/930/755 631/891/717
f 661/916/741 656/934/758 657/917/742
f 667/928/753 657/917/742 656/934/758
f 666/925/750 653/927/752 654/920/745
f 665/921/746 653/927/752 664/940/764
f 665/921/746 681/945/769 675/922/747
f 684/946/770 676/915/740 659/914/739
f 673/910/736 658/941/765 639/931/756
f 645/885/711 676/915/740 664/940/764
f 671/874/704 639/931/756 620/875/705
f 626/866/699 674/904/730 645/885/711
f 588/947/690 610/898/724 615/860/695
f 606/856/309 668/849/687 669/846/309
f 606/856/309 670/848/686 604/857/693
f 582/948/560 677/936/760 576/949/671
f 679/942/766 582/950/560 680/935/759
f 582/948/560 679/951/766 678/938/762
f 580/952/672 681/945/769 578/953/562
f 581/954/558 683/937/761 579/955/673
f 576/949/671 682/943/767 580/952/672
f 579/955/673 680/935/759 582/950/560
f 688/956/674 685/957/771 577/958/550
f 686/939/763 688/956/674 687/944/768
f 578/953/562 687/944/768 688/956/674
f 577/958/550 684/946/770 581/954/558
f 583/959/688 622/878/707 610/898/724
f 585/960/677 625/899/725 603/882/678
f 609/961/680 614/884/710 629/888/714
f 585/960/677 617/962/722 612/911/737
f 592/963/684 629/888/714 618/877/706
f 668/964/687 627/909/735 671/874/704
f 599/965/682 619/905/731 593/871/694
f 605/966/692 616/869/700 627/909/735
f 604/867/693 614/884/710 587/967/679
f 590/968/676 613/864/698 617/896/722
f 599/965/682 611/861/696 623/890/716
f 660/929/754 650/930/755 649/933/757
f 611/861/696 615/860/695 631/891/717
f 615/860/695 610/898/724 630/897/723
f 630/897/723 631/891/717 615/860/695
f 557/969/657 695/769/627 562/796/647
f 560/970/772 696/791/645 563/799/650
f 690/793/635 547/971/773 559/801/652
f 696/791/645 558/804/655 563/799/650
f 693/775/633 559/972/652 558/804/655
f 547/971/773 689/774/632 557/807/657
f 694/768/626 560/970/772 561/809/658
f 562/796/647 694/768/626 561/809/658
f 196/330/283 703/303/261 697/327/280
f 199/333/286 704/324/278 699/304/262
f 186/342/293 698/326/279 198/335/288
f 197/338/291 704/324/278 202/332/285
f 198/973/288 701/309/267 197/338/291
f 186/342/293 697/974/280 700/306/264
f 199/333/286 702/301/259 200/343/294
f 201/329/282 702/301/259 703/303/261
f 187/295/257 707/344/295 708/345/296
f 180/291/253 707/344/295 154/318/274
f 183/317/273 710/975/281 705/334/287
f 184/313/254 706/340/292 185/351/300
f 181/290/252 706/340/292 709/337/290
f 183/317/273 711/336/289 184/292/254
f 180/291/253 709/337/290 712/331/284
f 182/312/270 708/345/296 710/328/281
f 548/760/622 715/810/659 515/784/639
f 715/810/659 541/976/774 515/784/639
f 544/977/775 718/808/646 543/782/636
f 714/805/656 545/779/619 546/781/638
f 542/756/618 714/805/656 546/781/638
f 719/803/654 544/977/775 545/757/619
f 541/976/774 717/800/651 542/756/618
f 543/778/636 716/797/648 548/760/622
f 140/248/220 723/279/243 139/227/200
f 143/253/224 721/283/247 722/284/248
f 145/251/223 144/221/194 725/274/238
f 147/228/201 721/283/247 142/249/221
f 139/227/200 726/281/245 147/228/201
f 141/224/197 145/251/223 724/271/235
f 143/978/224 725/274/238 144/221/194
f 141/224/197 727/273/237 140/248/220
f 730/745/609 501/979/776 500/701/573
f 504/980/777 728/748/612 503/717/588
f 505/694/566 506/981/778 732/739/603
f 728/748/612 508/982/779 503/717/588
f 733/746/610 500/701/573 508/982/779
f 502/697/569 731/737/601 506/981/778
f 732/739/603 504/983/777 505/694/566
f 734/738/602 502/697/569 501/979/776
f 410/631/517 746/597/488 448/615/504
f 737/148/136 447/607/497 413/145/133
f 745/606/496 412/613/503 447/607/497
f 742/604/491 410/631/517 411/610/500
f 744/601/492 411/984/500 412/613/503
f 746/597/488 409/985/780 448/615/504
f 57/144/132 741/105/98 738/111/104
f 90/117/109 737/148/136 413/145/133
f 59/123/114 740/115/107 90/117/109
f 57/144/132 736/113/101 58/120/112
f 58/986/112 739/110/103 59/123/114
f 409/985/780 741/105/98 91/125/116
f 751/146/134 443/589/480 400/151/138
f 754/611/501 444/592/483 403/633/519
f 757/616/505 399/987/781 444/592/483
f 755/608/498 402/755/615 401/754/617
f 756/612/502 403/633/519 402/752/615
f 758/609/499 401/754/617 443/589/480
f 86/97/90 751/146/134 400/151/138
f 87/100/93 747/119/111 53/150/137
f 399/987/781 752/126/117 87/100/93
f 52/289/250 748/116/108 51/288/251
f 53/150/137 750/121/113 52/287/250
f 51/288/251 753/118/110 86/97/90
f 160/272/236 766/266/232 761/237/209
f 159/275/239 759/269/233 156/276/240
f 162/277/241 762/243/215 766/266/232
f 161/286/249 760/246/218 158/280/244
f 158/280/244 763/247/219 157/282/246
f 146/278/242 759/269/233 762/243/215
f 159/285/239 763/247/219 764/240/212
f 160/272/236 765/239/211 161/286/249
f 521/736/600 774/732/599 523/742/606
f 767/715/586 520/740/604 517/749/613
f 523/742/606 770/713/584 507/743/607
f 768/716/587 522/751/614 519/744/608
f 771/712/583 519/744/608 518/747/611
f 507/743/607 767/715/586 517/749/613
f 520/988/604 771/712/583 518/747/611
f 773/709/580 521/736/600 522/751/614
f 134/95/88 782/250/222 780/252/193
f 136/104/97 781/222/195 775/223/196
f 138/232/205 782/250/222 133/94/87
f 131/129/120 779/225/198 778/229/202
f 131/129/120 777/230/203 130/231/204
f 138/232/205 777/230/203 776/226/199
f 136/104/97 779/225/198 132/128/119
f 134/989/88 781/222/195 135/103/96
f 495/990/782 790/718/589 494/587/478
f 497/991/783 789/696/568 496/595/486
f 790/718/589 499/992/784 494/587/478
f 492/993/785 787/699/571 493/618/507
f 785/702/574 492/993/785 491/704/576
f 499/992/784 785/702/574 491/704/576
f 787/699/571 497/991/783 493/618/507
f 789/696/568 495/994/782 496/595/486
f 506/981/778 507/743/607 732/739/603
f 145/251/223 146/278/242 724/271/235
f 506/981/778 731/737/601 507/743/607
f 145/251/223 725/274/238 146/278/242
f 122/173/153 792/189/169 95/218/191
f 96/179/159 123/177/157 796/184/164
f 112/180/160 791/209/149 94/210/184
f 113/133/124 793/208/183 97/211/156
f 95/218/191 794/191/171 113/133/124
f 112/180/160 96/179/159 795/187/167
f 123/177/157 793/995/183 796/184/164
f 94/996/184 797/171/151 122/173/153
f 799/666/547 483/648/529 454/693/565
f 484/692/564 455/655/536 803/660/541
f 798/683/527 472/685/559 453/997/786
f 800/682/542 473/622/511 456/686/533
f 801/667/548 454/693/565 473/622/511
f 472/685/559 802/662/543 455/655/536
f 484/692/564 800/661/542 456/652/533
f 804/647/528 453/998/786 483/648/529
f 455/655/536 459/664/545 803/660/541
f 96/179/159 100/188/168 795/187/167
f 455/655/536 802/662/543 459/664/545
f 96/179/159 796/184/164 100/188/168
f 1/1/1 27/8/8 41/2/2
f 1/1/1 30/3/3 40/4/4
f 1/1/1 16/5/5 36/6/6
f 15/7/7 39/35/35 27/8/8
f 23/9/9 35/49/49 14/10/10
f 14/10/10 38/18/18 25/12/12
f 65/13/13 77/25/25 380/14/14
f 353/15/15 378/999/787 75/16/16
f 3/17/17 25/12/12 38/18/18
f 3/17/17 19/19/19 33/20/20
f 73/22/22 373/1000/788 354/23/23
f 66/24/24 354/23/23 380/14/14
f 4/26/26 20/71/68 34/27/27
f 21/28/28 39/35/35 26/29/29
f 67/30/30 78/40/40 381/31/31
f 356/32/32 375/1001/789 74/33/33
f 5/34/34 26/29/29 39/35/35
f 5/34/34 15/7/7 36/6/6
f 68/37/37 76/57/56 379/38/38
f 357/39/39 381/31/31 78/40/40
f 6/41/41 13/44/44 37/42/42
f 29/43/43 41/2/2 27/8/8
f 6/41/41 27/8/8 39/35/35
f 21/28/28 34/27/27 13/44/44
f 7/45/45 17/47/47 33/20/20
f 19/19/19 38/18/18 28/46/46
f 7/45/45 28/46/46 41/2/2
f 29/43/43 37/42/42 17/47/47
f 28/46/46 38/18/18 14/10/10
f 8/48/48 14/10/10 35/49/49
f 8/48/48 22/50/50 40/4/4
f 30/3/3 41/2/2 28/46/46
f 16/5/5 40/4/4 31/51/51
f 69/53/53 79/63/60 383/54/54
f 362/56/55 379/38/38 76/57/56
f 9/59/52 24/36/36 36/6/6
f 10/60/57 22/50/50 35/49/49
f 75/16/16 378/999/787 363/61/58
f 70/62/59 363/61/58 383/54/54
f 31/51/51 40/4/4 22/50/50
f 32/64/61 12/70/67 44/65/62
f 11/67/64 18/21/21 33/20/20
f 11/67/64 17/47/47 37/42/42
f 366/68/65 373/1000/788 73/22/22
f 32/64/61 37/42/42 13/44/44
f 12/70/67 13/44/44 34/27/27
f 74/33/33 375/1001/789 367/72/69
f 11/67/64 42/76/73 80/74/71
f 43/66/63 46/87/77 45/75/72
f 384/77/74 389/1002/472 83/78/75
f 32/64/61 43/66/63 42/76/73
f 72/73/70 367/72/69 384/77/74
f 46/80/77 49/90/84 48/81/78
f 83/83/75 389/579/472 394/84/79
f 43/66/63 44/65/62 47/86/81
f 42/76/73 45/75/72 82/88/82
f 46/80/77 47/155/81 50/89/83
f 45/82/72 48/81/78 84/91/85
f 169/93/86 165/131/122 133/94/87
f 61/96/89 51/288/251 86/97/90
f 417/99/92 399/987/781 87/100/93
f 168/102/95 167/236/208 135/103/96
f 741/105/98 735/598/489 404/106/99
f 736/108/101 55/1003/105 54/109/102
f 738/111/104 56/149/126 55/112/105
f 739/110/103 54/109/102 88/114/106
f 748/116/108 59/123/114 90/117/109
f 747/119/111 57/144/132 58/120/112
f 750/122/113 58/986/112 59/123/114
f 749/124/115 409/985/780 91/125/116
f 163/127/118 164/233/206 132/128/119
f 394/84/79 417/99/92 92/101/94
f 48/81/78 61/96/89 93/98/91
f 166/130/121 138/232/205 133/94/87
f 106/132/123 95/218/191 113/133/124
f 84/91/85 93/98/91 416/141/129
f 50/89/83 85/85/80 92/101/94
f 752/126/117 91/125/116 57/144/132
f 753/118/110 90/117/109 413/145/133
f 740/115/107 88/114/106 405/147/135
f 738/111/104 741/105/98 89/107/100
f 92/101/94 87/100/93 53/150/137
f 93/98/91 86/97/90 400/151/138
f 82/92/82 84/91/85 395/142/130
f 80/74/71 82/88/82 390/153/139
f 47/155/81 83/83/75 85/85/80
f 72/73/70 81/79/76 44/65/62
f 81/79/76 83/78/75 47/86/81
f 366/68/65 71/69/66 80/74/71
f 20/71/68 74/33/33 72/73/70
f 71/69/66 73/22/22 18/21/21
f 10/60/57 70/62/59 79/63/60
f 23/9/9 75/16/16 70/62/59
f 69/58/53 76/57/56 24/36/36
f 9/52/52 31/51/51 79/63/60
f 68/37/37 78/40/40 26/29/29
f 24/36/36 76/57/56 68/37/37
f 67/30/30 74/33/33 20/71/68
f 4/26/26 26/29/29 78/40/40
f 3/17/17 66/24/24 77/25/25
f 18/21/21 73/22/22 66/24/24
f 65/13/13 75/16/16 23/9/9
f 2/11/11 25/12/12 77/25/25
f 404/160/99 451/219/192 62/156/141
f 482/161/143 421/642/524 63/162/144
f 88/159/106 64/158/142 452/164/146
f 63/166/144 421/1004/524 471/167/147
f 791/169/149 98/197/177 124/170/150
f 108/172/152 94/996/184 122/173/153
f 128/175/155 107/200/180 97/176/156
f 118/178/158 109/199/179 96/179/159
f 125/181/161 101/185/165 105/182/162
f 796/184/164 793/995/183 101/185/165
f 792/189/169 99/214/187 115/190/170
f 103/192/172 126/198/178 216/193/173
f 100/188/168 104/217/190 116/195/175
f 115/190/170 99/214/187 103/192/172
f 98/197/177 102/1005/181 126/198/178
f 110/168/148 64/158/142 109/199/179
f 121/139/128 55/138/105 107/200/180
f 63/162/144 108/172/152 129/174/154
f 62/156/141 106/132/123 119/134/125
f 111/137/127 119/134/125 107/201/180
f 63/166/144 110/168/148 118/178/158
f 101/203/165 115/190/170 117/196/176
f 114/186/166 116/195/175 102/205/181
f 126/198/178 102/1005/181 220/207/182
f 793/208/183 794/191/171 115/190/170
f 795/187/167 114/186/166 98/206/177
f 108/202/152 118/178/158 112/180/160
f 110/168/148 471/167/147 452/164/146
f 119/134/125 113/133/124 97/211/156
f 116/195/175 104/217/190 221/212/185
f 120/163/145 129/174/154 106/132/123
f 64/158/142 121/139/128 128/175/155
f 124/170/150 126/198/178 103/192/172
f 105/204/162 117/196/176 217/215/188
f 100/188/168 125/181/161 127/183/163
f 109/199/179 128/175/155 123/177/157
f 129/174/154 122/173/153 95/218/191
f 797/171/151 124/170/150 99/214/187
f 451/219/192 482/161/143 120/163/145
f 780/220/193 143/978/224 144/221/194
f 775/223/196 145/251/223 141/224/197
f 776/226/199 777/230/203 139/227/200
f 778/229/202 140/248/220 139/227/200
f 166/130/121 170/234/207 130/231/204
f 168/102/95 136/104/97 132/128/119
f 163/127/118 131/129/120 130/231/204
f 169/235/86 134/989/88 135/103/96
f 761/237/209 148/270/234 137/238/210
f 764/240/212 763/247/219 150/241/213
f 762/243/215 759/269/233 152/244/216
f 760/246/218 155/265/227 150/241/213
f 778/229/202 779/225/198 141/224/197
f 776/226/199 147/228/201 142/249/221
f 775/223/196 781/222/195 144/221/194
f 780/252/193 782/250/222 142/249/221
f 153/254/217 177/294/256 173/255/225
f 155/257/227 137/260/210 171/258/228
f 137/260/210 148/297/234 172/261/230
f 150/262/213 174/1006/258 175/263/231
f 765/239/211 137/238/210 155/265/227
f 766/266/232 762/243/215 153/245/217
f 764/268/212 151/1007/214 152/244/216
f 761/237/209 766/266/232 149/267/226
f 724/271/235 162/277/241 160/272/236
f 725/274/238 722/1008/248 159/275/239
f 723/279/243 161/286/249 158/280/244
f 726/281/245 158/280/244 157/282/246
f 722/284/248 721/283/247 157/282/246
f 727/273/237 160/272/236 161/286/249
f 52/287/250 169/235/86 167/236/208
f 49/90/84 163/127/118 170/234/207
f 60/143/131 168/102/95 164/233/206
f 61/96/89 48/81/78 170/234/207
f 61/96/89 166/130/121 165/131/122
f 49/90/84 50/89/83 164/233/206
f 60/143/131 53/150/137 167/236/208
f 52/289/250 51/288/251 165/131/122
f 172/261/230 173/255/225 181/290/252
f 175/263/231 183/317/273 184/292/254
f 177/294/256 185/351/300 181/290/252
f 171/258/228 154/318/274 187/295/257
f 152/296/216 151/264/214 175/263/231
f 149/256/226 173/255/225 172/261/230
f 155/257/227 179/259/229 174/298/258
f 153/254/217 152/1009/216 176/300/255
f 702/301/259 178/305/263 195/302/260
f 699/304/262 188/323/277 178/305/263
f 700/306/264 697/974/280 190/307/265
f 701/309/267 698/1010/279 192/310/268
f 179/259/229 187/295/257 182/312/270
f 184/313/254 185/351/300 205/314/271
f 175/263/231 174/1006/258 182/316/270
f 172/261/230 180/291/253 154/318/274
f 193/311/269 192/310/268 191/319/266
f 194/320/275 191/319/266 190/321/265
f 178/305/263 188/323/277 194/320/275
f 189/322/276 193/311/269 194/320/275
f 701/309/267 193/311/269 189/322/276
f 700/306/264 191/308/266 192/325/268
f 699/304/262 704/324/278 189/322/276
f 697/327/280 703/303/261 195/302/260
f 710/328/281 708/345/296 201/329/282
f 712/331/284 709/337/290 202/332/285
f 705/334/287 186/342/293 198/335/288
f 709/337/290 706/340/292 197/338/291
f 711/339/289 198/973/288 197/338/291
f 705/334/287 710/975/281 196/341/283
f 712/331/284 199/333/286 200/343/294
f 708/345/296 707/344/295 200/343/294
f 204/346/297 208/1011/301 207/347/298
f 176/293/255 184/292/254 206/349/272
f 177/294/256 203/348/299 205/314/271
f 177/294/256 176/300/255 204/346/297
f 208/352/301 210/1012/305 214/353/302
f 206/349/272 210/1012/305 208/352/301
f 205/314/271 203/348/299 207/347/298
f 206/315/272 205/314/271 209/355/304
f 212/357/303 214/360/302 213/358/306
f 207/347/298 211/359/307 213/358/306
f 209/355/304 213/358/306 214/360/302
f 207/347/298 208/1011/301 212/357/303
f 104/217/190 127/183/163 215/361/308
f 127/183/163 105/182/162 219/362/189
f 102/205/181 116/195/175 218/213/186
f 117/196/176 103/192/172 327/194/174
f 241/364/309 229/1013/406 225/365/310
f 224/367/312 229/1013/406 241/364/309
f 226/369/314 230/372/309 247/370/309
f 230/372/309 228/388/327 246/373/316
f 233/374/309 232/390/329 238/375/317
f 237/377/318 231/391/330 233/374/309
f 235/378/319 236/381/309 308/379/309
f 236/381/309 234/386/325 307/382/321
f 222/383/322 237/377/318 239/376/309
f 239/376/309 238/375/317 223/385/324
f 242/368/313 241/364/309 236/381/309
f 236/381/309 241/364/309 240/366/311
f 230/372/309 245/486/309 244/387/326
f 243/389/328 245/486/309 230/372/309
f 247/370/309 246/373/316 232/390/329
f 248/371/315 247/370/309 233/374/309
f 223/392/324 250/424/348 254/393/331
f 225/395/310 252/429/353 263/396/332
f 265/398/333 311/412/338 309/399/320
f 255/401/334 267/404/335 246/402/316
f 267/404/335 258/438/362 232/405/329
f 234/406/325 259/427/351 310/407/336
f 237/409/318 261/421/345 257/410/337
f 263/396/332 259/427/351 234/406/325
f 311/412/338 260/414/339 235/413/319
f 260/414/339 264/433/357 242/415/313
f 253/416/340 273/459/381 284/417/341
f 287/418/342 273/459/381 253/416/340
f 280/420/344 276/436/360 257/410/337
f 262/422/346 281/439/363 270/423/347
f 274/425/349 286/456/378 267/404/335
f 282/426/350 278/463/385 259/427/351
f 275/428/352 272/440/364 252/429/353
f 269/431/355 280/420/344 261/421/345
f 264/433/357 283/447/369 271/434/358
f 276/436/360 287/418/342 268/419/343
f 311/412/338 313/448/370 279/437/361
f 258/438/362 277/446/368 281/439/363
f 272/440/364 282/426/350 263/396/332
f 285/441/365 274/425/349 255/401/334
f 312/443/367 285/441/365 266/442/366
f 251/435/359 271/434/358 275/444/352
f 267/404/335 286/456/378 277/446/368
f 260/414/339 279/437/361 283/447/369
f 313/448/370 315/473/394 298/449/371
f 277/446/368 296/482/403 300/450/372
f 272/440/364 291/464/386 301/451/373
f 285/441/365 304/483/404 293/452/374
f 314/453/375 304/483/404 285/441/365
f 271/434/358 290/466/388 294/454/376
f 305/455/377 296/482/403 277/446/368
f 279/437/361 298/449/371 302/457/379
f 292/458/380 303/480/401 284/417/341
f 306/460/382 292/458/380 273/459/381
f 299/461/383 295/467/389 276/436/360
f 281/439/363 300/450/372 289/462/384
f 274/425/349 293/452/374 305/455/377
f 301/451/373 297/476/397 278/463/385
f 275/428/352 294/471/376 291/464/386
f 288/465/387 299/461/383 280/420/344
f 283/447/369 302/457/379 290/466/388
f 295/467/389 306/460/382 287/418/342
f 302/457/379 322/470/392 319/468/390
f 291/464/386 317/472/393 316/469/391
f 298/449/371 323/484/405 322/470/392
f 294/471/376 318/489/399 317/472/393
f 315/473/394 303/480/401 325/474/395
f 297/476/397 301/451/373 316/469/391
f 290/466/388 319/468/390 318/478/399
f 314/453/375 297/476/397 321/477/398
f 303/480/401 304/483/404 326/481/402
f 269/431/355 270/423/347 289/462/384
f 300/450/372 296/482/403 295/467/389
f 306/460/382 295/467/389 296/482/403
f 305/455/377 293/452/374 292/458/380
f 292/458/380 293/452/374 304/483/404
f 304/483/404 314/453/375 320/479/400
f 315/473/394 324/475/396 323/484/405
f 297/476/397 314/453/375 312/443/367
f 284/417/341 303/480/401 315/473/394
f 278/463/385 312/443/367 310/407/336
f 265/398/333 284/417/341 313/448/370
f 227/394/323 254/393/331 249/432/356
f 245/486/309 308/379/309 307/382/321
f 309/380/320 308/379/309 245/486/309
f 221/487/185 215/492/308 316/469/391
f 219/490/189 217/495/188 320/479/400
f 220/491/182 218/493/186 322/470/392
f 215/492/308 219/490/189 321/477/398
f 218/493/186 221/488/185 319/468/390
f 327/494/174 216/496/173 324/475/396
f 217/495/188 327/494/174 326/481/402
f 216/496/173 220/491/182 323/484/405
f 222/485/322 249/432/356 261/421/345
f 264/433/357 251/435/359 224/497/312
f 248/498/315 268/419/343 253/416/340
f 224/497/312 251/435/359 256/445/354
f 231/411/330 257/410/337 268/419/343
f 307/408/321 310/407/336 266/442/366
f 258/438/362 262/422/346 238/502/317
f 244/501/326 266/442/366 255/401/334
f 253/416/340 265/398/333 243/400/328
f 229/503/406 256/430/354 252/429/353
f 238/502/317 262/422/346 250/424/348
f 299/461/383 288/465/387 289/462/384
f 328/504/407 361/508/411 382/505/408
f 328/504/407 343/510/413 377/507/410
f 328/504/407 342/511/414 371/509/412
f 358/506/409 376/537/437 342/511/414
f 341/512/415 370/548/448 350/513/416
f 352/515/418 374/522/423 341/512/415
f 422/516/419 353/520/15 380/517/14
f 432/519/421 378/1014/787 353/520/15
f 330/521/422 346/524/425 374/522/423
f 330/521/422 345/565/461 368/523/424
f 354/525/23 373/1015/788 430/526/426
f 423/527/427 434/518/420 380/517/14
f 331/528/428 348/532/432 369/529/429
f 355/531/431 376/537/437 348/532/432
f 424/533/433 356/32/32 381/31/31
f 431/535/435 375/1001/789 356/32/32
f 332/536/436 342/511/414 376/537/437
f 332/536/436 351/557/454 371/509/412
f 425/538/438 357/39/39 379/38/38
f 435/534/434 381/31/31 357/39/39
f 333/540/440 360/543/443 372/541/441
f 358/506/409 382/505/408 360/543/443
f 333/540/440 348/532/432 376/537/437
f 340/542/442 369/529/429 348/532/432
f 334/544/444 346/524/425 368/523/424
f 359/546/446 374/522/423 346/524/425
f 334/544/444 360/543/443 382/505/408
f 344/545/445 372/541/441 360/543/443
f 341/512/415 374/522/423 359/546/446
f 335/547/447 349/549/449 370/548/448
f 335/547/447 361/508/411 377/507/410
f 359/546/446 382/505/408 361/508/411
f 364/550/450 377/507/410 343/510/413
f 426/552/452 362/1016/55 383/553/54
f 433/539/439 379/38/38 362/56/55
f 336/556/451 343/510/413 371/509/412
f 337/558/455 350/513/416 370/548/448
f 363/559/58 378/1014/787 432/519/421
f 427/560/456 436/554/453 383/553/54
f 349/549/449 377/507/410 364/550/450
f 365/561/457 387/571/466 388/562/458
f 338/564/460 344/545/445 368/523/424
f 338/564/460 365/561/457 372/541/441
f 430/526/426 373/1015/788 366/566/65
f 340/542/442 372/541/441 365/561/457
f 339/563/459 347/530/430 369/529/429
f 367/72/69 375/1001/789 431/535/435
f 437/569/464 386/572/467 338/564/460
f 391/570/465 392/1017/471 387/571/466
f 440/573/468 389/1002/472 384/77/74
f 386/572/467 387/571/466 365/561/457
f 429/568/463 438/574/469 384/77/74
f 396/575/470 397/753/616 392/576/471
f 440/578/468 442/620/509 394/84/79
f 387/571/466 392/1017/471 393/580/473
f 439/581/474 391/570/465 386/572/467
f 392/576/471 397/753/616 398/582/475
f 441/584/476 396/575/470 391/577/465
f 530/586/477 495/990/782 494/587/478
f 443/589/480 401/754/617 415/590/481
f 444/592/483 399/987/781 417/99/92
f 529/594/485 497/991/783 496/595/486
f 746/597/488 446/632/518 404/106/99
f 406/599/490 407/1018/493 742/600/491
f 407/602/493 408/1019/515 743/603/494
f 445/605/495 406/599/490 744/601/492
f 447/607/497 412/613/503 755/608/498
f 411/610/500 410/631/517 754/611/501
f 412/613/503 411/984/500 756/614/502
f 448/615/504 409/985/780 749/124/115
f 524/617/506 492/993/785 493/618/507
f 449/593/484 417/99/92 394/84/79
f 450/591/482 415/590/481 396/575/470
f 494/587/478 499/992/784 527/621/510
f 473/622/511 454/693/565 465/623/512
f 416/141/129 450/591/482 441/584/476
f 398/582/475 414/634/520 449/593/484
f 410/631/517 448/615/504 757/616/505
f 413/145/133 447/607/497 758/609/499
f 405/147/135 445/605/495 745/606/496
f 743/603/494 408/1019/515 446/632/518
f 403/633/519 444/592/483 449/593/484
f 400/151/138 443/589/480 450/591/482
f 395/142/130 441/584/476 439/585/474
f 390/635/139 439/581/474 437/569/464
f 393/583/473 398/582/475 442/620/509
f 388/562/458 438/574/469 429/568/463
f 393/580/473 440/573/468 438/574/469
f 366/566/65 385/636/140 437/569/464
f 429/568/463 431/535/435 347/530/430
f 345/565/461 430/526/426 428/567/462
f 337/558/455 364/550/450 436/554/453
f 427/560/456 432/519/421 350/513/416
f 351/557/454 433/539/439 426/555/452
f 336/551/451 426/552/452 436/554/453
f 355/531/431 435/534/434 425/538/438
f 425/538/438 433/539/439 351/557/454
f 347/530/430 431/535/435 424/533/433
f 331/528/428 424/533/433 435/534/434
f 330/521/422 352/515/418 434/518/420
f 423/527/427 430/526/426 345/565/461
f 350/513/416 432/519/421 422/516/419
f 329/514/417 422/516/419 434/518/420
f 404/160/99 446/638/518 418/637/521
f 482/161/143 480/674/555 419/641/523
f 452/164/146 420/639/522 445/640/495
f 471/167/147 421/1004/524 419/643/523
f 485/645/526 457/673/554 798/646/527
f 483/648/529 453/998/786 467/649/530
f 489/651/532 484/692/564 456/652/533
f 478/654/535 472/685/559 455/655/536
f 486/657/538 488/691/563 464/658/539
f 803/660/541 486/657/538 460/659/540
f 475/665/546 458/672/553 799/666/547
f 462/668/549 688/830/674 577/669/550
f 476/671/552 463/688/561 459/664/545
f 475/665/546 477/677/556 462/668/549
f 487/670/551 461/681/557 457/673/554
f 469/644/525 478/654/535 468/656/537
f 481/630/516 489/651/532 466/653/534
f 490/650/531 467/649/530 419/641/523
f 479/624/513 465/623/512 418/637/521
f 466/675/534 479/624/513 470/626/514
f 419/643/523 467/684/530 478/654/535
f 460/676/540 464/689/539 477/677/556
f 461/678/557 476/671/552 474/663/544
f 487/670/551 577/669/550 581/680/558
f 800/682/542 460/676/540 475/665/546
f 457/679/554 474/663/544 802/662/543
f 467/684/530 453/997/786 472/685/559
f 452/164/146 471/167/147 469/644/525
f 456/686/533 473/622/511 479/624/513
f 476/671/552 579/829/673 582/687/560
f 465/623/512 490/650/531 480/674/555
f 420/639/522 468/656/537 489/651/532
f 462/668/549 487/670/551 485/645/526
f 464/689/539 580/1020/672 578/690/562
f 459/664/545 463/688/561 488/691/563
f 468/656/537 455/655/536 484/692/564
f 454/693/565 483/648/529 490/650/531
f 458/672/553 485/645/526 804/647/528
f 451/219/192 418/637/521 480/674/555
f 505/694/566 504/983/777 788/695/567
f 502/697/569 506/981/778 783/698/570
f 784/700/572 508/982/779 500/701/573
f 500/701/573 501/979/776 786/703/575
f 527/621/510 499/992/784 491/704/576
f 493/618/507 497/991/783 529/594/485
f 491/704/576 492/993/785 524/617/506
f 496/595/486 495/994/782 530/706/477
f 498/707/578 509/1021/596 769/708/579
f 772/710/581 512/1022/598 511/711/582
f 770/713/584 514/733/591 513/714/585
f 511/711/582 516/731/593 768/716/587
f 786/703/575 501/979/776 502/697/569
f 503/717/588 508/982/779 784/700/572
f 783/698/570 506/981/778 505/694/566
f 788/719/567 504/980/777 503/717/588
f 534/720/590 538/759/621 514/721/591
f 516/723/593 540/761/623 532/724/594
f 498/725/578 532/724/594 533/726/595
f 536/728/597 535/783/624 511/729/582
f 516/731/593 498/707/578 773/709/580
f 774/732/599 510/735/592 514/733/591
f 513/714/585 512/1023/598 772/734/581
f 769/708/579 509/1021/596 510/735/592
f 521/736/600 523/742/606 731/737/601
f 732/739/603 517/749/613 520/740/604
f 519/744/608 522/751/614 730/745/609
f 518/747/611 519/744/608 733/746/610
f 729/750/605 520/988/604 518/747/611
f 522/751/614 521/736/600 734/738/602
f 528/596/487 530/706/477 402/752/615
f 531/705/577 524/617/506 397/753/616
f 525/619/508 529/594/485 414/634/520
f 415/590/481 527/621/510 531/705/577
f 526/588/479 527/621/510 415/590/481
f 397/753/616 524/617/506 525/619/508
f 414/634/520 529/594/485 528/596/487
f 402/755/615 530/586/477 526/588/479
f 533/726/595 541/976/774 542/756/618
f 545/757/619 544/977/775 536/728/597
f 542/756/618 546/781/638 538/759/621
f 548/760/622 515/784/639 532/724/594
f 513/762/585 537/758/620 536/728/597
f 533/726/595 534/720/590 510/722/592
f 535/763/624 540/761/623 516/723/593
f 514/721/591 538/759/621 537/765/620
f 556/767/625 539/770/628 694/768/626
f 539/770/628 549/789/643 691/771/629
f 692/772/630 552/1024/640 551/773/631
f 693/775/633 554/786/641 553/776/634
f 543/778/636 548/760/622 540/761/623
f 545/779/619 567/819/663 566/780/637
f 536/728/597 544/977/775 543/782/636
f 515/784/639 541/976/774 533/726/595
f 552/785/640 553/776/634 554/786/641
f 551/788/631 552/785/640 555/787/642
f 539/770/628 556/767/625 555/787/642
f 555/787/642 554/786/641 550/790/644
f 550/790/644 554/786/641 693/775/633
f 553/792/634 552/1024/640 692/772/630
f 691/771/629 549/789/643 550/790/644
f 689/794/632 551/788/631 556/767/625
f 718/795/646 557/969/657 562/796/647
f 720/798/649 560/970/772 563/799/650
f 559/801/652 547/971/773 713/802/653
f 717/800/651 563/799/650 558/804/655
f 558/804/655 559/972/652 719/806/654
f 713/802/653 547/971/773 557/807/657
f 561/809/658 560/970/772 720/798/649
f 716/797/648 562/796/647 561/809/658
f 568/811/660 569/826/664 565/812/661
f 537/758/620 565/818/661 567/814/663
f 566/780/637 564/813/662 538/759/621
f 538/759/621 564/813/662 565/812/661
f 569/815/664 573/1025/669 575/816/665
f 569/815/664 571/817/666 567/814/663
f 566/780/637 570/820/667 568/811/660
f 567/819/663 571/825/666 570/820/667
f 574/821/668 575/824/665 573/822/669
f 574/821/668 572/823/670 568/811/660
f 575/824/665 574/821/668 570/820/667
f 568/811/660 572/823/670 573/822/669
f 463/688/561 582/687/560 576/827/671
f 488/691/563 576/827/671 580/828/672
f 461/678/557 581/1026/558 579/829/673
f 477/677/556 578/690/562 688/830/674
f 602/831/309 601/854/691 586/832/675
f 602/831/309 590/833/676 585/834/677
f 608/836/309 591/840/309 587/837/679
f 607/839/681 589/1027/701 591/840/309
f 599/841/682 593/858/694 594/842/309
f 598/844/683 600/843/309 594/842/309
f 669/846/309 597/850/309 596/847/685
f 668/849/687 595/1028/703 597/850/309
f 583/851/688 588/853/690 600/843/309
f 584/852/689 599/841/682 600/843/309
f 597/850/309 602/831/309 603/835/678
f 597/850/309 595/1028/703 601/854/691
f 591/840/309 589/1027/701 605/855/692
f 591/840/309 606/856/309 604/857/693
f 593/858/694 607/839/681 608/836/309
f 594/842/309 608/836/309 609/838/680
f 584/859/689 588/947/690 615/860/695
f 586/862/675 601/879/691 624/863/697
f 670/865/686 672/881/708 626/866/699
f 607/868/681 628/872/702 616/869/700
f 593/871/694 619/905/731 628/872/702
f 595/873/703 668/964/687 671/874/704
f 598/876/683 592/963/684 618/877/706
f 595/873/703 620/875/705 624/863/697
f 596/880/685 621/883/709 672/881/708
f 603/882/678 625/899/725 621/883/709
f 614/884/710 626/866/699 645/885/711
f 614/884/710 634/886/712 648/887/713
f 618/877/706 637/902/728 641/889/715
f 623/890/716 611/861/696 631/891/717
f 628/872/702 647/913/738 635/893/719
f 620/875/705 639/931/756 643/894/720
f 613/864/698 633/907/733 636/895/721
f 622/878/707 641/889/715 630/897/723
f 625/899/725 612/911/737 632/900/726
f 629/888/714 648/887/713 637/902/728
f 672/881/708 621/883/709 640/903/729
f 619/905/731 623/890/716 642/892/718
f 624/863/697 643/894/720 633/907/733
f 616/869/700 635/893/719 646/908/734
f 627/909/735 646/908/734 673/910/736
f 612/911/737 617/962/722 636/912/721
f 628/872/702 619/905/731 638/906/732
f 621/883/709 625/899/725 644/901/727
f 674/904/730 640/903/729 659/914/739
f 638/906/732 642/892/718 661/916/741
f 633/907/733 643/894/720 662/918/743
f 646/908/734 635/893/719 654/920/745
f 646/908/734 665/921/746 675/922/747
f 632/900/726 636/912/721 655/923/748
f 638/906/732 657/917/742 666/925/750
f 640/903/729 644/901/727 663/926/751
f 645/885/711 664/940/764 653/927/752
f 634/886/712 653/927/752 667/928/753
f 637/902/728 656/934/758 660/929/754
f 642/892/718 631/891/717 650/930/755
f 635/893/719 647/913/738 666/925/750
f 639/931/756 658/941/765 662/918/743
f 636/895/721 633/907/733 652/919/744
f 641/889/715 660/929/754 649/933/757
f 644/901/727 632/900/726 651/924/749
f 648/887/713 667/928/753 656/934/758
f 680/935/759 683/937/761 663/926/751
f 677/936/760 678/938/762 652/919/744
f 683/937/761 684/946/770 659/914/739
f 678/938/762 679/951/766 655/932/748
f 676/915/740 685/957/771 686/939/763
f 658/941/765 682/943/767 677/936/760
f 679/942/766 680/935/759 651/924/749
f 675/922/747 681/945/769 682/943/767
f 664/940/764 686/939/763 687/944/768
f 630/897/723 649/933/757 650/930/755
f 661/916/741 660/929/754 656/934/758
f 667/928/753 666/925/750 657/917/742
f 666/925/750 667/928/753 653/927/752
f 665/921/746 654/920/745 653/927/752
f 665/921/746 687/944/768 681/945/769
f 684/946/770 685/957/771 676/915/740
f 673/910/736 675/922/747 658/941/765
f 645/885/711 674/904/730 676/915/740
f 671/874/704 673/910/736 639/931/756
f 626/866/699 672/881/708 674/904/730
f 588/947/690 583/959/688 610/898/724
f 606/856/309 605/855/692 668/849/687
f 606/856/309 669/846/309 670/848/686
f 582/948/560 678/938/762 677/936/760
f 580/952/672 682/943/767 681/945/769
f 581/954/558 684/946/770 683/937/761
f 576/949/671 677/936/760 682/943/767
f 579/955/673 683/937/761 680/935/759
f 688/956/674 686/939/763 685/957/771
f 578/953/562 681/945/769 687/944/768
f 577/958/550 685/957/771 684/946/770
f 583/959/688 598/876/683 622/878/707
f 585/960/677 612/911/737 625/899/725
f 609/961/680 587/967/679 614/884/710
f 585/960/677 590/1029/676 617/962/722
f 592/963/684 609/961/680 629/888/714
f 668/964/687 605/966/692 627/909/735
f 599/965/682 623/890/716 619/905/731
f 605/966/692 589/870/701 616/869/700
f 604/867/693 626/866/699 614/884/710
f 590/968/676 586/862/675 613/864/698
f 599/965/682 584/859/689 611/861/696
f 660/929/754 661/916/741 650/930/755
f 557/969/657 689/794/632 695/769/627
f 560/970/772 691/771/629 696/791/645
f 690/793/635 692/772/630 547/971/773
f 696/791/645 693/775/633 558/804/655
f 693/775/633 690/777/635 559/972/652
f 547/971/773 692/772/630 689/774/632
f 694/768/626 691/771/629 560/970/772
f 562/796/647 695/769/627 694/768/626
f 196/330/283 201/329/282 703/303/261
f 199/333/286 202/332/285 704/324/278
f 186/342/293 700/306/264 698/326/279
f 197/338/291 701/309/267 704/324/278
f 198/973/288 698/1010/279 701/309/267
f 186/342/293 196/341/283 697/974/280
f 199/333/286 699/304/262 702/301/259
f 201/329/282 200/343/294 702/301/259
f 187/295/257 154/318/274 707/344/295
f 180/291/253 712/331/284 707/344/295
f 183/317/273 182/316/270 710/975/281
f 184/313/254 711/339/289 706/340/292
f 181/290/252 185/351/300 706/340/292
f 183/317/273 705/334/287 711/336/289
f 180/291/253 181/290/252 709/337/290
f 182/312/270 187/295/257 708/345/296
f 548/760/622 716/797/648 715/810/659
f 715/810/659 720/798/649 541/976/774
f 544/977/775 713/802/653 718/808/646
f 714/805/656 719/806/654 545/779/619
f 542/756/618 717/800/651 714/805/656
f 719/803/654 713/802/653 544/977/775
f 541/976/774 720/798/649 717/800/651
f 543/778/636 718/795/646 716/797/648
f 140/248/220 727/273/237 723/279/243
f 143/253/224 142/249/221 721/283/247
f 147/228/201 726/281/245 721/283/247
f 139/227/200 723/279/243 726/281/245
f 143/978/224 722/1008/248 725/274/238
f 141/224/197 724/271/235 727/273/237
f 730/745/609 734/738/602 501/979/776
f 504/980/777 729/750/605 728/748/612
f 728/748/612 733/746/610 508/982/779
f 733/746/610 730/745/609 500/701/573
f 732/739/603 729/741/605 504/983/777
f 734/738/602 731/737/601 502/697/569
f 410/631/517 743/603/494 746/597/488
f 737/148/136 745/606/496 447/607/497
f 745/606/496 744/601/492 412/613/503
f 742/604/491 743/603/494 410/631/517
f 744/601/492 742/600/491 411/984/500
f 746/597/488 735/598/489 409/985/780
f 57/144/132 91/125/116 741/105/98
f 90/117/109 740/115/107 737/148/136
f 59/123/114 739/110/103 740/115/107
f 57/144/132 738/111/104 736/113/101
f 58/986/112 736/108/101 739/110/103
f 409/985/780 735/598/489 741/105/98
f 751/146/134 758/609/499 443/589/480
f 754/611/501 757/616/505 444/592/483
f 757/616/505 749/124/115 399/987/781
f 755/608/498 756/614/502 402/755/615
f 756/612/502 754/611/501 403/633/519
f 758/609/499 755/608/498 401/754/617
f 86/97/90 753/118/110 751/146/134
f 87/100/93 752/126/117 747/119/111
f 399/987/781 749/124/115 752/126/117
f 52/289/250 750/122/113 748/116/108
f 53/150/137 747/119/111 750/121/113
f 51/288/251 748/116/108 753/118/110
f 160/272/236 162/277/241 766/266/232
f 159/275/239 764/268/212 759/269/233
f 162/277/241 146/278/242 762/243/215
f 161/286/249 765/239/211 760/246/218
f 158/280/244 760/246/218 763/247/219
f 146/278/242 156/276/240 759/269/233
f 159/285/239 157/282/246 763/247/219
f 160/272/236 761/237/209 765/239/211
f 521/736/600 769/708/579 774/732/599
f 767/715/586 772/734/581 520/740/604
f 523/742/606 774/732/599 770/713/584
f 768/716/587 773/709/580 522/751/614
f 771/712/583 768/716/587 519/744/608
f 507/743/607 770/713/584 767/715/586
f 520/988/604 772/710/581 771/712/583
f 773/709/580 769/708/579 521/736/600
f 134/95/88 133/94/87 782/250/222
f 136/104/97 135/103/96 781/222/195
f 138/232/205 776/226/199 782/250/222
f 131/129/120 132/128/119 779/225/198
f 131/129/120 778/229/202 777/230/203
f 138/232/205 130/231/204 777/230/203
f 136/104/97 775/223/196 779/225/198
f 134/989/88 780/220/193 781/222/195
f 495/990/782 788/719/567 790/718/589
f 497/991/783 783/698/570 789/696/568
f 790/718/589 784/700/572 499/992/784
f 492/993/785 786/703/575 787/699/571
f 785/702/574 786/703/575 492/993/785
f 499/992/784 784/700/572 785/702/574
f 787/699/571 783/698/570 497/991/783
f 789/696/568 788/695/567 495/994/782
f 122/173/153 797/171/151 792/189/169
f 112/180/160 795/187/167 791/209/149
f 113/133/124 794/191/171 793/208/183
f 95/218/191 792/189/169 794/191/171
f 123/177/157 97/176/156 793/995/183
f 94/996/184 791/169/149 797/171/151
f 799/666/547 804/647/528 483/648/529
f 798/683/527 802/662/543 472/685/559
f 800/682/542 801/667/548 473/622/511
f 801/667/548 799/666/547 454/693/565
f 484/692/564 803/660/541 800/661/542
f 804/647/528 798/646/527 453/998/786
