# Blender 4.3.2
# www.blender.org
mtllib wall.mtl
o wall
v 0.500000 0.300000 -0.000000
v 0.500000 0.300000 -0.150000
v 0.500000 -0.300000 0.000000
v 0.500000 0.250000 -0.200000
v 0.500000 0.250000 -0.600000
v 0.500000 0.250000 -1.000000
v 0.500000 -0.250000 -0.200000
v 0.500000 -0.300000 -0.150000
v 0.500000 -0.250000 -1.000000
v -0.500000 -0.250000 -1.000000
v -0.500000 0.250000 -1.000000
v -0.500000 -0.250000 -0.200000
v -0.500000 -0.300000 0.000000
v -0.500000 -0.300000 -0.150000
v -0.500000 0.250000 -0.600000
v -0.500000 0.250000 -0.200000
v -0.500000 0.300000 -0.000000
v -0.500000 0.300000 -0.150000
v 1.500000 0.300000 -0.000000
v 1.500000 0.300000 -0.150000
v 1.500000 -0.300000 0.000000
v 1.500000 0.250000 -0.200000
v 1.500000 0.250000 -0.600000
v 1.500000 0.250000 -1.000000
v 1.500000 -0.250000 -0.200000
v 1.500000 -0.300000 -0.150000
v 1.500000 -0.250000 -1.000000
v 0.500000 -0.250000 -1.000000
v 0.500000 0.250000 -1.000000
v 0.500000 -0.250000 -0.200000
v 0.500000 -0.300000 0.000000
v 0.500000 -0.300000 -0.150000
v 0.500000 0.250000 -0.600000
v 0.500000 0.250000 -0.200000
v 0.500000 0.300000 -0.000000
v 0.500000 0.300000 -0.150000
v 2.500000 0.300000 -0.000000
v 2.500000 0.300000 -0.150000
v 2.500000 -0.300000 0.000000
v 2.500000 0.250000 -0.200000
v 2.500000 0.250000 -0.600000
v 2.500000 0.250000 -1.000000
v 2.500000 -0.250000 -0.200000
v 2.500000 -0.300000 -0.150000
v 2.500000 -0.250000 -1.000000
v 1.500000 -0.250000 -1.000000
v 1.500000 0.250000 -1.000000
v 1.500000 -0.250000 -0.200000
v 1.500000 -0.300000 0.000000
v 1.500000 -0.300000 -0.150000
v 1.500000 0.250000 -0.600000
v 1.500000 0.250000 -0.200000
v 1.500000 0.300000 -0.000000
v 1.500000 0.300000 -0.150000
v 3.500000 0.300000 -0.000000
v 3.500000 0.300000 -0.150000
v 3.500000 -0.300000 0.000000
v 3.500000 0.250000 -0.200000
v 3.500000 0.250000 -0.600000
v 3.500000 0.250000 -1.000000
v 3.500000 -0.250000 -0.200000
v 3.500000 -0.300000 -0.150000
v 3.500000 -0.250000 -1.000000
v 2.500000 -0.250000 -1.000000
v 2.500000 0.250000 -1.000000
v 2.500000 -0.250000 -0.200000
v 2.500000 -0.300000 0.000000
v 2.500000 -0.300000 -0.150000
v 2.500000 0.250000 -0.600000
v 2.500000 0.250000 -0.200000
v 2.500000 0.300000 -0.000000
v 2.500000 0.300000 -0.150000
v 4.500000 0.300000 -0.000000
v 4.500000 0.300000 -0.150000
v 4.500000 -0.300000 0.000000
v 4.500000 0.250000 -0.200000
v 4.500000 0.250000 -0.600000
v 4.500000 0.250000 -1.000000
v 4.500000 -0.250000 -0.200000
v 4.500000 -0.300000 -0.150000
v 4.500000 -0.250000 -1.000000
v 3.500000 -0.250000 -1.000000
v 3.500000 0.250000 -1.000000
v 3.500000 -0.250000 -0.200000
v 3.500000 -0.300000 0.000000
v 3.500000 -0.300000 -0.150000
v 3.500000 0.250000 -0.600000
v 3.500000 0.250000 -0.200000
v 3.500000 0.300000 -0.000000
v 3.500000 0.300000 -0.150000
v 5.500000 0.300000 -0.000000
v 5.500000 0.300000 -0.150000
v 5.500000 -0.300000 0.000000
v 5.500000 0.250000 -0.200000
v 5.500000 0.250000 -0.600000
v 5.500000 0.250000 -1.000000
v 5.500000 -0.250000 -0.200000
v 5.500000 -0.300000 -0.150000
v 5.500000 -0.250000 -1.000000
v 4.500000 -0.250000 -1.000000
v 4.500000 0.250000 -1.000000
v 4.500000 -0.250000 -0.200000
v 4.500000 -0.300000 0.000000
v 4.500000 -0.300000 -0.150000
v 4.500000 0.250000 -0.600000
v 4.500000 0.250000 -0.200000
v 4.500000 0.300000 -0.000000
v 4.500000 0.300000 -0.150000
v 6.500000 0.300000 -0.000000
v 6.500000 0.300000 -0.150000
v 6.500000 -0.300000 0.000000
v 6.500000 0.250000 -0.200000
v 6.500000 0.250000 -0.600000
v 6.500000 0.250000 -1.000000
v 6.500000 -0.250000 -0.200000
v 6.500000 -0.300000 -0.150000
v 6.500000 -0.250000 -1.000000
v 5.500000 -0.250000 -1.000000
v 5.500000 0.250000 -1.000000
v 5.500000 -0.250000 -0.200000
v 5.500000 -0.300000 0.000000
v 5.500000 -0.300000 -0.150000
v 5.500000 0.250000 -0.600000
v 5.500000 0.250000 -0.200000
v 5.500000 0.300000 -0.000000
v 5.500000 0.300000 -0.150000
v 7.500000 0.300000 -0.000000
v 7.500000 0.300000 -0.150000
v 7.500000 -0.300000 0.000000
v 7.500000 0.250000 -0.200000
v 7.500000 0.250000 -0.600000
v 7.500000 0.250000 -1.000000
v 7.500000 -0.250000 -0.200000
v 7.500000 -0.300000 -0.150000
v 7.500000 -0.250000 -1.000000
v 6.500000 -0.250000 -1.000000
v 6.500000 0.250000 -1.000000
v 6.500000 -0.250000 -0.200000
v 6.500000 -0.300000 0.000000
v 6.500000 -0.300000 -0.150000
v 6.500000 0.250000 -0.600000
v 6.500000 0.250000 -0.200000
v 6.500000 0.300000 -0.000000
v 6.500000 0.300000 -0.150000
v 8.500000 0.300000 -0.000000
v 8.500000 0.300000 -0.150000
v 8.500000 -0.300000 0.000000
v 8.500000 0.250000 -0.200000
v 8.500000 0.250000 -0.600000
v 8.500000 0.250000 -1.000000
v 8.500000 -0.250000 -0.200000
v 8.500000 -0.300000 -0.150000
v 8.500000 -0.250000 -1.000000
v 7.500000 -0.250000 -1.000000
v 7.500000 0.250000 -1.000000
v 7.500000 -0.250000 -0.200000
v 7.500000 -0.300000 0.000000
v 7.500000 -0.300000 -0.150000
v 7.500000 0.250000 -0.600000
v 7.500000 0.250000 -0.200000
v 7.500000 0.300000 -0.000000
v 7.500000 0.300000 -0.150000
v 9.500000 0.300000 -0.000000
v 9.500000 0.300000 -0.150000
v 9.500000 -0.300000 0.000000
v 9.500000 0.250000 -0.200000
v 9.500000 0.250000 -0.600000
v 9.500000 0.250000 -1.000000
v 9.500000 -0.250000 -0.200000
v 9.500000 -0.300000 -0.150000
v 9.500000 -0.250000 -1.000000
v 8.500000 -0.250000 -1.000000
v 8.500000 0.250000 -1.000000
v 8.500000 -0.250000 -0.200000
v 8.500000 -0.300000 0.000000
v 8.500000 -0.300000 -0.150000
v 8.500000 0.250000 -0.600000
v 8.500000 0.250000 -0.200000
v 8.500000 0.300000 -0.000000
v 8.500000 0.300000 -0.150000
v 10.500000 0.300000 -0.000000
v 10.500000 0.300000 -0.150000
v 10.500000 -0.300000 0.000000
v 10.500000 0.250000 -0.200000
v 10.500000 0.250000 -0.600000
v 10.500000 0.250000 -1.000000
v 10.500000 -0.250000 -0.200000
v 10.500000 -0.300000 -0.150000
v 10.500000 -0.250000 -1.000000
v 9.500000 -0.250000 -1.000000
v 9.500000 0.250000 -1.000000
v 9.500000 -0.250000 -0.200000
v 9.500000 -0.300000 0.000000
v 9.500000 -0.300000 -0.150000
v 9.500000 0.250000 -0.600000
v 9.500000 0.250000 -0.200000
v 9.500000 0.300000 -0.000000
v 9.500000 0.300000 -0.150000
v 11.500000 0.300000 -0.000000
v 11.500000 0.300000 -0.150000
v 11.500000 -0.300000 0.000000
v 11.500000 0.250000 -0.200000
v 11.500000 0.250000 -0.600000
v 11.500000 0.250000 -1.000000
v 11.500000 -0.250000 -0.200000
v 11.500000 -0.300000 -0.150000
v 11.500000 -0.250000 -1.000000
v 10.500000 -0.250000 -1.000000
v 10.500000 0.250000 -1.000000
v 10.500000 -0.250000 -0.200000
v 10.500000 -0.300000 0.000000
v 10.500000 -0.300000 -0.150000
v 10.500000 0.250000 -0.600000
v 10.500000 0.250000 -0.200000
v 10.500000 0.300000 -0.000000
v 10.500000 0.300000 -0.150000
v 12.500000 0.300000 -0.000000
v 12.500000 0.300000 -0.150000
v 12.500000 -0.300000 0.000000
v 12.500000 0.250000 -0.200000
v 12.500000 0.250000 -0.600000
v 12.500000 0.250000 -1.000000
v 12.500000 -0.250000 -0.200000
v 12.500000 -0.300000 -0.150000
v 12.500000 -0.250000 -1.000000
v 11.500000 -0.250000 -1.000000
v 11.500000 0.250000 -1.000000
v 11.500000 -0.250000 -0.200000
v 11.500000 -0.300000 0.000000
v 11.500000 -0.300000 -0.150000
v 11.500000 0.250000 -0.600000
v 11.500000 0.250000 -0.200000
v 11.500000 0.300000 -0.000000
v 11.500000 0.300000 -0.150000
v 13.500000 0.300000 -0.000000
v 13.500000 0.300000 -0.150000
v 13.500000 -0.300000 0.000000
v 13.500000 0.250000 -0.200000
v 13.500000 0.250000 -0.600000
v 13.500000 0.250000 -1.000000
v 13.500000 -0.250000 -0.200000
v 13.500000 -0.300000 -0.150000
v 13.500000 -0.250000 -1.000000
v 12.500000 -0.250000 -1.000000
v 12.500000 0.250000 -1.000000
v 12.500000 -0.250000 -0.200000
v 12.500000 -0.300000 0.000000
v 12.500000 -0.300000 -0.150000
v 12.500000 0.250000 -0.600000
v 12.500000 0.250000 -0.200000
v 12.500000 0.300000 -0.000000
v 12.500000 0.300000 -0.150000
v 14.500000 0.300000 -0.000000
v 14.500000 0.300000 -0.150000
v 14.500000 -0.300000 0.000000
v 14.500000 0.250000 -0.200000
v 14.500000 0.250000 -0.600000
v 14.500000 0.250000 -1.000000
v 14.500000 -0.250000 -0.200000
v 14.500000 -0.300000 -0.150000
v 14.500000 -0.250000 -1.000000
v 13.500000 -0.250000 -1.000000
v 13.500000 0.250000 -1.000000
v 13.500000 -0.250000 -0.200000
v 13.500000 -0.300000 0.000000
v 13.500000 -0.300000 -0.150000
v 13.500000 0.250000 -0.600000
v 13.500000 0.250000 -0.200000
v 13.500000 0.300000 -0.000000
v 13.500000 0.300000 -0.150000
v 15.500000 0.300000 -0.000000
v 15.500000 0.300000 -0.150000
v 15.500000 -0.300000 0.000000
v 15.500000 0.250000 -0.200000
v 15.500000 0.250000 -0.600000
v 15.500000 0.250000 -1.000000
v 15.500000 -0.250000 -0.200000
v 15.500000 -0.300000 -0.150000
v 15.500000 -0.250000 -1.000000
v 14.500000 -0.250000 -1.000000
v 14.500000 0.250000 -1.000000
v 14.500000 -0.250000 -0.200000
v 14.500000 -0.300000 0.000000
v 14.500000 -0.300000 -0.150000
v 14.500000 0.250000 -0.600000
v 14.500000 0.250000 -0.200000
v 14.500000 0.300000 -0.000000
v 14.500000 0.300000 -0.150000
v 16.500000 0.300000 -0.000000
v 16.500000 0.300000 -0.150000
v 16.500000 -0.300000 0.000000
v 16.500000 0.250000 -0.200000
v 16.500000 0.250000 -0.600000
v 16.500000 0.250000 -1.000000
v 16.500000 -0.250000 -0.200000
v 16.500000 -0.300000 -0.150000
v 16.500000 -0.250000 -1.000000
v 15.500000 -0.250000 -1.000000
v 15.500000 0.250000 -1.000000
v 15.500000 -0.250000 -0.200000
v 15.500000 -0.300000 0.000000
v 15.500000 -0.300000 -0.150000
v 15.500000 0.250000 -0.600000
v 15.500000 0.250000 -0.200000
v 15.500000 0.300000 -0.000000
v 15.500000 0.300000 -0.150000
v 17.500000 0.300000 -0.000000
v 17.500000 0.300000 -0.150000
v 17.500000 -0.300000 0.000000
v 17.500000 0.250000 -0.200000
v 17.500000 0.250000 -0.600000
v 17.500000 0.250000 -1.000000
v 17.500000 -0.250000 -0.200000
v 17.500000 -0.300000 -0.150000
v 17.500000 -0.250000 -1.000000
v 16.500000 -0.250000 -1.000000
v 16.500000 0.250000 -1.000000
v 16.500000 -0.250000 -0.200000
v 16.500000 -0.300000 0.000000
v 16.500000 -0.300000 -0.150000
v 16.500000 0.250000 -0.600000
v 16.500000 0.250000 -0.200000
v 16.500000 0.300000 -0.000000
v 16.500000 0.300000 -0.150000
v 18.500000 0.300000 -0.000000
v 18.500000 0.300000 -0.150000
v 18.500000 -0.300000 0.000000
v 18.500000 0.250000 -0.200000
v 18.500000 0.250000 -0.600000
v 18.500000 0.250000 -1.000000
v 18.500000 -0.250000 -0.200000
v 18.500000 -0.300000 -0.150000
v 18.500000 -0.250000 -1.000000
v 17.500000 -0.250000 -1.000000
v 17.500000 0.250000 -1.000000
v 17.500000 -0.250000 -0.200000
v 17.500000 -0.300000 0.000000
v 17.500000 -0.300000 -0.150000
v 17.500000 0.250000 -0.600000
v 17.500000 0.250000 -0.200000
v 17.500000 0.300000 -0.000000
v 17.500000 0.300000 -0.150000
v 19.500000 0.300000 -0.000000
v 19.500000 0.300000 -0.150000
v 19.500000 -0.300000 0.000000
v 19.500000 0.250000 -0.200000
v 19.500000 0.250000 -0.600000
v 19.500000 0.250000 -1.000000
v 19.500000 -0.250000 -0.200000
v 19.500000 -0.300000 -0.150000
v 19.500000 -0.250000 -1.000000
v 18.500000 -0.250000 -1.000000
v 18.500000 0.250000 -1.000000
v 18.500000 -0.250000 -0.200000
v 18.500000 -0.300000 0.000000
v 18.500000 -0.300000 -0.150000
v 18.500000 0.250000 -0.600000
v 18.500000 0.250000 -0.200000
v 18.500000 0.300000 -0.000000
v 18.500000 0.300000 -0.150000
v 20.500000 0.300000 -0.000000
v 20.500000 0.300000 -0.150000
v 20.500000 -0.300000 0.000000
v 20.500000 0.250000 -0.200000
v 20.500000 0.250000 -0.600000
v 20.500000 0.250000 -1.000000
v 20.500000 -0.250000 -0.200000
v 20.500000 -0.300000 -0.150000
v 20.500000 -0.250000 -1.000000
v 19.500000 -0.250000 -1.000000
v 19.500000 0.250000 -1.000000
v 19.500000 -0.250000 -0.200000
v 19.500000 -0.300000 0.000000
v 19.500000 -0.300000 -0.150000
v 19.500000 0.250000 -0.600000
v 19.500000 0.250000 -0.200000
v 19.500000 0.300000 -0.000000
v 19.500000 0.300000 -0.150000
v 21.500000 0.300000 -0.000000
v 21.500000 0.300000 -0.150000
v 21.500000 -0.300000 0.000000
v 21.500000 0.250000 -0.200000
v 21.500000 0.250000 -0.600000
v 21.500000 0.250000 -1.000000
v 21.500000 -0.250000 -0.200000
v 21.500000 -0.300000 -0.150000
v 21.500000 -0.250000 -1.000000
v 20.500000 -0.250000 -1.000000
v 20.500000 0.250000 -1.000000
v 20.500000 -0.250000 -0.200000
v 20.500000 -0.300000 0.000000
v 20.500000 -0.300000 -0.150000
v 20.500000 0.250000 -0.600000
v 20.500000 0.250000 -0.200000
v 20.500000 0.300000 -0.000000
v 20.500000 0.300000 -0.150000
v 22.500000 0.300000 -0.000000
v 22.500000 0.300000 -0.150000
v 22.500000 -0.300000 0.000000
v 22.500000 0.250000 -0.200000
v 22.500000 0.250000 -0.600000
v 22.500000 0.250000 -1.000000
v 22.500000 -0.250000 -0.200000
v 22.500000 -0.300000 -0.150000
v 22.500000 -0.250000 -1.000000
v 21.500000 -0.250000 -1.000000
v 21.500000 0.250000 -1.000000
v 21.500000 -0.250000 -0.200000
v 21.500000 -0.300000 0.000000
v 21.500000 -0.300000 -0.150000
v 21.500000 0.250000 -0.600000
v 21.500000 0.250000 -0.200000
v 21.500000 0.300000 -0.000000
v 21.500000 0.300000 -0.150000
v 23.500000 0.300000 -0.000000
v 23.500000 0.300000 -0.150000
v 23.500000 -0.300000 0.000000
v 23.500000 0.250000 -0.200000
v 23.500000 0.250000 -0.600000
v 23.500000 0.250000 -1.000000
v 23.500000 -0.250000 -0.200000
v 23.500000 -0.300000 -0.150000
v 23.500000 -0.250000 -1.000000
v 22.500000 -0.250000 -1.000000
v 22.500000 0.250000 -1.000000
v 22.500000 -0.250000 -0.200000
v 22.500000 -0.300000 0.000000
v 22.500000 -0.300000 -0.150000
v 22.500000 0.250000 -0.600000
v 22.500000 0.250000 -0.200000
v 22.500000 0.300000 -0.000000
v 22.500000 0.300000 -0.150000
v 24.500000 0.300000 -0.000000
v 24.500000 0.300000 -0.150000
v 24.500000 -0.300000 0.000000
v 24.500000 0.250000 -0.200000
v 24.500000 0.250000 -0.600000
v 24.500000 0.250000 -1.000000
v 24.500000 -0.250000 -0.200000
v 24.500000 -0.300000 -0.150000
v 24.500000 -0.250000 -1.000000
v 23.500000 -0.250000 -1.000000
v 23.500000 0.250000 -1.000000
v 23.500000 -0.250000 -0.200000
v 23.500000 -0.300000 0.000000
v 23.500000 -0.300000 -0.150000
v 23.500000 0.250000 -0.600000
v 23.500000 0.250000 -0.200000
v 23.500000 0.300000 -0.000000
v 23.500000 0.300000 -0.150000
v 25.500000 0.300000 -0.000000
v 25.500000 0.300000 -0.150000
v 25.500000 -0.300000 0.000000
v 25.500000 0.250000 -0.200000
v 25.500000 0.250000 -0.600000
v 25.500000 0.250000 -1.000000
v 25.500000 -0.250000 -0.200000
v 25.500000 -0.300000 -0.150000
v 25.500000 -0.250000 -1.000000
v 24.500000 -0.250000 -1.000000
v 24.500000 0.250000 -1.000000
v 24.500000 -0.250000 -0.200000
v 24.500000 -0.300000 0.000000
v 24.500000 -0.300000 -0.150000
v 24.500000 0.250000 -0.600000
v 24.500000 0.250000 -0.200000
v 24.500000 0.300000 -0.000000
v 24.500000 0.300000 -0.150000
v 26.500000 0.300000 -0.000000
v 26.500000 0.300000 -0.150000
v 26.500000 -0.300000 0.000000
v 26.500000 0.250000 -0.200000
v 26.500000 0.250000 -0.600000
v 26.500000 0.250000 -1.000000
v 26.500000 -0.250000 -0.200000
v 26.500000 -0.300000 -0.150000
v 26.500000 -0.250000 -1.000000
v 25.500000 -0.250000 -1.000000
v 25.500000 0.250000 -1.000000
v 25.500000 -0.250000 -0.200000
v 25.500000 -0.300000 0.000000
v 25.500000 -0.300000 -0.150000
v 25.500000 0.250000 -0.600000
v 25.500000 0.250000 -0.200000
v 25.500000 0.300000 -0.000000
v 25.500000 0.300000 -0.150000
v 27.500000 0.300000 -0.000000
v 27.500000 0.300000 -0.150000
v 27.500000 -0.300000 0.000000
v 27.500000 0.250000 -0.200000
v 27.500000 0.250000 -0.600000
v 27.500000 0.250000 -1.000000
v 27.500000 -0.250000 -0.200000
v 27.500000 -0.300000 -0.150000
v 27.500000 -0.250000 -1.000000
v 26.500000 -0.250000 -1.000000
v 26.500000 0.250000 -1.000000
v 26.500000 -0.250000 -0.200000
v 26.500000 -0.300000 0.000000
v 26.500000 -0.300000 -0.150000
v 26.500000 0.250000 -0.600000
v 26.500000 0.250000 -0.200000
v 26.500000 0.300000 -0.000000
v 26.500000 0.300000 -0.150000
v 0.500000 0.300000 -1.000000
v 0.500000 0.300000 -1.150000
v 0.500000 -0.300000 -1.000000
v 0.500000 0.250000 -1.200000
v 0.500000 0.250000 -1.600000
v 0.500000 0.250000 -2.000000
v 0.500000 -0.250000 -1.200000
v 0.500000 -0.300000 -1.150000
v 0.500000 -0.250000 -2.000000
v -0.500000 -0.250000 -2.000000
v -0.500000 0.250000 -2.000000
v -0.500000 -0.250000 -1.200000
v -0.500000 -0.300000 -1.000000
v -0.500000 -0.300000 -1.150000
v -0.500000 0.250000 -1.600000
v -0.500000 0.250000 -1.200000
v -0.500000 0.300000 -1.000000
v -0.500000 0.300000 -1.150000
v 1.500000 0.300000 -1.000000
v 1.500000 0.300000 -1.150000
v 1.500000 -0.300000 -1.000000
v 1.500000 0.250000 -1.200000
v 1.500000 0.250000 -1.600000
v 1.500000 0.250000 -2.000000
v 1.500000 -0.250000 -1.200000
v 1.500000 -0.300000 -1.150000
v 1.500000 -0.250000 -2.000000
v 0.500000 -0.250000 -2.000000
v 0.500000 0.250000 -2.000000
v 0.500000 -0.250000 -1.200000
v 0.500000 -0.300000 -1.000000
v 0.500000 -0.300000 -1.150000
v 0.500000 0.250000 -1.600000
v 0.500000 0.250000 -1.200000
v 0.500000 0.300000 -1.000000
v 0.500000 0.300000 -1.150000
v 2.500000 0.300000 -1.000000
v 2.500000 0.300000 -1.150000
v 2.500000 -0.300000 -1.000000
v 2.500000 0.250000 -1.200000
v 2.500000 0.250000 -1.600000
v 2.500000 0.250000 -2.000000
v 2.500000 -0.250000 -1.200000
v 2.500000 -0.300000 -1.150000
v 2.500000 -0.250000 -2.000000
v 1.500000 -0.250000 -2.000000
v 1.500000 0.250000 -2.000000
v 1.500000 -0.250000 -1.200000
v 1.500000 -0.300000 -1.000000
v 1.500000 -0.300000 -1.150000
v 1.500000 0.250000 -1.600000
v 1.500000 0.250000 -1.200000
v 1.500000 0.300000 -1.000000
v 1.500000 0.300000 -1.150000
v 3.500000 0.300000 -1.000000
v 3.500000 0.300000 -1.150000
v 3.500000 -0.300000 -1.000000
v 3.500000 0.250000 -1.200000
v 3.500000 0.250000 -1.600000
v 3.500000 0.250000 -2.000000
v 3.500000 -0.250000 -1.200000
v 3.500000 -0.300000 -1.150000
v 3.500000 -0.250000 -2.000000
v 2.500000 -0.250000 -2.000000
v 2.500000 0.250000 -2.000000
v 2.500000 -0.250000 -1.200000
v 2.500000 -0.300000 -1.000000
v 2.500000 -0.300000 -1.150000
v 2.500000 0.250000 -1.600000
v 2.500000 0.250000 -1.200000
v 2.500000 0.300000 -1.000000
v 2.500000 0.300000 -1.150000
v 4.500000 0.300000 -1.000000
v 4.500000 0.300000 -1.150000
v 4.500000 -0.300000 -1.000000
v 4.500000 0.250000 -1.200000
v 4.500000 0.250000 -1.600000
v 4.500000 0.250000 -2.000000
v 4.500000 -0.250000 -1.200000
v 4.500000 -0.300000 -1.150000
v 4.500000 -0.250000 -2.000000
v 3.500000 -0.250000 -2.000000
v 3.500000 0.250000 -2.000000
v 3.500000 -0.250000 -1.200000
v 3.500000 -0.300000 -1.000000
v 3.500000 -0.300000 -1.150000
v 3.500000 0.250000 -1.600000
v 3.500000 0.250000 -1.200000
v 3.500000 0.300000 -1.000000
v 3.500000 0.300000 -1.150000
v 5.500000 0.300000 -1.000000
v 5.500000 0.300000 -1.150000
v 5.500000 -0.300000 -1.000000
v 5.500000 0.250000 -1.200000
v 5.500000 0.250000 -1.600000
v 5.500000 0.250000 -2.000000
v 5.500000 -0.250000 -1.200000
v 5.500000 -0.300000 -1.150000
v 5.500000 -0.250000 -2.000000
v 4.500000 -0.250000 -2.000000
v 4.500000 0.250000 -2.000000
v 4.500000 -0.250000 -1.200000
v 4.500000 -0.300000 -1.000000
v 4.500000 -0.300000 -1.150000
v 4.500000 0.250000 -1.600000
v 4.500000 0.250000 -1.200000
v 4.500000 0.300000 -1.000000
v 4.500000 0.300000 -1.150000
v 6.500000 0.300000 -1.000000
v 6.500000 0.300000 -1.150000
v 6.500000 -0.300000 -1.000000
v 6.500000 0.250000 -1.200000
v 6.500000 0.250000 -1.600000
v 6.500000 0.250000 -2.000000
v 6.500000 -0.250000 -1.200000
v 6.500000 -0.300000 -1.150000
v 6.500000 -0.250000 -2.000000
v 5.500000 -0.250000 -2.000000
v 5.500000 0.250000 -2.000000
v 5.500000 -0.250000 -1.200000
v 5.500000 -0.300000 -1.000000
v 5.500000 -0.300000 -1.150000
v 5.500000 0.250000 -1.600000
v 5.500000 0.250000 -1.200000
v 5.500000 0.300000 -1.000000
v 5.500000 0.300000 -1.150000
v 7.500000 0.300000 -1.000000
v 7.500000 0.300000 -1.150000
v 7.500000 -0.300000 -1.000000
v 7.500000 0.250000 -1.200000
v 7.500000 0.250000 -1.600000
v 7.500000 0.250000 -2.000000
v 7.500000 -0.250000 -1.200000
v 7.500000 -0.300000 -1.150000
v 7.500000 -0.250000 -2.000000
v 6.500000 -0.250000 -2.000000
v 6.500000 0.250000 -2.000000
v 6.500000 -0.250000 -1.200000
v 6.500000 -0.300000 -1.000000
v 6.500000 -0.300000 -1.150000
v 6.500000 0.250000 -1.600000
v 6.500000 0.250000 -1.200000
v 6.500000 0.300000 -1.000000
v 6.500000 0.300000 -1.150000
v 8.500000 0.300000 -1.000000
v 8.500000 0.300000 -1.150000
v 8.500000 -0.300000 -1.000000
v 8.500000 0.250000 -1.200000
v 8.500000 0.250000 -1.600000
v 8.500000 0.250000 -2.000000
v 8.500000 -0.250000 -1.200000
v 8.500000 -0.300000 -1.150000
v 8.500000 -0.250000 -2.000000
v 7.500000 -0.250000 -2.000000
v 7.500000 0.250000 -2.000000
v 7.500000 -0.250000 -1.200000
v 7.500000 -0.300000 -1.000000
v 7.500000 -0.300000 -1.150000
v 7.500000 0.250000 -1.600000
v 7.500000 0.250000 -1.200000
v 7.500000 0.300000 -1.000000
v 7.500000 0.300000 -1.150000
v 9.500000 0.300000 -1.000000
v 9.500000 0.300000 -1.150000
v 9.500000 -0.300000 -1.000000
v 9.500000 0.250000 -1.200000
v 9.500000 0.250000 -1.600000
v 9.500000 0.250000 -2.000000
v 9.500000 -0.250000 -1.200000
v 9.500000 -0.300000 -1.150000
v 9.500000 -0.250000 -2.000000
v 8.500000 -0.250000 -2.000000
v 8.500000 0.250000 -2.000000
v 8.500000 -0.250000 -1.200000
v 8.500000 -0.300000 -1.000000
v 8.500000 -0.300000 -1.150000
v 8.500000 0.250000 -1.600000
v 8.500000 0.250000 -1.200000
v 8.500000 0.300000 -1.000000
v 8.500000 0.300000 -1.150000
v 10.500000 0.300000 -1.000000
v 10.500000 0.300000 -1.150000
v 10.500000 -0.300000 -1.000000
v 10.500000 0.250000 -1.200000
v 10.500000 0.250000 -1.600000
v 10.500000 0.250000 -2.000000
v 10.500000 -0.250000 -1.200000
v 10.500000 -0.300000 -1.150000
v 10.500000 -0.250000 -2.000000
v 9.500000 -0.250000 -2.000000
v 9.500000 0.250000 -2.000000
v 9.500000 -0.250000 -1.200000
v 9.500000 -0.300000 -1.000000
v 9.500000 -0.300000 -1.150000
v 9.500000 0.250000 -1.600000
v 9.500000 0.250000 -1.200000
v 9.500000 0.300000 -1.000000
v 9.500000 0.300000 -1.150000
v 11.500000 0.300000 -1.000000
v 11.500000 0.300000 -1.150000
v 11.500000 -0.300000 -1.000000
v 11.500000 0.250000 -1.200000
v 11.500000 0.250000 -1.600000
v 11.500000 0.250000 -2.000000
v 11.500000 -0.250000 -1.200000
v 11.500000 -0.300000 -1.150000
v 11.500000 -0.250000 -2.000000
v 10.500000 -0.250000 -2.000000
v 10.500000 0.250000 -2.000000
v 10.500000 -0.250000 -1.200000
v 10.500000 -0.300000 -1.000000
v 10.500000 -0.300000 -1.150000
v 10.500000 0.250000 -1.600000
v 10.500000 0.250000 -1.200000
v 10.500000 0.300000 -1.000000
v 10.500000 0.300000 -1.150000
v 12.500000 0.300000 -1.000000
v 12.500000 0.300000 -1.150000
v 12.500000 -0.300000 -1.000000
v 12.500000 0.250000 -1.200000
v 12.500000 0.250000 -1.600000
v 12.500000 0.250000 -2.000000
v 12.500000 -0.250000 -1.200000
v 12.500000 -0.300000 -1.150000
v 12.500000 -0.250000 -2.000000
v 11.500000 -0.250000 -2.000000
v 11.500000 0.250000 -2.000000
v 11.500000 -0.250000 -1.200000
v 11.500000 -0.300000 -1.000000
v 11.500000 -0.300000 -1.150000
v 11.500000 0.250000 -1.600000
v 11.500000 0.250000 -1.200000
v 11.500000 0.300000 -1.000000
v 11.500000 0.300000 -1.150000
v 13.500000 0.300000 -1.000000
v 13.500000 0.300000 -1.150000
v 13.500000 -0.300000 -1.000000
v 13.500000 0.250000 -1.200000
v 13.500000 0.250000 -1.600000
v 13.500000 0.250000 -2.000000
v 13.500000 -0.250000 -1.200000
v 13.500000 -0.300000 -1.150000
v 13.500000 -0.250000 -2.000000
v 12.500000 -0.250000 -2.000000
v 12.500000 0.250000 -2.000000
v 12.500000 -0.250000 -1.200000
v 12.500000 -0.300000 -1.000000
v 12.500000 -0.300000 -1.150000
v 12.500000 0.250000 -1.600000
v 12.500000 0.250000 -1.200000
v 12.500000 0.300000 -1.000000
v 12.500000 0.300000 -1.150000
v 14.500000 0.300000 -1.000000
v 14.500000 0.300000 -1.150000
v 14.500000 -0.300000 -1.000000
v 14.500000 0.250000 -1.200000
v 14.500000 0.250000 -1.600000
v 14.500000 0.250000 -2.000000
v 14.500000 -0.250000 -1.200000
v 14.500000 -0.300000 -1.150000
v 14.500000 -0.250000 -2.000000
v 13.500000 -0.250000 -2.000000
v 13.500000 0.250000 -2.000000
v 13.500000 -0.250000 -1.200000
v 13.500000 -0.300000 -1.000000
v 13.500000 -0.300000 -1.150000
v 13.500000 0.250000 -1.600000
v 13.500000 0.250000 -1.200000
v 13.500000 0.300000 -1.000000
v 13.500000 0.300000 -1.150000
v 15.500000 0.300000 -1.000000
v 15.500000 0.300000 -1.150000
v 15.500000 -0.300000 -1.000000
v 15.500000 0.250000 -1.200000
v 15.500000 0.250000 -1.600000
v 15.500000 0.250000 -2.000000
v 15.500000 -0.250000 -1.200000
v 15.500000 -0.300000 -1.150000
v 15.500000 -0.250000 -2.000000
v 14.500000 -0.250000 -2.000000
v 14.500000 0.250000 -2.000000
v 14.500000 -0.250000 -1.200000
v 14.500000 -0.300000 -1.000000
v 14.500000 -0.300000 -1.150000
v 14.500000 0.250000 -1.600000
v 14.500000 0.250000 -1.200000
v 14.500000 0.300000 -1.000000
v 14.500000 0.300000 -1.150000
v 16.500000 0.300000 -1.000000
v 16.500000 0.300000 -1.150000
v 16.500000 -0.300000 -1.000000
v 16.500000 0.250000 -1.200000
v 16.500000 0.250000 -1.600000
v 16.500000 0.250000 -2.000000
v 16.500000 -0.250000 -1.200000
v 16.500000 -0.300000 -1.150000
v 16.500000 -0.250000 -2.000000
v 15.500000 -0.250000 -2.000000
v 15.500000 0.250000 -2.000000
v 15.500000 -0.250000 -1.200000
v 15.500000 -0.300000 -1.000000
v 15.500000 -0.300000 -1.150000
v 15.500000 0.250000 -1.600000
v 15.500000 0.250000 -1.200000
v 15.500000 0.300000 -1.000000
v 15.500000 0.300000 -1.150000
v 17.500000 0.300000 -1.000000
v 17.500000 0.300000 -1.150000
v 17.500000 -0.300000 -1.000000
v 17.500000 0.250000 -1.200000
v 17.500000 0.250000 -1.600000
v 17.500000 0.250000 -2.000000
v 17.500000 -0.250000 -1.200000
v 17.500000 -0.300000 -1.150000
v 17.500000 -0.250000 -2.000000
v 16.500000 -0.250000 -2.000000
v 16.500000 0.250000 -2.000000
v 16.500000 -0.250000 -1.200000
v 16.500000 -0.300000 -1.000000
v 16.500000 -0.300000 -1.150000
v 16.500000 0.250000 -1.600000
v 16.500000 0.250000 -1.200000
v 16.500000 0.300000 -1.000000
v 16.500000 0.300000 -1.150000
v 18.500000 0.300000 -1.000000
v 18.500000 0.300000 -1.150000
v 18.500000 -0.300000 -1.000000
v 18.500000 0.250000 -1.200000
v 18.500000 0.250000 -1.600000
v 18.500000 0.250000 -2.000000
v 18.500000 -0.250000 -1.200000
v 18.500000 -0.300000 -1.150000
v 18.500000 -0.250000 -2.000000
v 17.500000 -0.250000 -2.000000
v 17.500000 0.250000 -2.000000
v 17.500000 -0.250000 -1.200000
v 17.500000 -0.300000 -1.000000
v 17.500000 -0.300000 -1.150000
v 17.500000 0.250000 -1.600000
v 17.500000 0.250000 -1.200000
v 17.500000 0.300000 -1.000000
v 17.500000 0.300000 -1.150000
v 19.500000 0.300000 -1.000000
v 19.500000 0.300000 -1.150000
v 19.500000 -0.300000 -1.000000
v 19.500000 0.250000 -1.200000
v 19.500000 0.250000 -1.600000
v 19.500000 0.250000 -2.000000
v 19.500000 -0.250000 -1.200000
v 19.500000 -0.300000 -1.150000
v 19.500000 -0.250000 -2.000000
v 18.500000 -0.250000 -2.000000
v 18.500000 0.250000 -2.000000
v 18.500000 -0.250000 -1.200000
v 18.500000 -0.300000 -1.000000
v 18.500000 -0.300000 -1.150000
v 18.500000 0.250000 -1.600000
v 18.500000 0.250000 -1.200000
v 18.500000 0.300000 -1.000000
v 18.500000 0.300000 -1.150000
v 20.500000 0.300000 -1.000000
v 20.500000 0.300000 -1.150000
v 20.500000 -0.300000 -1.000000
v 20.500000 0.250000 -1.200000
v 20.500000 0.250000 -1.600000
v 20.500000 0.250000 -2.000000
v 20.500000 -0.250000 -1.200000
v 20.500000 -0.300000 -1.150000
v 20.500000 -0.250000 -2.000000
v 19.500000 -0.250000 -2.000000
v 19.500000 0.250000 -2.000000
v 19.500000 -0.250000 -1.200000
v 19.500000 -0.300000 -1.000000
v 19.500000 -0.300000 -1.150000
v 19.500000 0.250000 -1.600000
v 19.500000 0.250000 -1.200000
v 19.500000 0.300000 -1.000000
v 19.500000 0.300000 -1.150000
v 21.500000 0.300000 -1.000000
v 21.500000 0.300000 -1.150000
v 21.500000 -0.300000 -1.000000
v 21.500000 0.250000 -1.200000
v 21.500000 0.250000 -1.600000
v 21.500000 0.250000 -2.000000
v 21.500000 -0.250000 -1.200000
v 21.500000 -0.300000 -1.150000
v 21.500000 -0.250000 -2.000000
v 20.500000 -0.250000 -2.000000
v 20.500000 0.250000 -2.000000
v 20.500000 -0.250000 -1.200000
v 20.500000 -0.300000 -1.000000
v 20.500000 -0.300000 -1.150000
v 20.500000 0.250000 -1.600000
v 20.500000 0.250000 -1.200000
v 20.500000 0.300000 -1.000000
v 20.500000 0.300000 -1.150000
v 22.500000 0.300000 -1.000000
v 22.500000 0.300000 -1.150000
v 22.500000 -0.300000 -1.000000
v 22.500000 0.250000 -1.200000
v 22.500000 0.250000 -1.600000
v 22.500000 0.250000 -2.000000
v 22.500000 -0.250000 -1.200000
v 22.500000 -0.300000 -1.150000
v 22.500000 -0.250000 -2.000000
v 21.500000 -0.250000 -2.000000
v 21.500000 0.250000 -2.000000
v 21.500000 -0.250000 -1.200000
v 21.500000 -0.300000 -1.000000
v 21.500000 -0.300000 -1.150000
v 21.500000 0.250000 -1.600000
v 21.500000 0.250000 -1.200000
v 21.500000 0.300000 -1.000000
v 21.500000 0.300000 -1.150000
v 23.500000 0.300000 -1.000000
v 23.500000 0.300000 -1.150000
v 23.500000 -0.300000 -1.000000
v 23.500000 0.250000 -1.200000
v 23.500000 0.250000 -1.600000
v 23.500000 0.250000 -2.000000
v 23.500000 -0.250000 -1.200000
v 23.500000 -0.300000 -1.150000
v 23.500000 -0.250000 -2.000000
v 22.500000 -0.250000 -2.000000
v 22.500000 0.250000 -2.000000
v 22.500000 -0.250000 -1.200000
v 22.500000 -0.300000 -1.000000
v 22.500000 -0.300000 -1.150000
v 22.500000 0.250000 -1.600000
v 22.500000 0.250000 -1.200000
v 22.500000 0.300000 -1.000000
v 22.500000 0.300000 -1.150000
v 24.500000 0.300000 -1.000000
v 24.500000 0.300000 -1.150000
v 24.500000 -0.300000 -1.000000
v 24.500000 0.250000 -1.200000
v 24.500000 0.250000 -1.600000
v 24.500000 0.250000 -2.000000
v 24.500000 -0.250000 -1.200000
v 24.500000 -0.300000 -1.150000
v 24.500000 -0.250000 -2.000000
v 23.500000 -0.250000 -2.000000
v 23.500000 0.250000 -2.000000
v 23.500000 -0.250000 -1.200000
v 23.500000 -0.300000 -1.000000
v 23.500000 -0.300000 -1.150000
v 23.500000 0.250000 -1.600000
v 23.500000 0.250000 -1.200000
v 23.500000 0.300000 -1.000000
v 23.500000 0.300000 -1.150000
v 25.500000 0.300000 -1.000000
v 25.500000 0.300000 -1.150000
v 25.500000 -0.300000 -1.000000
v 25.500000 0.250000 -1.200000
v 25.500000 0.250000 -1.600000
v 25.500000 0.250000 -2.000000
v 25.500000 -0.250000 -1.200000
v 25.500000 -0.300000 -1.150000
v 25.500000 -0.250000 -2.000000
v 24.500000 -0.250000 -2.000000
v 24.500000 0.250000 -2.000000
v 24.500000 -0.250000 -1.200000
v 24.500000 -0.300000 -1.000000
v 24.500000 -0.300000 -1.150000
v 24.500000 0.250000 -1.600000
v 24.500000 0.250000 -1.200000
v 24.500000 0.300000 -1.000000
v 24.500000 0.300000 -1.150000
v 26.500000 0.300000 -1.000000
v 26.500000 0.300000 -1.150000
v 26.500000 -0.300000 -1.000000
v 26.500000 0.250000 -1.200000
v 26.500000 0.250000 -1.600000
v 26.500000 0.250000 -2.000000
v 26.500000 -0.250000 -1.200000
v 26.500000 -0.300000 -1.150000
v 26.500000 -0.250000 -2.000000
v 25.500000 -0.250000 -2.000000
v 25.500000 0.250000 -2.000000
v 25.500000 -0.250000 -1.200000
v 25.500000 -0.300000 -1.000000
v 25.500000 -0.300000 -1.150000
v 25.500000 0.250000 -1.600000
v 25.500000 0.250000 -1.200000
v 25.500000 0.300000 -1.000000
v 25.500000 0.300000 -1.150000
v 27.500000 0.300000 -1.000000
v 27.500000 0.300000 -1.150000
v 27.500000 -0.300000 -1.000000
v 27.500000 0.250000 -1.200000
v 27.500000 0.250000 -1.600000
v 27.500000 0.250000 -2.000000
v 27.500000 -0.250000 -1.200000
v 27.500000 -0.300000 -1.150000
v 27.500000 -0.250000 -2.000000
v 26.500000 -0.250000 -2.000000
v 26.500000 0.250000 -2.000000
v 26.500000 -0.250000 -1.200000
v 26.500000 -0.300000 -1.000000
v 26.500000 -0.300000 -1.150000
v 26.500000 0.250000 -1.600000
v 26.500000 0.250000 -1.200000
v 26.500000 0.300000 -1.000000
v 26.500000 0.300000 -1.150000
v 0.500000 0.300000 -2.000000
v 0.500000 0.300000 -2.150000
v 0.500000 -0.300000 -2.000000
v 0.500000 0.250000 -2.200000
v 0.500000 0.250000 -2.600000
v 0.500000 0.250000 -3.000000
v 0.500000 -0.250000 -2.200000
v 0.500000 -0.300000 -2.150000
v 0.500000 -0.250000 -3.000000
v -0.500000 -0.250000 -3.000000
v -0.500000 0.250000 -3.000000
v -0.500000 -0.250000 -2.200000
v -0.500000 -0.300000 -2.000000
v -0.500000 -0.300000 -2.150000
v -0.500000 0.250000 -2.600000
v -0.500000 0.250000 -2.200000
v -0.500000 0.300000 -2.000000
v -0.500000 0.300000 -2.150000
v 1.500000 0.300000 -2.000000
v 1.500000 0.300000 -2.150000
v 1.500000 -0.300000 -2.000000
v 1.500000 0.250000 -2.200000
v 1.500000 0.250000 -2.600000
v 1.500000 0.250000 -3.000000
v 1.500000 -0.250000 -2.200000
v 1.500000 -0.300000 -2.150000
v 1.500000 -0.250000 -3.000000
v 0.500000 -0.250000 -3.000000
v 0.500000 0.250000 -3.000000
v 0.500000 -0.250000 -2.200000
v 0.500000 -0.300000 -2.000000
v 0.500000 -0.300000 -2.150000
v 0.500000 0.250000 -2.600000
v 0.500000 0.250000 -2.200000
v 0.500000 0.300000 -2.000000
v 0.500000 0.300000 -2.150000
v 2.500000 0.300000 -2.000000
v 2.500000 0.300000 -2.150000
v 2.500000 -0.300000 -2.000000
v 2.500000 0.250000 -2.200000
v 2.500000 0.250000 -2.600000
v 2.500000 0.250000 -3.000000
v 2.500000 -0.250000 -2.200000
v 2.500000 -0.300000 -2.150000
v 2.500000 -0.250000 -3.000000
v 1.500000 -0.250000 -3.000000
v 1.500000 0.250000 -3.000000
v 1.500000 -0.250000 -2.200000
v 1.500000 -0.300000 -2.000000
v 1.500000 -0.300000 -2.150000
v 1.500000 0.250000 -2.600000
v 1.500000 0.250000 -2.200000
v 1.500000 0.300000 -2.000000
v 1.500000 0.300000 -2.150000
v 3.500000 0.300000 -2.000000
v 3.500000 0.300000 -2.150000
v 3.500000 -0.300000 -2.000000
v 3.500000 0.250000 -2.200000
v 3.500000 0.250000 -2.600000
v 3.500000 0.250000 -3.000000
v 3.500000 -0.250000 -2.200000
v 3.500000 -0.300000 -2.150000
v 3.500000 -0.250000 -3.000000
v 2.500000 -0.250000 -3.000000
v 2.500000 0.250000 -3.000000
v 2.500000 -0.250000 -2.200000
v 2.500000 -0.300000 -2.000000
v 2.500000 -0.300000 -2.150000
v 2.500000 0.250000 -2.600000
v 2.500000 0.250000 -2.200000
v 2.500000 0.300000 -2.000000
v 2.500000 0.300000 -2.150000
v 4.500000 0.300000 -2.000000
v 4.500000 0.300000 -2.150000
v 4.500000 -0.300000 -2.000000
v 4.500000 0.250000 -2.200000
v 4.500000 0.250000 -2.600000
v 4.500000 0.250000 -3.000000
v 4.500000 -0.250000 -2.200000
v 4.500000 -0.300000 -2.150000
v 4.500000 -0.250000 -3.000000
v 3.500000 -0.250000 -3.000000
v 3.500000 0.250000 -3.000000
v 3.500000 -0.250000 -2.200000
v 3.500000 -0.300000 -2.000000
v 3.500000 -0.300000 -2.150000
v 3.500000 0.250000 -2.600000
v 3.500000 0.250000 -2.200000
v 3.500000 0.300000 -2.000000
v 3.500000 0.300000 -2.150000
v 5.500000 0.300000 -2.000000
v 5.500000 0.300000 -2.150000
v 5.500000 -0.300000 -2.000000
v 5.500000 0.250000 -2.200000
v 5.500000 0.250000 -2.600000
v 5.500000 0.250000 -3.000000
v 5.500000 -0.250000 -2.200000
v 5.500000 -0.300000 -2.150000
v 5.500000 -0.250000 -3.000000
v 4.500000 -0.250000 -3.000000
v 4.500000 0.250000 -3.000000
v 4.500000 -0.250000 -2.200000
v 4.500000 -0.300000 -2.000000
v 4.500000 -0.300000 -2.150000
v 4.500000 0.250000 -2.600000
v 4.500000 0.250000 -2.200000
v 4.500000 0.300000 -2.000000
v 4.500000 0.300000 -2.150000
v 6.500000 0.300000 -2.000000
v 6.500000 0.300000 -2.150000
v 6.500000 -0.300000 -2.000000
v 6.500000 0.250000 -2.200000
v 6.500000 0.250000 -2.600000
v 6.500000 0.250000 -3.000000
v 6.500000 -0.250000 -2.200000
v 6.500000 -0.300000 -2.150000
v 6.500000 -0.250000 -3.000000
v 5.500000 -0.250000 -3.000000
v 5.500000 0.250000 -3.000000
v 5.500000 -0.250000 -2.200000
v 5.500000 -0.300000 -2.000000
v 5.500000 -0.300000 -2.150000
v 5.500000 0.250000 -2.600000
v 5.500000 0.250000 -2.200000
v 5.500000 0.300000 -2.000000
v 5.500000 0.300000 -2.150000
v 7.500000 0.300000 -2.000000
v 7.500000 0.300000 -2.150000
v 7.500000 -0.300000 -2.000000
v 7.500000 0.250000 -2.200000
v 7.500000 0.250000 -2.600000
v 7.500000 0.250000 -3.000000
v 7.500000 -0.250000 -2.200000
v 7.500000 -0.300000 -2.150000
v 7.500000 -0.250000 -3.000000
v 6.500000 -0.250000 -3.000000
v 6.500000 0.250000 -3.000000
v 6.500000 -0.250000 -2.200000
v 6.500000 -0.300000 -2.000000
v 6.500000 -0.300000 -2.150000
v 6.500000 0.250000 -2.600000
v 6.500000 0.250000 -2.200000
v 6.500000 0.300000 -2.000000
v 6.500000 0.300000 -2.150000
v 8.500000 0.300000 -2.000000
v 8.500000 0.300000 -2.150000
v 8.500000 -0.300000 -2.000000
v 8.500000 0.250000 -2.200000
v 8.500000 0.250000 -2.600000
v 8.500000 0.250000 -3.000000
v 8.500000 -0.250000 -2.200000
v 8.500000 -0.300000 -2.150000
v 8.500000 -0.250000 -3.000000
v 7.500000 -0.250000 -3.000000
v 7.500000 0.250000 -3.000000
v 7.500000 -0.250000 -2.200000
v 7.500000 -0.300000 -2.000000
v 7.500000 -0.300000 -2.150000
v 7.500000 0.250000 -2.600000
v 7.500000 0.250000 -2.200000
v 7.500000 0.300000 -2.000000
v 7.500000 0.300000 -2.150000
v 9.500000 0.300000 -2.000000
v 9.500000 0.300000 -2.150000
v 9.500000 -0.300000 -2.000000
v 9.500000 0.250000 -2.200000
v 9.500000 0.250000 -2.600000
v 9.500000 0.250000 -3.000000
v 9.500000 -0.250000 -2.200000
v 9.500000 -0.300000 -2.150000
v 9.500000 -0.250000 -3.000000
v 8.500000 -0.250000 -3.000000
v 8.500000 0.250000 -3.000000
v 8.500000 -0.250000 -2.200000
v 8.500000 -0.300000 -2.000000
v 8.500000 -0.300000 -2.150000
v 8.500000 0.250000 -2.600000
v 8.500000 0.250000 -2.200000
v 8.500000 0.300000 -2.000000
v 8.500000 0.300000 -2.150000
v 10.500000 0.300000 -2.000000
v 10.500000 0.300000 -2.150000
v 10.500000 -0.300000 -2.000000
v 10.500000 0.250000 -2.200000
v 10.500000 0.250000 -2.600000
v 10.500000 0.250000 -3.000000
v 10.500000 -0.250000 -2.200000
v 10.500000 -0.300000 -2.150000
v 10.500000 -0.250000 -3.000000
v 9.500000 -0.250000 -3.000000
v 9.500000 0.250000 -3.000000
v 9.500000 -0.250000 -2.200000
v 9.500000 -0.300000 -2.000000
v 9.500000 -0.300000 -2.150000
v 9.500000 0.250000 -2.600000
v 9.500000 0.250000 -2.200000
v 9.500000 0.300000 -2.000000
v 9.500000 0.300000 -2.150000
v 11.500000 0.300000 -2.000000
v 11.500000 0.300000 -2.150000
v 11.500000 -0.300000 -2.000000
v 11.500000 0.250000 -2.200000
v 11.500000 0.250000 -2.600000
v 11.500000 0.250000 -3.000000
v 11.500000 -0.250000 -2.200000
v 11.500000 -0.300000 -2.150000
v 11.500000 -0.250000 -3.000000
v 10.500000 -0.250000 -3.000000
v 10.500000 0.250000 -3.000000
v 10.500000 -0.250000 -2.200000
v 10.500000 -0.300000 -2.000000
v 10.500000 -0.300000 -2.150000
v 10.500000 0.250000 -2.600000
v 10.500000 0.250000 -2.200000
v 10.500000 0.300000 -2.000000
v 10.500000 0.300000 -2.150000
v 12.500000 0.300000 -2.000000
v 12.500000 0.300000 -2.150000
v 12.500000 -0.300000 -2.000000
v 12.500000 0.250000 -2.200000
v 12.500000 0.250000 -2.600000
v 12.500000 0.250000 -3.000000
v 12.500000 -0.250000 -2.200000
v 12.500000 -0.300000 -2.150000
v 12.500000 -0.250000 -3.000000
v 11.500000 -0.250000 -3.000000
v 11.500000 0.250000 -3.000000
v 11.500000 -0.250000 -2.200000
v 11.500000 -0.300000 -2.000000
v 11.500000 -0.300000 -2.150000
v 11.500000 0.250000 -2.600000
v 11.500000 0.250000 -2.200000
v 11.500000 0.300000 -2.000000
v 11.500000 0.300000 -2.150000
v 13.500000 0.300000 -2.000000
v 13.500000 0.300000 -2.150000
v 13.500000 -0.300000 -2.000000
v 13.500000 0.250000 -2.200000
v 13.500000 0.250000 -2.600000
v 13.500000 0.250000 -3.000000
v 13.500000 -0.250000 -2.200000
v 13.500000 -0.300000 -2.150000
v 13.500000 -0.250000 -3.000000
v 12.500000 -0.250000 -3.000000
v 12.500000 0.250000 -3.000000
v 12.500000 -0.250000 -2.200000
v 12.500000 -0.300000 -2.000000
v 12.500000 -0.300000 -2.150000
v 12.500000 0.250000 -2.600000
v 12.500000 0.250000 -2.200000
v 12.500000 0.300000 -2.000000
v 12.500000 0.300000 -2.150000
v 14.500000 0.300000 -2.000000
v 14.500000 0.300000 -2.150000
v 14.500000 -0.300000 -2.000000
v 14.500000 0.250000 -2.200000
v 14.500000 0.250000 -2.600000
v 14.500000 0.250000 -3.000000
v 14.500000 -0.250000 -2.200000
v 14.500000 -0.300000 -2.150000
v 14.500000 -0.250000 -3.000000
v 13.500000 -0.250000 -3.000000
v 13.500000 0.250000 -3.000000
v 13.500000 -0.250000 -2.200000
v 13.500000 -0.300000 -2.000000
v 13.500000 -0.300000 -2.150000
v 13.500000 0.250000 -2.600000
v 13.500000 0.250000 -2.200000
v 13.500000 0.300000 -2.000000
v 13.500000 0.300000 -2.150000
v 15.500000 0.300000 -2.000000
v 15.500000 0.300000 -2.150000
v 15.500000 -0.300000 -2.000000
v 15.500000 0.250000 -2.200000
v 15.500000 0.250000 -2.600000
v 15.500000 0.250000 -3.000000
v 15.500000 -0.250000 -2.200000
v 15.500000 -0.300000 -2.150000
v 15.500000 -0.250000 -3.000000
v 14.500000 -0.250000 -3.000000
v 14.500000 0.250000 -3.000000
v 14.500000 -0.250000 -2.200000
v 14.500000 -0.300000 -2.000000
v 14.500000 -0.300000 -2.150000
v 14.500000 0.250000 -2.600000
v 14.500000 0.250000 -2.200000
v 14.500000 0.300000 -2.000000
v 14.500000 0.300000 -2.150000
v 16.500000 0.300000 -2.000000
v 16.500000 0.300000 -2.150000
v 16.500000 -0.300000 -2.000000
v 16.500000 0.250000 -2.200000
v 16.500000 0.250000 -2.600000
v 16.500000 0.250000 -3.000000
v 16.500000 -0.250000 -2.200000
v 16.500000 -0.300000 -2.150000
v 16.500000 -0.250000 -3.000000
v 15.500000 -0.250000 -3.000000
v 15.500000 0.250000 -3.000000
v 15.500000 -0.250000 -2.200000
v 15.500000 -0.300000 -2.000000
v 15.500000 -0.300000 -2.150000
v 15.500000 0.250000 -2.600000
v 15.500000 0.250000 -2.200000
v 15.500000 0.300000 -2.000000
v 15.500000 0.300000 -2.150000
v 17.500000 0.300000 -2.000000
v 17.500000 0.300000 -2.150000
v 17.500000 -0.300000 -2.000000
v 17.500000 0.250000 -2.200000
v 17.500000 0.250000 -2.600000
v 17.500000 0.250000 -3.000000
v 17.500000 -0.250000 -2.200000
v 17.500000 -0.300000 -2.150000
v 17.500000 -0.250000 -3.000000
v 16.500000 -0.250000 -3.000000
v 16.500000 0.250000 -3.000000
v 16.500000 -0.250000 -2.200000
v 16.500000 -0.300000 -2.000000
v 16.500000 -0.300000 -2.150000
v 16.500000 0.250000 -2.600000
v 16.500000 0.250000 -2.200000
v 16.500000 0.300000 -2.000000
v 16.500000 0.300000 -2.150000
v 18.500000 0.300000 -2.000000
v 18.500000 0.300000 -2.150000
v 18.500000 -0.300000 -2.000000
v 18.500000 0.250000 -2.200000
v 18.500000 0.250000 -2.600000
v 18.500000 0.250000 -3.000000
v 18.500000 -0.250000 -2.200000
v 18.500000 -0.300000 -2.150000
v 18.500000 -0.250000 -3.000000
v 17.500000 -0.250000 -3.000000
v 17.500000 0.250000 -3.000000
v 17.500000 -0.250000 -2.200000
v 17.500000 -0.300000 -2.000000
v 17.500000 -0.300000 -2.150000
v 17.500000 0.250000 -2.600000
v 17.500000 0.250000 -2.200000
v 17.500000 0.300000 -2.000000
v 17.500000 0.300000 -2.150000
v 19.500000 0.300000 -2.000000
v 19.500000 0.300000 -2.150000
v 19.500000 -0.300000 -2.000000
v 19.500000 0.250000 -2.200000
v 19.500000 0.250000 -2.600000
v 19.500000 0.250000 -3.000000
v 19.500000 -0.250000 -2.200000
v 19.500000 -0.300000 -2.150000
v 19.500000 -0.250000 -3.000000
v 18.500000 -0.250000 -3.000000
v 18.500000 0.250000 -3.000000
v 18.500000 -0.250000 -2.200000
v 18.500000 -0.300000 -2.000000
v 18.500000 -0.300000 -2.150000
v 18.500000 0.250000 -2.600000
v 18.500000 0.250000 -2.200000
v 18.500000 0.300000 -2.000000
v 18.500000 0.300000 -2.150000
v 20.500000 0.300000 -2.000000
v 20.500000 0.300000 -2.150000
v 20.500000 -0.300000 -2.000000
v 20.500000 0.250000 -2.200000
v 20.500000 0.250000 -2.600000
v 20.500000 0.250000 -3.000000
v 20.500000 -0.250000 -2.200000
v 20.500000 -0.300000 -2.150000
v 20.500000 -0.250000 -3.000000
v 19.500000 -0.250000 -3.000000
v 19.500000 0.250000 -3.000000
v 19.500000 -0.250000 -2.200000
v 19.500000 -0.300000 -2.000000
v 19.500000 -0.300000 -2.150000
v 19.500000 0.250000 -2.600000
v 19.500000 0.250000 -2.200000
v 19.500000 0.300000 -2.000000
v 19.500000 0.300000 -2.150000
v 21.500000 0.300000 -2.000000
v 21.500000 0.300000 -2.150000
v 21.500000 -0.300000 -2.000000
v 21.500000 0.250000 -2.200000
v 21.500000 0.250000 -2.600000
v 21.500000 0.250000 -3.000000
v 21.500000 -0.250000 -2.200000
v 21.500000 -0.300000 -2.150000
v 21.500000 -0.250000 -3.000000
v 20.500000 -0.250000 -3.000000
v 20.500000 0.250000 -3.000000
v 20.500000 -0.250000 -2.200000
v 20.500000 -0.300000 -2.000000
v 20.500000 -0.300000 -2.150000
v 20.500000 0.250000 -2.600000
v 20.500000 0.250000 -2.200000
v 20.500000 0.300000 -2.000000
v 20.500000 0.300000 -2.150000
v 22.500000 0.300000 -2.000000
v 22.500000 0.300000 -2.150000
v 22.500000 -0.300000 -2.000000
v 22.500000 0.250000 -2.200000
v 22.500000 0.250000 -2.600000
v 22.500000 0.250000 -3.000000
v 22.500000 -0.250000 -2.200000
v 22.500000 -0.300000 -2.150000
v 22.500000 -0.250000 -3.000000
v 21.500000 -0.250000 -3.000000
v 21.500000 0.250000 -3.000000
v 21.500000 -0.250000 -2.200000
v 21.500000 -0.300000 -2.000000
v 21.500000 -0.300000 -2.150000
v 21.500000 0.250000 -2.600000
v 21.500000 0.250000 -2.200000
v 21.500000 0.300000 -2.000000
v 21.500000 0.300000 -2.150000
v 23.500000 0.300000 -2.000000
v 23.500000 0.300000 -2.150000
v 23.500000 -0.300000 -2.000000
v 23.500000 0.250000 -2.200000
v 23.500000 0.250000 -2.600000
v 23.500000 0.250000 -3.000000
v 23.500000 -0.250000 -2.200000
v 23.500000 -0.300000 -2.150000
v 23.500000 -0.250000 -3.000000
v 22.500000 -0.250000 -3.000000
v 22.500000 0.250000 -3.000000
v 22.500000 -0.250000 -2.200000
v 22.500000 -0.300000 -2.000000
v 22.500000 -0.300000 -2.150000
v 22.500000 0.250000 -2.600000
v 22.500000 0.250000 -2.200000
v 22.500000 0.300000 -2.000000
v 22.500000 0.300000 -2.150000
v 24.500000 0.300000 -2.000000
v 24.500000 0.300000 -2.150000
v 24.500000 -0.300000 -2.000000
v 24.500000 0.250000 -2.200000
v 24.500000 0.250000 -2.600000
v 24.500000 0.250000 -3.000000
v 24.500000 -0.250000 -2.200000
v 24.500000 -0.300000 -2.150000
v 24.500000 -0.250000 -3.000000
v 23.500000 -0.250000 -3.000000
v 23.500000 0.250000 -3.000000
v 23.500000 -0.250000 -2.200000
v 23.500000 -0.300000 -2.000000
v 23.500000 -0.300000 -2.150000
v 23.500000 0.250000 -2.600000
v 23.500000 0.250000 -2.200000
v 23.500000 0.300000 -2.000000
v 23.500000 0.300000 -2.150000
v 25.500000 0.300000 -2.000000
v 25.500000 0.300000 -2.150000
v 25.500000 -0.300000 -2.000000
v 25.500000 0.250000 -2.200000
v 25.500000 0.250000 -2.600000
v 25.500000 0.250000 -3.000000
v 25.500000 -0.250000 -2.200000
v 25.500000 -0.300000 -2.150000
v 25.500000 -0.250000 -3.000000
v 24.500000 -0.250000 -3.000000
v 24.500000 0.250000 -3.000000
v 24.500000 -0.250000 -2.200000
v 24.500000 -0.300000 -2.000000
v 24.500000 -0.300000 -2.150000
v 24.500000 0.250000 -2.600000
v 24.500000 0.250000 -2.200000
v 24.500000 0.300000 -2.000000
v 24.500000 0.300000 -2.150000
v 26.500000 0.300000 -2.000000
v 26.500000 0.300000 -2.150000
v 26.500000 -0.300000 -2.000000
v 26.500000 0.250000 -2.200000
v 26.500000 0.250000 -2.600000
v 26.500000 0.250000 -3.000000
v 26.500000 -0.250000 -2.200000
v 26.500000 -0.300000 -2.150000
v 26.500000 -0.250000 -3.000000
v 25.500000 -0.250000 -3.000000
v 25.500000 0.250000 -3.000000
v 25.500000 -0.250000 -2.200000
v 25.500000 -0.300000 -2.000000
v 25.500000 -0.300000 -2.150000
v 25.500000 0.250000 -2.600000
v 25.500000 0.250000 -2.200000
v 25.500000 0.300000 -2.000000
v 25.500000 0.300000 -2.150000
v 27.500000 0.300000 -2.000000
v 27.500000 0.300000 -2.150000
v 27.500000 -0.300000 -2.000000
v 27.500000 0.250000 -2.200000
v 27.500000 0.250000 -2.600000
v 27.500000 0.250000 -3.000000
v 27.500000 -0.250000 -2.200000
v 27.500000 -0.300000 -2.150000
v 27.500000 -0.250000 -3.000000
v 26.500000 -0.250000 -3.000000
v 26.500000 0.250000 -3.000000
v 26.500000 -0.250000 -2.200000
v 26.500000 -0.300000 -2.000000
v 26.500000 -0.300000 -2.150000
v 26.500000 0.250000 -2.600000
v 26.500000 0.250000 -2.200000
v 26.500000 0.300000 -2.000000
v 26.500000 0.300000 -2.150000
v 0.500000 0.300000 -3.000000
v 0.500000 0.300000 -3.150000
v 0.500000 -0.300000 -3.000000
v 0.500000 0.250000 -3.200000
v 0.500000 0.250000 -3.600000
v 0.500000 0.250000 -4.000000
v 0.500000 -0.250000 -3.200000
v 0.500000 -0.300000 -3.150000
v 0.500000 -0.250000 -4.000000
v -0.500000 -0.250000 -4.000000
v -0.500000 0.250000 -4.000000
v -0.500000 -0.250000 -3.200000
v -0.500000 -0.300000 -3.000000
v -0.500000 -0.300000 -3.150000
v -0.500000 0.250000 -3.600000
v -0.500000 0.250000 -3.200000
v -0.500000 0.300000 -3.000000
v -0.500000 0.300000 -3.150000
v 1.500000 0.300000 -3.000000
v 1.500000 0.300000 -3.150000
v 1.500000 -0.300000 -3.000000
v 1.500000 0.250000 -3.200000
v 1.500000 0.250000 -3.600000
v 1.500000 0.250000 -4.000000
v 1.500000 -0.250000 -3.200000
v 1.500000 -0.300000 -3.150000
v 1.500000 -0.250000 -4.000000
v 0.500000 -0.250000 -4.000000
v 0.500000 0.250000 -4.000000
v 0.500000 -0.250000 -3.200000
v 0.500000 -0.300000 -3.000000
v 0.500000 -0.300000 -3.150000
v 0.500000 0.250000 -3.600000
v 0.500000 0.250000 -3.200000
v 0.500000 0.300000 -3.000000
v 0.500000 0.300000 -3.150000
v 2.500000 0.300000 -3.000000
v 2.500000 0.300000 -3.150000
v 2.500000 -0.300000 -3.000000
v 2.500000 0.250000 -3.200000
v 2.500000 0.250000 -3.600000
v 2.500000 0.250000 -4.000000
v 2.500000 -0.250000 -3.200000
v 2.500000 -0.300000 -3.150000
v 2.500000 -0.250000 -4.000000
v 1.500000 -0.250000 -4.000000
v 1.500000 0.250000 -4.000000
v 1.500000 -0.250000 -3.200000
v 1.500000 -0.300000 -3.000000
v 1.500000 -0.300000 -3.150000
v 1.500000 0.250000 -3.600000
v 1.500000 0.250000 -3.200000
v 1.500000 0.300000 -3.000000
v 1.500000 0.300000 -3.150000
v 3.500000 0.300000 -3.000000
v 3.500000 0.300000 -3.150000
v 3.500000 -0.300000 -3.000000
v 3.500000 0.250000 -3.200000
v 3.500000 0.250000 -3.600000
v 3.500000 0.250000 -4.000000
v 3.500000 -0.250000 -3.200000
v 3.500000 -0.300000 -3.150000
v 3.500000 -0.250000 -4.000000
v 2.500000 -0.250000 -4.000000
v 2.500000 0.250000 -4.000000
v 2.500000 -0.250000 -3.200000
v 2.500000 -0.300000 -3.000000
v 2.500000 -0.300000 -3.150000
v 2.500000 0.250000 -3.600000
v 2.500000 0.250000 -3.200000
v 2.500000 0.300000 -3.000000
v 2.500000 0.300000 -3.150000
v 4.500000 0.300000 -3.000000
v 4.500000 0.300000 -3.150000
v 4.500000 -0.300000 -3.000000
v 4.500000 0.250000 -3.200000
v 4.500000 0.250000 -3.600000
v 4.500000 0.250000 -4.000000
v 4.500000 -0.250000 -3.200000
v 4.500000 -0.300000 -3.150000
v 4.500000 -0.250000 -4.000000
v 3.500000 -0.250000 -4.000000
v 3.500000 0.250000 -4.000000
v 3.500000 -0.250000 -3.200000
v 3.500000 -0.300000 -3.000000
v 3.500000 -0.300000 -3.150000
v 3.500000 0.250000 -3.600000
v 3.500000 0.250000 -3.200000
v 3.500000 0.300000 -3.000000
v 3.500000 0.300000 -3.150000
v 5.500000 0.300000 -3.000000
v 5.500000 0.300000 -3.150000
v 5.500000 -0.300000 -3.000000
v 5.500000 0.250000 -3.200000
v 5.500000 0.250000 -3.600000
v 5.500000 0.250000 -4.000000
v 5.500000 -0.250000 -3.200000
v 5.500000 -0.300000 -3.150000
v 5.500000 -0.250000 -4.000000
v 4.500000 -0.250000 -4.000000
v 4.500000 0.250000 -4.000000
v 4.500000 -0.250000 -3.200000
v 4.500000 -0.300000 -3.000000
v 4.500000 -0.300000 -3.150000
v 4.500000 0.250000 -3.600000
v 4.500000 0.250000 -3.200000
v 4.500000 0.300000 -3.000000
v 4.500000 0.300000 -3.150000
v 6.500000 0.300000 -3.000000
v 6.500000 0.300000 -3.150000
v 6.500000 -0.300000 -3.000000
v 6.500000 0.250000 -3.200000
v 6.500000 0.250000 -3.600000
v 6.500000 0.250000 -4.000000
v 6.500000 -0.250000 -3.200000
v 6.500000 -0.300000 -3.150000
v 6.500000 -0.250000 -4.000000
v 5.500000 -0.250000 -4.000000
v 5.500000 0.250000 -4.000000
v 5.500000 -0.250000 -3.200000
v 5.500000 -0.300000 -3.000000
v 5.500000 -0.300000 -3.150000
v 5.500000 0.250000 -3.600000
v 5.500000 0.250000 -3.200000
v 5.500000 0.300000 -3.000000
v 5.500000 0.300000 -3.150000
v 7.500000 0.300000 -3.000000
v 7.500000 0.300000 -3.150000
v 7.500000 -0.300000 -3.000000
v 7.500000 0.250000 -3.200000
v 7.500000 0.250000 -3.600000
v 7.500000 0.250000 -4.000000
v 7.500000 -0.250000 -3.200000
v 7.500000 -0.300000 -3.150000
v 7.500000 -0.250000 -4.000000
v 6.500000 -0.250000 -4.000000
v 6.500000 0.250000 -4.000000
v 6.500000 -0.250000 -3.200000
v 6.500000 -0.300000 -3.000000
v 6.500000 -0.300000 -3.150000
v 6.500000 0.250000 -3.600000
v 6.500000 0.250000 -3.200000
v 6.500000 0.300000 -3.000000
v 6.500000 0.300000 -3.150000
v 8.500000 0.300000 -3.000000
v 8.500000 0.300000 -3.150000
v 8.500000 -0.300000 -3.000000
v 8.500000 0.250000 -3.200000
v 8.500000 0.250000 -3.600000
v 8.500000 0.250000 -4.000000
v 8.500000 -0.250000 -3.200000
v 8.500000 -0.300000 -3.150000
v 8.500000 -0.250000 -4.000000
v 7.500000 -0.250000 -4.000000
v 7.500000 0.250000 -4.000000
v 7.500000 -0.250000 -3.200000
v 7.500000 -0.300000 -3.000000
v 7.500000 -0.300000 -3.150000
v 7.500000 0.250000 -3.600000
v 7.500000 0.250000 -3.200000
v 7.500000 0.300000 -3.000000
v 7.500000 0.300000 -3.150000
v 9.500000 0.300000 -3.000000
v 9.500000 0.300000 -3.150000
v 9.500000 -0.300000 -3.000000
v 9.500000 0.250000 -3.200000
v 9.500000 0.250000 -3.600000
v 9.500000 0.250000 -4.000000
v 9.500000 -0.250000 -3.200000
v 9.500000 -0.300000 -3.150000
v 9.500000 -0.250000 -4.000000
v 8.500000 -0.250000 -4.000000
v 8.500000 0.250000 -4.000000
v 8.500000 -0.250000 -3.200000
v 8.500000 -0.300000 -3.000000
v 8.500000 -0.300000 -3.150000
v 8.500000 0.250000 -3.600000
v 8.500000 0.250000 -3.200000
v 8.500000 0.300000 -3.000000
v 8.500000 0.300000 -3.150000
v 10.500000 0.300000 -3.000000
v 10.500000 0.300000 -3.150000
v 10.500000 -0.300000 -3.000000
v 10.500000 0.250000 -3.200000
v 10.500000 0.250000 -3.600000
v 10.500000 0.250000 -4.000000
v 10.500000 -0.250000 -3.200000
v 10.500000 -0.300000 -3.150000
v 10.500000 -0.250000 -4.000000
v 9.500000 -0.250000 -4.000000
v 9.500000 0.250000 -4.000000
v 9.500000 -0.250000 -3.200000
v 9.500000 -0.300000 -3.000000
v 9.500000 -0.300000 -3.150000
v 9.500000 0.250000 -3.600000
v 9.500000 0.250000 -3.200000
v 9.500000 0.300000 -3.000000
v 9.500000 0.300000 -3.150000
v 11.500000 0.300000 -3.000000
v 11.500000 0.300000 -3.150000
v 11.500000 -0.300000 -3.000000
v 11.500000 0.250000 -3.200000
v 11.500000 0.250000 -3.600000
v 11.500000 0.250000 -4.000000
v 11.500000 -0.250000 -3.200000
v 11.500000 -0.300000 -3.150000
v 11.500000 -0.250000 -4.000000
v 10.500000 -0.250000 -4.000000
v 10.500000 0.250000 -4.000000
v 10.500000 -0.250000 -3.200000
v 10.500000 -0.300000 -3.000000
v 10.500000 -0.300000 -3.150000
v 10.500000 0.250000 -3.600000
v 10.500000 0.250000 -3.200000
v 10.500000 0.300000 -3.000000
v 10.500000 0.300000 -3.150000
v 12.500000 0.300000 -3.000000
v 12.500000 0.300000 -3.150000
v 12.500000 -0.300000 -3.000000
v 12.500000 0.250000 -3.200000
v 12.500000 0.250000 -3.600000
v 12.500000 0.250000 -4.000000
v 12.500000 -0.250000 -3.200000
v 12.500000 -0.300000 -3.150000
v 12.500000 -0.250000 -4.000000
v 11.500000 -0.250000 -4.000000
v 11.500000 0.250000 -4.000000
v 11.500000 -0.250000 -3.200000
v 11.500000 -0.300000 -3.000000
v 11.500000 -0.300000 -3.150000
v 11.500000 0.250000 -3.600000
v 11.500000 0.250000 -3.200000
v 11.500000 0.300000 -3.000000
v 11.500000 0.300000 -3.150000
v 13.500000 0.300000 -3.000000
v 13.500000 0.300000 -3.150000
v 13.500000 -0.300000 -3.000000
v 13.500000 0.250000 -3.200000
v 13.500000 0.250000 -3.600000
v 13.500000 0.250000 -4.000000
v 13.500000 -0.250000 -3.200000
v 13.500000 -0.300000 -3.150000
v 13.500000 -0.250000 -4.000000
v 12.500000 -0.250000 -4.000000
v 12.500000 0.250000 -4.000000
v 12.500000 -0.250000 -3.200000
v 12.500000 -0.300000 -3.000000
v 12.500000 -0.300000 -3.150000
v 12.500000 0.250000 -3.600000
v 12.500000 0.250000 -3.200000
v 12.500000 0.300000 -3.000000
v 12.500000 0.300000 -3.150000
v 14.500000 0.300000 -3.000000
v 14.500000 0.300000 -3.150000
v 14.500000 -0.300000 -3.000000
v 14.500000 0.250000 -3.200000
v 14.500000 0.250000 -3.600000
v 14.500000 0.250000 -4.000000
v 14.500000 -0.250000 -3.200000
v 14.500000 -0.300000 -3.150000
v 14.500000 -0.250000 -4.000000
v 13.500000 -0.250000 -4.000000
v 13.500000 0.250000 -4.000000
v 13.500000 -0.250000 -3.200000
v 13.500000 -0.300000 -3.000000
v 13.500000 -0.300000 -3.150000
v 13.500000 0.250000 -3.600000
v 13.500000 0.250000 -3.200000
v 13.500000 0.300000 -3.000000
v 13.500000 0.300000 -3.150000
v 15.500000 0.300000 -3.000000
v 15.500000 0.300000 -3.150000
v 15.500000 -0.300000 -3.000000
v 15.500000 0.250000 -3.200000
v 15.500000 0.250000 -3.600000
v 15.500000 0.250000 -4.000000
v 15.500000 -0.250000 -3.200000
v 15.500000 -0.300000 -3.150000
v 15.500000 -0.250000 -4.000000
v 14.500000 -0.250000 -4.000000
v 14.500000 0.250000 -4.000000
v 14.500000 -0.250000 -3.200000
v 14.500000 -0.300000 -3.000000
v 14.500000 -0.300000 -3.150000
v 14.500000 0.250000 -3.600000
v 14.500000 0.250000 -3.200000
v 14.500000 0.300000 -3.000000
v 14.500000 0.300000 -3.150000
v 16.500000 0.300000 -3.000000
v 16.500000 0.300000 -3.150000
v 16.500000 -0.300000 -3.000000
v 16.500000 0.250000 -3.200000
v 16.500000 0.250000 -3.600000
v 16.500000 0.250000 -4.000000
v 16.500000 -0.250000 -3.200000
v 16.500000 -0.300000 -3.150000
v 16.500000 -0.250000 -4.000000
v 15.500000 -0.250000 -4.000000
v 15.500000 0.250000 -4.000000
v 15.500000 -0.250000 -3.200000
v 15.500000 -0.300000 -3.000000
v 15.500000 -0.300000 -3.150000
v 15.500000 0.250000 -3.600000
v 15.500000 0.250000 -3.200000
v 15.500000 0.300000 -3.000000
v 15.500000 0.300000 -3.150000
v 17.500000 0.300000 -3.000000
v 17.500000 0.300000 -3.150000
v 17.500000 -0.300000 -3.000000
v 17.500000 0.250000 -3.200000
v 17.500000 0.250000 -3.600000
v 17.500000 0.250000 -4.000000
v 17.500000 -0.250000 -3.200000
v 17.500000 -0.300000 -3.150000
v 17.500000 -0.250000 -4.000000
v 16.500000 -0.250000 -4.000000
v 16.500000 0.250000 -4.000000
v 16.500000 -0.250000 -3.200000
v 16.500000 -0.300000 -3.000000
v 16.500000 -0.300000 -3.150000
v 16.500000 0.250000 -3.600000
v 16.500000 0.250000 -3.200000
v 16.500000 0.300000 -3.000000
v 16.500000 0.300000 -3.150000
v 18.500000 0.300000 -3.000000
v 18.500000 0.300000 -3.150000
v 18.500000 -0.300000 -3.000000
v 18.500000 0.250000 -3.200000
v 18.500000 0.250000 -3.600000
v 18.500000 0.250000 -4.000000
v 18.500000 -0.250000 -3.200000
v 18.500000 -0.300000 -3.150000
v 18.500000 -0.250000 -4.000000
v 17.500000 -0.250000 -4.000000
v 17.500000 0.250000 -4.000000
v 17.500000 -0.250000 -3.200000
v 17.500000 -0.300000 -3.000000
v 17.500000 -0.300000 -3.150000
v 17.500000 0.250000 -3.600000
v 17.500000 0.250000 -3.200000
v 17.500000 0.300000 -3.000000
v 17.500000 0.300000 -3.150000
v 19.500000 0.300000 -3.000000
v 19.500000 0.300000 -3.150000
v 19.500000 -0.300000 -3.000000
v 19.500000 0.250000 -3.200000
v 19.500000 0.250000 -3.600000
v 19.500000 0.250000 -4.000000
v 19.500000 -0.250000 -3.200000
v 19.500000 -0.300000 -3.150000
v 19.500000 -0.250000 -4.000000
v 18.500000 -0.250000 -4.000000
v 18.500000 0.250000 -4.000000
v 18.500000 -0.250000 -3.200000
v 18.500000 -0.300000 -3.000000
v 18.500000 -0.300000 -3.150000
v 18.500000 0.250000 -3.600000
v 18.500000 0.250000 -3.200000
v 18.500000 0.300000 -3.000000
v 18.500000 0.300000 -3.150000
v 20.500000 0.300000 -3.000000
v 20.500000 0.300000 -3.150000
v 20.500000 -0.300000 -3.000000
v 20.500000 0.250000 -3.200000
v 20.500000 0.250000 -3.600000
v 20.500000 0.250000 -4.000000
v 20.500000 -0.250000 -3.200000
v 20.500000 -0.300000 -3.150000
v 20.500000 -0.250000 -4.000000
v 19.500000 -0.250000 -4.000000
v 19.500000 0.250000 -4.000000
v 19.500000 -0.250000 -3.200000
v 19.500000 -0.300000 -3.000000
v 19.500000 -0.300000 -3.150000
v 19.500000 0.250000 -3.600000
v 19.500000 0.250000 -3.200000
v 19.500000 0.300000 -3.000000
v 19.500000 0.300000 -3.150000
v 21.500000 0.300000 -3.000000
v 21.500000 0.300000 -3.150000
v 21.500000 -0.300000 -3.000000
v 21.500000 0.250000 -3.200000
v 21.500000 0.250000 -3.600000
v 21.500000 0.250000 -4.000000
v 21.500000 -0.250000 -3.200000
v 21.500000 -0.300000 -3.150000
v 21.500000 -0.250000 -4.000000
v 20.500000 -0.250000 -4.000000
v 20.500000 0.250000 -4.000000
v 20.500000 -0.250000 -3.200000
v 20.500000 -0.300000 -3.000000
v 20.500000 -0.300000 -3.150000
v 20.500000 0.250000 -3.600000
v 20.500000 0.250000 -3.200000
v 20.500000 0.300000 -3.000000
v 20.500000 0.300000 -3.150000
v 22.500000 0.300000 -3.000000
v 22.500000 0.300000 -3.150000
v 22.500000 -0.300000 -3.000000
v 22.500000 0.250000 -3.200000
v 22.500000 0.250000 -3.600000
v 22.500000 0.250000 -4.000000
v 22.500000 -0.250000 -3.200000
v 22.500000 -0.300000 -3.150000
v 22.500000 -0.250000 -4.000000
v 21.500000 -0.250000 -4.000000
v 21.500000 0.250000 -4.000000
v 21.500000 -0.250000 -3.200000
v 21.500000 -0.300000 -3.000000
v 21.500000 -0.300000 -3.150000
v 21.500000 0.250000 -3.600000
v 21.500000 0.250000 -3.200000
v 21.500000 0.300000 -3.000000
v 21.500000 0.300000 -3.150000
v 23.500000 0.300000 -3.000000
v 23.500000 0.300000 -3.150000
v 23.500000 -0.300000 -3.000000
v 23.500000 0.250000 -3.200000
v 23.500000 0.250000 -3.600000
v 23.500000 0.250000 -4.000000
v 23.500000 -0.250000 -3.200000
v 23.500000 -0.300000 -3.150000
v 23.500000 -0.250000 -4.000000
v 22.500000 -0.250000 -4.000000
v 22.500000 0.250000 -4.000000
v 22.500000 -0.250000 -3.200000
v 22.500000 -0.300000 -3.000000
v 22.500000 -0.300000 -3.150000
v 22.500000 0.250000 -3.600000
v 22.500000 0.250000 -3.200000
v 22.500000 0.300000 -3.000000
v 22.500000 0.300000 -3.150000
v 24.500000 0.300000 -3.000000
v 24.500000 0.300000 -3.150000
v 24.500000 -0.300000 -3.000000
v 24.500000 0.250000 -3.200000
v 24.500000 0.250000 -3.600000
v 24.500000 0.250000 -4.000000
v 24.500000 -0.250000 -3.200000
v 24.500000 -0.300000 -3.150000
v 24.500000 -0.250000 -4.000000
v 23.500000 -0.250000 -4.000000
v 23.500000 0.250000 -4.000000
v 23.500000 -0.250000 -3.200000
v 23.500000 -0.300000 -3.000000
v 23.500000 -0.300000 -3.150000
v 23.500000 0.250000 -3.600000
v 23.500000 0.250000 -3.200000
v 23.500000 0.300000 -3.000000
v 23.500000 0.300000 -3.150000
v 25.500000 0.300000 -3.000000
v 25.500000 0.300000 -3.150000
v 25.500000 -0.300000 -3.000000
v 25.500000 0.250000 -3.200000
v 25.500000 0.250000 -3.600000
v 25.500000 0.250000 -4.000000
v 25.500000 -0.250000 -3.200000
v 25.500000 -0.300000 -3.150000
v 25.500000 -0.250000 -4.000000
v 24.500000 -0.250000 -4.000000
v 24.500000 0.250000 -4.000000
v 24.500000 -0.250000 -3.200000
v 24.500000 -0.300000 -3.000000
v 24.500000 -0.300000 -3.150000
v 24.500000 0.250000 -3.600000
v 24.500000 0.250000 -3.200000
v 24.500000 0.300000 -3.000000
v 24.500000 0.300000 -3.150000
v 26.500000 0.300000 -3.000000
v 26.500000 0.300000 -3.150000
v 26.500000 -0.300000 -3.000000
v 26.500000 0.250000 -3.200000
v 26.500000 0.250000 -3.600000
v 26.500000 0.250000 -4.000000
v 26.500000 -0.250000 -3.200000
v 26.500000 -0.300000 -3.150000
v 26.500000 -0.250000 -4.000000
v 25.500000 -0.250000 -4.000000
v 25.500000 0.250000 -4.000000
v 25.500000 -0.250000 -3.200000
v 25.500000 -0.300000 -3.000000
v 25.500000 -0.300000 -3.150000
v 25.500000 0.250000 -3.600000
v 25.500000 0.250000 -3.200000
v 25.500000 0.300000 -3.000000
v 25.500000 0.300000 -3.150000
v 27.500000 0.300000 -3.000000
v 27.500000 0.300000 -3.150000
v 27.500000 -0.300000 -3.000000
v 27.500000 0.250000 -3.200000
v 27.500000 0.250000 -3.600000
v 27.500000 0.250000 -4.000000
v 27.500000 -0.250000 -3.200000
v 27.500000 -0.300000 -3.150000
v 27.500000 -0.250000 -4.000000
v 26.500000 -0.250000 -4.000000
v 26.500000 0.250000 -4.000000
v 26.500000 -0.250000 -3.200000
v 26.500000 -0.300000 -3.000000
v 26.500000 -0.300000 -3.150000
v 26.500000 0.250000 -3.600000
v 26.500000 0.250000 -3.200000
v 26.500000 0.300000 -3.000000
v 26.500000 0.300000 -3.150000
v 0.500000 0.300000 -4.000000
v 0.500000 0.300000 -4.150000
v 0.500000 -0.300000 -4.000000
v 0.500000 0.250000 -4.200000
v 0.500000 0.250000 -4.600000
v 0.500000 0.250000 -5.000000
v 0.500000 -0.250000 -4.200000
v 0.500000 -0.300000 -4.150000
v 0.500000 -0.250000 -5.000000
v -0.500000 -0.250000 -5.000000
v -0.500000 0.250000 -5.000000
v -0.500000 -0.250000 -4.200000
v -0.500000 -0.300000 -4.000000
v -0.500000 -0.300000 -4.150000
v -0.500000 0.250000 -4.600000
v -0.500000 0.250000 -4.200000
v -0.500000 0.300000 -4.000000
v -0.500000 0.300000 -4.150000
v 1.500000 0.300000 -4.000000
v 1.500000 0.300000 -4.150000
v 1.500000 -0.300000 -4.000000
v 1.500000 0.250000 -4.200000
v 1.500000 0.250000 -4.600000
v 1.500000 0.250000 -5.000000
v 1.500000 -0.250000 -4.200000
v 1.500000 -0.300000 -4.150000
v 1.500000 -0.250000 -5.000000
v 0.500000 -0.250000 -5.000000
v 0.500000 0.250000 -5.000000
v 0.500000 -0.250000 -4.200000
v 0.500000 -0.300000 -4.000000
v 0.500000 -0.300000 -4.150000
v 0.500000 0.250000 -4.600000
v 0.500000 0.250000 -4.200000
v 0.500000 0.300000 -4.000000
v 0.500000 0.300000 -4.150000
v 2.500000 0.300000 -4.000000
v 2.500000 0.300000 -4.150000
v 2.500000 -0.300000 -4.000000
v 2.500000 0.250000 -4.200000
v 2.500000 0.250000 -4.600000
v 2.500000 0.250000 -5.000000
v 2.500000 -0.250000 -4.200000
v 2.500000 -0.300000 -4.150000
v 2.500000 -0.250000 -5.000000
v 1.500000 -0.250000 -5.000000
v 1.500000 0.250000 -5.000000
v 1.500000 -0.250000 -4.200000
v 1.500000 -0.300000 -4.000000
v 1.500000 -0.300000 -4.150000
v 1.500000 0.250000 -4.600000
v 1.500000 0.250000 -4.200000
v 1.500000 0.300000 -4.000000
v 1.500000 0.300000 -4.150000
v 3.500000 0.300000 -4.000000
v 3.500000 0.300000 -4.150000
v 3.500000 -0.300000 -4.000000
v 3.500000 0.250000 -4.200000
v 3.500000 0.250000 -4.600000
v 3.500000 0.250000 -5.000000
v 3.500000 -0.250000 -4.200000
v 3.500000 -0.300000 -4.150000
v 3.500000 -0.250000 -5.000000
v 2.500000 -0.250000 -5.000000
v 2.500000 0.250000 -5.000000
v 2.500000 -0.250000 -4.200000
v 2.500000 -0.300000 -4.000000
v 2.500000 -0.300000 -4.150000
v 2.500000 0.250000 -4.600000
v 2.500000 0.250000 -4.200000
v 2.500000 0.300000 -4.000000
v 2.500000 0.300000 -4.150000
v 4.500000 0.300000 -4.000000
v 4.500000 0.300000 -4.150000
v 4.500000 -0.300000 -4.000000
v 4.500000 0.250000 -4.200000
v 4.500000 0.250000 -4.600000
v 4.500000 0.250000 -5.000000
v 4.500000 -0.250000 -4.200000
v 4.500000 -0.300000 -4.150000
v 4.500000 -0.250000 -5.000000
v 3.500000 -0.250000 -5.000000
v 3.500000 0.250000 -5.000000
v 3.500000 -0.250000 -4.200000
v 3.500000 -0.300000 -4.000000
v 3.500000 -0.300000 -4.150000
v 3.500000 0.250000 -4.600000
v 3.500000 0.250000 -4.200000
v 3.500000 0.300000 -4.000000
v 3.500000 0.300000 -4.150000
v 5.500000 0.300000 -4.000000
v 5.500000 0.300000 -4.150000
v 5.500000 -0.300000 -4.000000
v 5.500000 0.250000 -4.200000
v 5.500000 0.250000 -4.600000
v 5.500000 0.250000 -5.000000
v 5.500000 -0.250000 -4.200000
v 5.500000 -0.300000 -4.150000
v 5.500000 -0.250000 -5.000000
v 4.500000 -0.250000 -5.000000
v 4.500000 0.250000 -5.000000
v 4.500000 -0.250000 -4.200000
v 4.500000 -0.300000 -4.000000
v 4.500000 -0.300000 -4.150000
v 4.500000 0.250000 -4.600000
v 4.500000 0.250000 -4.200000
v 4.500000 0.300000 -4.000000
v 4.500000 0.300000 -4.150000
v 6.500000 0.300000 -4.000000
v 6.500000 0.300000 -4.150000
v 6.500000 -0.300000 -4.000000
v 6.500000 0.250000 -4.200000
v 6.500000 0.250000 -4.600000
v 6.500000 0.250000 -5.000000
v 6.500000 -0.250000 -4.200000
v 6.500000 -0.300000 -4.150000
v 6.500000 -0.250000 -5.000000
v 5.500000 -0.250000 -5.000000
v 5.500000 0.250000 -5.000000
v 5.500000 -0.250000 -4.200000
v 5.500000 -0.300000 -4.000000
v 5.500000 -0.300000 -4.150000
v 5.500000 0.250000 -4.600000
v 5.500000 0.250000 -4.200000
v 5.500000 0.300000 -4.000000
v 5.500000 0.300000 -4.150000
v 7.500000 0.300000 -4.000000
v 7.500000 0.300000 -4.150000
v 7.500000 -0.300000 -4.000000
v 7.500000 0.250000 -4.200000
v 7.500000 0.250000 -4.600000
v 7.500000 0.250000 -5.000000
v 7.500000 -0.250000 -4.200000
v 7.500000 -0.300000 -4.150000
v 7.500000 -0.250000 -5.000000
v 6.500000 -0.250000 -5.000000
v 6.500000 0.250000 -5.000000
v 6.500000 -0.250000 -4.200000
v 6.500000 -0.300000 -4.000000
v 6.500000 -0.300000 -4.150000
v 6.500000 0.250000 -4.600000
v 6.500000 0.250000 -4.200000
v 6.500000 0.300000 -4.000000
v 6.500000 0.300000 -4.150000
v 8.500000 0.300000 -4.000000
v 8.500000 0.300000 -4.150000
v 8.500000 -0.300000 -4.000000
v 8.500000 0.250000 -4.200000
v 8.500000 0.250000 -4.600000
v 8.500000 0.250000 -5.000000
v 8.500000 -0.250000 -4.200000
v 8.500000 -0.300000 -4.150000
v 8.500000 -0.250000 -5.000000
v 7.500000 -0.250000 -5.000000
v 7.500000 0.250000 -5.000000
v 7.500000 -0.250000 -4.200000
v 7.500000 -0.300000 -4.000000
v 7.500000 -0.300000 -4.150000
v 7.500000 0.250000 -4.600000
v 7.500000 0.250000 -4.200000
v 7.500000 0.300000 -4.000000
v 7.500000 0.300000 -4.150000
v 9.500000 0.300000 -4.000000
v 9.500000 0.300000 -4.150000
v 9.500000 -0.300000 -4.000000
v 9.500000 0.250000 -4.200000
v 9.500000 0.250000 -4.600000
v 9.500000 0.250000 -5.000000
v 9.500000 -0.250000 -4.200000
v 9.500000 -0.300000 -4.150000
v 9.500000 -0.250000 -5.000000
v 8.500000 -0.250000 -5.000000
v 8.500000 0.250000 -5.000000
v 8.500000 -0.250000 -4.200000
v 8.500000 -0.300000 -4.000000
v 8.500000 -0.300000 -4.150000
v 8.500000 0.250000 -4.600000
v 8.500000 0.250000 -4.200000
v 8.500000 0.300000 -4.000000
v 8.500000 0.300000 -4.150000
v 10.500000 0.300000 -4.000000
v 10.500000 0.300000 -4.150000
v 10.500000 -0.300000 -4.000000
v 10.500000 0.250000 -4.200000
v 10.500000 0.250000 -4.600000
v 10.500000 0.250000 -5.000000
v 10.500000 -0.250000 -4.200000
v 10.500000 -0.300000 -4.150000
v 10.500000 -0.250000 -5.000000
v 9.500000 -0.250000 -5.000000
v 9.500000 0.250000 -5.000000
v 9.500000 -0.250000 -4.200000
v 9.500000 -0.300000 -4.000000
v 9.500000 -0.300000 -4.150000
v 9.500000 0.250000 -4.600000
v 9.500000 0.250000 -4.200000
v 9.500000 0.300000 -4.000000
v 9.500000 0.300000 -4.150000
v 11.500000 0.300000 -4.000000
v 11.500000 0.300000 -4.150000
v 11.500000 -0.300000 -4.000000
v 11.500000 0.250000 -4.200000
v 11.500000 0.250000 -4.600000
v 11.500000 0.250000 -5.000000
v 11.500000 -0.250000 -4.200000
v 11.500000 -0.300000 -4.150000
v 11.500000 -0.250000 -5.000000
v 10.500000 -0.250000 -5.000000
v 10.500000 0.250000 -5.000000
v 10.500000 -0.250000 -4.200000
v 10.500000 -0.300000 -4.000000
v 10.500000 -0.300000 -4.150000
v 10.500000 0.250000 -4.600000
v 10.500000 0.250000 -4.200000
v 10.500000 0.300000 -4.000000
v 10.500000 0.300000 -4.150000
v 12.500000 0.300000 -4.000000
v 12.500000 0.300000 -4.150000
v 12.500000 -0.300000 -4.000000
v 12.500000 0.250000 -4.200000
v 12.500000 0.250000 -4.600000
v 12.500000 0.250000 -5.000000
v 12.500000 -0.250000 -4.200000
v 12.500000 -0.300000 -4.150000
v 12.500000 -0.250000 -5.000000
v 11.500000 -0.250000 -5.000000
v 11.500000 0.250000 -5.000000
v 11.500000 -0.250000 -4.200000
v 11.500000 -0.300000 -4.000000
v 11.500000 -0.300000 -4.150000
v 11.500000 0.250000 -4.600000
v 11.500000 0.250000 -4.200000
v 11.500000 0.300000 -4.000000
v 11.500000 0.300000 -4.150000
v 13.500000 0.300000 -4.000000
v 13.500000 0.300000 -4.150000
v 13.500000 -0.300000 -4.000000
v 13.500000 0.250000 -4.200000
v 13.500000 0.250000 -4.600000
v 13.500000 0.250000 -5.000000
v 13.500000 -0.250000 -4.200000
v 13.500000 -0.300000 -4.150000
v 13.500000 -0.250000 -5.000000
v 12.500000 -0.250000 -5.000000
v 12.500000 0.250000 -5.000000
v 12.500000 -0.250000 -4.200000
v 12.500000 -0.300000 -4.000000
v 12.500000 -0.300000 -4.150000
v 12.500000 0.250000 -4.600000
v 12.500000 0.250000 -4.200000
v 12.500000 0.300000 -4.000000
v 12.500000 0.300000 -4.150000
v 14.500000 0.300000 -4.000000
v 14.500000 0.300000 -4.150000
v 14.500000 -0.300000 -4.000000
v 14.500000 0.250000 -4.200000
v 14.500000 0.250000 -4.600000
v 14.500000 0.250000 -5.000000
v 14.500000 -0.250000 -4.200000
v 14.500000 -0.300000 -4.150000
v 14.500000 -0.250000 -5.000000
v 13.500000 -0.250000 -5.000000
v 13.500000 0.250000 -5.000000
v 13.500000 -0.250000 -4.200000
v 13.500000 -0.300000 -4.000000
v 13.500000 -0.300000 -4.150000
v 13.500000 0.250000 -4.600000
v 13.500000 0.250000 -4.200000
v 13.500000 0.300000 -4.000000
v 13.500000 0.300000 -4.150000
v 15.500000 0.300000 -4.000000
v 15.500000 0.300000 -4.150000
v 15.500000 -0.300000 -4.000000
v 15.500000 0.250000 -4.200000
v 15.500000 0.250000 -4.600000
v 15.500000 0.250000 -5.000000
v 15.500000 -0.250000 -4.200000
v 15.500000 -0.300000 -4.150000
v 15.500000 -0.250000 -5.000000
v 14.500000 -0.250000 -5.000000
v 14.500000 0.250000 -5.000000
v 14.500000 -0.250000 -4.200000
v 14.500000 -0.300000 -4.000000
v 14.500000 -0.300000 -4.150000
v 14.500000 0.250000 -4.600000
v 14.500000 0.250000 -4.200000
v 14.500000 0.300000 -4.000000
v 14.500000 0.300000 -4.150000
v 16.500000 0.300000 -4.000000
v 16.500000 0.300000 -4.150000
v 16.500000 -0.300000 -4.000000
v 16.500000 0.250000 -4.200000
v 16.500000 0.250000 -4.600000
v 16.500000 0.250000 -5.000000
v 16.500000 -0.250000 -4.200000
v 16.500000 -0.300000 -4.150000
v 16.500000 -0.250000 -5.000000
v 15.500000 -0.250000 -5.000000
v 15.500000 0.250000 -5.000000
v 15.500000 -0.250000 -4.200000
v 15.500000 -0.300000 -4.000000
v 15.500000 -0.300000 -4.150000
v 15.500000 0.250000 -4.600000
v 15.500000 0.250000 -4.200000
v 15.500000 0.300000 -4.000000
v 15.500000 0.300000 -4.150000
v 17.500000 0.300000 -4.000000
v 17.500000 0.300000 -4.150000
v 17.500000 -0.300000 -4.000000
v 17.500000 0.250000 -4.200000
v 17.500000 0.250000 -4.600000
v 17.500000 0.250000 -5.000000
v 17.500000 -0.250000 -4.200000
v 17.500000 -0.300000 -4.150000
v 17.500000 -0.250000 -5.000000
v 16.500000 -0.250000 -5.000000
v 16.500000 0.250000 -5.000000
v 16.500000 -0.250000 -4.200000
v 16.500000 -0.300000 -4.000000
v 16.500000 -0.300000 -4.150000
v 16.500000 0.250000 -4.600000
v 16.500000 0.250000 -4.200000
v 16.500000 0.300000 -4.000000
v 16.500000 0.300000 -4.150000
v 18.500000 0.300000 -4.000000
v 18.500000 0.300000 -4.150000
v 18.500000 -0.300000 -4.000000
v 18.500000 0.250000 -4.200000
v 18.500000 0.250000 -4.600000
v 18.500000 0.250000 -5.000000
v 18.500000 -0.250000 -4.200000
v 18.500000 -0.300000 -4.150000
v 18.500000 -0.250000 -5.000000
v 17.500000 -0.250000 -5.000000
v 17.500000 0.250000 -5.000000
v 17.500000 -0.250000 -4.200000
v 17.500000 -0.300000 -4.000000
v 17.500000 -0.300000 -4.150000
v 17.500000 0.250000 -4.600000
v 17.500000 0.250000 -4.200000
v 17.500000 0.300000 -4.000000
v 17.500000 0.300000 -4.150000
v 19.500000 0.300000 -4.000000
v 19.500000 0.300000 -4.150000
v 19.500000 -0.300000 -4.000000
v 19.500000 0.250000 -4.200000
v 19.500000 0.250000 -4.600000
v 19.500000 0.250000 -5.000000
v 19.500000 -0.250000 -4.200000
v 19.500000 -0.300000 -4.150000
v 19.500000 -0.250000 -5.000000
v 18.500000 -0.250000 -5.000000
v 18.500000 0.250000 -5.000000
v 18.500000 -0.250000 -4.200000
v 18.500000 -0.300000 -4.000000
v 18.500000 -0.300000 -4.150000
v 18.500000 0.250000 -4.600000
v 18.500000 0.250000 -4.200000
v 18.500000 0.300000 -4.000000
v 18.500000 0.300000 -4.150000
v 20.500000 0.300000 -4.000000
v 20.500000 0.300000 -4.150000
v 20.500000 -0.300000 -4.000000
v 20.500000 0.250000 -4.200000
v 20.500000 0.250000 -4.600000
v 20.500000 0.250000 -5.000000
v 20.500000 -0.250000 -4.200000
v 20.500000 -0.300000 -4.150000
v 20.500000 -0.250000 -5.000000
v 19.500000 -0.250000 -5.000000
v 19.500000 0.250000 -5.000000
v 19.500000 -0.250000 -4.200000
v 19.500000 -0.300000 -4.000000
v 19.500000 -0.300000 -4.150000
v 19.500000 0.250000 -4.600000
v 19.500000 0.250000 -4.200000
v 19.500000 0.300000 -4.000000
v 19.500000 0.300000 -4.150000
v 21.500000 0.300000 -4.000000
v 21.500000 0.300000 -4.150000
v 21.500000 -0.300000 -4.000000
v 21.500000 0.250000 -4.200000
v 21.500000 0.250000 -4.600000
v 21.500000 0.250000 -5.000000
v 21.500000 -0.250000 -4.200000
v 21.500000 -0.300000 -4.150000
v 21.500000 -0.250000 -5.000000
v 20.500000 -0.250000 -5.000000
v 20.500000 0.250000 -5.000000
v 20.500000 -0.250000 -4.200000
v 20.500000 -0.300000 -4.000000
v 20.500000 -0.300000 -4.150000
v 20.500000 0.250000 -4.600000
v 20.500000 0.250000 -4.200000
v 20.500000 0.300000 -4.000000
v 20.500000 0.300000 -4.150000
v 22.500000 0.300000 -4.000000
v 22.500000 0.300000 -4.150000
v 22.500000 -0.300000 -4.000000
v 22.500000 0.250000 -4.200000
v 22.500000 0.250000 -4.600000
v 22.500000 0.250000 -5.000000
v 22.500000 -0.250000 -4.200000
v 22.500000 -0.300000 -4.150000
v 22.500000 -0.250000 -5.000000
v 21.500000 -0.250000 -5.000000
v 21.500000 0.250000 -5.000000
v 21.500000 -0.250000 -4.200000
v 21.500000 -0.300000 -4.000000
v 21.500000 -0.300000 -4.150000
v 21.500000 0.250000 -4.600000
v 21.500000 0.250000 -4.200000
v 21.500000 0.300000 -4.000000
v 21.500000 0.300000 -4.150000
v 23.500000 0.300000 -4.000000
v 23.500000 0.300000 -4.150000
v 23.500000 -0.300000 -4.000000
v 23.500000 0.250000 -4.200000
v 23.500000 0.250000 -4.600000
v 23.500000 0.250000 -5.000000
v 23.500000 -0.250000 -4.200000
v 23.500000 -0.300000 -4.150000
v 23.500000 -0.250000 -5.000000
v 22.500000 -0.250000 -5.000000
v 22.500000 0.250000 -5.000000
v 22.500000 -0.250000 -4.200000
v 22.500000 -0.300000 -4.000000
v 22.500000 -0.300000 -4.150000
v 22.500000 0.250000 -4.600000
v 22.500000 0.250000 -4.200000
v 22.500000 0.300000 -4.000000
v 22.500000 0.300000 -4.150000
v 24.500000 0.300000 -4.000000
v 24.500000 0.300000 -4.150000
v 24.500000 -0.300000 -4.000000
v 24.500000 0.250000 -4.200000
v 24.500000 0.250000 -4.600000
v 24.500000 0.250000 -5.000000
v 24.500000 -0.250000 -4.200000
v 24.500000 -0.300000 -4.150000
v 24.500000 -0.250000 -5.000000
v 23.500000 -0.250000 -5.000000
v 23.500000 0.250000 -5.000000
v 23.500000 -0.250000 -4.200000
v 23.500000 -0.300000 -4.000000
v 23.500000 -0.300000 -4.150000
v 23.500000 0.250000 -4.600000
v 23.500000 0.250000 -4.200000
v 23.500000 0.300000 -4.000000
v 23.500000 0.300000 -4.150000
v 25.500000 0.300000 -4.000000
v 25.500000 0.300000 -4.150000
v 25.500000 -0.300000 -4.000000
v 25.500000 0.250000 -4.200000
v 25.500000 0.250000 -4.600000
v 25.500000 0.250000 -5.000000
v 25.500000 -0.250000 -4.200000
v 25.500000 -0.300000 -4.150000
v 25.500000 -0.250000 -5.000000
v 24.500000 -0.250000 -5.000000
v 24.500000 0.250000 -5.000000
v 24.500000 -0.250000 -4.200000
v 24.500000 -0.300000 -4.000000
v 24.500000 -0.300000 -4.150000
v 24.500000 0.250000 -4.600000
v 24.500000 0.250000 -4.200000
v 24.500000 0.300000 -4.000000
v 24.500000 0.300000 -4.150000
v 26.500000 0.300000 -4.000000
v 26.500000 0.300000 -4.150000
v 26.500000 -0.300000 -4.000000
v 26.500000 0.250000 -4.200000
v 26.500000 0.250000 -4.600000
v 26.500000 0.250000 -5.000000
v 26.500000 -0.250000 -4.200000
v 26.500000 -0.300000 -4.150000
v 26.500000 -0.250000 -5.000000
v 25.500000 -0.250000 -5.000000
v 25.500000 0.250000 -5.000000
v 25.500000 -0.250000 -4.200000
v 25.500000 -0.300000 -4.000000
v 25.500000 -0.300000 -4.150000
v 25.500000 0.250000 -4.600000
v 25.500000 0.250000 -4.200000
v 25.500000 0.300000 -4.000000
v 25.500000 0.300000 -4.150000
v 27.500000 0.300000 -4.000000
v 27.500000 0.300000 -4.150000
v 27.500000 -0.300000 -4.000000
v 27.500000 0.250000 -4.200000
v 27.500000 0.250000 -4.600000
v 27.500000 0.250000 -5.000000
v 27.500000 -0.250000 -4.200000
v 27.500000 -0.300000 -4.150000
v 27.500000 -0.250000 -5.000000
v 26.500000 -0.250000 -5.000000
v 26.500000 0.250000 -5.000000
v 26.500000 -0.250000 -4.200000
v 26.500000 -0.300000 -4.000000
v 26.500000 -0.300000 -4.150000
v 26.500000 0.250000 -4.600000
v 26.500000 0.250000 -4.200000
v 26.500000 0.300000 -4.000000
v 26.500000 0.300000 -4.150000
v 0.500000 0.300000 -5.000000
v 0.500000 0.300000 -5.150000
v 0.500000 -0.300000 -5.000000
v 0.500000 0.250000 -5.200000
v 0.500000 0.250000 -5.600000
v 0.500000 0.250000 -6.000000
v 0.500000 -0.250000 -5.200000
v 0.500000 -0.300000 -5.150000
v 0.500000 -0.250000 -6.000000
v -0.500000 -0.250000 -6.000000
v -0.500000 0.250000 -6.000000
v -0.500000 -0.250000 -5.200000
v -0.500000 -0.300000 -5.000000
v -0.500000 -0.300000 -5.150000
v -0.500000 0.250000 -5.600000
v -0.500000 0.250000 -5.200000
v -0.500000 0.300000 -5.000000
v -0.500000 0.300000 -5.150000
v 1.500000 0.300000 -5.000000
v 1.500000 0.300000 -5.150000
v 1.500000 -0.300000 -5.000000
v 1.500000 0.250000 -5.200000
v 1.500000 0.250000 -5.600000
v 1.500000 0.250000 -6.000000
v 1.500000 -0.250000 -5.200000
v 1.500000 -0.300000 -5.150000
v 1.500000 -0.250000 -6.000000
v 0.500000 -0.250000 -6.000000
v 0.500000 0.250000 -6.000000
v 0.500000 -0.250000 -5.200000
v 0.500000 -0.300000 -5.000000
v 0.500000 -0.300000 -5.150000
v 0.500000 0.250000 -5.600000
v 0.500000 0.250000 -5.200000
v 0.500000 0.300000 -5.000000
v 0.500000 0.300000 -5.150000
v 2.500000 0.300000 -5.000000
v 2.500000 0.300000 -5.150000
v 2.500000 -0.300000 -5.000000
v 2.500000 0.250000 -5.200000
v 2.500000 0.250000 -5.600000
v 2.500000 0.250000 -6.000000
v 2.500000 -0.250000 -5.200000
v 2.500000 -0.300000 -5.150000
v 2.500000 -0.250000 -6.000000
v 1.500000 -0.250000 -6.000000
v 1.500000 0.250000 -6.000000
v 1.500000 -0.250000 -5.200000
v 1.500000 -0.300000 -5.000000
v 1.500000 -0.300000 -5.150000
v 1.500000 0.250000 -5.600000
v 1.500000 0.250000 -5.200000
v 1.500000 0.300000 -5.000000
v 1.500000 0.300000 -5.150000
v 3.500000 0.300000 -5.000000
v 3.500000 0.300000 -5.150000
v 3.500000 -0.300000 -5.000000
v 3.500000 0.250000 -5.200000
v 3.500000 0.250000 -5.600000
v 3.500000 0.250000 -6.000000
v 3.500000 -0.250000 -5.200000
v 3.500000 -0.300000 -5.150000
v 3.500000 -0.250000 -6.000000
v 2.500000 -0.250000 -6.000000
v 2.500000 0.250000 -6.000000
v 2.500000 -0.250000 -5.200000
v 2.500000 -0.300000 -5.000000
v 2.500000 -0.300000 -5.150000
v 2.500000 0.250000 -5.600000
v 2.500000 0.250000 -5.200000
v 2.500000 0.300000 -5.000000
v 2.500000 0.300000 -5.150000
v 4.500000 0.300000 -5.000000
v 4.500000 0.300000 -5.150000
v 4.500000 -0.300000 -5.000000
v 4.500000 0.250000 -5.200000
v 4.500000 0.250000 -5.600000
v 4.500000 0.250000 -6.000000
v 4.500000 -0.250000 -5.200000
v 4.500000 -0.300000 -5.150000
v 4.500000 -0.250000 -6.000000
v 3.500000 -0.250000 -6.000000
v 3.500000 0.250000 -6.000000
v 3.500000 -0.250000 -5.200000
v 3.500000 -0.300000 -5.000000
v 3.500000 -0.300000 -5.150000
v 3.500000 0.250000 -5.600000
v 3.500000 0.250000 -5.200000
v 3.500000 0.300000 -5.000000
v 3.500000 0.300000 -5.150000
v 5.500000 0.300000 -5.000000
v 5.500000 0.300000 -5.150000
v 5.500000 -0.300000 -5.000000
v 5.500000 0.250000 -5.200000
v 5.500000 0.250000 -5.600000
v 5.500000 0.250000 -6.000000
v 5.500000 -0.250000 -5.200000
v 5.500000 -0.300000 -5.150000
v 5.500000 -0.250000 -6.000000
v 4.500000 -0.250000 -6.000000
v 4.500000 0.250000 -6.000000
v 4.500000 -0.250000 -5.200000
v 4.500000 -0.300000 -5.000000
v 4.500000 -0.300000 -5.150000
v 4.500000 0.250000 -5.600000
v 4.500000 0.250000 -5.200000
v 4.500000 0.300000 -5.000000
v 4.500000 0.300000 -5.150000
v 6.500000 0.300000 -5.000000
v 6.500000 0.300000 -5.150000
v 6.500000 -0.300000 -5.000000
v 6.500000 0.250000 -5.200000
v 6.500000 0.250000 -5.600000
v 6.500000 0.250000 -6.000000
v 6.500000 -0.250000 -5.200000
v 6.500000 -0.300000 -5.150000
v 6.500000 -0.250000 -6.000000
v 5.500000 -0.250000 -6.000000
v 5.500000 0.250000 -6.000000
v 5.500000 -0.250000 -5.200000
v 5.500000 -0.300000 -5.000000
v 5.500000 -0.300000 -5.150000
v 5.500000 0.250000 -5.600000
v 5.500000 0.250000 -5.200000
v 5.500000 0.300000 -5.000000
v 5.500000 0.300000 -5.150000
v 7.500000 0.300000 -5.000000
v 7.500000 0.300000 -5.150000
v 7.500000 -0.300000 -5.000000
v 7.500000 0.250000 -5.200000
v 7.500000 0.250000 -5.600000
v 7.500000 0.250000 -6.000000
v 7.500000 -0.250000 -5.200000
v 7.500000 -0.300000 -5.150000
v 7.500000 -0.250000 -6.000000
v 6.500000 -0.250000 -6.000000
v 6.500000 0.250000 -6.000000
v 6.500000 -0.250000 -5.200000
v 6.500000 -0.300000 -5.000000
v 6.500000 -0.300000 -5.150000
v 6.500000 0.250000 -5.600000
v 6.500000 0.250000 -5.200000
v 6.500000 0.300000 -5.000000
v 6.500000 0.300000 -5.150000
v 8.500000 0.300000 -5.000000
v 8.500000 0.300000 -5.150000
v 8.500000 -0.300000 -5.000000
v 8.500000 0.250000 -5.200000
v 8.500000 0.250000 -5.600000
v 8.500000 0.250000 -6.000000
v 8.500000 -0.250000 -5.200000
v 8.500000 -0.300000 -5.150000
v 8.500000 -0.250000 -6.000000
v 7.500000 -0.250000 -6.000000
v 7.500000 0.250000 -6.000000
v 7.500000 -0.250000 -5.200000
v 7.500000 -0.300000 -5.000000
v 7.500000 -0.300000 -5.150000
v 7.500000 0.250000 -5.600000
v 7.500000 0.250000 -5.200000
v 7.500000 0.300000 -5.000000
v 7.500000 0.300000 -5.150000
v 9.500000 0.300000 -5.000000
v 9.500000 0.300000 -5.150000
v 9.500000 -0.300000 -5.000000
v 9.500000 0.250000 -5.200000
v 9.500000 0.250000 -5.600000
v 9.500000 0.250000 -6.000000
v 9.500000 -0.250000 -5.200000
v 9.500000 -0.300000 -5.150000
v 9.500000 -0.250000 -6.000000
v 8.500000 -0.250000 -6.000000
v 8.500000 0.250000 -6.000000
v 8.500000 -0.250000 -5.200000
v 8.500000 -0.300000 -5.000000
v 8.500000 -0.300000 -5.150000
v 8.500000 0.250000 -5.600000
v 8.500000 0.250000 -5.200000
v 8.500000 0.300000 -5.000000
v 8.500000 0.300000 -5.150000
v 10.500000 0.300000 -5.000000
v 10.500000 0.300000 -5.150000
v 10.500000 -0.300000 -5.000000
v 10.500000 0.250000 -5.200000
v 10.500000 0.250000 -5.600000
v 10.500000 0.250000 -6.000000
v 10.500000 -0.250000 -5.200000
v 10.500000 -0.300000 -5.150000
v 10.500000 -0.250000 -6.000000
v 9.500000 -0.250000 -6.000000
v 9.500000 0.250000 -6.000000
v 9.500000 -0.250000 -5.200000
v 9.500000 -0.300000 -5.000000
v 9.500000 -0.300000 -5.150000
v 9.500000 0.250000 -5.600000
v 9.500000 0.250000 -5.200000
v 9.500000 0.300000 -5.000000
v 9.500000 0.300000 -5.150000
v 11.500000 0.300000 -5.000000
v 11.500000 0.300000 -5.150000
v 11.500000 -0.300000 -5.000000
v 11.500000 0.250000 -5.200000
v 11.500000 0.250000 -5.600000
v 11.500000 0.250000 -6.000000
v 11.500000 -0.250000 -5.200000
v 11.500000 -0.300000 -5.150000
v 11.500000 -0.250000 -6.000000
v 10.500000 -0.250000 -6.000000
v 10.500000 0.250000 -6.000000
v 10.500000 -0.250000 -5.200000
v 10.500000 -0.300000 -5.000000
v 10.500000 -0.300000 -5.150000
v 10.500000 0.250000 -5.600000
v 10.500000 0.250000 -5.200000
v 10.500000 0.300000 -5.000000
v 10.500000 0.300000 -5.150000
v 12.500000 0.300000 -5.000000
v 12.500000 0.300000 -5.150000
v 12.500000 -0.300000 -5.000000
v 12.500000 0.250000 -5.200000
v 12.500000 0.250000 -5.600000
v 12.500000 0.250000 -6.000000
v 12.500000 -0.250000 -5.200000
v 12.500000 -0.300000 -5.150000
v 12.500000 -0.250000 -6.000000
v 11.500000 -0.250000 -6.000000
v 11.500000 0.250000 -6.000000
v 11.500000 -0.250000 -5.200000
v 11.500000 -0.300000 -5.000000
v 11.500000 -0.300000 -5.150000
v 11.500000 0.250000 -5.600000
v 11.500000 0.250000 -5.200000
v 11.500000 0.300000 -5.000000
v 11.500000 0.300000 -5.150000
v 13.500000 0.300000 -5.000000
v 13.500000 0.300000 -5.150000
v 13.500000 -0.300000 -5.000000
v 13.500000 0.250000 -5.200000
v 13.500000 0.250000 -5.600000
v 13.500000 0.250000 -6.000000
v 13.500000 -0.250000 -5.200000
v 13.500000 -0.300000 -5.150000
v 13.500000 -0.250000 -6.000000
v 12.500000 -0.250000 -6.000000
v 12.500000 0.250000 -6.000000
v 12.500000 -0.250000 -5.200000
v 12.500000 -0.300000 -5.000000
v 12.500000 -0.300000 -5.150000
v 12.500000 0.250000 -5.600000
v 12.500000 0.250000 -5.200000
v 12.500000 0.300000 -5.000000
v 12.500000 0.300000 -5.150000
v 14.500000 0.300000 -5.000000
v 14.500000 0.300000 -5.150000
v 14.500000 -0.300000 -5.000000
v 14.500000 0.250000 -5.200000
v 14.500000 0.250000 -5.600000
v 14.500000 0.250000 -6.000000
v 14.500000 -0.250000 -5.200000
v 14.500000 -0.300000 -5.150000
v 14.500000 -0.250000 -6.000000
v 13.500000 -0.250000 -6.000000
v 13.500000 0.250000 -6.000000
v 13.500000 -0.250000 -5.200000
v 13.500000 -0.300000 -5.000000
v 13.500000 -0.300000 -5.150000
v 13.500000 0.250000 -5.600000
v 13.500000 0.250000 -5.200000
v 13.500000 0.300000 -5.000000
v 13.500000 0.300000 -5.150000
v 15.500000 0.300000 -5.000000
v 15.500000 0.300000 -5.150000
v 15.500000 -0.300000 -5.000000
v 15.500000 0.250000 -5.200000
v 15.500000 0.250000 -5.600000
v 15.500000 0.250000 -6.000000
v 15.500000 -0.250000 -5.200000
v 15.500000 -0.300000 -5.150000
v 15.500000 -0.250000 -6.000000
v 14.500000 -0.250000 -6.000000
v 14.500000 0.250000 -6.000000
v 14.500000 -0.250000 -5.200000
v 14.500000 -0.300000 -5.000000
v 14.500000 -0.300000 -5.150000
v 14.500000 0.250000 -5.600000
v 14.500000 0.250000 -5.200000
v 14.500000 0.300000 -5.000000
v 14.500000 0.300000 -5.150000
v 16.500000 0.300000 -5.000000
v 16.500000 0.300000 -5.150000
v 16.500000 -0.300000 -5.000000
v 16.500000 0.250000 -5.200000
v 16.500000 0.250000 -5.600000
v 16.500000 0.250000 -6.000000
v 16.500000 -0.250000 -5.200000
v 16.500000 -0.300000 -5.150000
v 16.500000 -0.250000 -6.000000
v 15.500000 -0.250000 -6.000000
v 15.500000 0.250000 -6.000000
v 15.500000 -0.250000 -5.200000
v 15.500000 -0.300000 -5.000000
v 15.500000 -0.300000 -5.150000
v 15.500000 0.250000 -5.600000
v 15.500000 0.250000 -5.200000
v 15.500000 0.300000 -5.000000
v 15.500000 0.300000 -5.150000
v 17.500000 0.300000 -5.000000
v 17.500000 0.300000 -5.150000
v 17.500000 -0.300000 -5.000000
v 17.500000 0.250000 -5.200000
v 17.500000 0.250000 -5.600000
v 17.500000 0.250000 -6.000000
v 17.500000 -0.250000 -5.200000
v 17.500000 -0.300000 -5.150000
v 17.500000 -0.250000 -6.000000
v 16.500000 -0.250000 -6.000000
v 16.500000 0.250000 -6.000000
v 16.500000 -0.250000 -5.200000
v 16.500000 -0.300000 -5.000000
v 16.500000 -0.300000 -5.150000
v 16.500000 0.250000 -5.600000
v 16.500000 0.250000 -5.200000
v 16.500000 0.300000 -5.000000
v 16.500000 0.300000 -5.150000
v 18.500000 0.300000 -5.000000
v 18.500000 0.300000 -5.150000
v 18.500000 -0.300000 -5.000000
v 18.500000 0.250000 -5.200000
v 18.500000 0.250000 -5.600000
v 18.500000 0.250000 -6.000000
v 18.500000 -0.250000 -5.200000
v 18.500000 -0.300000 -5.150000
v 18.500000 -0.250000 -6.000000
v 17.500000 -0.250000 -6.000000
v 17.500000 0.250000 -6.000000
v 17.500000 -0.250000 -5.200000
v 17.500000 -0.300000 -5.000000
v 17.500000 -0.300000 -5.150000
v 17.500000 0.250000 -5.600000
v 17.500000 0.250000 -5.200000
v 17.500000 0.300000 -5.000000
v 17.500000 0.300000 -5.150000
v 19.500000 0.300000 -5.000000
v 19.500000 0.300000 -5.150000
v 19.500000 -0.300000 -5.000000
v 19.500000 0.250000 -5.200000
v 19.500000 0.250000 -5.600000
v 19.500000 0.250000 -6.000000
v 19.500000 -0.250000 -5.200000
v 19.500000 -0.300000 -5.150000
v 19.500000 -0.250000 -6.000000
v 18.500000 -0.250000 -6.000000
v 18.500000 0.250000 -6.000000
v 18.500000 -0.250000 -5.200000
v 18.500000 -0.300000 -5.000000
v 18.500000 -0.300000 -5.150000
v 18.500000 0.250000 -5.600000
v 18.500000 0.250000 -5.200000
v 18.500000 0.300000 -5.000000
v 18.500000 0.300000 -5.150000
v 20.500000 0.300000 -5.000000
v 20.500000 0.300000 -5.150000
v 20.500000 -0.300000 -5.000000
v 20.500000 0.250000 -5.200000
v 20.500000 0.250000 -5.600000
v 20.500000 0.250000 -6.000000
v 20.500000 -0.250000 -5.200000
v 20.500000 -0.300000 -5.150000
v 20.500000 -0.250000 -6.000000
v 19.500000 -0.250000 -6.000000
v 19.500000 0.250000 -6.000000
v 19.500000 -0.250000 -5.200000
v 19.500000 -0.300000 -5.000000
v 19.500000 -0.300000 -5.150000
v 19.500000 0.250000 -5.600000
v 19.500000 0.250000 -5.200000
v 19.500000 0.300000 -5.000000
v 19.500000 0.300000 -5.150000
v 21.500000 0.300000 -5.000000
v 21.500000 0.300000 -5.150000
v 21.500000 -0.300000 -5.000000
v 21.500000 0.250000 -5.200000
v 21.500000 0.250000 -5.600000
v 21.500000 0.250000 -6.000000
v 21.500000 -0.250000 -5.200000
v 21.500000 -0.300000 -5.150000
v 21.500000 -0.250000 -6.000000
v 20.500000 -0.250000 -6.000000
v 20.500000 0.250000 -6.000000
v 20.500000 -0.250000 -5.200000
v 20.500000 -0.300000 -5.000000
v 20.500000 -0.300000 -5.150000
v 20.500000 0.250000 -5.600000
v 20.500000 0.250000 -5.200000
v 20.500000 0.300000 -5.000000
v 20.500000 0.300000 -5.150000
v 22.500000 0.300000 -5.000000
v 22.500000 0.300000 -5.150000
v 22.500000 -0.300000 -5.000000
v 22.500000 0.250000 -5.200000
v 22.500000 0.250000 -5.600000
v 22.500000 0.250000 -6.000000
v 22.500000 -0.250000 -5.200000
v 22.500000 -0.300000 -5.150000
v 22.500000 -0.250000 -6.000000
v 21.500000 -0.250000 -6.000000
v 21.500000 0.250000 -6.000000
v 21.500000 -0.250000 -5.200000
v 21.500000 -0.300000 -5.000000
v 21.500000 -0.300000 -5.150000
v 21.500000 0.250000 -5.600000
v 21.500000 0.250000 -5.200000
v 21.500000 0.300000 -5.000000
v 21.500000 0.300000 -5.150000
v 23.500000 0.300000 -5.000000
v 23.500000 0.300000 -5.150000
v 23.500000 -0.300000 -5.000000
v 23.500000 0.250000 -5.200000
v 23.500000 0.250000 -5.600000
v 23.500000 0.250000 -6.000000
v 23.500000 -0.250000 -5.200000
v 23.500000 -0.300000 -5.150000
v 23.500000 -0.250000 -6.000000
v 22.500000 -0.250000 -6.000000
v 22.500000 0.250000 -6.000000
v 22.500000 -0.250000 -5.200000
v 22.500000 -0.300000 -5.000000
v 22.500000 -0.300000 -5.150000
v 22.500000 0.250000 -5.600000
v 22.500000 0.250000 -5.200000
v 22.500000 0.300000 -5.000000
v 22.500000 0.300000 -5.150000
v 24.500000 0.300000 -5.000000
v 24.500000 0.300000 -5.150000
v 24.500000 -0.300000 -5.000000
v 24.500000 0.250000 -5.200000
v 24.500000 0.250000 -5.600000
v 24.500000 0.250000 -6.000000
v 24.500000 -0.250000 -5.200000
v 24.500000 -0.300000 -5.150000
v 24.500000 -0.250000 -6.000000
v 23.500000 -0.250000 -6.000000
v 23.500000 0.250000 -6.000000
v 23.500000 -0.250000 -5.200000
v 23.500000 -0.300000 -5.000000
v 23.500000 -0.300000 -5.150000
v 23.500000 0.250000 -5.600000
v 23.500000 0.250000 -5.200000
v 23.500000 0.300000 -5.000000
v 23.500000 0.300000 -5.150000
v 25.500000 0.300000 -5.000000
v 25.500000 0.300000 -5.150000
v 25.500000 -0.300000 -5.000000
v 25.500000 0.250000 -5.200000
v 25.500000 0.250000 -5.600000
v 25.500000 0.250000 -6.000000
v 25.500000 -0.250000 -5.200000
v 25.500000 -0.300000 -5.150000
v 25.500000 -0.250000 -6.000000
v 24.500000 -0.250000 -6.000000
v 24.500000 0.250000 -6.000000
v 24.500000 -0.250000 -5.200000
v 24.500000 -0.300000 -5.000000
v 24.500000 -0.300000 -5.150000
v 24.500000 0.250000 -5.600000
v 24.500000 0.250000 -5.200000
v 24.500000 0.300000 -5.000000
v 24.500000 0.300000 -5.150000
v 26.500000 0.300000 -5.000000
v 26.500000 0.300000 -5.150000
v 26.500000 -0.300000 -5.000000
v 26.500000 0.250000 -5.200000
v 26.500000 0.250000 -5.600000
v 26.500000 0.250000 -6.000000
v 26.500000 -0.250000 -5.200000
v 26.500000 -0.300000 -5.150000
v 26.500000 -0.250000 -6.000000
v 25.500000 -0.250000 -6.000000
v 25.500000 0.250000 -6.000000
v 25.500000 -0.250000 -5.200000
v 25.500000 -0.300000 -5.000000
v 25.500000 -0.300000 -5.150000
v 25.500000 0.250000 -5.600000
v 25.500000 0.250000 -5.200000
v 25.500000 0.300000 -5.000000
v 25.500000 0.300000 -5.150000
v 27.500000 0.300000 -5.000000
v 27.500000 0.300000 -5.150000
v 27.500000 -0.300000 -5.000000
v 27.500000 0.250000 -5.200000
v 27.500000 0.250000 -5.600000
v 27.500000 0.250000 -6.000000
v 27.500000 -0.250000 -5.200000
v 27.500000 -0.300000 -5.150000
v 27.500000 -0.250000 -6.000000
v 26.500000 -0.250000 -6.000000
v 26.500000 0.250000 -6.000000
v 26.500000 -0.250000 -5.200000
v 26.500000 -0.300000 -5.000000
v 26.500000 -0.300000 -5.150000
v 26.500000 0.250000 -5.600000
v 26.500000 0.250000 -5.200000
v 26.500000 0.300000 -5.000000
v 26.500000 0.300000 -5.150000
v 0.500000 0.300000 -6.000000
v 0.500000 0.300000 -6.150000
v 0.500000 -0.300000 -6.000000
v 0.500000 0.250000 -6.200000
v 0.500000 0.250000 -6.600000
v 0.500000 0.250000 -7.000000
v 0.500000 -0.250000 -6.200000
v 0.500000 -0.300000 -6.150000
v 0.500000 -0.250000 -7.000000
v -0.500000 -0.250000 -7.000000
v -0.500000 0.250000 -7.000000
v -0.500000 -0.250000 -6.200000
v -0.500000 -0.300000 -6.000000
v -0.500000 -0.300000 -6.150000
v -0.500000 0.250000 -6.600000
v -0.500000 0.250000 -6.200000
v -0.500000 0.300000 -6.000000
v -0.500000 0.300000 -6.150000
v 1.500000 0.300000 -6.000000
v 1.500000 0.300000 -6.150000
v 1.500000 -0.300000 -6.000000
v 1.500000 0.250000 -6.200000
v 1.500000 0.250000 -6.600000
v 1.500000 0.250000 -7.000000
v 1.500000 -0.250000 -6.200000
v 1.500000 -0.300000 -6.150000
v 1.500000 -0.250000 -7.000000
v 0.500000 -0.250000 -7.000000
v 0.500000 0.250000 -7.000000
v 0.500000 -0.250000 -6.200000
v 0.500000 -0.300000 -6.000000
v 0.500000 -0.300000 -6.150000
v 0.500000 0.250000 -6.600000
v 0.500000 0.250000 -6.200000
v 0.500000 0.300000 -6.000000
v 0.500000 0.300000 -6.150000
v 2.500000 0.300000 -6.000000
v 2.500000 0.300000 -6.150000
v 2.500000 -0.300000 -6.000000
v 2.500000 0.250000 -6.200000
v 2.500000 0.250000 -6.600000
v 2.500000 0.250000 -7.000000
v 2.500000 -0.250000 -6.200000
v 2.500000 -0.300000 -6.150000
v 2.500000 -0.250000 -7.000000
v 1.500000 -0.250000 -7.000000
v 1.500000 0.250000 -7.000000
v 1.500000 -0.250000 -6.200000
v 1.500000 -0.300000 -6.000000
v 1.500000 -0.300000 -6.150000
v 1.500000 0.250000 -6.600000
v 1.500000 0.250000 -6.200000
v 1.500000 0.300000 -6.000000
v 1.500000 0.300000 -6.150000
v 3.500000 0.300000 -6.000000
v 3.500000 0.300000 -6.150000
v 3.500000 -0.300000 -6.000000
v 3.500000 0.250000 -6.200000
v 3.500000 0.250000 -6.600000
v 3.500000 0.250000 -7.000000
v 3.500000 -0.250000 -6.200000
v 3.500000 -0.300000 -6.150000
v 3.500000 -0.250000 -7.000000
v 2.500000 -0.250000 -7.000000
v 2.500000 0.250000 -7.000000
v 2.500000 -0.250000 -6.200000
v 2.500000 -0.300000 -6.000000
v 2.500000 -0.300000 -6.150000
v 2.500000 0.250000 -6.600000
v 2.500000 0.250000 -6.200000
v 2.500000 0.300000 -6.000000
v 2.500000 0.300000 -6.150000
v 4.500000 0.300000 -6.000000
v 4.500000 0.300000 -6.150000
v 4.500000 -0.300000 -6.000000
v 4.500000 0.250000 -6.200000
v 4.500000 0.250000 -6.600000
v 4.500000 0.250000 -7.000000
v 4.500000 -0.250000 -6.200000
v 4.500000 -0.300000 -6.150000
v 4.500000 -0.250000 -7.000000
v 3.500000 -0.250000 -7.000000
v 3.500000 0.250000 -7.000000
v 3.500000 -0.250000 -6.200000
v 3.500000 -0.300000 -6.000000
v 3.500000 -0.300000 -6.150000
v 3.500000 0.250000 -6.600000
v 3.500000 0.250000 -6.200000
v 3.500000 0.300000 -6.000000
v 3.500000 0.300000 -6.150000
v 5.500000 0.300000 -6.000000
v 5.500000 0.300000 -6.150000
v 5.500000 -0.300000 -6.000000
v 5.500000 0.250000 -6.200000
v 5.500000 0.250000 -6.600000
v 5.500000 0.250000 -7.000000
v 5.500000 -0.250000 -6.200000
v 5.500000 -0.300000 -6.150000
v 5.500000 -0.250000 -7.000000
v 4.500000 -0.250000 -7.000000
v 4.500000 0.250000 -7.000000
v 4.500000 -0.250000 -6.200000
v 4.500000 -0.300000 -6.000000
v 4.500000 -0.300000 -6.150000
v 4.500000 0.250000 -6.600000
v 4.500000 0.250000 -6.200000
v 4.500000 0.300000 -6.000000
v 4.500000 0.300000 -6.150000
v 6.500000 0.300000 -6.000000
v 6.500000 0.300000 -6.150000
v 6.500000 -0.300000 -6.000000
v 6.500000 0.250000 -6.200000
v 6.500000 0.250000 -6.600000
v 6.500000 0.250000 -7.000000
v 6.500000 -0.250000 -6.200000
v 6.500000 -0.300000 -6.150000
v 6.500000 -0.250000 -7.000000
v 5.500000 -0.250000 -7.000000
v 5.500000 0.250000 -7.000000
v 5.500000 -0.250000 -6.200000
v 5.500000 -0.300000 -6.000000
v 5.500000 -0.300000 -6.150000
v 5.500000 0.250000 -6.600000
v 5.500000 0.250000 -6.200000
v 5.500000 0.300000 -6.000000
v 5.500000 0.300000 -6.150000
v 7.500000 0.300000 -6.000000
v 7.500000 0.300000 -6.150000
v 7.500000 -0.300000 -6.000000
v 7.500000 0.250000 -6.200000
v 7.500000 0.250000 -6.600000
v 7.500000 0.250000 -7.000000
v 7.500000 -0.250000 -6.200000
v 7.500000 -0.300000 -6.150000
v 7.500000 -0.250000 -7.000000
v 6.500000 -0.250000 -7.000000
v 6.500000 0.250000 -7.000000
v 6.500000 -0.250000 -6.200000
v 6.500000 -0.300000 -6.000000
v 6.500000 -0.300000 -6.150000
v 6.500000 0.250000 -6.600000
v 6.500000 0.250000 -6.200000
v 6.500000 0.300000 -6.000000
v 6.500000 0.300000 -6.150000
v 8.500000 0.300000 -6.000000
v 8.500000 0.300000 -6.150000
v 8.500000 -0.300000 -6.000000
v 8.500000 0.250000 -6.200000
v 8.500000 0.250000 -6.600000
v 8.500000 0.250000 -7.000000
v 8.500000 -0.250000 -6.200000
v 8.500000 -0.300000 -6.150000
v 8.500000 -0.250000 -7.000000
v 7.500000 -0.250000 -7.000000
v 7.500000 0.250000 -7.000000
v 7.500000 -0.250000 -6.200000
v 7.500000 -0.300000 -6.000000
v 7.500000 -0.300000 -6.150000
v 7.500000 0.250000 -6.600000
v 7.500000 0.250000 -6.200000
v 7.500000 0.300000 -6.000000
v 7.500000 0.300000 -6.150000
v 9.500000 0.300000 -6.000000
v 9.500000 0.300000 -6.150000
v 9.500000 -0.300000 -6.000000
v 9.500000 0.250000 -6.200000
v 9.500000 0.250000 -6.600000
v 9.500000 0.250000 -7.000000
v 9.500000 -0.250000 -6.200000
v 9.500000 -0.300000 -6.150000
v 9.500000 -0.250000 -7.000000
v 8.500000 -0.250000 -7.000000
v 8.500000 0.250000 -7.000000
v 8.500000 -0.250000 -6.200000
v 8.500000 -0.300000 -6.000000
v 8.500000 -0.300000 -6.150000
v 8.500000 0.250000 -6.600000
v 8.500000 0.250000 -6.200000
v 8.500000 0.300000 -6.000000
v 8.500000 0.300000 -6.150000
v 10.500000 0.300000 -6.000000
v 10.500000 0.300000 -6.150000
v 10.500000 -0.300000 -6.000000
v 10.500000 0.250000 -6.200000
v 10.500000 0.250000 -6.600000
v 10.500000 0.250000 -7.000000
v 10.500000 -0.250000 -6.200000
v 10.500000 -0.300000 -6.150000
v 10.500000 -0.250000 -7.000000
v 9.500000 -0.250000 -7.000000
v 9.500000 0.250000 -7.000000
v 9.500000 -0.250000 -6.200000
v 9.500000 -0.300000 -6.000000
v 9.500000 -0.300000 -6.150000
v 9.500000 0.250000 -6.600000
v 9.500000 0.250000 -6.200000
v 9.500000 0.300000 -6.000000
v 9.500000 0.300000 -6.150000
v 11.500000 0.300000 -6.000000
v 11.500000 0.300000 -6.150000
v 11.500000 -0.300000 -6.000000
v 11.500000 0.250000 -6.200000
v 11.500000 0.250000 -6.600000
v 11.500000 0.250000 -7.000000
v 11.500000 -0.250000 -6.200000
v 11.500000 -0.300000 -6.150000
v 11.500000 -0.250000 -7.000000
v 10.500000 -0.250000 -7.000000
v 10.500000 0.250000 -7.000000
v 10.500000 -0.250000 -6.200000
v 10.500000 -0.300000 -6.000000
v 10.500000 -0.300000 -6.150000
v 10.500000 0.250000 -6.600000
v 10.500000 0.250000 -6.200000
v 10.500000 0.300000 -6.000000
v 10.500000 0.300000 -6.150000
v 12.500000 0.300000 -6.000000
v 12.500000 0.300000 -6.150000
v 12.500000 -0.300000 -6.000000
v 12.500000 0.250000 -6.200000
v 12.500000 0.250000 -6.600000
v 12.500000 0.250000 -7.000000
v 12.500000 -0.250000 -6.200000
v 12.500000 -0.300000 -6.150000
v 12.500000 -0.250000 -7.000000
v 11.500000 -0.250000 -7.000000
v 11.500000 0.250000 -7.000000
v 11.500000 -0.250000 -6.200000
v 11.500000 -0.300000 -6.000000
v 11.500000 -0.300000 -6.150000
v 11.500000 0.250000 -6.600000
v 11.500000 0.250000 -6.200000
v 11.500000 0.300000 -6.000000
v 11.500000 0.300000 -6.150000
v 13.500000 0.300000 -6.000000
v 13.500000 0.300000 -6.150000
v 13.500000 -0.300000 -6.000000
v 13.500000 0.250000 -6.200000
v 13.500000 0.250000 -6.600000
v 13.500000 0.250000 -7.000000
v 13.500000 -0.250000 -6.200000
v 13.500000 -0.300000 -6.150000
v 13.500000 -0.250000 -7.000000
v 12.500000 -0.250000 -7.000000
v 12.500000 0.250000 -7.000000
v 12.500000 -0.250000 -6.200000
v 12.500000 -0.300000 -6.000000
v 12.500000 -0.300000 -6.150000
v 12.500000 0.250000 -6.600000
v 12.500000 0.250000 -6.200000
v 12.500000 0.300000 -6.000000
v 12.500000 0.300000 -6.150000
v 14.500000 0.300000 -6.000000
v 14.500000 0.300000 -6.150000
v 14.500000 -0.300000 -6.000000
v 14.500000 0.250000 -6.200000
v 14.500000 0.250000 -6.600000
v 14.500000 0.250000 -7.000000
v 14.500000 -0.250000 -6.200000
v 14.500000 -0.300000 -6.150000
v 14.500000 -0.250000 -7.000000
v 13.500000 -0.250000 -7.000000
v 13.500000 0.250000 -7.000000
v 13.500000 -0.250000 -6.200000
v 13.500000 -0.300000 -6.000000
v 13.500000 -0.300000 -6.150000
v 13.500000 0.250000 -6.600000
v 13.500000 0.250000 -6.200000
v 13.500000 0.300000 -6.000000
v 13.500000 0.300000 -6.150000
v 15.500000 0.300000 -6.000000
v 15.500000 0.300000 -6.150000
v 15.500000 -0.300000 -6.000000
v 15.500000 0.250000 -6.200000
v 15.500000 0.250000 -6.600000
v 15.500000 0.250000 -7.000000
v 15.500000 -0.250000 -6.200000
v 15.500000 -0.300000 -6.150000
v 15.500000 -0.250000 -7.000000
v 14.500000 -0.250000 -7.000000
v 14.500000 0.250000 -7.000000
v 14.500000 -0.250000 -6.200000
v 14.500000 -0.300000 -6.000000
v 14.500000 -0.300000 -6.150000
v 14.500000 0.250000 -6.600000
v 14.500000 0.250000 -6.200000
v 14.500000 0.300000 -6.000000
v 14.500000 0.300000 -6.150000
v 16.500000 0.300000 -6.000000
v 16.500000 0.300000 -6.150000
v 16.500000 -0.300000 -6.000000
v 16.500000 0.250000 -6.200000
v 16.500000 0.250000 -6.600000
v 16.500000 0.250000 -7.000000
v 16.500000 -0.250000 -6.200000
v 16.500000 -0.300000 -6.150000
v 16.500000 -0.250000 -7.000000
v 15.500000 -0.250000 -7.000000
v 15.500000 0.250000 -7.000000
v 15.500000 -0.250000 -6.200000
v 15.500000 -0.300000 -6.000000
v 15.500000 -0.300000 -6.150000
v 15.500000 0.250000 -6.600000
v 15.500000 0.250000 -6.200000
v 15.500000 0.300000 -6.000000
v 15.500000 0.300000 -6.150000
v 17.500000 0.300000 -6.000000
v 17.500000 0.300000 -6.150000
v 17.500000 -0.300000 -6.000000
v 17.500000 0.250000 -6.200000
v 17.500000 0.250000 -6.600000
v 17.500000 0.250000 -7.000000
v 17.500000 -0.250000 -6.200000
v 17.500000 -0.300000 -6.150000
v 17.500000 -0.250000 -7.000000
v 16.500000 -0.250000 -7.000000
v 16.500000 0.250000 -7.000000
v 16.500000 -0.250000 -6.200000
v 16.500000 -0.300000 -6.000000
v 16.500000 -0.300000 -6.150000
v 16.500000 0.250000 -6.600000
v 16.500000 0.250000 -6.200000
v 16.500000 0.300000 -6.000000
v 16.500000 0.300000 -6.150000
v 18.500000 0.300000 -6.000000
v 18.500000 0.300000 -6.150000
v 18.500000 -0.300000 -6.000000
v 18.500000 0.250000 -6.200000
v 18.500000 0.250000 -6.600000
v 18.500000 0.250000 -7.000000
v 18.500000 -0.250000 -6.200000
v 18.500000 -0.300000 -6.150000
v 18.500000 -0.250000 -7.000000
v 17.500000 -0.250000 -7.000000
v 17.500000 0.250000 -7.000000
v 17.500000 -0.250000 -6.200000
v 17.500000 -0.300000 -6.000000
v 17.500000 -0.300000 -6.150000
v 17.500000 0.250000 -6.600000
v 17.500000 0.250000 -6.200000
v 17.500000 0.300000 -6.000000
v 17.500000 0.300000 -6.150000
v 19.500000 0.300000 -6.000000
v 19.500000 0.300000 -6.150000
v 19.500000 -0.300000 -6.000000
v 19.500000 0.250000 -6.200000
v 19.500000 0.250000 -6.600000
v 19.500000 0.250000 -7.000000
v 19.500000 -0.250000 -6.200000
v 19.500000 -0.300000 -6.150000
v 19.500000 -0.250000 -7.000000
v 18.500000 -0.250000 -7.000000
v 18.500000 0.250000 -7.000000
v 18.500000 -0.250000 -6.200000
v 18.500000 -0.300000 -6.000000
v 18.500000 -0.300000 -6.150000
v 18.500000 0.250000 -6.600000
v 18.500000 0.250000 -6.200000
v 18.500000 0.300000 -6.000000
v 18.500000 0.300000 -6.150000
v 20.500000 0.300000 -6.000000
v 20.500000 0.300000 -6.150000
v 20.500000 -0.300000 -6.000000
v 20.500000 0.250000 -6.200000
v 20.500000 0.250000 -6.600000
v 20.500000 0.250000 -7.000000
v 20.500000 -0.250000 -6.200000
v 20.500000 -0.300000 -6.150000
v 20.500000 -0.250000 -7.000000
v 19.500000 -0.250000 -7.000000
v 19.500000 0.250000 -7.000000
v 19.500000 -0.250000 -6.200000
v 19.500000 -0.300000 -6.000000
v 19.500000 -0.300000 -6.150000
v 19.500000 0.250000 -6.600000
v 19.500000 0.250000 -6.200000
v 19.500000 0.300000 -6.000000
v 19.500000 0.300000 -6.150000
v 21.500000 0.300000 -6.000000
v 21.500000 0.300000 -6.150000
v 21.500000 -0.300000 -6.000000
v 21.500000 0.250000 -6.200000
v 21.500000 0.250000 -6.600000
v 21.500000 0.250000 -7.000000
v 21.500000 -0.250000 -6.200000
v 21.500000 -0.300000 -6.150000
v 21.500000 -0.250000 -7.000000
v 20.500000 -0.250000 -7.000000
v 20.500000 0.250000 -7.000000
v 20.500000 -0.250000 -6.200000
v 20.500000 -0.300000 -6.000000
v 20.500000 -0.300000 -6.150000
v 20.500000 0.250000 -6.600000
v 20.500000 0.250000 -6.200000
v 20.500000 0.300000 -6.000000
v 20.500000 0.300000 -6.150000
v 22.500000 0.300000 -6.000000
v 22.500000 0.300000 -6.150000
v 22.500000 -0.300000 -6.000000
v 22.500000 0.250000 -6.200000
v 22.500000 0.250000 -6.600000
v 22.500000 0.250000 -7.000000
v 22.500000 -0.250000 -6.200000
v 22.500000 -0.300000 -6.150000
v 22.500000 -0.250000 -7.000000
v 21.500000 -0.250000 -7.000000
v 21.500000 0.250000 -7.000000
v 21.500000 -0.250000 -6.200000
v 21.500000 -0.300000 -6.000000
v 21.500000 -0.300000 -6.150000
v 21.500000 0.250000 -6.600000
v 21.500000 0.250000 -6.200000
v 21.500000 0.300000 -6.000000
v 21.500000 0.300000 -6.150000
v 23.500000 0.300000 -6.000000
v 23.500000 0.300000 -6.150000
v 23.500000 -0.300000 -6.000000
v 23.500000 0.250000 -6.200000
v 23.500000 0.250000 -6.600000
v 23.500000 0.250000 -7.000000
v 23.500000 -0.250000 -6.200000
v 23.500000 -0.300000 -6.150000
v 23.500000 -0.250000 -7.000000
v 22.500000 -0.250000 -7.000000
v 22.500000 0.250000 -7.000000
v 22.500000 -0.250000 -6.200000
v 22.500000 -0.300000 -6.000000
v 22.500000 -0.300000 -6.150000
v 22.500000 0.250000 -6.600000
v 22.500000 0.250000 -6.200000
v 22.500000 0.300000 -6.000000
v 22.500000 0.300000 -6.150000
v 24.500000 0.300000 -6.000000
v 24.500000 0.300000 -6.150000
v 24.500000 -0.300000 -6.000000
v 24.500000 0.250000 -6.200000
v 24.500000 0.250000 -6.600000
v 24.500000 0.250000 -7.000000
v 24.500000 -0.250000 -6.200000
v 24.500000 -0.300000 -6.150000
v 24.500000 -0.250000 -7.000000
v 23.500000 -0.250000 -7.000000
v 23.500000 0.250000 -7.000000
v 23.500000 -0.250000 -6.200000
v 23.500000 -0.300000 -6.000000
v 23.500000 -0.300000 -6.150000
v 23.500000 0.250000 -6.600000
v 23.500000 0.250000 -6.200000
v 23.500000 0.300000 -6.000000
v 23.500000 0.300000 -6.150000
v 25.500000 0.300000 -6.000000
v 25.500000 0.300000 -6.150000
v 25.500000 -0.300000 -6.000000
v 25.500000 0.250000 -6.200000
v 25.500000 0.250000 -6.600000
v 25.500000 0.250000 -7.000000
v 25.500000 -0.250000 -6.200000
v 25.500000 -0.300000 -6.150000
v 25.500000 -0.250000 -7.000000
v 24.500000 -0.250000 -7.000000
v 24.500000 0.250000 -7.000000
v 24.500000 -0.250000 -6.200000
v 24.500000 -0.300000 -6.000000
v 24.500000 -0.300000 -6.150000
v 24.500000 0.250000 -6.600000
v 24.500000 0.250000 -6.200000
v 24.500000 0.300000 -6.000000
v 24.500000 0.300000 -6.150000
v 26.500000 0.300000 -6.000000
v 26.500000 0.300000 -6.150000
v 26.500000 -0.300000 -6.000000
v 26.500000 0.250000 -6.200000
v 26.500000 0.250000 -6.600000
v 26.500000 0.250000 -7.000000
v 26.500000 -0.250000 -6.200000
v 26.500000 -0.300000 -6.150000
v 26.500000 -0.250000 -7.000000
v 25.500000 -0.250000 -7.000000
v 25.500000 0.250000 -7.000000
v 25.500000 -0.250000 -6.200000
v 25.500000 -0.300000 -6.000000
v 25.500000 -0.300000 -6.150000
v 25.500000 0.250000 -6.600000
v 25.500000 0.250000 -6.200000
v 25.500000 0.300000 -6.000000
v 25.500000 0.300000 -6.150000
v 27.500000 0.300000 -6.000000
v 27.500000 0.300000 -6.150000
v 27.500000 -0.300000 -6.000000
v 27.500000 0.250000 -6.200000
v 27.500000 0.250000 -6.600000
v 27.500000 0.250000 -7.000000
v 27.500000 -0.250000 -6.200000
v 27.500000 -0.300000 -6.150000
v 27.500000 -0.250000 -7.000000
v 26.500000 -0.250000 -7.000000
v 26.500000 0.250000 -7.000000
v 26.500000 -0.250000 -6.200000
v 26.500000 -0.300000 -6.000000
v 26.500000 -0.300000 -6.150000
v 26.500000 0.250000 -6.600000
v 26.500000 0.250000 -6.200000
v 26.500000 0.300000 -6.000000
v 26.500000 0.300000 -6.150000
v 0.500000 0.300000 -7.000000
v 0.500000 0.300000 -7.150000
v 0.500000 -0.300000 -7.000000
v 0.500000 0.250000 -7.200000
v 0.500000 0.250000 -7.600000
v 0.500000 0.250000 -8.000000
v 0.500000 -0.250000 -7.200000
v 0.500000 -0.300000 -7.150000
v 0.500000 -0.250000 -8.000000
v -0.500000 -0.250000 -8.000000
v -0.500000 0.250000 -8.000000
v -0.500000 -0.250000 -7.200000
v -0.500000 -0.300000 -7.000000
v -0.500000 -0.300000 -7.150000
v -0.500000 0.250000 -7.600000
v -0.500000 0.250000 -7.200000
v -0.500000 0.300000 -7.000000
v -0.500000 0.300000 -7.150000
v 1.500000 0.300000 -7.000000
v 1.500000 0.300000 -7.150000
v 1.500000 -0.300000 -7.000000
v 1.500000 0.250000 -7.200000
v 1.500000 0.250000 -7.600000
v 1.500000 0.250000 -8.000000
v 1.500000 -0.250000 -7.200000
v 1.500000 -0.300000 -7.150000
v 1.500000 -0.250000 -8.000000
v 0.500000 -0.250000 -8.000000
v 0.500000 0.250000 -8.000000
v 0.500000 -0.250000 -7.200000
v 0.500000 -0.300000 -7.000000
v 0.500000 -0.300000 -7.150000
v 0.500000 0.250000 -7.600000
v 0.500000 0.250000 -7.200000
v 0.500000 0.300000 -7.000000
v 0.500000 0.300000 -7.150000
v 2.500000 0.300000 -7.000000
v 2.500000 0.300000 -7.150000
v 2.500000 -0.300000 -7.000000
v 2.500000 0.250000 -7.200000
v 2.500000 0.250000 -7.600000
v 2.500000 0.250000 -8.000000
v 2.500000 -0.250000 -7.200000
v 2.500000 -0.300000 -7.150000
v 2.500000 -0.250000 -8.000000
v 1.500000 -0.250000 -8.000000
v 1.500000 0.250000 -8.000000
v 1.500000 -0.250000 -7.200000
v 1.500000 -0.300000 -7.000000
v 1.500000 -0.300000 -7.150000
v 1.500000 0.250000 -7.600000
v 1.500000 0.250000 -7.200000
v 1.500000 0.300000 -7.000000
v 1.500000 0.300000 -7.150000
v 3.500000 0.300000 -7.000000
v 3.500000 0.300000 -7.150000
v 3.500000 -0.300000 -7.000000
v 3.500000 0.250000 -7.200000
v 3.500000 0.250000 -7.600000
v 3.500000 0.250000 -8.000000
v 3.500000 -0.250000 -7.200000
v 3.500000 -0.300000 -7.150000
v 3.500000 -0.250000 -8.000000
v 2.500000 -0.250000 -8.000000
v 2.500000 0.250000 -8.000000
v 2.500000 -0.250000 -7.200000
v 2.500000 -0.300000 -7.000000
v 2.500000 -0.300000 -7.150000
v 2.500000 0.250000 -7.600000
v 2.500000 0.250000 -7.200000
v 2.500000 0.300000 -7.000000
v 2.500000 0.300000 -7.150000
v 4.500000 0.300000 -7.000000
v 4.500000 0.300000 -7.150000
v 4.500000 -0.300000 -7.000000
v 4.500000 0.250000 -7.200000
v 4.500000 0.250000 -7.600000
v 4.500000 0.250000 -8.000000
v 4.500000 -0.250000 -7.200000
v 4.500000 -0.300000 -7.150000
v 4.500000 -0.250000 -8.000000
v 3.500000 -0.250000 -8.000000
v 3.500000 0.250000 -8.000000
v 3.500000 -0.250000 -7.200000
v 3.500000 -0.300000 -7.000000
v 3.500000 -0.300000 -7.150000
v 3.500000 0.250000 -7.600000
v 3.500000 0.250000 -7.200000
v 3.500000 0.300000 -7.000000
v 3.500000 0.300000 -7.150000
v 5.500000 0.300000 -7.000000
v 5.500000 0.300000 -7.150000
v 5.500000 -0.300000 -7.000000
v 5.500000 0.250000 -7.200000
v 5.500000 0.250000 -7.600000
v 5.500000 0.250000 -8.000000
v 5.500000 -0.250000 -7.200000
v 5.500000 -0.300000 -7.150000
v 5.500000 -0.250000 -8.000000
v 4.500000 -0.250000 -8.000000
v 4.500000 0.250000 -8.000000
v 4.500000 -0.250000 -7.200000
v 4.500000 -0.300000 -7.000000
v 4.500000 -0.300000 -7.150000
v 4.500000 0.250000 -7.600000
v 4.500000 0.250000 -7.200000
v 4.500000 0.300000 -7.000000
v 4.500000 0.300000 -7.150000
v 6.500000 0.300000 -7.000000
v 6.500000 0.300000 -7.150000
v 6.500000 -0.300000 -7.000000
v 6.500000 0.250000 -7.200000
v 6.500000 0.250000 -7.600000
v 6.500000 0.250000 -8.000000
v 6.500000 -0.250000 -7.200000
v 6.500000 -0.300000 -7.150000
v 6.500000 -0.250000 -8.000000
v 5.500000 -0.250000 -8.000000
v 5.500000 0.250000 -8.000000
v 5.500000 -0.250000 -7.200000
v 5.500000 -0.300000 -7.000000
v 5.500000 -0.300000 -7.150000
v 5.500000 0.250000 -7.600000
v 5.500000 0.250000 -7.200000
v 5.500000 0.300000 -7.000000
v 5.500000 0.300000 -7.150000
v 7.500000 0.300000 -7.000000
v 7.500000 0.300000 -7.150000
v 7.500000 -0.300000 -7.000000
v 7.500000 0.250000 -7.200000
v 7.500000 0.250000 -7.600000
v 7.500000 0.250000 -8.000000
v 7.500000 -0.250000 -7.200000
v 7.500000 -0.300000 -7.150000
v 7.500000 -0.250000 -8.000000
v 6.500000 -0.250000 -8.000000
v 6.500000 0.250000 -8.000000
v 6.500000 -0.250000 -7.200000
v 6.500000 -0.300000 -7.000000
v 6.500000 -0.300000 -7.150000
v 6.500000 0.250000 -7.600000
v 6.500000 0.250000 -7.200000
v 6.500000 0.300000 -7.000000
v 6.500000 0.300000 -7.150000
v 8.500000 0.300000 -7.000000
v 8.500000 0.300000 -7.150000
v 8.500000 -0.300000 -7.000000
v 8.500000 0.250000 -7.200000
v 8.500000 0.250000 -7.600000
v 8.500000 0.250000 -8.000000
v 8.500000 -0.250000 -7.200000
v 8.500000 -0.300000 -7.150000
v 8.500000 -0.250000 -8.000000
v 7.500000 -0.250000 -8.000000
v 7.500000 0.250000 -8.000000
v 7.500000 -0.250000 -7.200000
v 7.500000 -0.300000 -7.000000
v 7.500000 -0.300000 -7.150000
v 7.500000 0.250000 -7.600000
v 7.500000 0.250000 -7.200000
v 7.500000 0.300000 -7.000000
v 7.500000 0.300000 -7.150000
v 9.500000 0.300000 -7.000000
v 9.500000 0.300000 -7.150000
v 9.500000 -0.300000 -7.000000
v 9.500000 0.250000 -7.200000
v 9.500000 0.250000 -7.600000
v 9.500000 0.250000 -8.000000
v 9.500000 -0.250000 -7.200000
v 9.500000 -0.300000 -7.150000
v 9.500000 -0.250000 -8.000000
v 8.500000 -0.250000 -8.000000
v 8.500000 0.250000 -8.000000
v 8.500000 -0.250000 -7.200000
v 8.500000 -0.300000 -7.000000
v 8.500000 -0.300000 -7.150000
v 8.500000 0.250000 -7.600000
v 8.500000 0.250000 -7.200000
v 8.500000 0.300000 -7.000000
v 8.500000 0.300000 -7.150000
v 10.500000 0.300000 -7.000000
v 10.500000 0.300000 -7.150000
v 10.500000 -0.300000 -7.000000
v 10.500000 0.250000 -7.200000
v 10.500000 0.250000 -7.600000
v 10.500000 0.250000 -8.000000
v 10.500000 -0.250000 -7.200000
v 10.500000 -0.300000 -7.150000
v 10.500000 -0.250000 -8.000000
v 9.500000 -0.250000 -8.000000
v 9.500000 0.250000 -8.000000
v 9.500000 -0.250000 -7.200000
v 9.500000 -0.300000 -7.000000
v 9.500000 -0.300000 -7.150000
v 9.500000 0.250000 -7.600000
v 9.500000 0.250000 -7.200000
v 9.500000 0.300000 -7.000000
v 9.500000 0.300000 -7.150000
v 11.500000 0.300000 -7.000000
v 11.500000 0.300000 -7.150000
v 11.500000 -0.300000 -7.000000
v 11.500000 0.250000 -7.200000
v 11.500000 0.250000 -7.600000
v 11.500000 0.250000 -8.000000
v 11.500000 -0.250000 -7.200000
v 11.500000 -0.300000 -7.150000
v 11.500000 -0.250000 -8.000000
v 10.500000 -0.250000 -8.000000
v 10.500000 0.250000 -8.000000
v 10.500000 -0.250000 -7.200000
v 10.500000 -0.300000 -7.000000
v 10.500000 -0.300000 -7.150000
v 10.500000 0.250000 -7.600000
v 10.500000 0.250000 -7.200000
v 10.500000 0.300000 -7.000000
v 10.500000 0.300000 -7.150000
v 12.500000 0.300000 -7.000000
v 12.500000 0.300000 -7.150000
v 12.500000 -0.300000 -7.000000
v 12.500000 0.250000 -7.200000
v 12.500000 0.250000 -7.600000
v 12.500000 0.250000 -8.000000
v 12.500000 -0.250000 -7.200000
v 12.500000 -0.300000 -7.150000
v 12.500000 -0.250000 -8.000000
v 11.500000 -0.250000 -8.000000
v 11.500000 0.250000 -8.000000
v 11.500000 -0.250000 -7.200000
v 11.500000 -0.300000 -7.000000
v 11.500000 -0.300000 -7.150000
v 11.500000 0.250000 -7.600000
v 11.500000 0.250000 -7.200000
v 11.500000 0.300000 -7.000000
v 11.500000 0.300000 -7.150000
v 13.500000 0.300000 -7.000000
v 13.500000 0.300000 -7.150000
v 13.500000 -0.300000 -7.000000
v 13.500000 0.250000 -7.200000
v 13.500000 0.250000 -7.600000
v 13.500000 0.250000 -8.000000
v 13.500000 -0.250000 -7.200000
v 13.500000 -0.300000 -7.150000
v 13.500000 -0.250000 -8.000000
v 12.500000 -0.250000 -8.000000
v 12.500000 0.250000 -8.000000
v 12.500000 -0.250000 -7.200000
v 12.500000 -0.300000 -7.000000
v 12.500000 -0.300000 -7.150000
v 12.500000 0.250000 -7.600000
v 12.500000 0.250000 -7.200000
v 12.500000 0.300000 -7.000000
v 12.500000 0.300000 -7.150000
v 14.500000 0.300000 -7.000000
v 14.500000 0.300000 -7.150000
v 14.500000 -0.300000 -7.000000
v 14.500000 0.250000 -7.200000
v 14.500000 0.250000 -7.600000
v 14.500000 0.250000 -8.000000
v 14.500000 -0.250000 -7.200000
v 14.500000 -0.300000 -7.150000
v 14.500000 -0.250000 -8.000000
v 13.500000 -0.250000 -8.000000
v 13.500000 0.250000 -8.000000
v 13.500000 -0.250000 -7.200000
v 13.500000 -0.300000 -7.000000
v 13.500000 -0.300000 -7.150000
v 13.500000 0.250000 -7.600000
v 13.500000 0.250000 -7.200000
v 13.500000 0.300000 -7.000000
v 13.500000 0.300000 -7.150000
v 15.500000 0.300000 -7.000000
v 15.500000 0.300000 -7.150000
v 15.500000 -0.300000 -7.000000
v 15.500000 0.250000 -7.200000
v 15.500000 0.250000 -7.600000
v 15.500000 0.250000 -8.000000
v 15.500000 -0.250000 -7.200000
v 15.500000 -0.300000 -7.150000
v 15.500000 -0.250000 -8.000000
v 14.500000 -0.250000 -8.000000
v 14.500000 0.250000 -8.000000
v 14.500000 -0.250000 -7.200000
v 14.500000 -0.300000 -7.000000
v 14.500000 -0.300000 -7.150000
v 14.500000 0.250000 -7.600000
v 14.500000 0.250000 -7.200000
v 14.500000 0.300000 -7.000000
v 14.500000 0.300000 -7.150000
v 16.500000 0.300000 -7.000000
v 16.500000 0.300000 -7.150000
v 16.500000 -0.300000 -7.000000
v 16.500000 0.250000 -7.200000
v 16.500000 0.250000 -7.600000
v 16.500000 0.250000 -8.000000
v 16.500000 -0.250000 -7.200000
v 16.500000 -0.300000 -7.150000
v 16.500000 -0.250000 -8.000000
v 15.500000 -0.250000 -8.000000
v 15.500000 0.250000 -8.000000
v 15.500000 -0.250000 -7.200000
v 15.500000 -0.300000 -7.000000
v 15.500000 -0.300000 -7.150000
v 15.500000 0.250000 -7.600000
v 15.500000 0.250000 -7.200000
v 15.500000 0.300000 -7.000000
v 15.500000 0.300000 -7.150000
v 17.500000 0.300000 -7.000000
v 17.500000 0.300000 -7.150000
v 17.500000 -0.300000 -7.000000
v 17.500000 0.250000 -7.200000
v 17.500000 0.250000 -7.600000
v 17.500000 0.250000 -8.000000
v 17.500000 -0.250000 -7.200000
v 17.500000 -0.300000 -7.150000
v 17.500000 -0.250000 -8.000000
v 16.500000 -0.250000 -8.000000
v 16.500000 0.250000 -8.000000
v 16.500000 -0.250000 -7.200000
v 16.500000 -0.300000 -7.000000
v 16.500000 -0.300000 -7.150000
v 16.500000 0.250000 -7.600000
v 16.500000 0.250000 -7.200000
v 16.500000 0.300000 -7.000000
v 16.500000 0.300000 -7.150000
v 18.500000 0.300000 -7.000000
v 18.500000 0.300000 -7.150000
v 18.500000 -0.300000 -7.000000
v 18.500000 0.250000 -7.200000
v 18.500000 0.250000 -7.600000
v 18.500000 0.250000 -8.000000
v 18.500000 -0.250000 -7.200000
v 18.500000 -0.300000 -7.150000
v 18.500000 -0.250000 -8.000000
v 17.500000 -0.250000 -8.000000
v 17.500000 0.250000 -8.000000
v 17.500000 -0.250000 -7.200000
v 17.500000 -0.300000 -7.000000
v 17.500000 -0.300000 -7.150000
v 17.500000 0.250000 -7.600000
v 17.500000 0.250000 -7.200000
v 17.500000 0.300000 -7.000000
v 17.500000 0.300000 -7.150000
v 19.500000 0.300000 -7.000000
v 19.500000 0.300000 -7.150000
v 19.500000 -0.300000 -7.000000
v 19.500000 0.250000 -7.200000
v 19.500000 0.250000 -7.600000
v 19.500000 0.250000 -8.000000
v 19.500000 -0.250000 -7.200000
v 19.500000 -0.300000 -7.150000
v 19.500000 -0.250000 -8.000000
v 18.500000 -0.250000 -8.000000
v 18.500000 0.250000 -8.000000
v 18.500000 -0.250000 -7.200000
v 18.500000 -0.300000 -7.000000
v 18.500000 -0.300000 -7.150000
v 18.500000 0.250000 -7.600000
v 18.500000 0.250000 -7.200000
v 18.500000 0.300000 -7.000000
v 18.500000 0.300000 -7.150000
v 20.500000 0.300000 -7.000000
v 20.500000 0.300000 -7.150000
v 20.500000 -0.300000 -7.000000
v 20.500000 0.250000 -7.200000
v 20.500000 0.250000 -7.600000
v 20.500000 0.250000 -8.000000
v 20.500000 -0.250000 -7.200000
v 20.500000 -0.300000 -7.150000
v 20.500000 -0.250000 -8.000000
v 19.500000 -0.250000 -8.000000
v 19.500000 0.250000 -8.000000
v 19.500000 -0.250000 -7.200000
v 19.500000 -0.300000 -7.000000
v 19.500000 -0.300000 -7.150000
v 19.500000 0.250000 -7.600000
v 19.500000 0.250000 -7.200000
v 19.500000 0.300000 -7.000000
v 19.500000 0.300000 -7.150000
v 21.500000 0.300000 -7.000000
v 21.500000 0.300000 -7.150000
v 21.500000 -0.300000 -7.000000
v 21.500000 0.250000 -7.200000
v 21.500000 0.250000 -7.600000
v 21.500000 0.250000 -8.000000
v 21.500000 -0.250000 -7.200000
v 21.500000 -0.300000 -7.150000
v 21.500000 -0.250000 -8.000000
v 20.500000 -0.250000 -8.000000
v 20.500000 0.250000 -8.000000
v 20.500000 -0.250000 -7.200000
v 20.500000 -0.300000 -7.000000
v 20.500000 -0.300000 -7.150000
v 20.500000 0.250000 -7.600000
v 20.500000 0.250000 -7.200000
v 20.500000 0.300000 -7.000000
v 20.500000 0.300000 -7.150000
v 22.500000 0.300000 -7.000000
v 22.500000 0.300000 -7.150000
v 22.500000 -0.300000 -7.000000
v 22.500000 0.250000 -7.200000
v 22.500000 0.250000 -7.600000
v 22.500000 0.250000 -8.000000
v 22.500000 -0.250000 -7.200000
v 22.500000 -0.300000 -7.150000
v 22.500000 -0.250000 -8.000000
v 21.500000 -0.250000 -8.000000
v 21.500000 0.250000 -8.000000
v 21.500000 -0.250000 -7.200000
v 21.500000 -0.300000 -7.000000
v 21.500000 -0.300000 -7.150000
v 21.500000 0.250000 -7.600000
v 21.500000 0.250000 -7.200000
v 21.500000 0.300000 -7.000000
v 21.500000 0.300000 -7.150000
v 23.500000 0.300000 -7.000000
v 23.500000 0.300000 -7.150000
v 23.500000 -0.300000 -7.000000
v 23.500000 0.250000 -7.200000
v 23.500000 0.250000 -7.600000
v 23.500000 0.250000 -8.000000
v 23.500000 -0.250000 -7.200000
v 23.500000 -0.300000 -7.150000
v 23.500000 -0.250000 -8.000000
v 22.500000 -0.250000 -8.000000
v 22.500000 0.250000 -8.000000
v 22.500000 -0.250000 -7.200000
v 22.500000 -0.300000 -7.000000
v 22.500000 -0.300000 -7.150000
v 22.500000 0.250000 -7.600000
v 22.500000 0.250000 -7.200000
v 22.500000 0.300000 -7.000000
v 22.500000 0.300000 -7.150000
v 24.500000 0.300000 -7.000000
v 24.500000 0.300000 -7.150000
v 24.500000 -0.300000 -7.000000
v 24.500000 0.250000 -7.200000
v 24.500000 0.250000 -7.600000
v 24.500000 0.250000 -8.000000
v 24.500000 -0.250000 -7.200000
v 24.500000 -0.300000 -7.150000
v 24.500000 -0.250000 -8.000000
v 23.500000 -0.250000 -8.000000
v 23.500000 0.250000 -8.000000
v 23.500000 -0.250000 -7.200000
v 23.500000 -0.300000 -7.000000
v 23.500000 -0.300000 -7.150000
v 23.500000 0.250000 -7.600000
v 23.500000 0.250000 -7.200000
v 23.500000 0.300000 -7.000000
v 23.500000 0.300000 -7.150000
v 25.500000 0.300000 -7.000000
v 25.500000 0.300000 -7.150000
v 25.500000 -0.300000 -7.000000
v 25.500000 0.250000 -7.200000
v 25.500000 0.250000 -7.600000
v 25.500000 0.250000 -8.000000
v 25.500000 -0.250000 -7.200000
v 25.500000 -0.300000 -7.150000
v 25.500000 -0.250000 -8.000000
v 24.500000 -0.250000 -8.000000
v 24.500000 0.250000 -8.000000
v 24.500000 -0.250000 -7.200000
v 24.500000 -0.300000 -7.000000
v 24.500000 -0.300000 -7.150000
v 24.500000 0.250000 -7.600000
v 24.500000 0.250000 -7.200000
v 24.500000 0.300000 -7.000000
v 24.500000 0.300000 -7.150000
v 26.500000 0.300000 -7.000000
v 26.500000 0.300000 -7.150000
v 26.500000 -0.300000 -7.000000
v 26.500000 0.250000 -7.200000
v 26.500000 0.250000 -7.600000
v 26.500000 0.250000 -8.000000
v 26.500000 -0.250000 -7.200000
v 26.500000 -0.300000 -7.150000
v 26.500000 -0.250000 -8.000000
v 25.500000 -0.250000 -8.000000
v 25.500000 0.250000 -8.000000
v 25.500000 -0.250000 -7.200000
v 25.500000 -0.300000 -7.000000
v 25.500000 -0.300000 -7.150000
v 25.500000 0.250000 -7.600000
v 25.500000 0.250000 -7.200000
v 25.500000 0.300000 -7.000000
v 25.500000 0.300000 -7.150000
v 27.500000 0.300000 -7.000000
v 27.500000 0.300000 -7.150000
v 27.500000 -0.300000 -7.000000
v 27.500000 0.250000 -7.200000
v 27.500000 0.250000 -7.600000
v 27.500000 0.250000 -8.000000
v 27.500000 -0.250000 -7.200000
v 27.500000 -0.300000 -7.150000
v 27.500000 -0.250000 -8.000000
v 26.500000 -0.250000 -8.000000
v 26.500000 0.250000 -8.000000
v 26.500000 -0.250000 -7.200000
v 26.500000 -0.300000 -7.000000
v 26.500000 -0.300000 -7.150000
v 26.500000 0.250000 -7.600000
v 26.500000 0.250000 -7.200000
v 26.500000 0.300000 -7.000000
v 26.500000 0.300000 -7.150000
v 0.500000 0.300000 -8.000000
v 0.500000 0.300000 -8.150000
v 0.500000 -0.300000 -8.000000
v 0.500000 0.250000 -8.200000
v 0.500000 0.250000 -8.600000
v 0.500000 0.250000 -9.000000
v 0.500000 -0.250000 -8.200000
v 0.500000 -0.300000 -8.150000
v 0.500000 -0.250000 -9.000000
v -0.500000 -0.250000 -9.000000
v -0.500000 0.250000 -9.000000
v -0.500000 -0.250000 -8.200000
v -0.500000 -0.300000 -8.000000
v -0.500000 -0.300000 -8.150000
v -0.500000 0.250000 -8.600000
v -0.500000 0.250000 -8.200000
v -0.500000 0.300000 -8.000000
v -0.500000 0.300000 -8.150000
v 1.500000 0.300000 -8.000000
v 1.500000 0.300000 -8.150000
v 1.500000 -0.300000 -8.000000
v 1.500000 0.250000 -8.200000
v 1.500000 0.250000 -8.600000
v 1.500000 0.250000 -9.000000
v 1.500000 -0.250000 -8.200000
v 1.500000 -0.300000 -8.150000
v 1.500000 -0.250000 -9.000000
v 0.500000 -0.250000 -9.000000
v 0.500000 0.250000 -9.000000
v 0.500000 -0.250000 -8.200000
v 0.500000 -0.300000 -8.000000
v 0.500000 -0.300000 -8.150000
v 0.500000 0.250000 -8.600000
v 0.500000 0.250000 -8.200000
v 0.500000 0.300000 -8.000000
v 0.500000 0.300000 -8.150000
v 2.500000 0.300000 -8.000000
v 2.500000 0.300000 -8.150000
v 2.500000 -0.300000 -8.000000
v 2.500000 0.250000 -8.200000
v 2.500000 0.250000 -8.600000
v 2.500000 0.250000 -9.000000
v 2.500000 -0.250000 -8.200000
v 2.500000 -0.300000 -8.150000
v 2.500000 -0.250000 -9.000000
v 1.500000 -0.250000 -9.000000
v 1.500000 0.250000 -9.000000
v 1.500000 -0.250000 -8.200000
v 1.500000 -0.300000 -8.000000
v 1.500000 -0.300000 -8.150000
v 1.500000 0.250000 -8.600000
v 1.500000 0.250000 -8.200000
v 1.500000 0.300000 -8.000000
v 1.500000 0.300000 -8.150000
v 3.500000 0.300000 -8.000000
v 3.500000 0.300000 -8.150000
v 3.500000 -0.300000 -8.000000
v 3.500000 0.250000 -8.200000
v 3.500000 0.250000 -8.600000
v 3.500000 0.250000 -9.000000
v 3.500000 -0.250000 -8.200000
v 3.500000 -0.300000 -8.150000
v 3.500000 -0.250000 -9.000000
v 2.500000 -0.250000 -9.000000
v 2.500000 0.250000 -9.000000
v 2.500000 -0.250000 -8.200000
v 2.500000 -0.300000 -8.000000
v 2.500000 -0.300000 -8.150000
v 2.500000 0.250000 -8.600000
v 2.500000 0.250000 -8.200000
v 2.500000 0.300000 -8.000000
v 2.500000 0.300000 -8.150000
v 4.500000 0.300000 -8.000000
v 4.500000 0.300000 -8.150000
v 4.500000 -0.300000 -8.000000
v 4.500000 0.250000 -8.200000
v 4.500000 0.250000 -8.600000
v 4.500000 0.250000 -9.000000
v 4.500000 -0.250000 -8.200000
v 4.500000 -0.300000 -8.150000
v 4.500000 -0.250000 -9.000000
v 3.500000 -0.250000 -9.000000
v 3.500000 0.250000 -9.000000
v 3.500000 -0.250000 -8.200000
v 3.500000 -0.300000 -8.000000
v 3.500000 -0.300000 -8.150000
v 3.500000 0.250000 -8.600000
v 3.500000 0.250000 -8.200000
v 3.500000 0.300000 -8.000000
v 3.500000 0.300000 -8.150000
v 5.500000 0.300000 -8.000000
v 5.500000 0.300000 -8.150000
v 5.500000 -0.300000 -8.000000
v 5.500000 0.250000 -8.200000
v 5.500000 0.250000 -8.600000
v 5.500000 0.250000 -9.000000
v 5.500000 -0.250000 -8.200000
v 5.500000 -0.300000 -8.150000
v 5.500000 -0.250000 -9.000000
v 4.500000 -0.250000 -9.000000
v 4.500000 0.250000 -9.000000
v 4.500000 -0.250000 -8.200000
v 4.500000 -0.300000 -8.000000
v 4.500000 -0.300000 -8.150000
v 4.500000 0.250000 -8.600000
v 4.500000 0.250000 -8.200000
v 4.500000 0.300000 -8.000000
v 4.500000 0.300000 -8.150000
v 6.500000 0.300000 -8.000000
v 6.500000 0.300000 -8.150000
v 6.500000 -0.300000 -8.000000
v 6.500000 0.250000 -8.200000
v 6.500000 0.250000 -8.600000
v 6.500000 0.250000 -9.000000
v 6.500000 -0.250000 -8.200000
v 6.500000 -0.300000 -8.150000
v 6.500000 -0.250000 -9.000000
v 5.500000 -0.250000 -9.000000
v 5.500000 0.250000 -9.000000
v 5.500000 -0.250000 -8.200000
v 5.500000 -0.300000 -8.000000
v 5.500000 -0.300000 -8.150000
v 5.500000 0.250000 -8.600000
v 5.500000 0.250000 -8.200000
v 5.500000 0.300000 -8.000000
v 5.500000 0.300000 -8.150000
v 7.500000 0.300000 -8.000000
v 7.500000 0.300000 -8.150000
v 7.500000 -0.300000 -8.000000
v 7.500000 0.250000 -8.200000
v 7.500000 0.250000 -8.600000
v 7.500000 0.250000 -9.000000
v 7.500000 -0.250000 -8.200000
v 7.500000 -0.300000 -8.150000
v 7.500000 -0.250000 -9.000000
v 6.500000 -0.250000 -9.000000
v 6.500000 0.250000 -9.000000
v 6.500000 -0.250000 -8.200000
v 6.500000 -0.300000 -8.000000
v 6.500000 -0.300000 -8.150000
v 6.500000 0.250000 -8.600000
v 6.500000 0.250000 -8.200000
v 6.500000 0.300000 -8.000000
v 6.500000 0.300000 -8.150000
v 8.500000 0.300000 -8.000000
v 8.500000 0.300000 -8.150000
v 8.500000 -0.300000 -8.000000
v 8.500000 0.250000 -8.200000
v 8.500000 0.250000 -8.600000
v 8.500000 0.250000 -9.000000
v 8.500000 -0.250000 -8.200000
v 8.500000 -0.300000 -8.150000
v 8.500000 -0.250000 -9.000000
v 7.500000 -0.250000 -9.000000
v 7.500000 0.250000 -9.000000
v 7.500000 -0.250000 -8.200000
v 7.500000 -0.300000 -8.000000
v 7.500000 -0.300000 -8.150000
v 7.500000 0.250000 -8.600000
v 7.500000 0.250000 -8.200000
v 7.500000 0.300000 -8.000000
v 7.500000 0.300000 -8.150000
v 9.500000 0.300000 -8.000000
v 9.500000 0.300000 -8.150000
v 9.500000 -0.300000 -8.000000
v 9.500000 0.250000 -8.200000
v 9.500000 0.250000 -8.600000
v 9.500000 0.250000 -9.000000
v 9.500000 -0.250000 -8.200000
v 9.500000 -0.300000 -8.150000
v 9.500000 -0.250000 -9.000000
v 8.500000 -0.250000 -9.000000
v 8.500000 0.250000 -9.000000
v 8.500000 -0.250000 -8.200000
v 8.500000 -0.300000 -8.000000
v 8.500000 -0.300000 -8.150000
v 8.500000 0.250000 -8.600000
v 8.500000 0.250000 -8.200000
v 8.500000 0.300000 -8.000000
v 8.500000 0.300000 -8.150000
v 10.500000 0.300000 -8.000000
v 10.500000 0.300000 -8.150000
v 10.500000 -0.300000 -8.000000
v 10.500000 0.250000 -8.200000
v 10.500000 0.250000 -8.600000
v 10.500000 0.250000 -9.000000
v 10.500000 -0.250000 -8.200000
v 10.500000 -0.300000 -8.150000
v 10.500000 -0.250000 -9.000000
v 9.500000 -0.250000 -9.000000
v 9.500000 0.250000 -9.000000
v 9.500000 -0.250000 -8.200000
v 9.500000 -0.300000 -8.000000
v 9.500000 -0.300000 -8.150000
v 9.500000 0.250000 -8.600000
v 9.500000 0.250000 -8.200000
v 9.500000 0.300000 -8.000000
v 9.500000 0.300000 -8.150000
v 11.500000 0.300000 -8.000000
v 11.500000 0.300000 -8.150000
v 11.500000 -0.300000 -8.000000
v 11.500000 0.250000 -8.200000
v 11.500000 0.250000 -8.600000
v 11.500000 0.250000 -9.000000
v 11.500000 -0.250000 -8.200000
v 11.500000 -0.300000 -8.150000
v 11.500000 -0.250000 -9.000000
v 10.500000 -0.250000 -9.000000
v 10.500000 0.250000 -9.000000
v 10.500000 -0.250000 -8.200000
v 10.500000 -0.300000 -8.000000
v 10.500000 -0.300000 -8.150000
v 10.500000 0.250000 -8.600000
v 10.500000 0.250000 -8.200000
v 10.500000 0.300000 -8.000000
v 10.500000 0.300000 -8.150000
v 12.500000 0.300000 -8.000000
v 12.500000 0.300000 -8.150000
v 12.500000 -0.300000 -8.000000
v 12.500000 0.250000 -8.200000
v 12.500000 0.250000 -8.600000
v 12.500000 0.250000 -9.000000
v 12.500000 -0.250000 -8.200000
v 12.500000 -0.300000 -8.150000
v 12.500000 -0.250000 -9.000000
v 11.500000 -0.250000 -9.000000
v 11.500000 0.250000 -9.000000
v 11.500000 -0.250000 -8.200000
v 11.500000 -0.300000 -8.000000
v 11.500000 -0.300000 -8.150000
v 11.500000 0.250000 -8.600000
v 11.500000 0.250000 -8.200000
v 11.500000 0.300000 -8.000000
v 11.500000 0.300000 -8.150000
v 13.500000 0.300000 -8.000000
v 13.500000 0.300000 -8.150000
v 13.500000 -0.300000 -8.000000
v 13.500000 0.250000 -8.200000
v 13.500000 0.250000 -8.600000
v 13.500000 0.250000 -9.000000
v 13.500000 -0.250000 -8.200000
v 13.500000 -0.300000 -8.150000
v 13.500000 -0.250000 -9.000000
v 12.500000 -0.250000 -9.000000
v 12.500000 0.250000 -9.000000
v 12.500000 -0.250000 -8.200000
v 12.500000 -0.300000 -8.000000
v 12.500000 -0.300000 -8.150000
v 12.500000 0.250000 -8.600000
v 12.500000 0.250000 -8.200000
v 12.500000 0.300000 -8.000000
v 12.500000 0.300000 -8.150000
v 14.500000 0.300000 -8.000000
v 14.500000 0.300000 -8.150000
v 14.500000 -0.300000 -8.000000
v 14.500000 0.250000 -8.200000
v 14.500000 0.250000 -8.600000
v 14.500000 0.250000 -9.000000
v 14.500000 -0.250000 -8.200000
v 14.500000 -0.300000 -8.150000
v 14.500000 -0.250000 -9.000000
v 13.500000 -0.250000 -9.000000
v 13.500000 0.250000 -9.000000
v 13.500000 -0.250000 -8.200000
v 13.500000 -0.300000 -8.000000
v 13.500000 -0.300000 -8.150000
v 13.500000 0.250000 -8.600000
v 13.500000 0.250000 -8.200000
v 13.500000 0.300000 -8.000000
v 13.500000 0.300000 -8.150000
v 15.500000 0.300000 -8.000000
v 15.500000 0.300000 -8.150000
v 15.500000 -0.300000 -8.000000
v 15.500000 0.250000 -8.200000
v 15.500000 0.250000 -8.600000
v 15.500000 0.250000 -9.000000
v 15.500000 -0.250000 -8.200000
v 15.500000 -0.300000 -8.150000
v 15.500000 -0.250000 -9.000000
v 14.500000 -0.250000 -9.000000
v 14.500000 0.250000 -9.000000
v 14.500000 -0.250000 -8.200000
v 14.500000 -0.300000 -8.000000
v 14.500000 -0.300000 -8.150000
v 14.500000 0.250000 -8.600000
v 14.500000 0.250000 -8.200000
v 14.500000 0.300000 -8.000000
v 14.500000 0.300000 -8.150000
v 16.500000 0.300000 -8.000000
v 16.500000 0.300000 -8.150000
v 16.500000 -0.300000 -8.000000
v 16.500000 0.250000 -8.200000
v 16.500000 0.250000 -8.600000
v 16.500000 0.250000 -9.000000
v 16.500000 -0.250000 -8.200000
v 16.500000 -0.300000 -8.150000
v 16.500000 -0.250000 -9.000000
v 15.500000 -0.250000 -9.000000
v 15.500000 0.250000 -9.000000
v 15.500000 -0.250000 -8.200000
v 15.500000 -0.300000 -8.000000
v 15.500000 -0.300000 -8.150000
v 15.500000 0.250000 -8.600000
v 15.500000 0.250000 -8.200000
v 15.500000 0.300000 -8.000000
v 15.500000 0.300000 -8.150000
v 17.500000 0.300000 -8.000000
v 17.500000 0.300000 -8.150000
v 17.500000 -0.300000 -8.000000
v 17.500000 0.250000 -8.200000
v 17.500000 0.250000 -8.600000
v 17.500000 0.250000 -9.000000
v 17.500000 -0.250000 -8.200000
v 17.500000 -0.300000 -8.150000
v 17.500000 -0.250000 -9.000000
v 16.500000 -0.250000 -9.000000
v 16.500000 0.250000 -9.000000
v 16.500000 -0.250000 -8.200000
v 16.500000 -0.300000 -8.000000
v 16.500000 -0.300000 -8.150000
v 16.500000 0.250000 -8.600000
v 16.500000 0.250000 -8.200000
v 16.500000 0.300000 -8.000000
v 16.500000 0.300000 -8.150000
v 18.500000 0.300000 -8.000000
v 18.500000 0.300000 -8.150000
v 18.500000 -0.300000 -8.000000
v 18.500000 0.250000 -8.200000
v 18.500000 0.250000 -8.600000
v 18.500000 0.250000 -9.000000
v 18.500000 -0.250000 -8.200000
v 18.500000 -0.300000 -8.150000
v 18.500000 -0.250000 -9.000000
v 17.500000 -0.250000 -9.000000
v 17.500000 0.250000 -9.000000
v 17.500000 -0.250000 -8.200000
v 17.500000 -0.300000 -8.000000
v 17.500000 -0.300000 -8.150000
v 17.500000 0.250000 -8.600000
v 17.500000 0.250000 -8.200000
v 17.500000 0.300000 -8.000000
v 17.500000 0.300000 -8.150000
v 19.500000 0.300000 -8.000000
v 19.500000 0.300000 -8.150000
v 19.500000 -0.300000 -8.000000
v 19.500000 0.250000 -8.200000
v 19.500000 0.250000 -8.600000
v 19.500000 0.250000 -9.000000
v 19.500000 -0.250000 -8.200000
v 19.500000 -0.300000 -8.150000
v 19.500000 -0.250000 -9.000000
v 18.500000 -0.250000 -9.000000
v 18.500000 0.250000 -9.000000
v 18.500000 -0.250000 -8.200000
v 18.500000 -0.300000 -8.000000
v 18.500000 -0.300000 -8.150000
v 18.500000 0.250000 -8.600000
v 18.500000 0.250000 -8.200000
v 18.500000 0.300000 -8.000000
v 18.500000 0.300000 -8.150000
v 20.500000 0.300000 -8.000000
v 20.500000 0.300000 -8.150000
v 20.500000 -0.300000 -8.000000
v 20.500000 0.250000 -8.200000
v 20.500000 0.250000 -8.600000
v 20.500000 0.250000 -9.000000
v 20.500000 -0.250000 -8.200000
v 20.500000 -0.300000 -8.150000
v 20.500000 -0.250000 -9.000000
v 19.500000 -0.250000 -9.000000
v 19.500000 0.250000 -9.000000
v 19.500000 -0.250000 -8.200000
v 19.500000 -0.300000 -8.000000
v 19.500000 -0.300000 -8.150000
v 19.500000 0.250000 -8.600000
v 19.500000 0.250000 -8.200000
v 19.500000 0.300000 -8.000000
v 19.500000 0.300000 -8.150000
v 21.500000 0.300000 -8.000000
v 21.500000 0.300000 -8.150000
v 21.500000 -0.300000 -8.000000
v 21.500000 0.250000 -8.200000
v 21.500000 0.250000 -8.600000
v 21.500000 0.250000 -9.000000
v 21.500000 -0.250000 -8.200000
v 21.500000 -0.300000 -8.150000
v 21.500000 -0.250000 -9.000000
v 20.500000 -0.250000 -9.000000
v 20.500000 0.250000 -9.000000
v 20.500000 -0.250000 -8.200000
v 20.500000 -0.300000 -8.000000
v 20.500000 -0.300000 -8.150000
v 20.500000 0.250000 -8.600000
v 20.500000 0.250000 -8.200000
v 20.500000 0.300000 -8.000000
v 20.500000 0.300000 -8.150000
v 22.500000 0.300000 -8.000000
v 22.500000 0.300000 -8.150000
v 22.500000 -0.300000 -8.000000
v 22.500000 0.250000 -8.200000
v 22.500000 0.250000 -8.600000
v 22.500000 0.250000 -9.000000
v 22.500000 -0.250000 -8.200000
v 22.500000 -0.300000 -8.150000
v 22.500000 -0.250000 -9.000000
v 21.500000 -0.250000 -9.000000
v 21.500000 0.250000 -9.000000
v 21.500000 -0.250000 -8.200000
v 21.500000 -0.300000 -8.000000
v 21.500000 -0.300000 -8.150000
v 21.500000 0.250000 -8.600000
v 21.500000 0.250000 -8.200000
v 21.500000 0.300000 -8.000000
v 21.500000 0.300000 -8.150000
v 23.500000 0.300000 -8.000000
v 23.500000 0.300000 -8.150000
v 23.500000 -0.300000 -8.000000
v 23.500000 0.250000 -8.200000
v 23.500000 0.250000 -8.600000
v 23.500000 0.250000 -9.000000
v 23.500000 -0.250000 -8.200000
v 23.500000 -0.300000 -8.150000
v 23.500000 -0.250000 -9.000000
v 22.500000 -0.250000 -9.000000
v 22.500000 0.250000 -9.000000
v 22.500000 -0.250000 -8.200000
v 22.500000 -0.300000 -8.000000
v 22.500000 -0.300000 -8.150000
v 22.500000 0.250000 -8.600000
v 22.500000 0.250000 -8.200000
v 22.500000 0.300000 -8.000000
v 22.500000 0.300000 -8.150000
v 24.500000 0.300000 -8.000000
v 24.500000 0.300000 -8.150000
v 24.500000 -0.300000 -8.000000
v 24.500000 0.250000 -8.200000
v 24.500000 0.250000 -8.600000
v 24.500000 0.250000 -9.000000
v 24.500000 -0.250000 -8.200000
v 24.500000 -0.300000 -8.150000
v 24.500000 -0.250000 -9.000000
v 23.500000 -0.250000 -9.000000
v 23.500000 0.250000 -9.000000
v 23.500000 -0.250000 -8.200000
v 23.500000 -0.300000 -8.000000
v 23.500000 -0.300000 -8.150000
v 23.500000 0.250000 -8.600000
v 23.500000 0.250000 -8.200000
v 23.500000 0.300000 -8.000000
v 23.500000 0.300000 -8.150000
v 25.500000 0.300000 -8.000000
v 25.500000 0.300000 -8.150000
v 25.500000 -0.300000 -8.000000
v 25.500000 0.250000 -8.200000
v 25.500000 0.250000 -8.600000
v 25.500000 0.250000 -9.000000
v 25.500000 -0.250000 -8.200000
v 25.500000 -0.300000 -8.150000
v 25.500000 -0.250000 -9.000000
v 24.500000 -0.250000 -9.000000
v 24.500000 0.250000 -9.000000
v 24.500000 -0.250000 -8.200000
v 24.500000 -0.300000 -8.000000
v 24.500000 -0.300000 -8.150000
v 24.500000 0.250000 -8.600000
v 24.500000 0.250000 -8.200000
v 24.500000 0.300000 -8.000000
v 24.500000 0.300000 -8.150000
v 26.500000 0.300000 -8.000000
v 26.500000 0.300000 -8.150000
v 26.500000 -0.300000 -8.000000
v 26.500000 0.250000 -8.200000
v 26.500000 0.250000 -8.600000
v 26.500000 0.250000 -9.000000
v 26.500000 -0.250000 -8.200000
v 26.500000 -0.300000 -8.150000
v 26.500000 -0.250000 -9.000000
v 25.500000 -0.250000 -9.000000
v 25.500000 0.250000 -9.000000
v 25.500000 -0.250000 -8.200000
v 25.500000 -0.300000 -8.000000
v 25.500000 -0.300000 -8.150000
v 25.500000 0.250000 -8.600000
v 25.500000 0.250000 -8.200000
v 25.500000 0.300000 -8.000000
v 25.500000 0.300000 -8.150000
v 27.500000 0.300000 -8.000000
v 27.500000 0.300000 -8.150000
v 27.500000 -0.300000 -8.000000
v 27.500000 0.250000 -8.200000
v 27.500000 0.250000 -8.600000
v 27.500000 0.250000 -9.000000
v 27.500000 -0.250000 -8.200000
v 27.500000 -0.300000 -8.150000
v 27.500000 -0.250000 -9.000000
v 26.500000 -0.250000 -9.000000
v 26.500000 0.250000 -9.000000
v 26.500000 -0.250000 -8.200000
v 26.500000 -0.300000 -8.000000
v 26.500000 -0.300000 -8.150000
v 26.500000 0.250000 -8.600000
v 26.500000 0.250000 -8.200000
v 26.500000 0.300000 -8.000000
v 26.500000 0.300000 -8.150000
v 0.500000 0.300000 -9.000000
v 0.500000 0.300000 -9.150000
v 0.500000 -0.300000 -9.000000
v 0.500000 0.250000 -9.200000
v 0.500000 0.250000 -9.600000
v 0.500000 0.250000 -10.000000
v 0.500000 -0.250000 -9.200000
v 0.500000 -0.300000 -9.150000
v 0.500000 -0.250000 -10.000000
v -0.500000 -0.250000 -10.000000
v -0.500000 0.250000 -10.000000
v -0.500000 -0.250000 -9.200000
v -0.500000 -0.300000 -9.000000
v -0.500000 -0.300000 -9.150000
v -0.500000 0.250000 -9.600000
v -0.500000 0.250000 -9.200000
v -0.500000 0.300000 -9.000000
v -0.500000 0.300000 -9.150000
v 1.500000 0.300000 -9.000000
v 1.500000 0.300000 -9.150000
v 1.500000 -0.300000 -9.000000
v 1.500000 0.250000 -9.200000
v 1.500000 0.250000 -9.600000
v 1.500000 0.250000 -10.000000
v 1.500000 -0.250000 -9.200000
v 1.500000 -0.300000 -9.150000
v 1.500000 -0.250000 -10.000000
v 0.500000 -0.250000 -10.000000
v 0.500000 0.250000 -10.000000
v 0.500000 -0.250000 -9.200000
v 0.500000 -0.300000 -9.000000
v 0.500000 -0.300000 -9.150000
v 0.500000 0.250000 -9.600000
v 0.500000 0.250000 -9.200000
v 0.500000 0.300000 -9.000000
v 0.500000 0.300000 -9.150000
v 2.500000 0.300000 -9.000000
v 2.500000 0.300000 -9.150000
v 2.500000 -0.300000 -9.000000
v 2.500000 0.250000 -9.200000
v 2.500000 0.250000 -9.600000
v 2.500000 0.250000 -10.000000
v 2.500000 -0.250000 -9.200000
v 2.500000 -0.300000 -9.150000
v 2.500000 -0.250000 -10.000000
v 1.500000 -0.250000 -10.000000
v 1.500000 0.250000 -10.000000
v 1.500000 -0.250000 -9.200000
v 1.500000 -0.300000 -9.000000
v 1.500000 -0.300000 -9.150000
v 1.500000 0.250000 -9.600000
v 1.500000 0.250000 -9.200000
v 1.500000 0.300000 -9.000000
v 1.500000 0.300000 -9.150000
v 3.500000 0.300000 -9.000000
v 3.500000 0.300000 -9.150000
v 3.500000 -0.300000 -9.000000
v 3.500000 0.250000 -9.200000
v 3.500000 0.250000 -9.600000
v 3.500000 0.250000 -10.000000
v 3.500000 -0.250000 -9.200000
v 3.500000 -0.300000 -9.150000
v 3.500000 -0.250000 -10.000000
v 2.500000 -0.250000 -10.000000
v 2.500000 0.250000 -10.000000
v 2.500000 -0.250000 -9.200000
v 2.500000 -0.300000 -9.000000
v 2.500000 -0.300000 -9.150000
v 2.500000 0.250000 -9.600000
v 2.500000 0.250000 -9.200000
v 2.500000 0.300000 -9.000000
v 2.500000 0.300000 -9.150000
v 4.500000 0.300000 -9.000000
v 4.500000 0.300000 -9.150000
v 4.500000 -0.300000 -9.000000
v 4.500000 0.250000 -9.200000
v 4.500000 0.250000 -9.600000
v 4.500000 0.250000 -10.000000
v 4.500000 -0.250000 -9.200000
v 4.500000 -0.300000 -9.150000
v 4.500000 -0.250000 -10.000000
v 3.500000 -0.250000 -10.000000
v 3.500000 0.250000 -10.000000
v 3.500000 -0.250000 -9.200000
v 3.500000 -0.300000 -9.000000
v 3.500000 -0.300000 -9.150000
v 3.500000 0.250000 -9.600000
v 3.500000 0.250000 -9.200000
v 3.500000 0.300000 -9.000000
v 3.500000 0.300000 -9.150000
v 5.500000 0.300000 -9.000000
v 5.500000 0.300000 -9.150000
v 5.500000 -0.300000 -9.000000
v 5.500000 0.250000 -9.200000
v 5.500000 0.250000 -9.600000
v 5.500000 0.250000 -10.000000
v 5.500000 -0.250000 -9.200000
v 5.500000 -0.300000 -9.150000
v 5.500000 -0.250000 -10.000000
v 4.500000 -0.250000 -10.000000
v 4.500000 0.250000 -10.000000
v 4.500000 -0.250000 -9.200000
v 4.500000 -0.300000 -9.000000
v 4.500000 -0.300000 -9.150000
v 4.500000 0.250000 -9.600000
v 4.500000 0.250000 -9.200000
v 4.500000 0.300000 -9.000000
v 4.500000 0.300000 -9.150000
v 6.500000 0.300000 -9.000000
v 6.500000 0.300000 -9.150000
v 6.500000 -0.300000 -9.000000
v 6.500000 0.250000 -9.200000
v 6.500000 0.250000 -9.600000
v 6.500000 0.250000 -10.000000
v 6.500000 -0.250000 -9.200000
v 6.500000 -0.300000 -9.150000
v 6.500000 -0.250000 -10.000000
v 5.500000 -0.250000 -10.000000
v 5.500000 0.250000 -10.000000
v 5.500000 -0.250000 -9.200000
v 5.500000 -0.300000 -9.000000
v 5.500000 -0.300000 -9.150000
v 5.500000 0.250000 -9.600000
v 5.500000 0.250000 -9.200000
v 5.500000 0.300000 -9.000000
v 5.500000 0.300000 -9.150000
v 7.500000 0.300000 -9.000000
v 7.500000 0.300000 -9.150000
v 7.500000 -0.300000 -9.000000
v 7.500000 0.250000 -9.200000
v 7.500000 0.250000 -9.600000
v 7.500000 0.250000 -10.000000
v 7.500000 -0.250000 -9.200000
v 7.500000 -0.300000 -9.150000
v 7.500000 -0.250000 -10.000000
v 6.500000 -0.250000 -10.000000
v 6.500000 0.250000 -10.000000
v 6.500000 -0.250000 -9.200000
v 6.500000 -0.300000 -9.000000
v 6.500000 -0.300000 -9.150000
v 6.500000 0.250000 -9.600000
v 6.500000 0.250000 -9.200000
v 6.500000 0.300000 -9.000000
v 6.500000 0.300000 -9.150000
v 8.500000 0.300000 -9.000000
v 8.500000 0.300000 -9.150000
v 8.500000 -0.300000 -9.000000
v 8.500000 0.250000 -9.200000
v 8.500000 0.250000 -9.600000
v 8.500000 0.250000 -10.000000
v 8.500000 -0.250000 -9.200000
v 8.500000 -0.300000 -9.150000
v 8.500000 -0.250000 -10.000000
v 7.500000 -0.250000 -10.000000
v 7.500000 0.250000 -10.000000
v 7.500000 -0.250000 -9.200000
v 7.500000 -0.300000 -9.000000
v 7.500000 -0.300000 -9.150000
v 7.500000 0.250000 -9.600000
v 7.500000 0.250000 -9.200000
v 7.500000 0.300000 -9.000000
v 7.500000 0.300000 -9.150000
v 9.500000 0.300000 -9.000000
v 9.500000 0.300000 -9.150000
v 9.500000 -0.300000 -9.000000
v 9.500000 0.250000 -9.200000
v 9.500000 0.250000 -9.600000
v 9.500000 0.250000 -10.000000
v 9.500000 -0.250000 -9.200000
v 9.500000 -0.300000 -9.150000
v 9.500000 -0.250000 -10.000000
v 8.500000 -0.250000 -10.000000
v 8.500000 0.250000 -10.000000
v 8.500000 -0.250000 -9.200000
v 8.500000 -0.300000 -9.000000
v 8.500000 -0.300000 -9.150000
v 8.500000 0.250000 -9.600000
v 8.500000 0.250000 -9.200000
v 8.500000 0.300000 -9.000000
v 8.500000 0.300000 -9.150000
v 10.500000 0.300000 -9.000000
v 10.500000 0.300000 -9.150000
v 10.500000 -0.300000 -9.000000
v 10.500000 0.250000 -9.200000
v 10.500000 0.250000 -9.600000
v 10.500000 0.250000 -10.000000
v 10.500000 -0.250000 -9.200000
v 10.500000 -0.300000 -9.150000
v 10.500000 -0.250000 -10.000000
v 9.500000 -0.250000 -10.000000
v 9.500000 0.250000 -10.000000
v 9.500000 -0.250000 -9.200000
v 9.500000 -0.300000 -9.000000
v 9.500000 -0.300000 -9.150000
v 9.500000 0.250000 -9.600000
v 9.500000 0.250000 -9.200000
v 9.500000 0.300000 -9.000000
v 9.500000 0.300000 -9.150000
v 11.500000 0.300000 -9.000000
v 11.500000 0.300000 -9.150000
v 11.500000 -0.300000 -9.000000
v 11.500000 0.250000 -9.200000
v 11.500000 0.250000 -9.600000
v 11.500000 0.250000 -10.000000
v 11.500000 -0.250000 -9.200000
v 11.500000 -0.300000 -9.150000
v 11.500000 -0.250000 -10.000000
v 10.500000 -0.250000 -10.000000
v 10.500000 0.250000 -10.000000
v 10.500000 -0.250000 -9.200000
v 10.500000 -0.300000 -9.000000
v 10.500000 -0.300000 -9.150000
v 10.500000 0.250000 -9.600000
v 10.500000 0.250000 -9.200000
v 10.500000 0.300000 -9.000000
v 10.500000 0.300000 -9.150000
v 12.500000 0.300000 -9.000000
v 12.500000 0.300000 -9.150000
v 12.500000 -0.300000 -9.000000
v 12.500000 0.250000 -9.200000
v 12.500000 0.250000 -9.600000
v 12.500000 0.250000 -10.000000
v 12.500000 -0.250000 -9.200000
v 12.500000 -0.300000 -9.150000
v 12.500000 -0.250000 -10.000000
v 11.500000 -0.250000 -10.000000
v 11.500000 0.250000 -10.000000
v 11.500000 -0.250000 -9.200000
v 11.500000 -0.300000 -9.000000
v 11.500000 -0.300000 -9.150000
v 11.500000 0.250000 -9.600000
v 11.500000 0.250000 -9.200000
v 11.500000 0.300000 -9.000000
v 11.500000 0.300000 -9.150000
v 13.500000 0.300000 -9.000000
v 13.500000 0.300000 -9.150000
v 13.500000 -0.300000 -9.000000
v 13.500000 0.250000 -9.200000
v 13.500000 0.250000 -9.600000
v 13.500000 0.250000 -10.000000
v 13.500000 -0.250000 -9.200000
v 13.500000 -0.300000 -9.150000
v 13.500000 -0.250000 -10.000000
v 12.500000 -0.250000 -10.000000
v 12.500000 0.250000 -10.000000
v 12.500000 -0.250000 -9.200000
v 12.500000 -0.300000 -9.000000
v 12.500000 -0.300000 -9.150000
v 12.500000 0.250000 -9.600000
v 12.500000 0.250000 -9.200000
v 12.500000 0.300000 -9.000000
v 12.500000 0.300000 -9.150000
v 14.500000 0.300000 -9.000000
v 14.500000 0.300000 -9.150000
v 14.500000 -0.300000 -9.000000
v 14.500000 0.250000 -9.200000
v 14.500000 0.250000 -9.600000
v 14.500000 0.250000 -10.000000
v 14.500000 -0.250000 -9.200000
v 14.500000 -0.300000 -9.150000
v 14.500000 -0.250000 -10.000000
v 13.500000 -0.250000 -10.000000
v 13.500000 0.250000 -10.000000
v 13.500000 -0.250000 -9.200000
v 13.500000 -0.300000 -9.000000
v 13.500000 -0.300000 -9.150000
v 13.500000 0.250000 -9.600000
v 13.500000 0.250000 -9.200000
v 13.500000 0.300000 -9.000000
v 13.500000 0.300000 -9.150000
v 15.500000 0.300000 -9.000000
v 15.500000 0.300000 -9.150000
v 15.500000 -0.300000 -9.000000
v 15.500000 0.250000 -9.200000
v 15.500000 0.250000 -9.600000
v 15.500000 0.250000 -10.000000
v 15.500000 -0.250000 -9.200000
v 15.500000 -0.300000 -9.150000
v 15.500000 -0.250000 -10.000000
v 14.500000 -0.250000 -10.000000
v 14.500000 0.250000 -10.000000
v 14.500000 -0.250000 -9.200000
v 14.500000 -0.300000 -9.000000
v 14.500000 -0.300000 -9.150000
v 14.500000 0.250000 -9.600000
v 14.500000 0.250000 -9.200000
v 14.500000 0.300000 -9.000000
v 14.500000 0.300000 -9.150000
v 16.500000 0.300000 -9.000000
v 16.500000 0.300000 -9.150000
v 16.500000 -0.300000 -9.000000
v 16.500000 0.250000 -9.200000
v 16.500000 0.250000 -9.600000
v 16.500000 0.250000 -10.000000
v 16.500000 -0.250000 -9.200000
v 16.500000 -0.300000 -9.150000
v 16.500000 -0.250000 -10.000000
v 15.500000 -0.250000 -10.000000
v 15.500000 0.250000 -10.000000
v 15.500000 -0.250000 -9.200000
v 15.500000 -0.300000 -9.000000
v 15.500000 -0.300000 -9.150000
v 15.500000 0.250000 -9.600000
v 15.500000 0.250000 -9.200000
v 15.500000 0.300000 -9.000000
v 15.500000 0.300000 -9.150000
v 17.500000 0.300000 -9.000000
v 17.500000 0.300000 -9.150000
v 17.500000 -0.300000 -9.000000
v 17.500000 0.250000 -9.200000
v 17.500000 0.250000 -9.600000
v 17.500000 0.250000 -10.000000
v 17.500000 -0.250000 -9.200000
v 17.500000 -0.300000 -9.150000
v 17.500000 -0.250000 -10.000000
v 16.500000 -0.250000 -10.000000
v 16.500000 0.250000 -10.000000
v 16.500000 -0.250000 -9.200000
v 16.500000 -0.300000 -9.000000
v 16.500000 -0.300000 -9.150000
v 16.500000 0.250000 -9.600000
v 16.500000 0.250000 -9.200000
v 16.500000 0.300000 -9.000000
v 16.500000 0.300000 -9.150000
v 18.500000 0.300000 -9.000000
v 18.500000 0.300000 -9.150000
v 18.500000 -0.300000 -9.000000
v 18.500000 0.250000 -9.200000
v 18.500000 0.250000 -9.600000
v 18.500000 0.250000 -10.000000
v 18.500000 -0.250000 -9.200000
v 18.500000 -0.300000 -9.150000
v 18.500000 -0.250000 -10.000000
v 17.500000 -0.250000 -10.000000
v 17.500000 0.250000 -10.000000
v 17.500000 -0.250000 -9.200000
v 17.500000 -0.300000 -9.000000
v 17.500000 -0.300000 -9.150000
v 17.500000 0.250000 -9.600000
v 17.500000 0.250000 -9.200000
v 17.500000 0.300000 -9.000000
v 17.500000 0.300000 -9.150000
v 19.500000 0.300000 -9.000000
v 19.500000 0.300000 -9.150000
v 19.500000 -0.300000 -9.000000
v 19.500000 0.250000 -9.200000
v 19.500000 0.250000 -9.600000
v 19.500000 0.250000 -10.000000
v 19.500000 -0.250000 -9.200000
v 19.500000 -0.300000 -9.150000
v 19.500000 -0.250000 -10.000000
v 18.500000 -0.250000 -10.000000
v 18.500000 0.250000 -10.000000
v 18.500000 -0.250000 -9.200000
v 18.500000 -0.300000 -9.000000
v 18.500000 -0.300000 -9.150000
v 18.500000 0.250000 -9.600000
v 18.500000 0.250000 -9.200000
v 18.500000 0.300000 -9.000000
v 18.500000 0.300000 -9.150000
v 20.500000 0.300000 -9.000000
v 20.500000 0.300000 -9.150000
v 20.500000 -0.300000 -9.000000
v 20.500000 0.250000 -9.200000
v 20.500000 0.250000 -9.600000
v 20.500000 0.250000 -10.000000
v 20.500000 -0.250000 -9.200000
v 20.500000 -0.300000 -9.150000
v 20.500000 -0.250000 -10.000000
v 19.500000 -0.250000 -10.000000
v 19.500000 0.250000 -10.000000
v 19.500000 -0.250000 -9.200000
v 19.500000 -0.300000 -9.000000
v 19.500000 -0.300000 -9.150000
v 19.500000 0.250000 -9.600000
v 19.500000 0.250000 -9.200000
v 19.500000 0.300000 -9.000000
v 19.500000 0.300000 -9.150000
v 21.500000 0.300000 -9.000000
v 21.500000 0.300000 -9.150000
v 21.500000 -0.300000 -9.000000
v 21.500000 0.250000 -9.200000
v 21.500000 0.250000 -9.600000
v 21.500000 0.250000 -10.000000
v 21.500000 -0.250000 -9.200000
v 21.500000 -0.300000 -9.150000
v 21.500000 -0.250000 -10.000000
v 20.500000 -0.250000 -10.000000
v 20.500000 0.250000 -10.000000
v 20.500000 -0.250000 -9.200000
v 20.500000 -0.300000 -9.000000
v 20.500000 -0.300000 -9.150000
v 20.500000 0.250000 -9.600000
v 20.500000 0.250000 -9.200000
v 20.500000 0.300000 -9.000000
v 20.500000 0.300000 -9.150000
v 22.500000 0.300000 -9.000000
v 22.500000 0.300000 -9.150000
v 22.500000 -0.300000 -9.000000
v 22.500000 0.250000 -9.200000
v 22.500000 0.250000 -9.600000
v 22.500000 0.250000 -10.000000
v 22.500000 -0.250000 -9.200000
v 22.500000 -0.300000 -9.150000
v 22.500000 -0.250000 -10.000000
v 21.500000 -0.250000 -10.000000
v 21.500000 0.250000 -10.000000
v 21.500000 -0.250000 -9.200000
v 21.500000 -0.300000 -9.000000
v 21.500000 -0.300000 -9.150000
v 21.500000 0.250000 -9.600000
v 21.500000 0.250000 -9.200000
v 21.500000 0.300000 -9.000000
v 21.500000 0.300000 -9.150000
v 23.500000 0.300000 -9.000000
v 23.500000 0.300000 -9.150000
v 23.500000 -0.300000 -9.000000
v 23.500000 0.250000 -9.200000
v 23.500000 0.250000 -9.600000
v 23.500000 0.250000 -10.000000
v 23.500000 -0.250000 -9.200000
v 23.500000 -0.300000 -9.150000
v 23.500000 -0.250000 -10.000000
v 22.500000 -0.250000 -10.000000
v 22.500000 0.250000 -10.000000
v 22.500000 -0.250000 -9.200000
v 22.500000 -0.300000 -9.000000
v 22.500000 -0.300000 -9.150000
v 22.500000 0.250000 -9.600000
v 22.500000 0.250000 -9.200000
v 22.500000 0.300000 -9.000000
v 22.500000 0.300000 -9.150000
v 24.500000 0.300000 -9.000000
v 24.500000 0.300000 -9.150000
v 24.500000 -0.300000 -9.000000
v 24.500000 0.250000 -9.200000
v 24.500000 0.250000 -9.600000
v 24.500000 0.250000 -10.000000
v 24.500000 -0.250000 -9.200000
v 24.500000 -0.300000 -9.150000
v 24.500000 -0.250000 -10.000000
v 23.500000 -0.250000 -10.000000
v 23.500000 0.250000 -10.000000
v 23.500000 -0.250000 -9.200000
v 23.500000 -0.300000 -9.000000
v 23.500000 -0.300000 -9.150000
v 23.500000 0.250000 -9.600000
v 23.500000 0.250000 -9.200000
v 23.500000 0.300000 -9.000000
v 23.500000 0.300000 -9.150000
v 25.500000 0.300000 -9.000000
v 25.500000 0.300000 -9.150000
v 25.500000 -0.300000 -9.000000
v 25.500000 0.250000 -9.200000
v 25.500000 0.250000 -9.600000
v 25.500000 0.250000 -10.000000
v 25.500000 -0.250000 -9.200000
v 25.500000 -0.300000 -9.150000
v 25.500000 -0.250000 -10.000000
v 24.500000 -0.250000 -10.000000
v 24.500000 0.250000 -10.000000
v 24.500000 -0.250000 -9.200000
v 24.500000 -0.300000 -9.000000
v 24.500000 -0.300000 -9.150000
v 24.500000 0.250000 -9.600000
v 24.500000 0.250000 -9.200000
v 24.500000 0.300000 -9.000000
v 24.500000 0.300000 -9.150000
v 26.500000 0.300000 -9.000000
v 26.500000 0.300000 -9.150000
v 26.500000 -0.300000 -9.000000
v 26.500000 0.250000 -9.200000
v 26.500000 0.250000 -9.600000
v 26.500000 0.250000 -10.000000
v 26.500000 -0.250000 -9.200000
v 26.500000 -0.300000 -9.150000
v 26.500000 -0.250000 -10.000000
v 25.500000 -0.250000 -10.000000
v 25.500000 0.250000 -10.000000
v 25.500000 -0.250000 -9.200000
v 25.500000 -0.300000 -9.000000
v 25.500000 -0.300000 -9.150000
v 25.500000 0.250000 -9.600000
v 25.500000 0.250000 -9.200000
v 25.500000 0.300000 -9.000000
v 25.500000 0.300000 -9.150000
v 27.500000 0.300000 -9.000000
v 27.500000 0.300000 -9.150000
v 27.500000 -0.300000 -9.000000
v 27.500000 0.250000 -9.200000
v 27.500000 0.250000 -9.600000
v 27.500000 0.250000 -10.000000
v 27.500000 -0.250000 -9.200000
v 27.500000 -0.300000 -9.150000
v 27.500000 -0.250000 -10.000000
v 26.500000 -0.250000 -10.000000
v 26.500000 0.250000 -10.000000
v 26.500000 -0.250000 -9.200000
v 26.500000 -0.300000 -9.000000
v 26.500000 -0.300000 -9.150000
v 26.500000 0.250000 -9.600000
v 26.500000 0.250000 -9.200000
v 26.500000 0.300000 -9.000000
v 26.500000 0.300000 -9.150000
v 0.500000 0.300000 -10.000000
v 0.500000 0.300000 -10.150000
v 0.500000 -0.300000 -10.000000
v 0.500000 0.250000 -10.200000
v 0.500000 0.250000 -10.600000
v 0.500000 0.250000 -11.000000
v 0.500000 -0.250000 -10.200000
v 0.500000 -0.300000 -10.150000
v 0.500000 -0.250000 -11.000000
v -0.500000 -0.250000 -11.000000
v -0.500000 0.250000 -11.000000
v -0.500000 -0.250000 -10.200000
v -0.500000 -0.300000 -10.000000
v -0.500000 -0.300000 -10.150000
v -0.500000 0.250000 -10.600000
v -0.500000 0.250000 -10.200000
v -0.500000 0.300000 -10.000000
v -0.500000 0.300000 -10.150000
v 1.500000 0.300000 -10.000000
v 1.500000 0.300000 -10.150000
v 1.500000 -0.300000 -10.000000
v 1.500000 0.250000 -10.200000
v 1.500000 0.250000 -10.600000
v 1.500000 0.250000 -11.000000
v 1.500000 -0.250000 -10.200000
v 1.500000 -0.300000 -10.150000
v 1.500000 -0.250000 -11.000000
v 0.500000 -0.250000 -11.000000
v 0.500000 0.250000 -11.000000
v 0.500000 -0.250000 -10.200000
v 0.500000 -0.300000 -10.000000
v 0.500000 -0.300000 -10.150000
v 0.500000 0.250000 -10.600000
v 0.500000 0.250000 -10.200000
v 0.500000 0.300000 -10.000000
v 0.500000 0.300000 -10.150000
v 2.500000 0.300000 -10.000000
v 2.500000 0.300000 -10.150000
v 2.500000 -0.300000 -10.000000
v 2.500000 0.250000 -10.200000
v 2.500000 0.250000 -10.600000
v 2.500000 0.250000 -11.000000
v 2.500000 -0.250000 -10.200000
v 2.500000 -0.300000 -10.150000
v 2.500000 -0.250000 -11.000000
v 1.500000 -0.250000 -11.000000
v 1.500000 0.250000 -11.000000
v 1.500000 -0.250000 -10.200000
v 1.500000 -0.300000 -10.000000
v 1.500000 -0.300000 -10.150000
v 1.500000 0.250000 -10.600000
v 1.500000 0.250000 -10.200000
v 1.500000 0.300000 -10.000000
v 1.500000 0.300000 -10.150000
v 3.500000 0.300000 -10.000000
v 3.500000 0.300000 -10.150000
v 3.500000 -0.300000 -10.000000
v 3.500000 0.250000 -10.200000
v 3.500000 0.250000 -10.600000
v 3.500000 0.250000 -11.000000
v 3.500000 -0.250000 -10.200000
v 3.500000 -0.300000 -10.150000
v 3.500000 -0.250000 -11.000000
v 2.500000 -0.250000 -11.000000
v 2.500000 0.250000 -11.000000
v 2.500000 -0.250000 -10.200000
v 2.500000 -0.300000 -10.000000
v 2.500000 -0.300000 -10.150000
v 2.500000 0.250000 -10.600000
v 2.500000 0.250000 -10.200000
v 2.500000 0.300000 -10.000000
v 2.500000 0.300000 -10.150000
v 4.500000 0.300000 -10.000000
v 4.500000 0.300000 -10.150000
v 4.500000 -0.300000 -10.000000
v 4.500000 0.250000 -10.200000
v 4.500000 0.250000 -10.600000
v 4.500000 0.250000 -11.000000
v 4.500000 -0.250000 -10.200000
v 4.500000 -0.300000 -10.150000
v 4.500000 -0.250000 -11.000000
v 3.500000 -0.250000 -11.000000
v 3.500000 0.250000 -11.000000
v 3.500000 -0.250000 -10.200000
v 3.500000 -0.300000 -10.000000
v 3.500000 -0.300000 -10.150000
v 3.500000 0.250000 -10.600000
v 3.500000 0.250000 -10.200000
v 3.500000 0.300000 -10.000000
v 3.500000 0.300000 -10.150000
v 5.500000 0.300000 -10.000000
v 5.500000 0.300000 -10.150000
v 5.500000 -0.300000 -10.000000
v 5.500000 0.250000 -10.200000
v 5.500000 0.250000 -10.600000
v 5.500000 0.250000 -11.000000
v 5.500000 -0.250000 -10.200000
v 5.500000 -0.300000 -10.150000
v 5.500000 -0.250000 -11.000000
v 4.500000 -0.250000 -11.000000
v 4.500000 0.250000 -11.000000
v 4.500000 -0.250000 -10.200000
v 4.500000 -0.300000 -10.000000
v 4.500000 -0.300000 -10.150000
v 4.500000 0.250000 -10.600000
v 4.500000 0.250000 -10.200000
v 4.500000 0.300000 -10.000000
v 4.500000 0.300000 -10.150000
v 6.500000 0.300000 -10.000000
v 6.500000 0.300000 -10.150000
v 6.500000 -0.300000 -10.000000
v 6.500000 0.250000 -10.200000
v 6.500000 0.250000 -10.600000
v 6.500000 0.250000 -11.000000
v 6.500000 -0.250000 -10.200000
v 6.500000 -0.300000 -10.150000
v 6.500000 -0.250000 -11.000000
v 5.500000 -0.250000 -11.000000
v 5.500000 0.250000 -11.000000
v 5.500000 -0.250000 -10.200000
v 5.500000 -0.300000 -10.000000
v 5.500000 -0.300000 -10.150000
v 5.500000 0.250000 -10.600000
v 5.500000 0.250000 -10.200000
v 5.500000 0.300000 -10.000000
v 5.500000 0.300000 -10.150000
v 7.500000 0.300000 -10.000000
v 7.500000 0.300000 -10.150000
v 7.500000 -0.300000 -10.000000
v 7.500000 0.250000 -10.200000
v 7.500000 0.250000 -10.600000
v 7.500000 0.250000 -11.000000
v 7.500000 -0.250000 -10.200000
v 7.500000 -0.300000 -10.150000
v 7.500000 -0.250000 -11.000000
v 6.500000 -0.250000 -11.000000
v 6.500000 0.250000 -11.000000
v 6.500000 -0.250000 -10.200000
v 6.500000 -0.300000 -10.000000
v 6.500000 -0.300000 -10.150000
v 6.500000 0.250000 -10.600000
v 6.500000 0.250000 -10.200000
v 6.500000 0.300000 -10.000000
v 6.500000 0.300000 -10.150000
v 8.500000 0.300000 -10.000000
v 8.500000 0.300000 -10.150000
v 8.500000 -0.300000 -10.000000
v 8.500000 0.250000 -10.200000
v 8.500000 0.250000 -10.600000
v 8.500000 0.250000 -11.000000
v 8.500000 -0.250000 -10.200000
v 8.500000 -0.300000 -10.150000
v 8.500000 -0.250000 -11.000000
v 7.500000 -0.250000 -11.000000
v 7.500000 0.250000 -11.000000
v 7.500000 -0.250000 -10.200000
v 7.500000 -0.300000 -10.000000
v 7.500000 -0.300000 -10.150000
v 7.500000 0.250000 -10.600000
v 7.500000 0.250000 -10.200000
v 7.500000 0.300000 -10.000000
v 7.500000 0.300000 -10.150000
v 9.500000 0.300000 -10.000000
v 9.500000 0.300000 -10.150000
v 9.500000 -0.300000 -10.000000
v 9.500000 0.250000 -10.200000
v 9.500000 0.250000 -10.600000
v 9.500000 0.250000 -11.000000
v 9.500000 -0.250000 -10.200000
v 9.500000 -0.300000 -10.150000
v 9.500000 -0.250000 -11.000000
v 8.500000 -0.250000 -11.000000
v 8.500000 0.250000 -11.000000
v 8.500000 -0.250000 -10.200000
v 8.500000 -0.300000 -10.000000
v 8.500000 -0.300000 -10.150000
v 8.500000 0.250000 -10.600000
v 8.500000 0.250000 -10.200000
v 8.500000 0.300000 -10.000000
v 8.500000 0.300000 -10.150000
v 10.500000 0.300000 -10.000000
v 10.500000 0.300000 -10.150000
v 10.500000 -0.300000 -10.000000
v 10.500000 0.250000 -10.200000
v 10.500000 0.250000 -10.600000
v 10.500000 0.250000 -11.000000
v 10.500000 -0.250000 -10.200000
v 10.500000 -0.300000 -10.150000
v 10.500000 -0.250000 -11.000000
v 9.500000 -0.250000 -11.000000
v 9.500000 0.250000 -11.000000
v 9.500000 -0.250000 -10.200000
v 9.500000 -0.300000 -10.000000
v 9.500000 -0.300000 -10.150000
v 9.500000 0.250000 -10.600000
v 9.500000 0.250000 -10.200000
v 9.500000 0.300000 -10.000000
v 9.500000 0.300000 -10.150000
v 11.500000 0.300000 -10.000000
v 11.500000 0.300000 -10.150000
v 11.500000 -0.300000 -10.000000
v 11.500000 0.250000 -10.200000
v 11.500000 0.250000 -10.600000
v 11.500000 0.250000 -11.000000
v 11.500000 -0.250000 -10.200000
v 11.500000 -0.300000 -10.150000
v 11.500000 -0.250000 -11.000000
v 10.500000 -0.250000 -11.000000
v 10.500000 0.250000 -11.000000
v 10.500000 -0.250000 -10.200000
v 10.500000 -0.300000 -10.000000
v 10.500000 -0.300000 -10.150000
v 10.500000 0.250000 -10.600000
v 10.500000 0.250000 -10.200000
v 10.500000 0.300000 -10.000000
v 10.500000 0.300000 -10.150000
v 12.500000 0.300000 -10.000000
v 12.500000 0.300000 -10.150000
v 12.500000 -0.300000 -10.000000
v 12.500000 0.250000 -10.200000
v 12.500000 0.250000 -10.600000
v 12.500000 0.250000 -11.000000
v 12.500000 -0.250000 -10.200000
v 12.500000 -0.300000 -10.150000
v 12.500000 -0.250000 -11.000000
v 11.500000 -0.250000 -11.000000
v 11.500000 0.250000 -11.000000
v 11.500000 -0.250000 -10.200000
v 11.500000 -0.300000 -10.000000
v 11.500000 -0.300000 -10.150000
v 11.500000 0.250000 -10.600000
v 11.500000 0.250000 -10.200000
v 11.500000 0.300000 -10.000000
v 11.500000 0.300000 -10.150000
v 13.500000 0.300000 -10.000000
v 13.500000 0.300000 -10.150000
v 13.500000 -0.300000 -10.000000
v 13.500000 0.250000 -10.200000
v 13.500000 0.250000 -10.600000
v 13.500000 0.250000 -11.000000
v 13.500000 -0.250000 -10.200000
v 13.500000 -0.300000 -10.150000
v 13.500000 -0.250000 -11.000000
v 12.500000 -0.250000 -11.000000
v 12.500000 0.250000 -11.000000
v 12.500000 -0.250000 -10.200000
v 12.500000 -0.300000 -10.000000
v 12.500000 -0.300000 -10.150000
v 12.500000 0.250000 -10.600000
v 12.500000 0.250000 -10.200000
v 12.500000 0.300000 -10.000000
v 12.500000 0.300000 -10.150000
v 14.500000 0.300000 -10.000000
v 14.500000 0.300000 -10.150000
v 14.500000 -0.300000 -10.000000
v 14.500000 0.250000 -10.200000
v 14.500000 0.250000 -10.600000
v 14.500000 0.250000 -11.000000
v 14.500000 -0.250000 -10.200000
v 14.500000 -0.300000 -10.150000
v 14.500000 -0.250000 -11.000000
v 13.500000 -0.250000 -11.000000
v 13.500000 0.250000 -11.000000
v 13.500000 -0.250000 -10.200000
v 13.500000 -0.300000 -10.000000
v 13.500000 -0.300000 -10.150000
v 13.500000 0.250000 -10.600000
v 13.500000 0.250000 -10.200000
v 13.500000 0.300000 -10.000000
v 13.500000 0.300000 -10.150000
v 15.500000 0.300000 -10.000000
v 15.500000 0.300000 -10.150000
v 15.500000 -0.300000 -10.000000
v 15.500000 0.250000 -10.200000
v 15.500000 0.250000 -10.600000
v 15.500000 0.250000 -11.000000
v 15.500000 -0.250000 -10.200000
v 15.500000 -0.300000 -10.150000
v 15.500000 -0.250000 -11.000000
v 14.500000 -0.250000 -11.000000
v 14.500000 0.250000 -11.000000
v 14.500000 -0.250000 -10.200000
v 14.500000 -0.300000 -10.000000
v 14.500000 -0.300000 -10.150000
v 14.500000 0.250000 -10.600000
v 14.500000 0.250000 -10.200000
v 14.500000 0.300000 -10.000000
v 14.500000 0.300000 -10.150000
v 16.500000 0.300000 -10.000000
v 16.500000 0.300000 -10.150000
v 16.500000 -0.300000 -10.000000
v 16.500000 0.250000 -10.200000
v 16.500000 0.250000 -10.600000
v 16.500000 0.250000 -11.000000
v 16.500000 -0.250000 -10.200000
v 16.500000 -0.300000 -10.150000
v 16.500000 -0.250000 -11.000000
v 15.500000 -0.250000 -11.000000
v 15.500000 0.250000 -11.000000
v 15.500000 -0.250000 -10.200000
v 15.500000 -0.300000 -10.000000
v 15.500000 -0.300000 -10.150000
v 15.500000 0.250000 -10.600000
v 15.500000 0.250000 -10.200000
v 15.500000 0.300000 -10.000000
v 15.500000 0.300000 -10.150000
v 17.500000 0.300000 -10.000000
v 17.500000 0.300000 -10.150000
v 17.500000 -0.300000 -10.000000
v 17.500000 0.250000 -10.200000
v 17.500000 0.250000 -10.600000
v 17.500000 0.250000 -11.000000
v 17.500000 -0.250000 -10.200000
v 17.500000 -0.300000 -10.150000
v 17.500000 -0.250000 -11.000000
v 16.500000 -0.250000 -11.000000
v 16.500000 0.250000 -11.000000
v 16.500000 -0.250000 -10.200000
v 16.500000 -0.300000 -10.000000
v 16.500000 -0.300000 -10.150000
v 16.500000 0.250000 -10.600000
v 16.500000 0.250000 -10.200000
v 16.500000 0.300000 -10.000000
v 16.500000 0.300000 -10.150000
v 18.500000 0.300000 -10.000000
v 18.500000 0.300000 -10.150000
v 18.500000 -0.300000 -10.000000
v 18.500000 0.250000 -10.200000
v 18.500000 0.250000 -10.600000
v 18.500000 0.250000 -11.000000
v 18.500000 -0.250000 -10.200000
v 18.500000 -0.300000 -10.150000
v 18.500000 -0.250000 -11.000000
v 17.500000 -0.250000 -11.000000
v 17.500000 0.250000 -11.000000
v 17.500000 -0.250000 -10.200000
v 17.500000 -0.300000 -10.000000
v 17.500000 -0.300000 -10.150000
v 17.500000 0.250000 -10.600000
v 17.500000 0.250000 -10.200000
v 17.500000 0.300000 -10.000000
v 17.500000 0.300000 -10.150000
v 19.500000 0.300000 -10.000000
v 19.500000 0.300000 -10.150000
v 19.500000 -0.300000 -10.000000
v 19.500000 0.250000 -10.200000
v 19.500000 0.250000 -10.600000
v 19.500000 0.250000 -11.000000
v 19.500000 -0.250000 -10.200000
v 19.500000 -0.300000 -10.150000
v 19.500000 -0.250000 -11.000000
v 18.500000 -0.250000 -11.000000
v 18.500000 0.250000 -11.000000
v 18.500000 -0.250000 -10.200000
v 18.500000 -0.300000 -10.000000
v 18.500000 -0.300000 -10.150000
v 18.500000 0.250000 -10.600000
v 18.500000 0.250000 -10.200000
v 18.500000 0.300000 -10.000000
v 18.500000 0.300000 -10.150000
v 20.500000 0.300000 -10.000000
v 20.500000 0.300000 -10.150000
v 20.500000 -0.300000 -10.000000
v 20.500000 0.250000 -10.200000
v 20.500000 0.250000 -10.600000
v 20.500000 0.250000 -11.000000
v 20.500000 -0.250000 -10.200000
v 20.500000 -0.300000 -10.150000
v 20.500000 -0.250000 -11.000000
v 19.500000 -0.250000 -11.000000
v 19.500000 0.250000 -11.000000
v 19.500000 -0.250000 -10.200000
v 19.500000 -0.300000 -10.000000
v 19.500000 -0.300000 -10.150000
v 19.500000 0.250000 -10.600000
v 19.500000 0.250000 -10.200000
v 19.500000 0.300000 -10.000000
v 19.500000 0.300000 -10.150000
v 21.500000 0.300000 -10.000000
v 21.500000 0.300000 -10.150000
v 21.500000 -0.300000 -10.000000
v 21.500000 0.250000 -10.200000
v 21.500000 0.250000 -10.600000
v 21.500000 0.250000 -11.000000
v 21.500000 -0.250000 -10.200000
v 21.500000 -0.300000 -10.150000
v 21.500000 -0.250000 -11.000000
v 20.500000 -0.250000 -11.000000
v 20.500000 0.250000 -11.000000
v 20.500000 -0.250000 -10.200000
v 20.500000 -0.300000 -10.000000
v 20.500000 -0.300000 -10.150000
v 20.500000 0.250000 -10.600000
v 20.500000 0.250000 -10.200000
v 20.500000 0.300000 -10.000000
v 20.500000 0.300000 -10.150000
v 22.500000 0.300000 -10.000000
v 22.500000 0.300000 -10.150000
v 22.500000 -0.300000 -10.000000
v 22.500000 0.250000 -10.200000
v 22.500000 0.250000 -10.600000
v 22.500000 0.250000 -11.000000
v 22.500000 -0.250000 -10.200000
v 22.500000 -0.300000 -10.150000
v 22.500000 -0.250000 -11.000000
v 21.500000 -0.250000 -11.000000
v 21.500000 0.250000 -11.000000
v 21.500000 -0.250000 -10.200000
v 21.500000 -0.300000 -10.000000
v 21.500000 -0.300000 -10.150000
v 21.500000 0.250000 -10.600000
v 21.500000 0.250000 -10.200000
v 21.500000 0.300000 -10.000000
v 21.500000 0.300000 -10.150000
v 23.500000 0.300000 -10.000000
v 23.500000 0.300000 -10.150000
v 23.500000 -0.300000 -10.000000
v 23.500000 0.250000 -10.200000
v 23.500000 0.250000 -10.600000
v 23.500000 0.250000 -11.000000
v 23.500000 -0.250000 -10.200000
v 23.500000 -0.300000 -10.150000
v 23.500000 -0.250000 -11.000000
v 22.500000 -0.250000 -11.000000
v 22.500000 0.250000 -11.000000
v 22.500000 -0.250000 -10.200000
v 22.500000 -0.300000 -10.000000
v 22.500000 -0.300000 -10.150000
v 22.500000 0.250000 -10.600000
v 22.500000 0.250000 -10.200000
v 22.500000 0.300000 -10.000000
v 22.500000 0.300000 -10.150000
v 24.500000 0.300000 -10.000000
v 24.500000 0.300000 -10.150000
v 24.500000 -0.300000 -10.000000
v 24.500000 0.250000 -10.200000
v 24.500000 0.250000 -10.600000
v 24.500000 0.250000 -11.000000
v 24.500000 -0.250000 -10.200000
v 24.500000 -0.300000 -10.150000
v 24.500000 -0.250000 -11.000000
v 23.500000 -0.250000 -11.000000
v 23.500000 0.250000 -11.000000
v 23.500000 -0.250000 -10.200000
v 23.500000 -0.300000 -10.000000
v 23.500000 -0.300000 -10.150000
v 23.500000 0.250000 -10.600000
v 23.500000 0.250000 -10.200000
v 23.500000 0.300000 -10.000000
v 23.500000 0.300000 -10.150000
v 25.500000 0.300000 -10.000000
v 25.500000 0.300000 -10.150000
v 25.500000 -0.300000 -10.000000
v 25.500000 0.250000 -10.200000
v 25.500000 0.250000 -10.600000
v 25.500000 0.250000 -11.000000
v 25.500000 -0.250000 -10.200000
v 25.500000 -0.300000 -10.150000
v 25.500000 -0.250000 -11.000000
v 24.500000 -0.250000 -11.000000
v 24.500000 0.250000 -11.000000
v 24.500000 -0.250000 -10.200000
v 24.500000 -0.300000 -10.000000
v 24.500000 -0.300000 -10.150000
v 24.500000 0.250000 -10.600000
v 24.500000 0.250000 -10.200000
v 24.500000 0.300000 -10.000000
v 24.500000 0.300000 -10.150000
v 26.500000 0.300000 -10.000000
v 26.500000 0.300000 -10.150000
v 26.500000 -0.300000 -10.000000
v 26.500000 0.250000 -10.200000
v 26.500000 0.250000 -10.600000
v 26.500000 0.250000 -11.000000
v 26.500000 -0.250000 -10.200000
v 26.500000 -0.300000 -10.150000
v 26.500000 -0.250000 -11.000000
v 25.500000 -0.250000 -11.000000
v 25.500000 0.250000 -11.000000
v 25.500000 -0.250000 -10.200000
v 25.500000 -0.300000 -10.000000
v 25.500000 -0.300000 -10.150000
v 25.500000 0.250000 -10.600000
v 25.500000 0.250000 -10.200000
v 25.500000 0.300000 -10.000000
v 25.500000 0.300000 -10.150000
v 27.500000 0.300000 -10.000000
v 27.500000 0.300000 -10.150000
v 27.500000 -0.300000 -10.000000
v 27.500000 0.250000 -10.200000
v 27.500000 0.250000 -10.600000
v 27.500000 0.250000 -11.000000
v 27.500000 -0.250000 -10.200000
v 27.500000 -0.300000 -10.150000
v 27.500000 -0.250000 -11.000000
v 26.500000 -0.250000 -11.000000
v 26.500000 0.250000 -11.000000
v 26.500000 -0.250000 -10.200000
v 26.500000 -0.300000 -10.000000
v 26.500000 -0.300000 -10.150000
v 26.500000 0.250000 -10.600000
v 26.500000 0.250000 -10.200000
v 26.500000 0.300000 -10.000000
v 26.500000 0.300000 -10.150000
v 0.500000 0.300000 -11.000000
v 0.500000 0.300000 -11.150000
v 0.500000 -0.300000 -11.000000
v 0.500000 0.250000 -11.200000
v 0.500000 0.250000 -11.600000
v 0.500000 0.250000 -12.000000
v 0.500000 -0.250000 -11.200000
v 0.500000 -0.300000 -11.150000
v 0.500000 -0.250000 -12.000000
v -0.500000 -0.250000 -12.000000
v -0.500000 0.250000 -12.000000
v -0.500000 -0.250000 -11.200000
v -0.500000 -0.300000 -11.000000
v -0.500000 -0.300000 -11.150000
v -0.500000 0.250000 -11.600000
v -0.500000 0.250000 -11.200000
v -0.500000 0.300000 -11.000000
v -0.500000 0.300000 -11.150000
v 1.500000 0.300000 -11.000000
v 1.500000 0.300000 -11.150000
v 1.500000 -0.300000 -11.000000
v 1.500000 0.250000 -11.200000
v 1.500000 0.250000 -11.600000
v 1.500000 0.250000 -12.000000
v 1.500000 -0.250000 -11.200000
v 1.500000 -0.300000 -11.150000
v 1.500000 -0.250000 -12.000000
v 0.500000 -0.250000 -12.000000
v 0.500000 0.250000 -12.000000
v 0.500000 -0.250000 -11.200000
v 0.500000 -0.300000 -11.000000
v 0.500000 -0.300000 -11.150000
v 0.500000 0.250000 -11.600000
v 0.500000 0.250000 -11.200000
v 0.500000 0.300000 -11.000000
v 0.500000 0.300000 -11.150000
v 2.500000 0.300000 -11.000000
v 2.500000 0.300000 -11.150000
v 2.500000 -0.300000 -11.000000
v 2.500000 0.250000 -11.200000
v 2.500000 0.250000 -11.600000
v 2.500000 0.250000 -12.000000
v 2.500000 -0.250000 -11.200000
v 2.500000 -0.300000 -11.150000
v 2.500000 -0.250000 -12.000000
v 1.500000 -0.250000 -12.000000
v 1.500000 0.250000 -12.000000
v 1.500000 -0.250000 -11.200000
v 1.500000 -0.300000 -11.000000
v 1.500000 -0.300000 -11.150000
v 1.500000 0.250000 -11.600000
v 1.500000 0.250000 -11.200000
v 1.500000 0.300000 -11.000000
v 1.500000 0.300000 -11.150000
v 3.500000 0.300000 -11.000000
v 3.500000 0.300000 -11.150000
v 3.500000 -0.300000 -11.000000
v 3.500000 0.250000 -11.200000
v 3.500000 0.250000 -11.600000
v 3.500000 0.250000 -12.000000
v 3.500000 -0.250000 -11.200000
v 3.500000 -0.300000 -11.150000
v 3.500000 -0.250000 -12.000000
v 2.500000 -0.250000 -12.000000
v 2.500000 0.250000 -12.000000
v 2.500000 -0.250000 -11.200000
v 2.500000 -0.300000 -11.000000
v 2.500000 -0.300000 -11.150000
v 2.500000 0.250000 -11.600000
v 2.500000 0.250000 -11.200000
v 2.500000 0.300000 -11.000000
v 2.500000 0.300000 -11.150000
v 4.500000 0.300000 -11.000000
v 4.500000 0.300000 -11.150000
v 4.500000 -0.300000 -11.000000
v 4.500000 0.250000 -11.200000
v 4.500000 0.250000 -11.600000
v 4.500000 0.250000 -12.000000
v 4.500000 -0.250000 -11.200000
v 4.500000 -0.300000 -11.150000
v 4.500000 -0.250000 -12.000000
v 3.500000 -0.250000 -12.000000
v 3.500000 0.250000 -12.000000
v 3.500000 -0.250000 -11.200000
v 3.500000 -0.300000 -11.000000
v 3.500000 -0.300000 -11.150000
v 3.500000 0.250000 -11.600000
v 3.500000 0.250000 -11.200000
v 3.500000 0.300000 -11.000000
v 3.500000 0.300000 -11.150000
v 5.500000 0.300000 -11.000000
v 5.500000 0.300000 -11.150000
v 5.500000 -0.300000 -11.000000
v 5.500000 0.250000 -11.200000
v 5.500000 0.250000 -11.600000
v 5.500000 0.250000 -12.000000
v 5.500000 -0.250000 -11.200000
v 5.500000 -0.300000 -11.150000
v 5.500000 -0.250000 -12.000000
v 4.500000 -0.250000 -12.000000
v 4.500000 0.250000 -12.000000
v 4.500000 -0.250000 -11.200000
v 4.500000 -0.300000 -11.000000
v 4.500000 -0.300000 -11.150000
v 4.500000 0.250000 -11.600000
v 4.500000 0.250000 -11.200000
v 4.500000 0.300000 -11.000000
v 4.500000 0.300000 -11.150000
v 6.500000 0.300000 -11.000000
v 6.500000 0.300000 -11.150000
v 6.500000 -0.300000 -11.000000
v 6.500000 0.250000 -11.200000
v 6.500000 0.250000 -11.600000
v 6.500000 0.250000 -12.000000
v 6.500000 -0.250000 -11.200000
v 6.500000 -0.300000 -11.150000
v 6.500000 -0.250000 -12.000000
v 5.500000 -0.250000 -12.000000
v 5.500000 0.250000 -12.000000
v 5.500000 -0.250000 -11.200000
v 5.500000 -0.300000 -11.000000
v 5.500000 -0.300000 -11.150000
v 5.500000 0.250000 -11.600000
v 5.500000 0.250000 -11.200000
v 5.500000 0.300000 -11.000000
v 5.500000 0.300000 -11.150000
v 7.500000 0.300000 -11.000000
v 7.500000 0.300000 -11.150000
v 7.500000 -0.300000 -11.000000
v 7.500000 0.250000 -11.200000
v 7.500000 0.250000 -11.600000
v 7.500000 0.250000 -12.000000
v 7.500000 -0.250000 -11.200000
v 7.500000 -0.300000 -11.150000
v 7.500000 -0.250000 -12.000000
v 6.500000 -0.250000 -12.000000
v 6.500000 0.250000 -12.000000
v 6.500000 -0.250000 -11.200000
v 6.500000 -0.300000 -11.000000
v 6.500000 -0.300000 -11.150000
v 6.500000 0.250000 -11.600000
v 6.500000 0.250000 -11.200000
v 6.500000 0.300000 -11.000000
v 6.500000 0.300000 -11.150000
v 8.500000 0.300000 -11.000000
v 8.500000 0.300000 -11.150000
v 8.500000 -0.300000 -11.000000
v 8.500000 0.250000 -11.200000
v 8.500000 0.250000 -11.600000
v 8.500000 0.250000 -12.000000
v 8.500000 -0.250000 -11.200000
v 8.500000 -0.300000 -11.150000
v 8.500000 -0.250000 -12.000000
v 7.500000 -0.250000 -12.000000
v 7.500000 0.250000 -12.000000
v 7.500000 -0.250000 -11.200000
v 7.500000 -0.300000 -11.000000
v 7.500000 -0.300000 -11.150000
v 7.500000 0.250000 -11.600000
v 7.500000 0.250000 -11.200000
v 7.500000 0.300000 -11.000000
v 7.500000 0.300000 -11.150000
v 9.500000 0.300000 -11.000000
v 9.500000 0.300000 -11.150000
v 9.500000 -0.300000 -11.000000
v 9.500000 0.250000 -11.200000
v 9.500000 0.250000 -11.600000
v 9.500000 0.250000 -12.000000
v 9.500000 -0.250000 -11.200000
v 9.500000 -0.300000 -11.150000
v 9.500000 -0.250000 -12.000000
v 8.500000 -0.250000 -12.000000
v 8.500000 0.250000 -12.000000
v 8.500000 -0.250000 -11.200000
v 8.500000 -0.300000 -11.000000
v 8.500000 -0.300000 -11.150000
v 8.500000 0.250000 -11.600000
v 8.500000 0.250000 -11.200000
v 8.500000 0.300000 -11.000000
v 8.500000 0.300000 -11.150000
v 10.500000 0.300000 -11.000000
v 10.500000 0.300000 -11.150000
v 10.500000 -0.300000 -11.000000
v 10.500000 0.250000 -11.200000
v 10.500000 0.250000 -11.600000
v 10.500000 0.250000 -12.000000
v 10.500000 -0.250000 -11.200000
v 10.500000 -0.300000 -11.150000
v 10.500000 -0.250000 -12.000000
v 9.500000 -0.250000 -12.000000
v 9.500000 0.250000 -12.000000
v 9.500000 -0.250000 -11.200000
v 9.500000 -0.300000 -11.000000
v 9.500000 -0.300000 -11.150000
v 9.500000 0.250000 -11.600000
v 9.500000 0.250000 -11.200000
v 9.500000 0.300000 -11.000000
v 9.500000 0.300000 -11.150000
v 11.500000 0.300000 -11.000000
v 11.500000 0.300000 -11.150000
v 11.500000 -0.300000 -11.000000
v 11.500000 0.250000 -11.200000
v 11.500000 0.250000 -11.600000
v 11.500000 0.250000 -12.000000
v 11.500000 -0.250000 -11.200000
v 11.500000 -0.300000 -11.150000
v 11.500000 -0.250000 -12.000000
v 10.500000 -0.250000 -12.000000
v 10.500000 0.250000 -12.000000
v 10.500000 -0.250000 -11.200000
v 10.500000 -0.300000 -11.000000
v 10.500000 -0.300000 -11.150000
v 10.500000 0.250000 -11.600000
v 10.500000 0.250000 -11.200000
v 10.500000 0.300000 -11.000000
v 10.500000 0.300000 -11.150000
v 12.500000 0.300000 -11.000000
v 12.500000 0.300000 -11.150000
v 12.500000 -0.300000 -11.000000
v 12.500000 0.250000 -11.200000
v 12.500000 0.250000 -11.600000
v 12.500000 0.250000 -12.000000
v 12.500000 -0.250000 -11.200000
v 12.500000 -0.300000 -11.150000
v 12.500000 -0.250000 -12.000000
v 11.500000 -0.250000 -12.000000
v 11.500000 0.250000 -12.000000
v 11.500000 -0.250000 -11.200000
v 11.500000 -0.300000 -11.000000
v 11.500000 -0.300000 -11.150000
v 11.500000 0.250000 -11.600000
v 11.500000 0.250000 -11.200000
v 11.500000 0.300000 -11.000000
v 11.500000 0.300000 -11.150000
v 13.500000 0.300000 -11.000000
v 13.500000 0.300000 -11.150000
v 13.500000 -0.300000 -11.000000
v 13.500000 0.250000 -11.200000
v 13.500000 0.250000 -11.600000
v 13.500000 0.250000 -12.000000
v 13.500000 -0.250000 -11.200000
v 13.500000 -0.300000 -11.150000
v 13.500000 -0.250000 -12.000000
v 12.500000 -0.250000 -12.000000
v 12.500000 0.250000 -12.000000
v 12.500000 -0.250000 -11.200000
v 12.500000 -0.300000 -11.000000
v 12.500000 -0.300000 -11.150000
v 12.500000 0.250000 -11.600000
v 12.500000 0.250000 -11.200000
v 12.500000 0.300000 -11.000000
v 12.500000 0.300000 -11.150000
v 14.500000 0.300000 -11.000000
v 14.500000 0.300000 -11.150000
v 14.500000 -0.300000 -11.000000
v 14.500000 0.250000 -11.200000
v 14.500000 0.250000 -11.600000
v 14.500000 0.250000 -12.000000
v 14.500000 -0.250000 -11.200000
v 14.500000 -0.300000 -11.150000
v 14.500000 -0.250000 -12.000000
v 13.500000 -0.250000 -12.000000
v 13.500000 0.250000 -12.000000
v 13.500000 -0.250000 -11.200000
v 13.500000 -0.300000 -11.000000
v 13.500000 -0.300000 -11.150000
v 13.500000 0.250000 -11.600000
v 13.500000 0.250000 -11.200000
v 13.500000 0.300000 -11.000000
v 13.500000 0.300000 -11.150000
v 15.500000 0.300000 -11.000000
v 15.500000 0.300000 -11.150000
v 15.500000 -0.300000 -11.000000
v 15.500000 0.250000 -11.200000
v 15.500000 0.250000 -11.600000
v 15.500000 0.250000 -12.000000
v 15.500000 -0.250000 -11.200000
v 15.500000 -0.300000 -11.150000
v 15.500000 -0.250000 -12.000000
v 14.500000 -0.250000 -12.000000
v 14.500000 0.250000 -12.000000
v 14.500000 -0.250000 -11.200000
v 14.500000 -0.300000 -11.000000
v 14.500000 -0.300000 -11.150000
v 14.500000 0.250000 -11.600000
v 14.500000 0.250000 -11.200000
v 14.500000 0.300000 -11.000000
v 14.500000 0.300000 -11.150000
v 16.500000 0.300000 -11.000000
v 16.500000 0.300000 -11.150000
v 16.500000 -0.300000 -11.000000
v 16.500000 0.250000 -11.200000
v 16.500000 0.250000 -11.600000
v 16.500000 0.250000 -12.000000
v 16.500000 -0.250000 -11.200000
v 16.500000 -0.300000 -11.150000
v 16.500000 -0.250000 -12.000000
v 15.500000 -0.250000 -12.000000
v 15.500000 0.250000 -12.000000
v 15.500000 -0.250000 -11.200000
v 15.500000 -0.300000 -11.000000
v 15.500000 -0.300000 -11.150000
v 15.500000 0.250000 -11.600000
v 15.500000 0.250000 -11.200000
v 15.500000 0.300000 -11.000000
v 15.500000 0.300000 -11.150000
v 17.500000 0.300000 -11.000000
v 17.500000 0.300000 -11.150000
v 17.500000 -0.300000 -11.000000
v 17.500000 0.250000 -11.200000
v 17.500000 0.250000 -11.600000
v 17.500000 0.250000 -12.000000
v 17.500000 -0.250000 -11.200000
v 17.500000 -0.300000 -11.150000
v 17.500000 -0.250000 -12.000000
v 16.500000 -0.250000 -12.000000
v 16.500000 0.250000 -12.000000
v 16.500000 -0.250000 -11.200000
v 16.500000 -0.300000 -11.000000
v 16.500000 -0.300000 -11.150000
v 16.500000 0.250000 -11.600000
v 16.500000 0.250000 -11.200000
v 16.500000 0.300000 -11.000000
v 16.500000 0.300000 -11.150000
v 18.500000 0.300000 -11.000000
v 18.500000 0.300000 -11.150000
v 18.500000 -0.300000 -11.000000
v 18.500000 0.250000 -11.200000
v 18.500000 0.250000 -11.600000
v 18.500000 0.250000 -12.000000
v 18.500000 -0.250000 -11.200000
v 18.500000 -0.300000 -11.150000
v 18.500000 -0.250000 -12.000000
v 17.500000 -0.250000 -12.000000
v 17.500000 0.250000 -12.000000
v 17.500000 -0.250000 -11.200000
v 17.500000 -0.300000 -11.000000
v 17.500000 -0.300000 -11.150000
v 17.500000 0.250000 -11.600000
v 17.500000 0.250000 -11.200000
v 17.500000 0.300000 -11.000000
v 17.500000 0.300000 -11.150000
v 19.500000 0.300000 -11.000000
v 19.500000 0.300000 -11.150000
v 19.500000 -0.300000 -11.000000
v 19.500000 0.250000 -11.200000
v 19.500000 0.250000 -11.600000
v 19.500000 0.250000 -12.000000
v 19.500000 -0.250000 -11.200000
v 19.500000 -0.300000 -11.150000
v 19.500000 -0.250000 -12.000000
v 18.500000 -0.250000 -12.000000
v 18.500000 0.250000 -12.000000
v 18.500000 -0.250000 -11.200000
v 18.500000 -0.300000 -11.000000
v 18.500000 -0.300000 -11.150000
v 18.500000 0.250000 -11.600000
v 18.500000 0.250000 -11.200000
v 18.500000 0.300000 -11.000000
v 18.500000 0.300000 -11.150000
v 20.500000 0.300000 -11.000000
v 20.500000 0.300000 -11.150000
v 20.500000 -0.300000 -11.000000
v 20.500000 0.250000 -11.200000
v 20.500000 0.250000 -11.600000
v 20.500000 0.250000 -12.000000
v 20.500000 -0.250000 -11.200000
v 20.500000 -0.300000 -11.150000
v 20.500000 -0.250000 -12.000000
v 19.500000 -0.250000 -12.000000
v 19.500000 0.250000 -12.000000
v 19.500000 -0.250000 -11.200000
v 19.500000 -0.300000 -11.000000
v 19.500000 -0.300000 -11.150000
v 19.500000 0.250000 -11.600000
v 19.500000 0.250000 -11.200000
v 19.500000 0.300000 -11.000000
v 19.500000 0.300000 -11.150000
v 21.500000 0.300000 -11.000000
v 21.500000 0.300000 -11.150000
v 21.500000 -0.300000 -11.000000
v 21.500000 0.250000 -11.200000
v 21.500000 0.250000 -11.600000
v 21.500000 0.250000 -12.000000
v 21.500000 -0.250000 -11.200000
v 21.500000 -0.300000 -11.150000
v 21.500000 -0.250000 -12.000000
v 20.500000 -0.250000 -12.000000
v 20.500000 0.250000 -12.000000
v 20.500000 -0.250000 -11.200000
v 20.500000 -0.300000 -11.000000
v 20.500000 -0.300000 -11.150000
v 20.500000 0.250000 -11.600000
v 20.500000 0.250000 -11.200000
v 20.500000 0.300000 -11.000000
v 20.500000 0.300000 -11.150000
v 22.500000 0.300000 -11.000000
v 22.500000 0.300000 -11.150000
v 22.500000 -0.300000 -11.000000
v 22.500000 0.250000 -11.200000
v 22.500000 0.250000 -11.600000
v 22.500000 0.250000 -12.000000
v 22.500000 -0.250000 -11.200000
v 22.500000 -0.300000 -11.150000
v 22.500000 -0.250000 -12.000000
v 21.500000 -0.250000 -12.000000
v 21.500000 0.250000 -12.000000
v 21.500000 -0.250000 -11.200000
v 21.500000 -0.300000 -11.000000
v 21.500000 -0.300000 -11.150000
v 21.500000 0.250000 -11.600000
v 21.500000 0.250000 -11.200000
v 21.500000 0.300000 -11.000000
v 21.500000 0.300000 -11.150000
v 23.500000 0.300000 -11.000000
v 23.500000 0.300000 -11.150000
v 23.500000 -0.300000 -11.000000
v 23.500000 0.250000 -11.200000
v 23.500000 0.250000 -11.600000
v 23.500000 0.250000 -12.000000
v 23.500000 -0.250000 -11.200000
v 23.500000 -0.300000 -11.150000
v 23.500000 -0.250000 -12.000000
v 22.500000 -0.250000 -12.000000
v 22.500000 0.250000 -12.000000
v 22.500000 -0.250000 -11.200000
v 22.500000 -0.300000 -11.000000
v 22.500000 -0.300000 -11.150000
v 22.500000 0.250000 -11.600000
v 22.500000 0.250000 -11.200000
v 22.500000 0.300000 -11.000000
v 22.500000 0.300000 -11.150000
v 24.500000 0.300000 -11.000000
v 24.500000 0.300000 -11.150000
v 24.500000 -0.300000 -11.000000
v 24.500000 0.250000 -11.200000
v 24.500000 0.250000 -11.600000
v 24.500000 0.250000 -12.000000
v 24.500000 -0.250000 -11.200000
v 24.500000 -0.300000 -11.150000
v 24.500000 -0.250000 -12.000000
v 23.500000 -0.250000 -12.000000
v 23.500000 0.250000 -12.000000
v 23.500000 -0.250000 -11.200000
v 23.500000 -0.300000 -11.000000
v 23.500000 -0.300000 -11.150000
v 23.500000 0.250000 -11.600000
v 23.500000 0.250000 -11.200000
v 23.500000 0.300000 -11.000000
v 23.500000 0.300000 -11.150000
v 25.500000 0.300000 -11.000000
v 25.500000 0.300000 -11.150000
v 25.500000 -0.300000 -11.000000
v 25.500000 0.250000 -11.200000
v 25.500000 0.250000 -11.600000
v 25.500000 0.250000 -12.000000
v 25.500000 -0.250000 -11.200000
v 25.500000 -0.300000 -11.150000
v 25.500000 -0.250000 -12.000000
v 24.500000 -0.250000 -12.000000
v 24.500000 0.250000 -12.000000
v 24.500000 -0.250000 -11.200000
v 24.500000 -0.300000 -11.000000
v 24.500000 -0.300000 -11.150000
v 24.500000 0.250000 -11.600000
v 24.500000 0.250000 -11.200000
v 24.500000 0.300000 -11.000000
v 24.500000 0.300000 -11.150000
v 26.500000 0.300000 -11.000000
v 26.500000 0.300000 -11.150000
v 26.500000 -0.300000 -11.000000
v 26.500000 0.250000 -11.200000
v 26.500000 0.250000 -11.600000
v 26.500000 0.250000 -12.000000
v 26.500000 -0.250000 -11.200000
v 26.500000 -0.300000 -11.150000
v 26.500000 -0.250000 -12.000000
v 25.500000 -0.250000 -12.000000
v 25.500000 0.250000 -12.000000
v 25.500000 -0.250000 -11.200000
v 25.500000 -0.300000 -11.000000
v 25.500000 -0.300000 -11.150000
v 25.500000 0.250000 -11.600000
v 25.500000 0.250000 -11.200000
v 25.500000 0.300000 -11.000000
v 25.500000 0.300000 -11.150000
v 27.500000 0.300000 -11.000000
v 27.500000 0.300000 -11.150000
v 27.500000 -0.300000 -11.000000
v 27.500000 0.250000 -11.200000
v 27.500000 0.250000 -11.600000
v 27.500000 0.250000 -12.000000
v 27.500000 -0.250000 -11.200000
v 27.500000 -0.300000 -11.150000
v 27.500000 -0.250000 -12.000000
v 26.500000 -0.250000 -12.000000
v 26.500000 0.250000 -12.000000
v 26.500000 -0.250000 -11.200000
v 26.500000 -0.300000 -11.000000
v 26.500000 -0.300000 -11.150000
v 26.500000 0.250000 -11.600000
v 26.500000 0.250000 -11.200000
v 26.500000 0.300000 -11.000000
v 26.500000 0.300000 -11.150000
v 0.500000 0.300000 -12.000000
v 0.500000 0.300000 -12.150000
v 0.500000 -0.300000 -12.000000
v 0.500000 0.250000 -12.200000
v 0.500000 0.250000 -12.600000
v 0.500000 0.250000 -13.000000
v 0.500000 -0.250000 -12.200000
v 0.500000 -0.300000 -12.150000
v 0.500000 -0.250000 -13.000000
v -0.500000 -0.250000 -13.000000
v -0.500000 0.250000 -13.000000
v -0.500000 -0.250000 -12.200000
v -0.500000 -0.300000 -12.000000
v -0.500000 -0.300000 -12.150000
v -0.500000 0.250000 -12.600000
v -0.500000 0.250000 -12.200000
v -0.500000 0.300000 -12.000000
v -0.500000 0.300000 -12.150000
v 1.500000 0.300000 -12.000000
v 1.500000 0.300000 -12.150000
v 1.500000 -0.300000 -12.000000
v 1.500000 0.250000 -12.200000
v 1.500000 0.250000 -12.600000
v 1.500000 0.250000 -13.000000
v 1.500000 -0.250000 -12.200000
v 1.500000 -0.300000 -12.150000
v 1.500000 -0.250000 -13.000000
v 0.500000 -0.250000 -13.000000
v 0.500000 0.250000 -13.000000
v 0.500000 -0.250000 -12.200000
v 0.500000 -0.300000 -12.000000
v 0.500000 -0.300000 -12.150000
v 0.500000 0.250000 -12.600000
v 0.500000 0.250000 -12.200000
v 0.500000 0.300000 -12.000000
v 0.500000 0.300000 -12.150000
v 2.500000 0.300000 -12.000000
v 2.500000 0.300000 -12.150000
v 2.500000 -0.300000 -12.000000
v 2.500000 0.250000 -12.200000
v 2.500000 0.250000 -12.600000
v 2.500000 0.250000 -13.000000
v 2.500000 -0.250000 -12.200000
v 2.500000 -0.300000 -12.150000
v 2.500000 -0.250000 -13.000000
v 1.500000 -0.250000 -13.000000
v 1.500000 0.250000 -13.000000
v 1.500000 -0.250000 -12.200000
v 1.500000 -0.300000 -12.000000
v 1.500000 -0.300000 -12.150000
v 1.500000 0.250000 -12.600000
v 1.500000 0.250000 -12.200000
v 1.500000 0.300000 -12.000000
v 1.500000 0.300000 -12.150000
v 3.500000 0.300000 -12.000000
v 3.500000 0.300000 -12.150000
v 3.500000 -0.300000 -12.000000
v 3.500000 0.250000 -12.200000
v 3.500000 0.250000 -12.600000
v 3.500000 0.250000 -13.000000
v 3.500000 -0.250000 -12.200000
v 3.500000 -0.300000 -12.150000
v 3.500000 -0.250000 -13.000000
v 2.500000 -0.250000 -13.000000
v 2.500000 0.250000 -13.000000
v 2.500000 -0.250000 -12.200000
v 2.500000 -0.300000 -12.000000
v 2.500000 -0.300000 -12.150000
v 2.500000 0.250000 -12.600000
v 2.500000 0.250000 -12.200000
v 2.500000 0.300000 -12.000000
v 2.500000 0.300000 -12.150000
v 4.500000 0.300000 -12.000000
v 4.500000 0.300000 -12.150000
v 4.500000 -0.300000 -12.000000
v 4.500000 0.250000 -12.200000
v 4.500000 0.250000 -12.600000
v 4.500000 0.250000 -13.000000
v 4.500000 -0.250000 -12.200000
v 4.500000 -0.300000 -12.150000
v 4.500000 -0.250000 -13.000000
v 3.500000 -0.250000 -13.000000
v 3.500000 0.250000 -13.000000
v 3.500000 -0.250000 -12.200000
v 3.500000 -0.300000 -12.000000
v 3.500000 -0.300000 -12.150000
v 3.500000 0.250000 -12.600000
v 3.500000 0.250000 -12.200000
v 3.500000 0.300000 -12.000000
v 3.500000 0.300000 -12.150000
v 5.500000 0.300000 -12.000000
v 5.500000 0.300000 -12.150000
v 5.500000 -0.300000 -12.000000
v 5.500000 0.250000 -12.200000
v 5.500000 0.250000 -12.600000
v 5.500000 0.250000 -13.000000
v 5.500000 -0.250000 -12.200000
v 5.500000 -0.300000 -12.150000
v 5.500000 -0.250000 -13.000000
v 4.500000 -0.250000 -13.000000
v 4.500000 0.250000 -13.000000
v 4.500000 -0.250000 -12.200000
v 4.500000 -0.300000 -12.000000
v 4.500000 -0.300000 -12.150000
v 4.500000 0.250000 -12.600000
v 4.500000 0.250000 -12.200000
v 4.500000 0.300000 -12.000000
v 4.500000 0.300000 -12.150000
v 6.500000 0.300000 -12.000000
v 6.500000 0.300000 -12.150000
v 6.500000 -0.300000 -12.000000
v 6.500000 0.250000 -12.200000
v 6.500000 0.250000 -12.600000
v 6.500000 0.250000 -13.000000
v 6.500000 -0.250000 -12.200000
v 6.500000 -0.300000 -12.150000
v 6.500000 -0.250000 -13.000000
v 5.500000 -0.250000 -13.000000
v 5.500000 0.250000 -13.000000
v 5.500000 -0.250000 -12.200000
v 5.500000 -0.300000 -12.000000
v 5.500000 -0.300000 -12.150000
v 5.500000 0.250000 -12.600000
v 5.500000 0.250000 -12.200000
v 5.500000 0.300000 -12.000000
v 5.500000 0.300000 -12.150000
v 7.500000 0.300000 -12.000000
v 7.500000 0.300000 -12.150000
v 7.500000 -0.300000 -12.000000
v 7.500000 0.250000 -12.200000
v 7.500000 0.250000 -12.600000
v 7.500000 0.250000 -13.000000
v 7.500000 -0.250000 -12.200000
v 7.500000 -0.300000 -12.150000
v 7.500000 -0.250000 -13.000000
v 6.500000 -0.250000 -13.000000
v 6.500000 0.250000 -13.000000
v 6.500000 -0.250000 -12.200000
v 6.500000 -0.300000 -12.000000
v 6.500000 -0.300000 -12.150000
v 6.500000 0.250000 -12.600000
v 6.500000 0.250000 -12.200000
v 6.500000 0.300000 -12.000000
v 6.500000 0.300000 -12.150000
v 8.500000 0.300000 -12.000000
v 8.500000 0.300000 -12.150000
v 8.500000 -0.300000 -12.000000
v 8.500000 0.250000 -12.200000
v 8.500000 0.250000 -12.600000
v 8.500000 0.250000 -13.000000
v 8.500000 -0.250000 -12.200000
v 8.500000 -0.300000 -12.150000
v 8.500000 -0.250000 -13.000000
v 7.500000 -0.250000 -13.000000
v 7.500000 0.250000 -13.000000
v 7.500000 -0.250000 -12.200000
v 7.500000 -0.300000 -12.000000
v 7.500000 -0.300000 -12.150000
v 7.500000 0.250000 -12.600000
v 7.500000 0.250000 -12.200000
v 7.500000 0.300000 -12.000000
v 7.500000 0.300000 -12.150000
v 9.500000 0.300000 -12.000000
v 9.500000 0.300000 -12.150000
v 9.500000 -0.300000 -12.000000
v 9.500000 0.250000 -12.200000
v 9.500000 0.250000 -12.600000
v 9.500000 0.250000 -13.000000
v 9.500000 -0.250000 -12.200000
v 9.500000 -0.300000 -12.150000
v 9.500000 -0.250000 -13.000000
v 8.500000 -0.250000 -13.000000
v 8.500000 0.250000 -13.000000
v 8.500000 -0.250000 -12.200000
v 8.500000 -0.300000 -12.000000
v 8.500000 -0.300000 -12.150000
v 8.500000 0.250000 -12.600000
v 8.500000 0.250000 -12.200000
v 8.500000 0.300000 -12.000000
v 8.500000 0.300000 -12.150000
v 10.500000 0.300000 -12.000000
v 10.500000 0.300000 -12.150000
v 10.500000 -0.300000 -12.000000
v 10.500000 0.250000 -12.200000
v 10.500000 0.250000 -12.600000
v 10.500000 0.250000 -13.000000
v 10.500000 -0.250000 -12.200000
v 10.500000 -0.300000 -12.150000
v 10.500000 -0.250000 -13.000000
v 9.500000 -0.250000 -13.000000
v 9.500000 0.250000 -13.000000
v 9.500000 -0.250000 -12.200000
v 9.500000 -0.300000 -12.000000
v 9.500000 -0.300000 -12.150000
v 9.500000 0.250000 -12.600000
v 9.500000 0.250000 -12.200000
v 9.500000 0.300000 -12.000000
v 9.500000 0.300000 -12.150000
v 11.500000 0.300000 -12.000000
v 11.500000 0.300000 -12.150000
v 11.500000 -0.300000 -12.000000
v 11.500000 0.250000 -12.200000
v 11.500000 0.250000 -12.600000
v 11.500000 0.250000 -13.000000
v 11.500000 -0.250000 -12.200000
v 11.500000 -0.300000 -12.150000
v 11.500000 -0.250000 -13.000000
v 10.500000 -0.250000 -13.000000
v 10.500000 0.250000 -13.000000
v 10.500000 -0.250000 -12.200000
v 10.500000 -0.300000 -12.000000
v 10.500000 -0.300000 -12.150000
v 10.500000 0.250000 -12.600000
v 10.500000 0.250000 -12.200000
v 10.500000 0.300000 -12.000000
v 10.500000 0.300000 -12.150000
v 12.500000 0.300000 -12.000000
v 12.500000 0.300000 -12.150000
v 12.500000 -0.300000 -12.000000
v 12.500000 0.250000 -12.200000
v 12.500000 0.250000 -12.600000
v 12.500000 0.250000 -13.000000
v 12.500000 -0.250000 -12.200000
v 12.500000 -0.300000 -12.150000
v 12.500000 -0.250000 -13.000000
v 11.500000 -0.250000 -13.000000
v 11.500000 0.250000 -13.000000
v 11.500000 -0.250000 -12.200000
v 11.500000 -0.300000 -12.000000
v 11.500000 -0.300000 -12.150000
v 11.500000 0.250000 -12.600000
v 11.500000 0.250000 -12.200000
v 11.500000 0.300000 -12.000000
v 11.500000 0.300000 -12.150000
v 13.500000 0.300000 -12.000000
v 13.500000 0.300000 -12.150000
v 13.500000 -0.300000 -12.000000
v 13.500000 0.250000 -12.200000
v 13.500000 0.250000 -12.600000
v 13.500000 0.250000 -13.000000
v 13.500000 -0.250000 -12.200000
v 13.500000 -0.300000 -12.150000
v 13.500000 -0.250000 -13.000000
v 12.500000 -0.250000 -13.000000
v 12.500000 0.250000 -13.000000
v 12.500000 -0.250000 -12.200000
v 12.500000 -0.300000 -12.000000
v 12.500000 -0.300000 -12.150000
v 12.500000 0.250000 -12.600000
v 12.500000 0.250000 -12.200000
v 12.500000 0.300000 -12.000000
v 12.500000 0.300000 -12.150000
v 14.500000 0.300000 -12.000000
v 14.500000 0.300000 -12.150000
v 14.500000 -0.300000 -12.000000
v 14.500000 0.250000 -12.200000
v 14.500000 0.250000 -12.600000
v 14.500000 0.250000 -13.000000
v 14.500000 -0.250000 -12.200000
v 14.500000 -0.300000 -12.150000
v 14.500000 -0.250000 -13.000000
v 13.500000 -0.250000 -13.000000
v 13.500000 0.250000 -13.000000
v 13.500000 -0.250000 -12.200000
v 13.500000 -0.300000 -12.000000
v 13.500000 -0.300000 -12.150000
v 13.500000 0.250000 -12.600000
v 13.500000 0.250000 -12.200000
v 13.500000 0.300000 -12.000000
v 13.500000 0.300000 -12.150000
v 15.500000 0.300000 -12.000000
v 15.500000 0.300000 -12.150000
v 15.500000 -0.300000 -12.000000
v 15.500000 0.250000 -12.200000
v 15.500000 0.250000 -12.600000
v 15.500000 0.250000 -13.000000
v 15.500000 -0.250000 -12.200000
v 15.500000 -0.300000 -12.150000
v 15.500000 -0.250000 -13.000000
v 14.500000 -0.250000 -13.000000
v 14.500000 0.250000 -13.000000
v 14.500000 -0.250000 -12.200000
v 14.500000 -0.300000 -12.000000
v 14.500000 -0.300000 -12.150000
v 14.500000 0.250000 -12.600000
v 14.500000 0.250000 -12.200000
v 14.500000 0.300000 -12.000000
v 14.500000 0.300000 -12.150000
v 16.500000 0.300000 -12.000000
v 16.500000 0.300000 -12.150000
v 16.500000 -0.300000 -12.000000
v 16.500000 0.250000 -12.200000
v 16.500000 0.250000 -12.600000
v 16.500000 0.250000 -13.000000
v 16.500000 -0.250000 -12.200000
v 16.500000 -0.300000 -12.150000
v 16.500000 -0.250000 -13.000000
v 15.500000 -0.250000 -13.000000
v 15.500000 0.250000 -13.000000
v 15.500000 -0.250000 -12.200000
v 15.500000 -0.300000 -12.000000
v 15.500000 -0.300000 -12.150000
v 15.500000 0.250000 -12.600000
v 15.500000 0.250000 -12.200000
v 15.500000 0.300000 -12.000000
v 15.500000 0.300000 -12.150000
v 17.500000 0.300000 -12.000000
v 17.500000 0.300000 -12.150000
v 17.500000 -0.300000 -12.000000
v 17.500000 0.250000 -12.200000
v 17.500000 0.250000 -12.600000
v 17.500000 0.250000 -13.000000
v 17.500000 -0.250000 -12.200000
v 17.500000 -0.300000 -12.150000
v 17.500000 -0.250000 -13.000000
v 16.500000 -0.250000 -13.000000
v 16.500000 0.250000 -13.000000
v 16.500000 -0.250000 -12.200000
v 16.500000 -0.300000 -12.000000
v 16.500000 -0.300000 -12.150000
v 16.500000 0.250000 -12.600000
v 16.500000 0.250000 -12.200000
v 16.500000 0.300000 -12.000000
v 16.500000 0.300000 -12.150000
v 18.500000 0.300000 -12.000000
v 18.500000 0.300000 -12.150000
v 18.500000 -0.300000 -12.000000
v 18.500000 0.250000 -12.200000
v 18.500000 0.250000 -12.600000
v 18.500000 0.250000 -13.000000
v 18.500000 -0.250000 -12.200000
v 18.500000 -0.300000 -12.150000
v 18.500000 -0.250000 -13.000000
v 17.500000 -0.250000 -13.000000
v 17.500000 0.250000 -13.000000
v 17.500000 -0.250000 -12.200000
v 17.500000 -0.300000 -12.000000
v 17.500000 -0.300000 -12.150000
v 17.500000 0.250000 -12.600000
v 17.500000 0.250000 -12.200000
v 17.500000 0.300000 -12.000000
v 17.500000 0.300000 -12.150000
v 19.500000 0.300000 -12.000000
v 19.500000 0.300000 -12.150000
v 19.500000 -0.300000 -12.000000
v 19.500000 0.250000 -12.200000
v 19.500000 0.250000 -12.600000
v 19.500000 0.250000 -13.000000
v 19.500000 -0.250000 -12.200000
v 19.500000 -0.300000 -12.150000
v 19.500000 -0.250000 -13.000000
v 18.500000 -0.250000 -13.000000
v 18.500000 0.250000 -13.000000
v 18.500000 -0.250000 -12.200000
v 18.500000 -0.300000 -12.000000
v 18.500000 -0.300000 -12.150000
v 18.500000 0.250000 -12.600000
v 18.500000 0.250000 -12.200000
v 18.500000 0.300000 -12.000000
v 18.500000 0.300000 -12.150000
v 20.500000 0.300000 -12.000000
v 20.500000 0.300000 -12.150000
v 20.500000 -0.300000 -12.000000
v 20.500000 0.250000 -12.200000
v 20.500000 0.250000 -12.600000
v 20.500000 0.250000 -13.000000
v 20.500000 -0.250000 -12.200000
v 20.500000 -0.300000 -12.150000
v 20.500000 -0.250000 -13.000000
v 19.500000 -0.250000 -13.000000
v 19.500000 0.250000 -13.000000
v 19.500000 -0.250000 -12.200000
v 19.500000 -0.300000 -12.000000
v 19.500000 -0.300000 -12.150000
v 19.500000 0.250000 -12.600000
v 19.500000 0.250000 -12.200000
v 19.500000 0.300000 -12.000000
v 19.500000 0.300000 -12.150000
v 21.500000 0.300000 -12.000000
v 21.500000 0.300000 -12.150000
v 21.500000 -0.300000 -12.000000
v 21.500000 0.250000 -12.200000
v 21.500000 0.250000 -12.600000
v 21.500000 0.250000 -13.000000
v 21.500000 -0.250000 -12.200000
v 21.500000 -0.300000 -12.150000
v 21.500000 -0.250000 -13.000000
v 20.500000 -0.250000 -13.000000
v 20.500000 0.250000 -13.000000
v 20.500000 -0.250000 -12.200000
v 20.500000 -0.300000 -12.000000
v 20.500000 -0.300000 -12.150000
v 20.500000 0.250000 -12.600000
v 20.500000 0.250000 -12.200000
v 20.500000 0.300000 -12.000000
v 20.500000 0.300000 -12.150000
v 22.500000 0.300000 -12.000000
v 22.500000 0.300000 -12.150000
v 22.500000 -0.300000 -12.000000
v 22.500000 0.250000 -12.200000
v 22.500000 0.250000 -12.600000
v 22.500000 0.250000 -13.000000
v 22.500000 -0.250000 -12.200000
v 22.500000 -0.300000 -12.150000
v 22.500000 -0.250000 -13.000000
v 21.500000 -0.250000 -13.000000
v 21.500000 0.250000 -13.000000
v 21.500000 -0.250000 -12.200000
v 21.500000 -0.300000 -12.000000
v 21.500000 -0.300000 -12.150000
v 21.500000 0.250000 -12.600000
v 21.500000 0.250000 -12.200000
v 21.500000 0.300000 -12.000000
v 21.500000 0.300000 -12.150000
v 23.500000 0.300000 -12.000000
v 23.500000 0.300000 -12.150000
v 23.500000 -0.300000 -12.000000
v 23.500000 0.250000 -12.200000
v 23.500000 0.250000 -12.600000
v 23.500000 0.250000 -13.000000
v 23.500000 -0.250000 -12.200000
v 23.500000 -0.300000 -12.150000
v 23.500000 -0.250000 -13.000000
v 22.500000 -0.250000 -13.000000
v 22.500000 0.250000 -13.000000
v 22.500000 -0.250000 -12.200000
v 22.500000 -0.300000 -12.000000
v 22.500000 -0.300000 -12.150000
v 22.500000 0.250000 -12.600000
v 22.500000 0.250000 -12.200000
v 22.500000 0.300000 -12.000000
v 22.500000 0.300000 -12.150000
v 24.500000 0.300000 -12.000000
v 24.500000 0.300000 -12.150000
v 24.500000 -0.300000 -12.000000
v 24.500000 0.250000 -12.200000
v 24.500000 0.250000 -12.600000
v 24.500000 0.250000 -13.000000
v 24.500000 -0.250000 -12.200000
v 24.500000 -0.300000 -12.150000
v 24.500000 -0.250000 -13.000000
v 23.500000 -0.250000 -13.000000
v 23.500000 0.250000 -13.000000
v 23.500000 -0.250000 -12.200000
v 23.500000 -0.300000 -12.000000
v 23.500000 -0.300000 -12.150000
v 23.500000 0.250000 -12.600000
v 23.500000 0.250000 -12.200000
v 23.500000 0.300000 -12.000000
v 23.500000 0.300000 -12.150000
v 25.500000 0.300000 -12.000000
v 25.500000 0.300000 -12.150000
v 25.500000 -0.300000 -12.000000
v 25.500000 0.250000 -12.200000
v 25.500000 0.250000 -12.600000
v 25.500000 0.250000 -13.000000
v 25.500000 -0.250000 -12.200000
v 25.500000 -0.300000 -12.150000
v 25.500000 -0.250000 -13.000000
v 24.500000 -0.250000 -13.000000
v 24.500000 0.250000 -13.000000
v 24.500000 -0.250000 -12.200000
v 24.500000 -0.300000 -12.000000
v 24.500000 -0.300000 -12.150000
v 24.500000 0.250000 -12.600000
v 24.500000 0.250000 -12.200000
v 24.500000 0.300000 -12.000000
v 24.500000 0.300000 -12.150000
v 26.500000 0.300000 -12.000000
v 26.500000 0.300000 -12.150000
v 26.500000 -0.300000 -12.000000
v 26.500000 0.250000 -12.200000
v 26.500000 0.250000 -12.600000
v 26.500000 0.250000 -13.000000
v 26.500000 -0.250000 -12.200000
v 26.500000 -0.300000 -12.150000
v 26.500000 -0.250000 -13.000000
v 25.500000 -0.250000 -13.000000
v 25.500000 0.250000 -13.000000
v 25.500000 -0.250000 -12.200000
v 25.500000 -0.300000 -12.000000
v 25.500000 -0.300000 -12.150000
v 25.500000 0.250000 -12.600000
v 25.500000 0.250000 -12.200000
v 25.500000 0.300000 -12.000000
v 25.500000 0.300000 -12.150000
v 27.500000 0.300000 -12.000000
v 27.500000 0.300000 -12.150000
v 27.500000 -0.300000 -12.000000
v 27.500000 0.250000 -12.200000
v 27.500000 0.250000 -12.600000
v 27.500000 0.250000 -13.000000
v 27.500000 -0.250000 -12.200000
v 27.500000 -0.300000 -12.150000
v 27.500000 -0.250000 -13.000000
v 26.500000 -0.250000 -13.000000
v 26.500000 0.250000 -13.000000
v 26.500000 -0.250000 -12.200000
v 26.500000 -0.300000 -12.000000
v 26.500000 -0.300000 -12.150000
v 26.500000 0.250000 -12.600000
v 26.500000 0.250000 -12.200000
v 26.500000 0.300000 -12.000000
v 26.500000 0.300000 -12.150000
v 0.500000 0.300000 -13.000000
v 0.500000 0.300000 -13.150000
v 0.500000 -0.300000 -13.000000
v 0.500000 0.250000 -13.200000
v 0.500000 0.250000 -13.600000
v 0.500000 0.250000 -14.000000
v 0.500000 -0.250000 -13.200000
v 0.500000 -0.300000 -13.150000
v 0.500000 -0.250000 -14.000000
v -0.500000 -0.250000 -14.000000
v -0.500000 0.250000 -14.000000
v -0.500000 -0.250000 -13.200000
v -0.500000 -0.300000 -13.000000
v -0.500000 -0.300000 -13.150000
v -0.500000 0.250000 -13.600000
v -0.500000 0.250000 -13.200000
v -0.500000 0.300000 -13.000000
v -0.500000 0.300000 -13.150000
v 1.500000 0.300000 -13.000000
v 1.500000 0.300000 -13.150000
v 1.500000 -0.300000 -13.000000
v 1.500000 0.250000 -13.200000
v 1.500000 0.250000 -13.600000
v 1.500000 0.250000 -14.000000
v 1.500000 -0.250000 -13.200000
v 1.500000 -0.300000 -13.150000
v 1.500000 -0.250000 -14.000000
v 0.500000 -0.250000 -14.000000
v 0.500000 0.250000 -14.000000
v 0.500000 -0.250000 -13.200000
v 0.500000 -0.300000 -13.000000
v 0.500000 -0.300000 -13.150000
v 0.500000 0.250000 -13.600000
v 0.500000 0.250000 -13.200000
v 0.500000 0.300000 -13.000000
v 0.500000 0.300000 -13.150000
v 2.500000 0.300000 -13.000000
v 2.500000 0.300000 -13.150000
v 2.500000 -0.300000 -13.000000
v 2.500000 0.250000 -13.200000
v 2.500000 0.250000 -13.600000
v 2.500000 0.250000 -14.000000
v 2.500000 -0.250000 -13.200000
v 2.500000 -0.300000 -13.150000
v 2.500000 -0.250000 -14.000000
v 1.500000 -0.250000 -14.000000
v 1.500000 0.250000 -14.000000
v 1.500000 -0.250000 -13.200000
v 1.500000 -0.300000 -13.000000
v 1.500000 -0.300000 -13.150000
v 1.500000 0.250000 -13.600000
v 1.500000 0.250000 -13.200000
v 1.500000 0.300000 -13.000000
v 1.500000 0.300000 -13.150000
v 3.500000 0.300000 -13.000000
v 3.500000 0.300000 -13.150000
v 3.500000 -0.300000 -13.000000
v 3.500000 0.250000 -13.200000
v 3.500000 0.250000 -13.600000
v 3.500000 0.250000 -14.000000
v 3.500000 -0.250000 -13.200000
v 3.500000 -0.300000 -13.150000
v 3.500000 -0.250000 -14.000000
v 2.500000 -0.250000 -14.000000
v 2.500000 0.250000 -14.000000
v 2.500000 -0.250000 -13.200000
v 2.500000 -0.300000 -13.000000
v 2.500000 -0.300000 -13.150000
v 2.500000 0.250000 -13.600000
v 2.500000 0.250000 -13.200000
v 2.500000 0.300000 -13.000000
v 2.500000 0.300000 -13.150000
v 4.500000 0.300000 -13.000000
v 4.500000 0.300000 -13.150000
v 4.500000 -0.300000 -13.000000
v 4.500000 0.250000 -13.200000
v 4.500000 0.250000 -13.600000
v 4.500000 0.250000 -14.000000
v 4.500000 -0.250000 -13.200000
v 4.500000 -0.300000 -13.150000
v 4.500000 -0.250000 -14.000000
v 3.500000 -0.250000 -14.000000
v 3.500000 0.250000 -14.000000
v 3.500000 -0.250000 -13.200000
v 3.500000 -0.300000 -13.000000
v 3.500000 -0.300000 -13.150000
v 3.500000 0.250000 -13.600000
v 3.500000 0.250000 -13.200000
v 3.500000 0.300000 -13.000000
v 3.500000 0.300000 -13.150000
v 5.500000 0.300000 -13.000000
v 5.500000 0.300000 -13.150000
v 5.500000 -0.300000 -13.000000
v 5.500000 0.250000 -13.200000
v 5.500000 0.250000 -13.600000
v 5.500000 0.250000 -14.000000
v 5.500000 -0.250000 -13.200000
v 5.500000 -0.300000 -13.150000
v 5.500000 -0.250000 -14.000000
v 4.500000 -0.250000 -14.000000
v 4.500000 0.250000 -14.000000
v 4.500000 -0.250000 -13.200000
v 4.500000 -0.300000 -13.000000
v 4.500000 -0.300000 -13.150000
v 4.500000 0.250000 -13.600000
v 4.500000 0.250000 -13.200000
v 4.500000 0.300000 -13.000000
v 4.500000 0.300000 -13.150000
v 6.500000 0.300000 -13.000000
v 6.500000 0.300000 -13.150000
v 6.500000 -0.300000 -13.000000
v 6.500000 0.250000 -13.200000
v 6.500000 0.250000 -13.600000
v 6.500000 0.250000 -14.000000
v 6.500000 -0.250000 -13.200000
v 6.500000 -0.300000 -13.150000
v 6.500000 -0.250000 -14.000000
v 5.500000 -0.250000 -14.000000
v 5.500000 0.250000 -14.000000
v 5.500000 -0.250000 -13.200000
v 5.500000 -0.300000 -13.000000
v 5.500000 -0.300000 -13.150000
v 5.500000 0.250000 -13.600000
v 5.500000 0.250000 -13.200000
v 5.500000 0.300000 -13.000000
v 5.500000 0.300000 -13.150000
v 7.500000 0.300000 -13.000000
v 7.500000 0.300000 -13.150000
v 7.500000 -0.300000 -13.000000
v 7.500000 0.250000 -13.200000
v 7.500000 0.250000 -13.600000
v 7.500000 0.250000 -14.000000
v 7.500000 -0.250000 -13.200000
v 7.500000 -0.300000 -13.150000
v 7.500000 -0.250000 -14.000000
v 6.500000 -0.250000 -14.000000
v 6.500000 0.250000 -14.000000
v 6.500000 -0.250000 -13.200000
v 6.500000 -0.300000 -13.000000
v 6.500000 -0.300000 -13.150000
v 6.500000 0.250000 -13.600000
v 6.500000 0.250000 -13.200000
v 6.500000 0.300000 -13.000000
v 6.500000 0.300000 -13.150000
v 8.500000 0.300000 -13.000000
v 8.500000 0.300000 -13.150000
v 8.500000 -0.300000 -13.000000
v 8.500000 0.250000 -13.200000
v 8.500000 0.250000 -13.600000
v 8.500000 0.250000 -14.000000
v 8.500000 -0.250000 -13.200000
v 8.500000 -0.300000 -13.150000
v 8.500000 -0.250000 -14.000000
v 7.500000 -0.250000 -14.000000
v 7.500000 0.250000 -14.000000
v 7.500000 -0.250000 -13.200000
v 7.500000 -0.300000 -13.000000
v 7.500000 -0.300000 -13.150000
v 7.500000 0.250000 -13.600000
v 7.500000 0.250000 -13.200000
v 7.500000 0.300000 -13.000000
v 7.500000 0.300000 -13.150000
v 9.500000 0.300000 -13.000000
v 9.500000 0.300000 -13.150000
v 9.500000 -0.300000 -13.000000
v 9.500000 0.250000 -13.200000
v 9.500000 0.250000 -13.600000
v 9.500000 0.250000 -14.000000
v 9.500000 -0.250000 -13.200000
v 9.500000 -0.300000 -13.150000
v 9.500000 -0.250000 -14.000000
v 8.500000 -0.250000 -14.000000
v 8.500000 0.250000 -14.000000
v 8.500000 -0.250000 -13.200000
v 8.500000 -0.300000 -13.000000
v 8.500000 -0.300000 -13.150000
v 8.500000 0.250000 -13.600000
v 8.500000 0.250000 -13.200000
v 8.500000 0.300000 -13.000000
v 8.500000 0.300000 -13.150000
v 10.500000 0.300000 -13.000000
v 10.500000 0.300000 -13.150000
v 10.500000 -0.300000 -13.000000
v 10.500000 0.250000 -13.200000
v 10.500000 0.250000 -13.600000
v 10.500000 0.250000 -14.000000
v 10.500000 -0.250000 -13.200000
v 10.500000 -0.300000 -13.150000
v 10.500000 -0.250000 -14.000000
v 9.500000 -0.250000 -14.000000
v 9.500000 0.250000 -14.000000
v 9.500000 -0.250000 -13.200000
v 9.500000 -0.300000 -13.000000
v 9.500000 -0.300000 -13.150000
v 9.500000 0.250000 -13.600000
v 9.500000 0.250000 -13.200000
v 9.500000 0.300000 -13.000000
v 9.500000 0.300000 -13.150000
v 11.500000 0.300000 -13.000000
v 11.500000 0.300000 -13.150000
v 11.500000 -0.300000 -13.000000
v 11.500000 0.250000 -13.200000
v 11.500000 0.250000 -13.600000
v 11.500000 0.250000 -14.000000
v 11.500000 -0.250000 -13.200000
v 11.500000 -0.300000 -13.150000
v 11.500000 -0.250000 -14.000000
v 10.500000 -0.250000 -14.000000
v 10.500000 0.250000 -14.000000
v 10.500000 -0.250000 -13.200000
v 10.500000 -0.300000 -13.000000
v 10.500000 -0.300000 -13.150000
v 10.500000 0.250000 -13.600000
v 10.500000 0.250000 -13.200000
v 10.500000 0.300000 -13.000000
v 10.500000 0.300000 -13.150000
v 12.500000 0.300000 -13.000000
v 12.500000 0.300000 -13.150000
v 12.500000 -0.300000 -13.000000
v 12.500000 0.250000 -13.200000
v 12.500000 0.250000 -13.600000
v 12.500000 0.250000 -14.000000
v 12.500000 -0.250000 -13.200000
v 12.500000 -0.300000 -13.150000
v 12.500000 -0.250000 -14.000000
v 11.500000 -0.250000 -14.000000
v 11.500000 0.250000 -14.000000
v 11.500000 -0.250000 -13.200000
v 11.500000 -0.300000 -13.000000
v 11.500000 -0.300000 -13.150000
v 11.500000 0.250000 -13.600000
v 11.500000 0.250000 -13.200000
v 11.500000 0.300000 -13.000000
v 11.500000 0.300000 -13.150000
v 13.500000 0.300000 -13.000000
v 13.500000 0.300000 -13.150000
v 13.500000 -0.300000 -13.000000
v 13.500000 0.250000 -13.200000
v 13.500000 0.250000 -13.600000
v 13.500000 0.250000 -14.000000
v 13.500000 -0.250000 -13.200000
v 13.500000 -0.300000 -13.150000
v 13.500000 -0.250000 -14.000000
v 12.500000 -0.250000 -14.000000
v 12.500000 0.250000 -14.000000
v 12.500000 -0.250000 -13.200000
v 12.500000 -0.300000 -13.000000
v 12.500000 -0.300000 -13.150000
v 12.500000 0.250000 -13.600000
v 12.500000 0.250000 -13.200000
v 12.500000 0.300000 -13.000000
v 12.500000 0.300000 -13.150000
v 14.500000 0.300000 -13.000000
v 14.500000 0.300000 -13.150000
v 14.500000 -0.300000 -13.000000
v 14.500000 0.250000 -13.200000
v 14.500000 0.250000 -13.600000
v 14.500000 0.250000 -14.000000
v 14.500000 -0.250000 -13.200000
v 14.500000 -0.300000 -13.150000
v 14.500000 -0.250000 -14.000000
v 13.500000 -0.250000 -14.000000
v 13.500000 0.250000 -14.000000
v 13.500000 -0.250000 -13.200000
v 13.500000 -0.300000 -13.000000
v 13.500000 -0.300000 -13.150000
v 13.500000 0.250000 -13.600000
v 13.500000 0.250000 -13.200000
v 13.500000 0.300000 -13.000000
v 13.500000 0.300000 -13.150000
v 15.500000 0.300000 -13.000000
v 15.500000 0.300000 -13.150000
v 15.500000 -0.300000 -13.000000
v 15.500000 0.250000 -13.200000
v 15.500000 0.250000 -13.600000
v 15.500000 0.250000 -14.000000
v 15.500000 -0.250000 -13.200000
v 15.500000 -0.300000 -13.150000
v 15.500000 -0.250000 -14.000000
v 14.500000 -0.250000 -14.000000
v 14.500000 0.250000 -14.000000
v 14.500000 -0.250000 -13.200000
v 14.500000 -0.300000 -13.000000
v 14.500000 -0.300000 -13.150000
v 14.500000 0.250000 -13.600000
v 14.500000 0.250000 -13.200000
v 14.500000 0.300000 -13.000000
v 14.500000 0.300000 -13.150000
v 16.500000 0.300000 -13.000000
v 16.500000 0.300000 -13.150000
v 16.500000 -0.300000 -13.000000
v 16.500000 0.250000 -13.200000
v 16.500000 0.250000 -13.600000
v 16.500000 0.250000 -14.000000
v 16.500000 -0.250000 -13.200000
v 16.500000 -0.300000 -13.150000
v 16.500000 -0.250000 -14.000000
v 15.500000 -0.250000 -14.000000
v 15.500000 0.250000 -14.000000
v 15.500000 -0.250000 -13.200000
v 15.500000 -0.300000 -13.000000
v 15.500000 -0.300000 -13.150000
v 15.500000 0.250000 -13.600000
v 15.500000 0.250000 -13.200000
v 15.500000 0.300000 -13.000000
v 15.500000 0.300000 -13.150000
v 17.500000 0.300000 -13.000000
v 17.500000 0.300000 -13.150000
v 17.500000 -0.300000 -13.000000
v 17.500000 0.250000 -13.200000
v 17.500000 0.250000 -13.600000
v 17.500000 0.250000 -14.000000
v 17.500000 -0.250000 -13.200000
v 17.500000 -0.300000 -13.150000
v 17.500000 -0.250000 -14.000000
v 16.500000 -0.250000 -14.000000
v 16.500000 0.250000 -14.000000
v 16.500000 -0.250000 -13.200000
v 16.500000 -0.300000 -13.000000
v 16.500000 -0.300000 -13.150000
v 16.500000 0.250000 -13.600000
v 16.500000 0.250000 -13.200000
v 16.500000 0.300000 -13.000000
v 16.500000 0.300000 -13.150000
v 18.500000 0.300000 -13.000000
v 18.500000 0.300000 -13.150000
v 18.500000 -0.300000 -13.000000
v 18.500000 0.250000 -13.200000
v 18.500000 0.250000 -13.600000
v 18.500000 0.250000 -14.000000
v 18.500000 -0.250000 -13.200000
v 18.500000 -0.300000 -13.150000
v 18.500000 -0.250000 -14.000000
v 17.500000 -0.250000 -14.000000
v 17.500000 0.250000 -14.000000
v 17.500000 -0.250000 -13.200000
v 17.500000 -0.300000 -13.000000
v 17.500000 -0.300000 -13.150000
v 17.500000 0.250000 -13.600000
v 17.500000 0.250000 -13.200000
v 17.500000 0.300000 -13.000000
v 17.500000 0.300000 -13.150000
v 19.500000 0.300000 -13.000000
v 19.500000 0.300000 -13.150000
v 19.500000 -0.300000 -13.000000
v 19.500000 0.250000 -13.200000
v 19.500000 0.250000 -13.600000
v 19.500000 0.250000 -14.000000
v 19.500000 -0.250000 -13.200000
v 19.500000 -0.300000 -13.150000
v 19.500000 -0.250000 -14.000000
v 18.500000 -0.250000 -14.000000
v 18.500000 0.250000 -14.000000
v 18.500000 -0.250000 -13.200000
v 18.500000 -0.300000 -13.000000
v 18.500000 -0.300000 -13.150000
v 18.500000 0.250000 -13.600000
v 18.500000 0.250000 -13.200000
v 18.500000 0.300000 -13.000000
v 18.500000 0.300000 -13.150000
v 20.500000 0.300000 -13.000000
v 20.500000 0.300000 -13.150000
v 20.500000 -0.300000 -13.000000
v 20.500000 0.250000 -13.200000
v 20.500000 0.250000 -13.600000
v 20.500000 0.250000 -14.000000
v 20.500000 -0.250000 -13.200000
v 20.500000 -0.300000 -13.150000
v 20.500000 -0.250000 -14.000000
v 19.500000 -0.250000 -14.000000
v 19.500000 0.250000 -14.000000
v 19.500000 -0.250000 -13.200000
v 19.500000 -0.300000 -13.000000
v 19.500000 -0.300000 -13.150000
v 19.500000 0.250000 -13.600000
v 19.500000 0.250000 -13.200000
v 19.500000 0.300000 -13.000000
v 19.500000 0.300000 -13.150000
v 21.500000 0.300000 -13.000000
v 21.500000 0.300000 -13.150000
v 21.500000 -0.300000 -13.000000
v 21.500000 0.250000 -13.200000
v 21.500000 0.250000 -13.600000
v 21.500000 0.250000 -14.000000
v 21.500000 -0.250000 -13.200000
v 21.500000 -0.300000 -13.150000
v 21.500000 -0.250000 -14.000000
v 20.500000 -0.250000 -14.000000
v 20.500000 0.250000 -14.000000
v 20.500000 -0.250000 -13.200000
v 20.500000 -0.300000 -13.000000
v 20.500000 -0.300000 -13.150000
v 20.500000 0.250000 -13.600000
v 20.500000 0.250000 -13.200000
v 20.500000 0.300000 -13.000000
v 20.500000 0.300000 -13.150000
v 22.500000 0.300000 -13.000000
v 22.500000 0.300000 -13.150000
v 22.500000 -0.300000 -13.000000
v 22.500000 0.250000 -13.200000
v 22.500000 0.250000 -13.600000
v 22.500000 0.250000 -14.000000
v 22.500000 -0.250000 -13.200000
v 22.500000 -0.300000 -13.150000
v 22.500000 -0.250000 -14.000000
v 21.500000 -0.250000 -14.000000
v 21.500000 0.250000 -14.000000
v 21.500000 -0.250000 -13.200000
v 21.500000 -0.300000 -13.000000
v 21.500000 -0.300000 -13.150000
v 21.500000 0.250000 -13.600000
v 21.500000 0.250000 -13.200000
v 21.500000 0.300000 -13.000000
v 21.500000 0.300000 -13.150000
v 23.500000 0.300000 -13.000000
v 23.500000 0.300000 -13.150000
v 23.500000 -0.300000 -13.000000
v 23.500000 0.250000 -13.200000
v 23.500000 0.250000 -13.600000
v 23.500000 0.250000 -14.000000
v 23.500000 -0.250000 -13.200000
v 23.500000 -0.300000 -13.150000
v 23.500000 -0.250000 -14.000000
v 22.500000 -0.250000 -14.000000
v 22.500000 0.250000 -14.000000
v 22.500000 -0.250000 -13.200000
v 22.500000 -0.300000 -13.000000
v 22.500000 -0.300000 -13.150000
v 22.500000 0.250000 -13.600000
v 22.500000 0.250000 -13.200000
v 22.500000 0.300000 -13.000000
v 22.500000 0.300000 -13.150000
v 24.500000 0.300000 -13.000000
v 24.500000 0.300000 -13.150000
v 24.500000 -0.300000 -13.000000
v 24.500000 0.250000 -13.200000
v 24.500000 0.250000 -13.600000
v 24.500000 0.250000 -14.000000
v 24.500000 -0.250000 -13.200000
v 24.500000 -0.300000 -13.150000
v 24.500000 -0.250000 -14.000000
v 23.500000 -0.250000 -14.000000
v 23.500000 0.250000 -14.000000
v 23.500000 -0.250000 -13.200000
v 23.500000 -0.300000 -13.000000
v 23.500000 -0.300000 -13.150000
v 23.500000 0.250000 -13.600000
v 23.500000 0.250000 -13.200000
v 23.500000 0.300000 -13.000000
v 23.500000 0.300000 -13.150000
v 25.500000 0.300000 -13.000000
v 25.500000 0.300000 -13.150000
v 25.500000 -0.300000 -13.000000
v 25.500000 0.250000 -13.200000
v 25.500000 0.250000 -13.600000
v 25.500000 0.250000 -14.000000
v 25.500000 -0.250000 -13.200000
v 25.500000 -0.300000 -13.150000
v 25.500000 -0.250000 -14.000000
v 24.500000 -0.250000 -14.000000
v 24.500000 0.250000 -14.000000
v 24.500000 -0.250000 -13.200000
v 24.500000 -0.300000 -13.000000
v 24.500000 -0.300000 -13.150000
v 24.500000 0.250000 -13.600000
v 24.500000 0.250000 -13.200000
v 24.500000 0.300000 -13.000000
v 24.500000 0.300000 -13.150000
v 26.500000 0.300000 -13.000000
v 26.500000 0.300000 -13.150000
v 26.500000 -0.300000 -13.000000
v 26.500000 0.250000 -13.200000
v 26.500000 0.250000 -13.600000
v 26.500000 0.250000 -14.000000
v 26.500000 -0.250000 -13.200000
v 26.500000 -0.300000 -13.150000
v 26.500000 -0.250000 -14.000000
v 25.500000 -0.250000 -14.000000
v 25.500000 0.250000 -14.000000
v 25.500000 -0.250000 -13.200000
v 25.500000 -0.300000 -13.000000
v 25.500000 -0.300000 -13.150000
v 25.500000 0.250000 -13.600000
v 25.500000 0.250000 -13.200000
v 25.500000 0.300000 -13.000000
v 25.500000 0.300000 -13.150000
v 27.500000 0.300000 -13.000000
v 27.500000 0.300000 -13.150000
v 27.500000 -0.300000 -13.000000
v 27.500000 0.250000 -13.200000
v 27.500000 0.250000 -13.600000
v 27.500000 0.250000 -14.000000
v 27.500000 -0.250000 -13.200000
v 27.500000 -0.300000 -13.150000
v 27.500000 -0.250000 -14.000000
v 26.500000 -0.250000 -14.000000
v 26.500000 0.250000 -14.000000
v 26.500000 -0.250000 -13.200000
v 26.500000 -0.300000 -13.000000
v 26.500000 -0.300000 -13.150000
v 26.500000 0.250000 -13.600000
v 26.500000 0.250000 -13.200000
v 26.500000 0.300000 -13.000000
v 26.500000 0.300000 -13.150000
v 0.500000 0.300000 -14.000000
v 0.500000 0.300000 -14.150000
v 0.500000 -0.300000 -14.000000
v 0.500000 0.250000 -14.200000
v 0.500000 0.250000 -14.600000
v 0.500000 0.250000 -15.000000
v 0.500000 -0.250000 -14.200000
v 0.500000 -0.300000 -14.150000
v 0.500000 -0.250000 -15.000000
v -0.500000 -0.250000 -15.000000
v -0.500000 0.250000 -15.000000
v -0.500000 -0.250000 -14.200000
v -0.500000 -0.300000 -14.000000
v -0.500000 -0.300000 -14.150000
v -0.500000 0.250000 -14.600000
v -0.500000 0.250000 -14.200000
v -0.500000 0.300000 -14.000000
v -0.500000 0.300000 -14.150000
v 1.500000 0.300000 -14.000000
v 1.500000 0.300000 -14.150000
v 1.500000 -0.300000 -14.000000
v 1.500000 0.250000 -14.200000
v 1.500000 0.250000 -14.600000
v 1.500000 0.250000 -15.000000
v 1.500000 -0.250000 -14.200000
v 1.500000 -0.300000 -14.150000
v 1.500000 -0.250000 -15.000000
v 0.500000 -0.250000 -15.000000
v 0.500000 0.250000 -15.000000
v 0.500000 -0.250000 -14.200000
v 0.500000 -0.300000 -14.000000
v 0.500000 -0.300000 -14.150000
v 0.500000 0.250000 -14.600000
v 0.500000 0.250000 -14.200000
v 0.500000 0.300000 -14.000000
v 0.500000 0.300000 -14.150000
v 2.500000 0.300000 -14.000000
v 2.500000 0.300000 -14.150000
v 2.500000 -0.300000 -14.000000
v 2.500000 0.250000 -14.200000
v 2.500000 0.250000 -14.600000
v 2.500000 0.250000 -15.000000
v 2.500000 -0.250000 -14.200000
v 2.500000 -0.300000 -14.150000
v 2.500000 -0.250000 -15.000000
v 1.500000 -0.250000 -15.000000
v 1.500000 0.250000 -15.000000
v 1.500000 -0.250000 -14.200000
v 1.500000 -0.300000 -14.000000
v 1.500000 -0.300000 -14.150000
v 1.500000 0.250000 -14.600000
v 1.500000 0.250000 -14.200000
v 1.500000 0.300000 -14.000000
v 1.500000 0.300000 -14.150000
v 3.500000 0.300000 -14.000000
v 3.500000 0.300000 -14.150000
v 3.500000 -0.300000 -14.000000
v 3.500000 0.250000 -14.200000
v 3.500000 0.250000 -14.600000
v 3.500000 0.250000 -15.000000
v 3.500000 -0.250000 -14.200000
v 3.500000 -0.300000 -14.150000
v 3.500000 -0.250000 -15.000000
v 2.500000 -0.250000 -15.000000
v 2.500000 0.250000 -15.000000
v 2.500000 -0.250000 -14.200000
v 2.500000 -0.300000 -14.000000
v 2.500000 -0.300000 -14.150000
v 2.500000 0.250000 -14.600000
v 2.500000 0.250000 -14.200000
v 2.500000 0.300000 -14.000000
v 2.500000 0.300000 -14.150000
v 4.500000 0.300000 -14.000000
v 4.500000 0.300000 -14.150000
v 4.500000 -0.300000 -14.000000
v 4.500000 0.250000 -14.200000
v 4.500000 0.250000 -14.600000
v 4.500000 0.250000 -15.000000
v 4.500000 -0.250000 -14.200000
v 4.500000 -0.300000 -14.150000
v 4.500000 -0.250000 -15.000000
v 3.500000 -0.250000 -15.000000
v 3.500000 0.250000 -15.000000
v 3.500000 -0.250000 -14.200000
v 3.500000 -0.300000 -14.000000
v 3.500000 -0.300000 -14.150000
v 3.500000 0.250000 -14.600000
v 3.500000 0.250000 -14.200000
v 3.500000 0.300000 -14.000000
v 3.500000 0.300000 -14.150000
v 5.500000 0.300000 -14.000000
v 5.500000 0.300000 -14.150000
v 5.500000 -0.300000 -14.000000
v 5.500000 0.250000 -14.200000
v 5.500000 0.250000 -14.600000
v 5.500000 0.250000 -15.000000
v 5.500000 -0.250000 -14.200000
v 5.500000 -0.300000 -14.150000
v 5.500000 -0.250000 -15.000000
v 4.500000 -0.250000 -15.000000
v 4.500000 0.250000 -15.000000
v 4.500000 -0.250000 -14.200000
v 4.500000 -0.300000 -14.000000
v 4.500000 -0.300000 -14.150000
v 4.500000 0.250000 -14.600000
v 4.500000 0.250000 -14.200000
v 4.500000 0.300000 -14.000000
v 4.500000 0.300000 -14.150000
v 6.500000 0.300000 -14.000000
v 6.500000 0.300000 -14.150000
v 6.500000 -0.300000 -14.000000
v 6.500000 0.250000 -14.200000
v 6.500000 0.250000 -14.600000
v 6.500000 0.250000 -15.000000
v 6.500000 -0.250000 -14.200000
v 6.500000 -0.300000 -14.150000
v 6.500000 -0.250000 -15.000000
v 5.500000 -0.250000 -15.000000
v 5.500000 0.250000 -15.000000
v 5.500000 -0.250000 -14.200000
v 5.500000 -0.300000 -14.000000
v 5.500000 -0.300000 -14.150000
v 5.500000 0.250000 -14.600000
v 5.500000 0.250000 -14.200000
v 5.500000 0.300000 -14.000000
v 5.500000 0.300000 -14.150000
v 7.500000 0.300000 -14.000000
v 7.500000 0.300000 -14.150000
v 7.500000 -0.300000 -14.000000
v 7.500000 0.250000 -14.200000
v 7.500000 0.250000 -14.600000
v 7.500000 0.250000 -15.000000
v 7.500000 -0.250000 -14.200000
v 7.500000 -0.300000 -14.150000
v 7.500000 -0.250000 -15.000000
v 6.500000 -0.250000 -15.000000
v 6.500000 0.250000 -15.000000
v 6.500000 -0.250000 -14.200000
v 6.500000 -0.300000 -14.000000
v 6.500000 -0.300000 -14.150000
v 6.500000 0.250000 -14.600000
v 6.500000 0.250000 -14.200000
v 6.500000 0.300000 -14.000000
v 6.500000 0.300000 -14.150000
v 8.500000 0.300000 -14.000000
v 8.500000 0.300000 -14.150000
v 8.500000 -0.300000 -14.000000
v 8.500000 0.250000 -14.200000
v 8.500000 0.250000 -14.600000
v 8.500000 0.250000 -15.000000
v 8.500000 -0.250000 -14.200000
v 8.500000 -0.300000 -14.150000
v 8.500000 -0.250000 -15.000000
v 7.500000 -0.250000 -15.000000
v 7.500000 0.250000 -15.000000
v 7.500000 -0.250000 -14.200000
v 7.500000 -0.300000 -14.000000
v 7.500000 -0.300000 -14.150000
v 7.500000 0.250000 -14.600000
v 7.500000 0.250000 -14.200000
v 7.500000 0.300000 -14.000000
v 7.500000 0.300000 -14.150000
v 9.500000 0.300000 -14.000000
v 9.500000 0.300000 -14.150000
v 9.500000 -0.300000 -14.000000
v 9.500000 0.250000 -14.200000
v 9.500000 0.250000 -14.600000
v 9.500000 0.250000 -15.000000
v 9.500000 -0.250000 -14.200000
v 9.500000 -0.300000 -14.150000
v 9.500000 -0.250000 -15.000000
v 8.500000 -0.250000 -15.000000
v 8.500000 0.250000 -15.000000
v 8.500000 -0.250000 -14.200000
v 8.500000 -0.300000 -14.000000
v 8.500000 -0.300000 -14.150000
v 8.500000 0.250000 -14.600000
v 8.500000 0.250000 -14.200000
v 8.500000 0.300000 -14.000000
v 8.500000 0.300000 -14.150000
v 10.500000 0.300000 -14.000000
v 10.500000 0.300000 -14.150000
v 10.500000 -0.300000 -14.000000
v 10.500000 0.250000 -14.200000
v 10.500000 0.250000 -14.600000
v 10.500000 0.250000 -15.000000
v 10.500000 -0.250000 -14.200000
v 10.500000 -0.300000 -14.150000
v 10.500000 -0.250000 -15.000000
v 9.500000 -0.250000 -15.000000
v 9.500000 0.250000 -15.000000
v 9.500000 -0.250000 -14.200000
v 9.500000 -0.300000 -14.000000
v 9.500000 -0.300000 -14.150000
v 9.500000 0.250000 -14.600000
v 9.500000 0.250000 -14.200000
v 9.500000 0.300000 -14.000000
v 9.500000 0.300000 -14.150000
v 11.500000 0.300000 -14.000000
v 11.500000 0.300000 -14.150000
v 11.500000 -0.300000 -14.000000
v 11.500000 0.250000 -14.200000
v 11.500000 0.250000 -14.600000
v 11.500000 0.250000 -15.000000
v 11.500000 -0.250000 -14.200000
v 11.500000 -0.300000 -14.150000
v 11.500000 -0.250000 -15.000000
v 10.500000 -0.250000 -15.000000
v 10.500000 0.250000 -15.000000
v 10.500000 -0.250000 -14.200000
v 10.500000 -0.300000 -14.000000
v 10.500000 -0.300000 -14.150000
v 10.500000 0.250000 -14.600000
v 10.500000 0.250000 -14.200000
v 10.500000 0.300000 -14.000000
v 10.500000 0.300000 -14.150000
v 12.500000 0.300000 -14.000000
v 12.500000 0.300000 -14.150000
v 12.500000 -0.300000 -14.000000
v 12.500000 0.250000 -14.200000
v 12.500000 0.250000 -14.600000
v 12.500000 0.250000 -15.000000
v 12.500000 -0.250000 -14.200000
v 12.500000 -0.300000 -14.150000
v 12.500000 -0.250000 -15.000000
v 11.500000 -0.250000 -15.000000
v 11.500000 0.250000 -15.000000
v 11.500000 -0.250000 -14.200000
v 11.500000 -0.300000 -14.000000
v 11.500000 -0.300000 -14.150000
v 11.500000 0.250000 -14.600000
v 11.500000 0.250000 -14.200000
v 11.500000 0.300000 -14.000000
v 11.500000 0.300000 -14.150000
v 13.500000 0.300000 -14.000000
v 13.500000 0.300000 -14.150000
v 13.500000 -0.300000 -14.000000
v 13.500000 0.250000 -14.200000
v 13.500000 0.250000 -14.600000
v 13.500000 0.250000 -15.000000
v 13.500000 -0.250000 -14.200000
v 13.500000 -0.300000 -14.150000
v 13.500000 -0.250000 -15.000000
v 12.500000 -0.250000 -15.000000
v 12.500000 0.250000 -15.000000
v 12.500000 -0.250000 -14.200000
v 12.500000 -0.300000 -14.000000
v 12.500000 -0.300000 -14.150000
v 12.500000 0.250000 -14.600000
v 12.500000 0.250000 -14.200000
v 12.500000 0.300000 -14.000000
v 12.500000 0.300000 -14.150000
v 14.500000 0.300000 -14.000000
v 14.500000 0.300000 -14.150000
v 14.500000 -0.300000 -14.000000
v 14.500000 0.250000 -14.200000
v 14.500000 0.250000 -14.600000
v 14.500000 0.250000 -15.000000
v 14.500000 -0.250000 -14.200000
v 14.500000 -0.300000 -14.150000
v 14.500000 -0.250000 -15.000000
v 13.500000 -0.250000 -15.000000
v 13.500000 0.250000 -15.000000
v 13.500000 -0.250000 -14.200000
v 13.500000 -0.300000 -14.000000
v 13.500000 -0.300000 -14.150000
v 13.500000 0.250000 -14.600000
v 13.500000 0.250000 -14.200000
v 13.500000 0.300000 -14.000000
v 13.500000 0.300000 -14.150000
v 15.500000 0.300000 -14.000000
v 15.500000 0.300000 -14.150000
v 15.500000 -0.300000 -14.000000
v 15.500000 0.250000 -14.200000
v 15.500000 0.250000 -14.600000
v 15.500000 0.250000 -15.000000
v 15.500000 -0.250000 -14.200000
v 15.500000 -0.300000 -14.150000
v 15.500000 -0.250000 -15.000000
v 14.500000 -0.250000 -15.000000
v 14.500000 0.250000 -15.000000
v 14.500000 -0.250000 -14.200000
v 14.500000 -0.300000 -14.000000
v 14.500000 -0.300000 -14.150000
v 14.500000 0.250000 -14.600000
v 14.500000 0.250000 -14.200000
v 14.500000 0.300000 -14.000000
v 14.500000 0.300000 -14.150000
v 16.500000 0.300000 -14.000000
v 16.500000 0.300000 -14.150000
v 16.500000 -0.300000 -14.000000
v 16.500000 0.250000 -14.200000
v 16.500000 0.250000 -14.600000
v 16.500000 0.250000 -15.000000
v 16.500000 -0.250000 -14.200000
v 16.500000 -0.300000 -14.150000
v 16.500000 -0.250000 -15.000000
v 15.500000 -0.250000 -15.000000
v 15.500000 0.250000 -15.000000
v 15.500000 -0.250000 -14.200000
v 15.500000 -0.300000 -14.000000
v 15.500000 -0.300000 -14.150000
v 15.500000 0.250000 -14.600000
v 15.500000 0.250000 -14.200000
v 15.500000 0.300000 -14.000000
v 15.500000 0.300000 -14.150000
v 17.500000 0.300000 -14.000000
v 17.500000 0.300000 -14.150000
v 17.500000 -0.300000 -14.000000
v 17.500000 0.250000 -14.200000
v 17.500000 0.250000 -14.600000
v 17.500000 0.250000 -15.000000
v 17.500000 -0.250000 -14.200000
v 17.500000 -0.300000 -14.150000
v 17.500000 -0.250000 -15.000000
v 16.500000 -0.250000 -15.000000
v 16.500000 0.250000 -15.000000
v 16.500000 -0.250000 -14.200000
v 16.500000 -0.300000 -14.000000
v 16.500000 -0.300000 -14.150000
v 16.500000 0.250000 -14.600000
v 16.500000 0.250000 -14.200000
v 16.500000 0.300000 -14.000000
v 16.500000 0.300000 -14.150000
v 18.500000 0.300000 -14.000000
v 18.500000 0.300000 -14.150000
v 18.500000 -0.300000 -14.000000
v 18.500000 0.250000 -14.200000
v 18.500000 0.250000 -14.600000
v 18.500000 0.250000 -15.000000
v 18.500000 -0.250000 -14.200000
v 18.500000 -0.300000 -14.150000
v 18.500000 -0.250000 -15.000000
v 17.500000 -0.250000 -15.000000
v 17.500000 0.250000 -15.000000
v 17.500000 -0.250000 -14.200000
v 17.500000 -0.300000 -14.000000
v 17.500000 -0.300000 -14.150000
v 17.500000 0.250000 -14.600000
v 17.500000 0.250000 -14.200000
v 17.500000 0.300000 -14.000000
v 17.500000 0.300000 -14.150000
v 19.500000 0.300000 -14.000000
v 19.500000 0.300000 -14.150000
v 19.500000 -0.300000 -14.000000
v 19.500000 0.250000 -14.200000
v 19.500000 0.250000 -14.600000
v 19.500000 0.250000 -15.000000
v 19.500000 -0.250000 -14.200000
v 19.500000 -0.300000 -14.150000
v 19.500000 -0.250000 -15.000000
v 18.500000 -0.250000 -15.000000
v 18.500000 0.250000 -15.000000
v 18.500000 -0.250000 -14.200000
v 18.500000 -0.300000 -14.000000
v 18.500000 -0.300000 -14.150000
v 18.500000 0.250000 -14.600000
v 18.500000 0.250000 -14.200000
v 18.500000 0.300000 -14.000000
v 18.500000 0.300000 -14.150000
v 20.500000 0.300000 -14.000000
v 20.500000 0.300000 -14.150000
v 20.500000 -0.300000 -14.000000
v 20.500000 0.250000 -14.200000
v 20.500000 0.250000 -14.600000
v 20.500000 0.250000 -15.000000
v 20.500000 -0.250000 -14.200000
v 20.500000 -0.300000 -14.150000
v 20.500000 -0.250000 -15.000000
v 19.500000 -0.250000 -15.000000
v 19.500000 0.250000 -15.000000
v 19.500000 -0.250000 -14.200000
v 19.500000 -0.300000 -14.000000
v 19.500000 -0.300000 -14.150000
v 19.500000 0.250000 -14.600000
v 19.500000 0.250000 -14.200000
v 19.500000 0.300000 -14.000000
v 19.500000 0.300000 -14.150000
v 21.500000 0.300000 -14.000000
v 21.500000 0.300000 -14.150000
v 21.500000 -0.300000 -14.000000
v 21.500000 0.250000 -14.200000
v 21.500000 0.250000 -14.600000
v 21.500000 0.250000 -15.000000
v 21.500000 -0.250000 -14.200000
v 21.500000 -0.300000 -14.150000
v 21.500000 -0.250000 -15.000000
v 20.500000 -0.250000 -15.000000
v 20.500000 0.250000 -15.000000
v 20.500000 -0.250000 -14.200000
v 20.500000 -0.300000 -14.000000
v 20.500000 -0.300000 -14.150000
v 20.500000 0.250000 -14.600000
v 20.500000 0.250000 -14.200000
v 20.500000 0.300000 -14.000000
v 20.500000 0.300000 -14.150000
v 22.500000 0.300000 -14.000000
v 22.500000 0.300000 -14.150000
v 22.500000 -0.300000 -14.000000
v 22.500000 0.250000 -14.200000
v 22.500000 0.250000 -14.600000
v 22.500000 0.250000 -15.000000
v 22.500000 -0.250000 -14.200000
v 22.500000 -0.300000 -14.150000
v 22.500000 -0.250000 -15.000000
v 21.500000 -0.250000 -15.000000
v 21.500000 0.250000 -15.000000
v 21.500000 -0.250000 -14.200000
v 21.500000 -0.300000 -14.000000
v 21.500000 -0.300000 -14.150000
v 21.500000 0.250000 -14.600000
v 21.500000 0.250000 -14.200000
v 21.500000 0.300000 -14.000000
v 21.500000 0.300000 -14.150000
v 23.500000 0.300000 -14.000000
v 23.500000 0.300000 -14.150000
v 23.500000 -0.300000 -14.000000
v 23.500000 0.250000 -14.200000
v 23.500000 0.250000 -14.600000
v 23.500000 0.250000 -15.000000
v 23.500000 -0.250000 -14.200000
v 23.500000 -0.300000 -14.150000
v 23.500000 -0.250000 -15.000000
v 22.500000 -0.250000 -15.000000
v 22.500000 0.250000 -15.000000
v 22.500000 -0.250000 -14.200000
v 22.500000 -0.300000 -14.000000
v 22.500000 -0.300000 -14.150000
v 22.500000 0.250000 -14.600000
v 22.500000 0.250000 -14.200000
v 22.500000 0.300000 -14.000000
v 22.500000 0.300000 -14.150000
v 24.500000 0.300000 -14.000000
v 24.500000 0.300000 -14.150000
v 24.500000 -0.300000 -14.000000
v 24.500000 0.250000 -14.200000
v 24.500000 0.250000 -14.600000
v 24.500000 0.250000 -15.000000
v 24.500000 -0.250000 -14.200000
v 24.500000 -0.300000 -14.150000
v 24.500000 -0.250000 -15.000000
v 23.500000 -0.250000 -15.000000
v 23.500000 0.250000 -15.000000
v 23.500000 -0.250000 -14.200000
v 23.500000 -0.300000 -14.000000
v 23.500000 -0.300000 -14.150000
v 23.500000 0.250000 -14.600000
v 23.500000 0.250000 -14.200000
v 23.500000 0.300000 -14.000000
v 23.500000 0.300000 -14.150000
v 25.500000 0.300000 -14.000000
v 25.500000 0.300000 -14.150000
v 25.500000 -0.300000 -14.000000
v 25.500000 0.250000 -14.200000
v 25.500000 0.250000 -14.600000
v 25.500000 0.250000 -15.000000
v 25.500000 -0.250000 -14.200000
v 25.500000 -0.300000 -14.150000
v 25.500000 -0.250000 -15.000000
v 24.500000 -0.250000 -15.000000
v 24.500000 0.250000 -15.000000
v 24.500000 -0.250000 -14.200000
v 24.500000 -0.300000 -14.000000
v 24.500000 -0.300000 -14.150000
v 24.500000 0.250000 -14.600000
v 24.500000 0.250000 -14.200000
v 24.500000 0.300000 -14.000000
v 24.500000 0.300000 -14.150000
v 26.500000 0.300000 -14.000000
v 26.500000 0.300000 -14.150000
v 26.500000 -0.300000 -14.000000
v 26.500000 0.250000 -14.200000
v 26.500000 0.250000 -14.600000
v 26.500000 0.250000 -15.000000
v 26.500000 -0.250000 -14.200000
v 26.500000 -0.300000 -14.150000
v 26.500000 -0.250000 -15.000000
v 25.500000 -0.250000 -15.000000
v 25.500000 0.250000 -15.000000
v 25.500000 -0.250000 -14.200000
v 25.500000 -0.300000 -14.000000
v 25.500000 -0.300000 -14.150000
v 25.500000 0.250000 -14.600000
v 25.500000 0.250000 -14.200000
v 25.500000 0.300000 -14.000000
v 25.500000 0.300000 -14.150000
v 27.500000 0.300000 -14.000000
v 27.500000 0.300000 -14.150000
v 27.500000 -0.300000 -14.000000
v 27.500000 0.250000 -14.200000
v 27.500000 0.250000 -14.600000
v 27.500000 0.250000 -15.000000
v 27.500000 -0.250000 -14.200000
v 27.500000 -0.300000 -14.150000
v 27.500000 -0.250000 -15.000000
v 26.500000 -0.250000 -15.000000
v 26.500000 0.250000 -15.000000
v 26.500000 -0.250000 -14.200000
v 26.500000 -0.300000 -14.000000
v 26.500000 -0.300000 -14.150000
v 26.500000 0.250000 -14.600000
v 26.500000 0.250000 -14.200000
v 26.500000 0.300000 -14.000000
v 26.500000 0.300000 -14.150000
vn 0.5773 -0.5774 0.5774
vn 0.6599 0.7511 0.0199
vn 0.5774 0.5773 0.5773
vn 0.8042 0.5491 -0.2275
vn 0.7071 0.7071 -0.0000
vn 0.5774 0.5773 -0.5774
vn 0.8042 -0.5491 -0.2275
vn 0.6597 -0.5087 -0.5532
vn -0.8042 0.5491 -0.2275
vn -0.5773 0.5774 0.5774
vn -0.6575 0.4675 -0.5908
vn -0.5773 -0.5774 -0.5773
vn -0.8042 -0.5491 -0.2275
vn 0.5774 -0.5774 -0.5773
vn -0.7071 0.7071 -0.0000
vn -0.5774 0.5774 -0.5773
vn -0.6552 -0.4417 -0.6129
vn -0.5773 -0.5774 0.5774
vn 0.8042 0.5491 -0.2274
vn -0.8042 -0.5491 -0.2274
vn 0.8042 -0.5491 -0.2274
vn -0.5773 0.5774 -0.5773
vt 0.093750 0.025000
vt 0.093750 0.055000
vt 0.093750 0.065000
vt 0.093750 0.145000
vt 0.093750 0.225000
vt 0.218750 0.225000
vt 0.218750 0.065000
vt 0.218750 0.145000
vt 0.218750 0.175000
vt 0.468750 0.225000
vt 0.468750 0.175000
vt 0.218750 0.475000
vt 0.218750 0.275000
vt 0.218750 0.025000
vt 0.468750 0.025000
s 1
usemtl colormap.023
f 3/1/1 2/2/2 1/1/3
f 2/2/2 3/1/1 4/3/4
f 4/3/4 3/1/1 5/4/5
f 5/4/5 3/1/1 6/5/6
f 6/5/6 3/1/1 7/3/7
f 7/3/7 3/1/1 8/2/8
f 16/3/9 17/1/10 18/2/11
f 10/6/12 7/7/7 12/7/13
f 7/7/7 10/6/12 9/6/14
f 15/8/15 6/6/6 11/6/16
f 2/9/2 16/6/9 18/9/11
f 7/10/7 14/11/17 12/10/13
f 5/12/5 16/13/9 4/13/4
f 9/5/14 6/5/6 7/3/7
f 11/5/16 9/5/14 10/5/12
f 9/5/14 11/5/16 6/5/6
f 10/5/12 12/3/13 11/5/16
f 13/1/18 11/5/16 12/3/13
f 13/1/18 12/3/13 14/2/17
f 13/1/18 15/4/15 11/5/16
f 13/1/18 16/3/9 15/4/15
f 17/1/10 16/3/9 13/1/18
f 13/14/18 1/14/3 17/14/10
f 1/14/3 13/14/18 3/14/1
f 6/6/6 15/8/15 5/8/5
f 1/14/3 18/9/11 17/14/10
f 18/9/11 1/14/3 2/9/2
f 16/6/9 2/9/2 4/6/4
f 14/11/17 3/15/1 13/15/18
f 3/15/1 14/11/17 8/11/8
f 14/11/17 7/10/7 8/11/8
f 16/13/9 5/12/5 15/12/15
f 21/1/1 20/2/2 19/1/3
f 20/2/2 21/1/1 22/3/4
f 22/3/4 21/1/1 23/4/5
f 23/4/5 21/1/1 24/5/6
f 24/5/6 21/1/1 25/3/7
f 25/3/7 21/1/1 26/2/8
f 34/3/9 35/1/10 36/2/11
f 28/6/12 25/7/7 30/7/13
f 25/7/7 28/6/12 27/6/14
f 33/8/15 24/6/6 29/6/16
f 20/9/2 34/6/9 36/9/11
f 25/10/7 32/11/17 30/10/13
f 23/12/5 34/13/9 22/13/4
f 27/5/14 24/5/6 25/3/7
f 29/5/16 27/5/14 28/5/12
f 27/5/14 29/5/16 24/5/6
f 28/5/12 30/3/13 29/5/16
f 31/1/18 29/5/16 30/3/13
f 31/1/18 30/3/13 32/2/17
f 31/1/18 33/4/15 29/5/16
f 31/1/18 34/3/9 33/4/15
f 35/1/10 34/3/9 31/1/18
f 31/14/18 19/14/3 35/14/10
f 19/14/3 31/14/18 21/14/1
f 24/6/6 33/8/15 23/8/5
f 19/14/3 36/9/11 35/14/10
f 36/9/11 19/14/3 20/9/2
f 34/6/9 20/9/2 22/6/4
f 32/11/17 21/15/1 31/15/18
f 21/15/1 32/11/17 26/11/8
f 32/11/17 25/10/7 26/11/8
f 34/13/9 23/12/5 33/12/15
f 39/1/1 38/2/2 37/1/3
f 38/2/2 39/1/1 40/3/4
f 40/3/4 39/1/1 41/4/5
f 41/4/5 39/1/1 42/5/6
f 42/5/6 39/1/1 43/3/7
f 43/3/7 39/1/1 44/2/8
f 52/3/9 53/1/10 54/2/11
f 46/6/12 43/7/7 48/7/13
f 43/7/7 46/6/12 45/6/14
f 51/8/15 42/6/6 47/6/16
f 38/9/2 52/6/9 54/9/11
f 43/10/7 50/11/17 48/10/13
f 41/12/5 52/13/9 40/13/4
f 45/5/14 42/5/6 43/3/7
f 47/5/16 45/5/14 46/5/12
f 45/5/14 47/5/16 42/5/6
f 46/5/12 48/3/13 47/5/16
f 49/1/18 47/5/16 48/3/13
f 49/1/18 48/3/13 50/2/17
f 49/1/18 51/4/15 47/5/16
f 49/1/18 52/3/9 51/4/15
f 53/1/10 52/3/9 49/1/18
f 49/14/18 37/14/3 53/14/10
f 37/14/3 49/14/18 39/14/1
f 42/6/6 51/8/15 41/8/5
f 37/14/3 54/9/11 53/14/10
f 54/9/11 37/14/3 38/9/2
f 52/6/9 38/9/2 40/6/4
f 50/11/17 39/15/1 49/15/18
f 39/15/1 50/11/17 44/11/8
f 50/11/17 43/10/7 44/11/8
f 52/13/9 41/12/5 51/12/15
f 57/1/1 56/2/2 55/1/3
f 56/2/2 57/1/1 58/3/4
f 58/3/4 57/1/1 59/4/5
f 59/4/5 57/1/1 60/5/6
f 60/5/6 57/1/1 61/3/7
f 61/3/7 57/1/1 62/2/8
f 70/3/9 71/1/10 72/2/11
f 64/6/12 61/7/7 66/7/13
f 61/7/7 64/6/12 63/6/14
f 69/8/15 60/6/6 65/6/16
f 56/9/2 70/6/9 72/9/11
f 61/10/7 68/11/17 66/10/13
f 59/12/5 70/13/9 58/13/4
f 63/5/14 60/5/6 61/3/7
f 65/5/16 63/5/14 64/5/12
f 63/5/14 65/5/16 60/5/6
f 64/5/12 66/3/13 65/5/16
f 67/1/18 65/5/16 66/3/13
f 67/1/18 66/3/13 68/2/17
f 67/1/18 69/4/15 65/5/16
f 67/1/18 70/3/9 69/4/15
f 71/1/10 70/3/9 67/1/18
f 67/14/18 55/14/3 71/14/10
f 55/14/3 67/14/18 57/14/1
f 60/6/6 69/8/15 59/8/5
f 55/14/3 72/9/11 71/14/10
f 72/9/11 55/14/3 56/9/2
f 70/6/9 56/9/2 58/6/4
f 68/11/17 57/15/1 67/15/18
f 57/15/1 68/11/17 62/11/8
f 68/11/17 61/10/7 62/11/8
f 70/13/9 59/12/5 69/12/15
f 75/1/1 74/2/2 73/1/3
f 74/2/2 75/1/1 76/3/4
f 76/3/4 75/1/1 77/4/5
f 77/4/5 75/1/1 78/5/6
f 78/5/6 75/1/1 79/3/7
f 79/3/7 75/1/1 80/2/8
f 88/3/9 89/1/10 90/2/11
f 82/6/12 79/7/7 84/7/13
f 79/7/7 82/6/12 81/6/14
f 87/8/15 78/6/6 83/6/16
f 74/9/2 88/6/9 90/9/11
f 79/10/7 86/11/17 84/10/13
f 77/12/5 88/13/9 76/13/4
f 81/5/14 78/5/6 79/3/7
f 83/5/16 81/5/14 82/5/12
f 81/5/14 83/5/16 78/5/6
f 82/5/12 84/3/13 83/5/16
f 85/1/18 83/5/16 84/3/13
f 85/1/18 84/3/13 86/2/17
f 85/1/18 87/4/15 83/5/16
f 85/1/18 88/3/9 87/4/15
f 89/1/10 88/3/9 85/1/18
f 85/14/18 73/14/3 89/14/10
f 73/14/3 85/14/18 75/14/1
f 78/6/6 87/8/15 77/8/5
f 73/14/3 90/9/11 89/14/10
f 90/9/11 73/14/3 74/9/2
f 88/6/9 74/9/2 76/6/4
f 86/11/17 75/15/1 85/15/18
f 75/15/1 86/11/17 80/11/8
f 86/11/17 79/10/7 80/11/8
f 88/13/9 77/12/5 87/12/15
f 93/1/1 92/2/2 91/1/3
f 92/2/2 93/1/1 94/3/4
f 94/3/4 93/1/1 95/4/5
f 95/4/5 93/1/1 96/5/6
f 96/5/6 93/1/1 97/3/7
f 97/3/7 93/1/1 98/2/8
f 106/3/9 107/1/10 108/2/11
f 100/6/12 97/7/7 102/7/13
f 97/7/7 100/6/12 99/6/14
f 105/8/15 96/6/6 101/6/16
f 92/9/2 106/6/9 108/9/11
f 97/10/7 104/11/17 102/10/13
f 95/12/5 106/13/9 94/13/4
f 99/5/14 96/5/6 97/3/7
f 101/5/16 99/5/14 100/5/12
f 99/5/14 101/5/16 96/5/6
f 100/5/12 102/3/13 101/5/16
f 103/1/18 101/5/16 102/3/13
f 103/1/18 102/3/13 104/2/17
f 103/1/18 105/4/15 101/5/16
f 103/1/18 106/3/9 105/4/15
f 107/1/10 106/3/9 103/1/18
f 103/14/18 91/14/3 107/14/10
f 91/14/3 103/14/18 93/14/1
f 96/6/6 105/8/15 95/8/5
f 91/14/3 108/9/11 107/14/10
f 108/9/11 91/14/3 92/9/2
f 106/6/9 92/9/2 94/6/4
f 104/11/17 93/15/1 103/15/18
f 93/15/1 104/11/17 98/11/8
f 104/11/17 97/10/7 98/11/8
f 106/13/9 95/12/5 105/12/15
f 111/1/1 110/2/2 109/1/3
f 110/2/2 111/1/1 112/3/4
f 112/3/4 111/1/1 113/4/5
f 113/4/5 111/1/1 114/5/6
f 114/5/6 111/1/1 115/3/7
f 115/3/7 111/1/1 116/2/8
f 124/3/9 125/1/10 126/2/11
f 118/6/12 115/7/7 120/7/13
f 115/7/7 118/6/12 117/6/14
f 123/8/15 114/6/6 119/6/16
f 110/9/2 124/6/9 126/9/11
f 115/10/7 122/11/17 120/10/13
f 113/12/5 124/13/9 112/13/4
f 117/5/14 114/5/6 115/3/7
f 119/5/16 117/5/14 118/5/12
f 117/5/14 119/5/16 114/5/6
f 118/5/12 120/3/13 119/5/16
f 121/1/18 119/5/16 120/3/13
f 121/1/18 120/3/13 122/2/17
f 121/1/18 123/4/15 119/5/16
f 121/1/18 124/3/9 123/4/15
f 125/1/10 124/3/9 121/1/18
f 121/14/18 109/14/3 125/14/10
f 109/14/3 121/14/18 111/14/1
f 114/6/6 123/8/15 113/8/5
f 109/14/3 126/9/11 125/14/10
f 126/9/11 109/14/3 110/9/2
f 124/6/9 110/9/2 112/6/4
f 122/11/17 111/15/1 121/15/18
f 111/15/1 122/11/17 116/11/8
f 122/11/17 115/10/7 116/11/8
f 124/13/9 113/12/5 123/12/15
f 129/1/1 128/2/2 127/1/3
f 128/2/2 129/1/1 130/3/4
f 130/3/4 129/1/1 131/4/5
f 131/4/5 129/1/1 132/5/6
f 132/5/6 129/1/1 133/3/7
f 133/3/7 129/1/1 134/2/8
f 142/3/9 143/1/10 144/2/11
f 136/6/12 133/7/7 138/7/13
f 133/7/7 136/6/12 135/6/14
f 141/8/15 132/6/6 137/6/16
f 128/9/2 142/6/9 144/9/11
f 133/10/7 140/11/17 138/10/13
f 131/12/5 142/13/9 130/13/4
f 135/5/14 132/5/6 133/3/7
f 137/5/16 135/5/14 136/5/12
f 135/5/14 137/5/16 132/5/6
f 136/5/12 138/3/13 137/5/16
f 139/1/18 137/5/16 138/3/13
f 139/1/18 138/3/13 140/2/17
f 139/1/18 141/4/15 137/5/16
f 139/1/18 142/3/9 141/4/15
f 143/1/10 142/3/9 139/1/18
f 139/14/18 127/14/3 143/14/10
f 127/14/3 139/14/18 129/14/1
f 132/6/6 141/8/15 131/8/5
f 127/14/3 144/9/11 143/14/10
f 144/9/11 127/14/3 128/9/2
f 142/6/9 128/9/2 130/6/4
f 140/11/17 129/15/1 139/15/18
f 129/15/1 140/11/17 134/11/8
f 140/11/17 133/10/7 134/11/8
f 142/13/9 131/12/5 141/12/15
f 147/1/1 146/2/2 145/1/3
f 146/2/2 147/1/1 148/3/4
f 148/3/4 147/1/1 149/4/5
f 149/4/5 147/1/1 150/5/6
f 150/5/6 147/1/1 151/3/7
f 151/3/7 147/1/1 152/2/8
f 160/3/9 161/1/10 162/2/11
f 154/6/12 151/7/7 156/7/13
f 151/7/7 154/6/12 153/6/14
f 159/8/15 150/6/6 155/6/16
f 146/9/2 160/6/9 162/9/11
f 151/10/7 158/11/17 156/10/13
f 149/12/5 160/13/9 148/13/4
f 153/5/14 150/5/6 151/3/7
f 155/5/16 153/5/14 154/5/12
f 153/5/14 155/5/16 150/5/6
f 154/5/12 156/3/13 155/5/16
f 157/1/18 155/5/16 156/3/13
f 157/1/18 156/3/13 158/2/17
f 157/1/18 159/4/15 155/5/16
f 157/1/18 160/3/9 159/4/15
f 161/1/10 160/3/9 157/1/18
f 157/14/18 145/14/3 161/14/10
f 145/14/3 157/14/18 147/14/1
f 150/6/6 159/8/15 149/8/5
f 145/14/3 162/9/11 161/14/10
f 162/9/11 145/14/3 146/9/2
f 160/6/9 146/9/2 148/6/4
f 158/11/17 147/15/1 157/15/18
f 147/15/1 158/11/17 152/11/8
f 158/11/17 151/10/7 152/11/8
f 160/13/9 149/12/5 159/12/15
f 165/1/1 164/2/2 163/1/3
f 164/2/2 165/1/1 166/3/4
f 166/3/4 165/1/1 167/4/5
f 167/4/5 165/1/1 168/5/6
f 168/5/6 165/1/1 169/3/7
f 169/3/7 165/1/1 170/2/8
f 178/3/9 179/1/10 180/2/11
f 172/6/12 169/7/7 174/7/13
f 169/7/7 172/6/12 171/6/14
f 177/8/15 168/6/6 173/6/16
f 164/9/2 178/6/9 180/9/11
f 169/10/7 176/11/17 174/10/13
f 167/12/5 178/13/9 166/13/4
f 171/5/14 168/5/6 169/3/7
f 173/5/16 171/5/14 172/5/12
f 171/5/14 173/5/16 168/5/6
f 172/5/12 174/3/13 173/5/16
f 175/1/18 173/5/16 174/3/13
f 175/1/18 174/3/13 176/2/17
f 175/1/18 177/4/15 173/5/16
f 175/1/18 178/3/9 177/4/15
f 179/1/10 178/3/9 175/1/18
f 175/14/18 163/14/3 179/14/10
f 163/14/3 175/14/18 165/14/1
f 168/6/6 177/8/15 167/8/5
f 163/14/3 180/9/11 179/14/10
f 180/9/11 163/14/3 164/9/2
f 178/6/9 164/9/2 166/6/4
f 176/11/17 165/15/1 175/15/18
f 165/15/1 176/11/17 170/11/8
f 176/11/17 169/10/7 170/11/8
f 178/13/9 167/12/5 177/12/15
f 183/1/1 182/2/2 181/1/3
f 182/2/2 183/1/1 184/3/4
f 184/3/4 183/1/1 185/4/5
f 185/4/5 183/1/1 186/5/6
f 186/5/6 183/1/1 187/3/7
f 187/3/7 183/1/1 188/2/8
f 196/3/9 197/1/10 198/2/11
f 190/6/12 187/7/7 192/7/13
f 187/7/7 190/6/12 189/6/14
f 195/8/15 186/6/6 191/6/16
f 182/9/2 196/6/9 198/9/11
f 187/10/7 194/11/17 192/10/13
f 185/12/5 196/13/9 184/13/4
f 189/5/14 186/5/6 187/3/7
f 191/5/16 189/5/14 190/5/12
f 189/5/14 191/5/16 186/5/6
f 190/5/12 192/3/13 191/5/16
f 193/1/18 191/5/16 192/3/13
f 193/1/18 192/3/13 194/2/17
f 193/1/18 195/4/15 191/5/16
f 193/1/18 196/3/9 195/4/15
f 197/1/10 196/3/9 193/1/18
f 193/14/18 181/14/3 197/14/10
f 181/14/3 193/14/18 183/14/1
f 186/6/6 195/8/15 185/8/5
f 181/14/3 198/9/11 197/14/10
f 198/9/11 181/14/3 182/9/2
f 196/6/9 182/9/2 184/6/4
f 194/11/17 183/15/1 193/15/18
f 183/15/1 194/11/17 188/11/8
f 194/11/17 187/10/7 188/11/8
f 196/13/9 185/12/5 195/12/15
f 201/1/1 200/2/2 199/1/3
f 200/2/2 201/1/1 202/3/19
f 202/3/19 201/1/1 203/4/5
f 203/4/5 201/1/1 204/5/6
f 204/5/6 201/1/1 205/3/7
f 205/3/7 201/1/1 206/2/8
f 214/3/9 215/1/10 216/2/11
f 208/6/12 205/7/7 210/7/13
f 205/7/7 208/6/12 207/6/14
f 213/8/15 204/6/6 209/6/16
f 200/9/2 214/6/9 216/9/11
f 205/10/7 212/11/17 210/10/13
f 203/12/5 214/13/9 202/13/19
f 207/5/14 204/5/6 205/3/7
f 209/5/16 207/5/14 208/5/12
f 207/5/14 209/5/16 204/5/6
f 208/5/12 210/3/13 209/5/16
f 211/1/18 209/5/16 210/3/13
f 211/1/18 210/3/13 212/2/17
f 211/1/18 213/4/15 209/5/16
f 211/1/18 214/3/9 213/4/15
f 215/1/10 214/3/9 211/1/18
f 211/14/18 199/14/3 215/14/10
f 199/14/3 211/14/18 201/14/1
f 204/6/6 213/8/15 203/8/5
f 199/14/3 216/9/11 215/14/10
f 216/9/11 199/14/3 200/9/2
f 214/6/9 200/9/2 202/6/19
f 212/11/17 201/15/1 211/15/18
f 201/15/1 212/11/17 206/11/8
f 212/11/17 205/10/7 206/11/8
f 214/13/9 203/12/5 213/12/15
f 219/1/1 218/2/2 217/1/3
f 218/2/2 219/1/1 220/3/4
f 220/3/4 219/1/1 221/4/5
f 221/4/5 219/1/1 222/5/6
f 222/5/6 219/1/1 223/3/7
f 223/3/7 219/1/1 224/2/8
f 232/3/9 233/1/10 234/2/11
f 226/6/12 223/7/7 228/7/13
f 223/7/7 226/6/12 225/6/14
f 231/8/15 222/6/6 227/6/16
f 218/9/2 232/6/9 234/9/11
f 223/10/7 230/11/17 228/10/13
f 221/12/5 232/13/9 220/13/4
f 225/5/14 222/5/6 223/3/7
f 227/5/16 225/5/14 226/5/12
f 225/5/14 227/5/16 222/5/6
f 226/5/12 228/3/13 227/5/16
f 229/1/18 227/5/16 228/3/13
f 229/1/18 228/3/13 230/2/17
f 229/1/18 231/4/15 227/5/16
f 229/1/18 232/3/9 231/4/15
f 233/1/10 232/3/9 229/1/18
f 229/14/18 217/14/3 233/14/10
f 217/14/3 229/14/18 219/14/1
f 222/6/6 231/8/15 221/8/5
f 217/14/3 234/9/11 233/14/10
f 234/9/11 217/14/3 218/9/2
f 232/6/9 218/9/2 220/6/4
f 230/11/17 219/15/1 229/15/18
f 219/15/1 230/11/17 224/11/8
f 230/11/17 223/10/7 224/11/8
f 232/13/9 221/12/5 231/12/15
f 237/1/1 236/2/2 235/1/3
f 236/2/2 237/1/1 238/3/4
f 238/3/4 237/1/1 239/4/5
f 239/4/5 237/1/1 240/5/6
f 240/5/6 237/1/1 241/3/7
f 241/3/7 237/1/1 242/2/8
f 250/3/9 251/1/10 252/2/11
f 244/6/12 241/7/7 246/7/13
f 241/7/7 244/6/12 243/6/14
f 249/8/15 240/6/6 245/6/16
f 236/9/2 250/6/9 252/9/11
f 241/10/7 248/11/17 246/10/13
f 239/12/5 250/13/9 238/13/4
f 243/5/14 240/5/6 241/3/7
f 245/5/16 243/5/14 244/5/12
f 243/5/14 245/5/16 240/5/6
f 244/5/12 246/3/13 245/5/16
f 247/1/18 245/5/16 246/3/13
f 247/1/18 246/3/13 248/2/17
f 247/1/18 249/4/15 245/5/16
f 247/1/18 250/3/9 249/4/15
f 251/1/10 250/3/9 247/1/18
f 247/14/18 235/14/3 251/14/10
f 235/14/3 247/14/18 237/14/1
f 240/6/6 249/8/15 239/8/5
f 235/14/3 252/9/11 251/14/10
f 252/9/11 235/14/3 236/9/2
f 250/6/9 236/9/2 238/6/4
f 248/11/17 237/15/1 247/15/18
f 237/15/1 248/11/17 242/11/8
f 248/11/17 241/10/7 242/11/8
f 250/13/9 239/12/5 249/12/15
f 255/1/1 254/2/2 253/1/3
f 254/2/2 255/1/1 256/3/4
f 256/3/4 255/1/1 257/4/5
f 257/4/5 255/1/1 258/5/6
f 258/5/6 255/1/1 259/3/7
f 259/3/7 255/1/1 260/2/8
f 268/3/9 269/1/10 270/2/11
f 262/6/12 259/7/7 264/7/13
f 259/7/7 262/6/12 261/6/14
f 267/8/15 258/6/6 263/6/16
f 254/9/2 268/6/9 270/9/11
f 259/10/7 266/11/17 264/10/13
f 257/12/5 268/13/9 256/13/4
f 261/5/14 258/5/6 259/3/7
f 263/5/16 261/5/14 262/5/12
f 261/5/14 263/5/16 258/5/6
f 262/5/12 264/3/13 263/5/16
f 265/1/18 263/5/16 264/3/13
f 265/1/18 264/3/13 266/2/17
f 265/1/18 267/4/15 263/5/16
f 265/1/18 268/3/9 267/4/15
f 269/1/10 268/3/9 265/1/18
f 265/14/18 253/14/3 269/14/10
f 253/14/3 265/14/18 255/14/1
f 258/6/6 267/8/15 257/8/5
f 253/14/3 270/9/11 269/14/10
f 270/9/11 253/14/3 254/9/2
f 268/6/9 254/9/2 256/6/4
f 266/11/17 255/15/1 265/15/18
f 255/15/1 266/11/17 260/11/8
f 266/11/17 259/10/7 260/11/8
f 268/13/9 257/12/5 267/12/15
f 273/1/1 272/2/2 271/1/3
f 272/2/2 273/1/1 274/3/19
f 274/3/19 273/1/1 275/4/5
f 275/4/5 273/1/1 276/5/6
f 276/5/6 273/1/1 277/3/7
f 277/3/7 273/1/1 278/2/8
f 286/3/9 287/1/10 288/2/11
f 280/6/12 277/7/7 282/7/13
f 277/7/7 280/6/12 279/6/14
f 285/8/15 276/6/6 281/6/16
f 272/9/2 286/6/9 288/9/11
f 277/10/7 284/11/17 282/10/13
f 275/12/5 286/13/9 274/13/19
f 279/5/14 276/5/6 277/3/7
f 281/5/16 279/5/14 280/5/12
f 279/5/14 281/5/16 276/5/6
f 280/5/12 282/3/13 281/5/16
f 283/1/18 281/5/16 282/3/13
f 283/1/18 282/3/13 284/2/17
f 283/1/18 285/4/15 281/5/16
f 283/1/18 286/3/9 285/4/15
f 287/1/10 286/3/9 283/1/18
f 283/14/18 271/14/3 287/14/10
f 271/14/3 283/14/18 273/14/1
f 276/6/6 285/8/15 275/8/5
f 271/14/3 288/9/11 287/14/10
f 288/9/11 271/14/3 272/9/2
f 286/6/9 272/9/2 274/6/19
f 284/11/17 273/15/1 283/15/18
f 273/15/1 284/11/17 278/11/8
f 284/11/17 277/10/7 278/11/8
f 286/13/9 275/12/5 285/12/15
f 291/1/1 290/2/2 289/1/3
f 290/2/2 291/1/1 292/3/4
f 292/3/4 291/1/1 293/4/5
f 293/4/5 291/1/1 294/5/6
f 294/5/6 291/1/1 295/3/7
f 295/3/7 291/1/1 296/2/8
f 304/3/9 305/1/10 306/2/11
f 298/6/12 295/7/7 300/7/20
f 295/7/7 298/6/12 297/6/14
f 303/8/15 294/6/6 299/6/16
f 290/9/2 304/6/9 306/9/11
f 295/10/7 302/11/17 300/10/20
f 293/12/5 304/13/9 292/13/4
f 297/5/14 294/5/6 295/3/7
f 299/5/16 297/5/14 298/5/12
f 297/5/14 299/5/16 294/5/6
f 298/5/12 300/3/20 299/5/16
f 301/1/18 299/5/16 300/3/20
f 301/1/18 300/3/20 302/2/17
f 301/1/18 303/4/15 299/5/16
f 301/1/18 304/3/9 303/4/15
f 305/1/10 304/3/9 301/1/18
f 301/14/18 289/14/3 305/14/10
f 289/14/3 301/14/18 291/14/1
f 294/6/6 303/8/15 293/8/5
f 289/14/3 306/9/11 305/14/10
f 306/9/11 289/14/3 290/9/2
f 304/6/9 290/9/2 292/6/4
f 302/11/17 291/15/1 301/15/18
f 291/15/1 302/11/17 296/11/8
f 302/11/17 295/10/7 296/11/8
f 304/13/9 293/12/5 303/12/15
f 309/1/1 308/2/2 307/1/3
f 308/2/2 309/1/1 310/3/4
f 310/3/4 309/1/1 311/4/5
f 311/4/5 309/1/1 312/5/6
f 312/5/6 309/1/1 313/3/7
f 313/3/7 309/1/1 314/2/8
f 322/3/9 323/1/10 324/2/11
f 316/6/12 313/7/7 318/7/13
f 313/7/7 316/6/12 315/6/14
f 321/8/15 312/6/6 317/6/16
f 308/9/2 322/6/9 324/9/11
f 313/10/7 320/11/17 318/10/13
f 311/12/5 322/13/9 310/13/4
f 315/5/14 312/5/6 313/3/7
f 317/5/16 315/5/14 316/5/12
f 315/5/14 317/5/16 312/5/6
f 316/5/12 318/3/13 317/5/16
f 319/1/18 317/5/16 318/3/13
f 319/1/18 318/3/13 320/2/17
f 319/1/18 321/4/15 317/5/16
f 319/1/18 322/3/9 321/4/15
f 323/1/10 322/3/9 319/1/18
f 319/14/18 307/14/3 323/14/10
f 307/14/3 319/14/18 309/14/1
f 312/6/6 321/8/15 311/8/5
f 307/14/3 324/9/11 323/14/10
f 324/9/11 307/14/3 308/9/2
f 322/6/9 308/9/2 310/6/4
f 320/11/17 309/15/1 319/15/18
f 309/15/1 320/11/17 314/11/8
f 320/11/17 313/10/7 314/11/8
f 322/13/9 311/12/5 321/12/15
f 327/1/1 326/2/2 325/1/3
f 326/2/2 327/1/1 328/3/4
f 328/3/4 327/1/1 329/4/5
f 329/4/5 327/1/1 330/5/6
f 330/5/6 327/1/1 331/3/7
f 331/3/7 327/1/1 332/2/8
f 340/3/9 341/1/10 342/2/11
f 334/6/12 331/7/7 336/7/13
f 331/7/7 334/6/12 333/6/14
f 339/8/15 330/6/6 335/6/16
f 326/9/2 340/6/9 342/9/11
f 331/10/7 338/11/17 336/10/13
f 329/12/5 340/13/9 328/13/4
f 333/5/14 330/5/6 331/3/7
f 335/5/16 333/5/14 334/5/12
f 333/5/14 335/5/16 330/5/6
f 334/5/12 336/3/13 335/5/16
f 337/1/18 335/5/16 336/3/13
f 337/1/18 336/3/13 338/2/17
f 337/1/18 339/4/15 335/5/16
f 337/1/18 340/3/9 339/4/15
f 341/1/10 340/3/9 337/1/18
f 337/14/18 325/14/3 341/14/10
f 325/14/3 337/14/18 327/14/1
f 330/6/6 339/8/15 329/8/5
f 325/14/3 342/9/11 341/14/10
f 342/9/11 325/14/3 326/9/2
f 340/6/9 326/9/2 328/6/4
f 338/11/17 327/15/1 337/15/18
f 327/15/1 338/11/17 332/11/8
f 338/11/17 331/10/7 332/11/8
f 340/13/9 329/12/5 339/12/15
f 345/1/1 344/2/2 343/1/3
f 344/2/2 345/1/1 346/3/4
f 346/3/4 345/1/1 347/4/5
f 347/4/5 345/1/1 348/5/6
f 348/5/6 345/1/1 349/3/7
f 349/3/7 345/1/1 350/2/8
f 358/3/9 359/1/10 360/2/11
f 352/6/12 349/7/7 354/7/13
f 349/7/7 352/6/12 351/6/14
f 357/8/15 348/6/6 353/6/16
f 344/9/2 358/6/9 360/9/11
f 349/10/7 356/11/17 354/10/13
f 347/12/5 358/13/9 346/13/4
f 351/5/14 348/5/6 349/3/7
f 353/5/16 351/5/14 352/5/12
f 351/5/14 353/5/16 348/5/6
f 352/5/12 354/3/13 353/5/16
f 355/1/18 353/5/16 354/3/13
f 355/1/18 354/3/13 356/2/17
f 355/1/18 357/4/15 353/5/16
f 355/1/18 358/3/9 357/4/15
f 359/1/10 358/3/9 355/1/18
f 355/14/18 343/14/3 359/14/10
f 343/14/3 355/14/18 345/14/1
f 348/6/6 357/8/15 347/8/5
f 343/14/3 360/9/11 359/14/10
f 360/9/11 343/14/3 344/9/2
f 358/6/9 344/9/2 346/6/4
f 356/11/17 345/15/1 355/15/18
f 345/15/1 356/11/17 350/11/8
f 356/11/17 349/10/7 350/11/8
f 358/13/9 347/12/5 357/12/15
f 363/1/1 362/2/2 361/1/3
f 362/2/2 363/1/1 364/3/19
f 364/3/19 363/1/1 365/4/5
f 365/4/5 363/1/1 366/5/6
f 366/5/6 363/1/1 367/3/7
f 367/3/7 363/1/1 368/2/8
f 376/3/9 377/1/10 378/2/11
f 370/6/12 367/7/7 372/7/13
f 367/7/7 370/6/12 369/6/14
f 375/8/15 366/6/6 371/6/16
f 362/9/2 376/6/9 378/9/11
f 367/10/7 374/11/17 372/10/13
f 365/12/5 376/13/9 364/13/19
f 369/5/14 366/5/6 367/3/7
f 371/5/16 369/5/14 370/5/12
f 369/5/14 371/5/16 366/5/6
f 370/5/12 372/3/13 371/5/16
f 373/1/18 371/5/16 372/3/13
f 373/1/18 372/3/13 374/2/17
f 373/1/18 375/4/15 371/5/16
f 373/1/18 376/3/9 375/4/15
f 377/1/10 376/3/9 373/1/18
f 373/14/18 361/14/3 377/14/10
f 361/14/3 373/14/18 363/14/1
f 366/6/6 375/8/15 365/8/5
f 361/14/3 378/9/11 377/14/10
f 378/9/11 361/14/3 362/9/2
f 376/6/9 362/9/2 364/6/19
f 374/11/17 363/15/1 373/15/18
f 363/15/1 374/11/17 368/11/8
f 374/11/17 367/10/7 368/11/8
f 376/13/9 365/12/5 375/12/15
f 381/1/1 380/2/2 379/1/3
f 380/2/2 381/1/1 382/3/4
f 382/3/4 381/1/1 383/4/5
f 383/4/5 381/1/1 384/5/6
f 384/5/6 381/1/1 385/3/21
f 385/3/21 381/1/1 386/2/8
f 394/3/9 395/1/10 396/2/11
f 388/6/12 385/7/21 390/7/13
f 385/7/21 388/6/12 387/6/14
f 393/8/15 384/6/6 389/6/16
f 380/9/2 394/6/9 396/9/11
f 385/10/21 392/11/17 390/10/13
f 383/12/5 394/13/9 382/13/4
f 387/5/14 384/5/6 385/3/21
f 389/5/16 387/5/14 388/5/12
f 387/5/14 389/5/16 384/5/6
f 388/5/12 390/3/13 389/5/16
f 391/1/18 389/5/16 390/3/13
f 391/1/18 390/3/13 392/2/17
f 391/1/18 393/4/15 389/5/16
f 391/1/18 394/3/9 393/4/15
f 395/1/10 394/3/9 391/1/18
f 391/14/18 379/14/3 395/14/10
f 379/14/3 391/14/18 381/14/1
f 384/6/6 393/8/15 383/8/5
f 379/14/3 396/9/11 395/14/10
f 396/9/11 379/14/3 380/9/2
f 394/6/9 380/9/2 382/6/4
f 392/11/17 381/15/1 391/15/18
f 381/15/1 392/11/17 386/11/8
f 392/11/17 385/10/21 386/11/8
f 394/13/9 383/12/5 393/12/15
f 399/1/1 398/2/2 397/1/3
f 398/2/2 399/1/1 400/3/4
f 400/3/4 399/1/1 401/4/5
f 401/4/5 399/1/1 402/5/6
f 402/5/6 399/1/1 403/3/7
f 403/3/7 399/1/1 404/2/8
f 412/3/9 413/1/10 414/2/11
f 406/6/12 403/7/7 408/7/13
f 403/7/7 406/6/12 405/6/14
f 411/8/15 402/6/6 407/6/16
f 398/9/2 412/6/9 414/9/11
f 403/10/7 410/11/17 408/10/13
f 401/12/5 412/13/9 400/13/4
f 405/5/14 402/5/6 403/3/7
f 407/5/16 405/5/14 406/5/12
f 405/5/14 407/5/16 402/5/6
f 406/5/12 408/3/13 407/5/16
f 409/1/18 407/5/16 408/3/13
f 409/1/18 408/3/13 410/2/17
f 409/1/18 411/4/15 407/5/16
f 409/1/18 412/3/9 411/4/15
f 413/1/10 412/3/9 409/1/18
f 409/14/18 397/14/3 413/14/10
f 397/14/3 409/14/18 399/14/1
f 402/6/6 411/8/15 401/8/5
f 397/14/3 414/9/11 413/14/10
f 414/9/11 397/14/3 398/9/2
f 412/6/9 398/9/2 400/6/4
f 410/11/17 399/15/1 409/15/18
f 399/15/1 410/11/17 404/11/8
f 410/11/17 403/10/7 404/11/8
f 412/13/9 401/12/5 411/12/15
f 417/1/1 416/2/2 415/1/3
f 416/2/2 417/1/1 418/3/4
f 418/3/4 417/1/1 419/4/5
f 419/4/5 417/1/1 420/5/6
f 420/5/6 417/1/1 421/3/7
f 421/3/7 417/1/1 422/2/8
f 430/3/9 431/1/10 432/2/11
f 424/6/12 421/7/7 426/7/13
f 421/7/7 424/6/12 423/6/14
f 429/8/15 420/6/6 425/6/16
f 416/9/2 430/6/9 432/9/11
f 421/10/7 428/11/17 426/10/13
f 419/12/5 430/13/9 418/13/4
f 423/5/14 420/5/6 421/3/7
f 425/5/16 423/5/14 424/5/12
f 423/5/14 425/5/16 420/5/6
f 424/5/12 426/3/13 425/5/16
f 427/1/18 425/5/16 426/3/13
f 427/1/18 426/3/13 428/2/17
f 427/1/18 429/4/15 425/5/16
f 427/1/18 430/3/9 429/4/15
f 431/1/10 430/3/9 427/1/18
f 427/14/18 415/14/3 431/14/10
f 415/14/3 427/14/18 417/14/1
f 420/6/6 429/8/15 419/8/5
f 415/14/3 432/9/11 431/14/10
f 432/9/11 415/14/3 416/9/2
f 430/6/9 416/9/2 418/6/4
f 428/11/17 417/15/1 427/15/18
f 417/15/1 428/11/17 422/11/8
f 428/11/17 421/10/7 422/11/8
f 430/13/9 419/12/5 429/12/15
f 435/1/1 434/2/2 433/1/3
f 434/2/2 435/1/1 436/3/4
f 436/3/4 435/1/1 437/4/5
f 437/4/5 435/1/1 438/5/6
f 438/5/6 435/1/1 439/3/7
f 439/3/7 435/1/1 440/2/8
f 448/3/9 449/1/10 450/2/11
f 442/6/12 439/7/7 444/7/13
f 439/7/7 442/6/12 441/6/14
f 447/8/15 438/6/6 443/6/16
f 434/9/2 448/6/9 450/9/11
f 439/10/7 446/11/17 444/10/13
f 437/12/5 448/13/9 436/13/4
f 441/5/14 438/5/6 439/3/7
f 443/5/16 441/5/14 442/5/12
f 441/5/14 443/5/16 438/5/6
f 442/5/12 444/3/13 443/5/16
f 445/1/18 443/5/16 444/3/13
f 445/1/18 444/3/13 446/2/17
f 445/1/18 447/4/15 443/5/16
f 445/1/18 448/3/9 447/4/15
f 449/1/10 448/3/9 445/1/18
f 445/14/18 433/14/3 449/14/10
f 433/14/3 445/14/18 435/14/1
f 438/6/6 447/8/15 437/8/5
f 433/14/3 450/9/11 449/14/10
f 450/9/11 433/14/3 434/9/2
f 448/6/9 434/9/2 436/6/4
f 446/11/17 435/15/1 445/15/18
f 435/15/1 446/11/17 440/11/8
f 446/11/17 439/10/7 440/11/8
f 448/13/9 437/12/5 447/12/15
f 453/1/1 452/2/2 451/1/3
f 452/2/2 453/1/1 454/3/19
f 454/3/19 453/1/1 455/4/5
f 455/4/5 453/1/1 456/5/6
f 456/5/6 453/1/1 457/3/7
f 457/3/7 453/1/1 458/2/8
f 466/3/9 467/1/10 468/2/11
f 460/6/12 457/7/7 462/7/13
f 457/7/7 460/6/12 459/6/14
f 465/8/15 456/6/6 461/6/16
f 452/9/2 466/6/9 468/9/11
f 457/10/7 464/11/17 462/10/13
f 455/12/5 466/13/9 454/13/19
f 459/5/14 456/5/6 457/3/7
f 461/5/16 459/5/14 460/5/12
f 459/5/14 461/5/16 456/5/6
f 460/5/12 462/3/13 461/5/16
f 463/1/18 461/5/16 462/3/13
f 463/1/18 462/3/13 464/2/17
f 463/1/18 465/4/15 461/5/16
f 463/1/18 466/3/9 465/4/15
f 467/1/10 466/3/9 463/1/18
f 463/14/18 451/14/3 467/14/10
f 451/14/3 463/14/18 453/14/1
f 456/6/6 465/8/15 455/8/5
f 451/14/3 468/9/11 467/14/10
f 468/9/11 451/14/3 452/9/2
f 466/6/9 452/9/2 454/6/19
f 464/11/17 453/15/1 463/15/18
f 453/15/1 464/11/17 458/11/8
f 464/11/17 457/10/7 458/11/8
f 466/13/9 455/12/5 465/12/15
f 471/1/1 470/2/2 469/1/3
f 470/2/2 471/1/1 472/3/4
f 472/3/4 471/1/1 473/4/5
f 473/4/5 471/1/1 474/5/6
f 474/5/6 471/1/1 475/3/7
f 475/3/7 471/1/1 476/2/8
f 484/3/9 485/1/10 486/2/11
f 478/6/12 475/7/7 480/7/13
f 475/7/7 478/6/12 477/6/14
f 483/8/15 474/6/6 479/6/16
f 470/9/2 484/6/9 486/9/11
f 475/10/7 482/11/17 480/10/13
f 473/12/5 484/13/9 472/13/4
f 477/5/14 474/5/6 475/3/7
f 479/5/16 477/5/14 478/5/12
f 477/5/14 479/5/16 474/5/6
f 478/5/12 480/3/13 479/5/16
f 481/1/18 479/5/16 480/3/13
f 481/1/18 480/3/13 482/2/17
f 481/1/18 483/4/15 479/5/16
f 481/1/18 484/3/9 483/4/15
f 485/1/10 484/3/9 481/1/18
f 481/14/18 469/14/3 485/14/10
f 469/14/3 481/14/18 471/14/1
f 474/6/6 483/8/15 473/8/5
f 469/14/3 486/9/11 485/14/10
f 486/9/11 469/14/3 470/9/2
f 484/6/9 470/9/2 472/6/4
f 482/11/17 471/15/1 481/15/18
f 471/15/1 482/11/17 476/11/8
f 482/11/17 475/10/7 476/11/8
f 484/13/9 473/12/5 483/12/15
f 489/1/1 488/2/2 487/1/3
f 488/2/2 489/1/1 490/3/4
f 490/3/4 489/1/1 491/4/5
f 491/4/5 489/1/1 492/5/6
f 492/5/6 489/1/1 493/3/7
f 493/3/7 489/1/1 494/2/8
f 502/3/9 503/1/10 504/2/11
f 496/6/12 493/7/7 498/7/13
f 493/7/7 496/6/12 495/6/14
f 501/8/15 492/6/6 497/6/16
f 488/9/2 502/6/9 504/9/11
f 493/10/7 500/11/17 498/10/13
f 491/12/5 502/13/9 490/13/4
f 495/5/14 492/5/6 493/3/7
f 497/5/16 495/5/14 496/5/12
f 495/5/14 497/5/16 492/5/6
f 496/5/12 498/3/13 497/5/16
f 499/1/18 497/5/16 498/3/13
f 499/1/18 498/3/13 500/2/17
f 499/1/18 501/4/15 497/5/16
f 499/1/18 502/3/9 501/4/15
f 503/1/10 502/3/9 499/1/18
f 499/14/18 487/14/3 503/14/10
f 487/14/3 499/14/18 489/14/1
f 492/6/6 501/8/15 491/8/5
f 487/14/3 504/9/11 503/14/10
f 504/9/11 487/14/3 488/9/2
f 502/6/9 488/9/2 490/6/4
f 500/11/17 489/15/1 499/15/18
f 489/15/1 500/11/17 494/11/8
f 500/11/17 493/10/7 494/11/8
f 502/13/9 491/12/5 501/12/15
f 507/1/1 506/2/2 505/1/3
f 506/2/2 507/1/1 508/3/4
f 508/3/4 507/1/1 509/4/5
f 509/4/5 507/1/1 510/5/6
f 510/5/6 507/1/1 511/3/7
f 511/3/7 507/1/1 512/2/8
f 520/3/9 521/1/10 522/2/11
f 514/6/12 511/7/7 516/7/13
f 511/7/7 514/6/12 513/6/14
f 519/8/15 510/6/6 515/6/16
f 506/9/2 520/6/9 522/9/11
f 511/10/7 518/11/17 516/10/13
f 509/12/5 520/13/9 508/13/4
f 513/5/14 510/5/6 511/3/7
f 515/5/16 513/5/14 514/5/12
f 513/5/14 515/5/16 510/5/6
f 514/5/12 516/3/13 515/5/16
f 517/1/18 515/5/16 516/3/13
f 517/1/18 516/3/13 518/2/17
f 517/1/18 519/4/15 515/5/16
f 517/1/18 520/3/9 519/4/15
f 521/1/10 520/3/9 517/1/18
f 517/14/18 505/14/3 521/14/10
f 505/14/3 517/14/18 507/14/1
f 510/6/6 519/8/15 509/8/5
f 505/14/3 522/9/11 521/14/10
f 522/9/11 505/14/3 506/9/2
f 520/6/9 506/9/2 508/6/4
f 518/11/17 507/15/1 517/15/18
f 507/15/1 518/11/17 512/11/8
f 518/11/17 511/10/7 512/11/8
f 520/13/9 509/12/5 519/12/15
f 525/1/1 524/2/2 523/1/3
f 524/2/2 525/1/1 526/3/4
f 526/3/4 525/1/1 527/4/5
f 527/4/5 525/1/1 528/5/6
f 528/5/6 525/1/1 529/3/7
f 529/3/7 525/1/1 530/2/8
f 538/3/9 539/1/10 540/2/11
f 532/6/12 529/7/7 534/7/13
f 529/7/7 532/6/12 531/6/14
f 537/8/15 528/6/6 533/6/16
f 524/9/2 538/6/9 540/9/11
f 529/10/7 536/11/17 534/10/13
f 527/12/5 538/13/9 526/13/4
f 531/5/14 528/5/6 529/3/7
f 533/5/16 531/5/14 532/5/12
f 531/5/14 533/5/16 528/5/6
f 532/5/12 534/3/13 533/5/16
f 535/1/18 533/5/16 534/3/13
f 535/1/18 534/3/13 536/2/17
f 535/1/18 537/4/15 533/5/16
f 535/1/18 538/3/9 537/4/15
f 539/1/10 538/3/9 535/1/18
f 535/14/18 523/14/3 539/14/10
f 523/14/3 535/14/18 525/14/1
f 528/6/6 537/8/15 527/8/5
f 523/14/3 540/9/11 539/14/10
f 540/9/11 523/14/3 524/9/2
f 538/6/9 524/9/2 526/6/4
f 536/11/17 525/15/1 535/15/18
f 525/15/1 536/11/17 530/11/8
f 536/11/17 529/10/7 530/11/8
f 538/13/9 527/12/5 537/12/15
f 543/1/1 542/2/2 541/1/3
f 542/2/2 543/1/1 544/3/4
f 544/3/4 543/1/1 545/4/5
f 545/4/5 543/1/1 546/5/6
f 546/5/6 543/1/1 547/3/7
f 547/3/7 543/1/1 548/2/8
f 556/3/9 557/1/10 558/2/11
f 550/6/12 547/7/7 552/7/13
f 547/7/7 550/6/12 549/6/14
f 555/8/15 546/6/6 551/6/16
f 542/9/2 556/6/9 558/9/11
f 547/10/7 554/11/17 552/10/13
f 545/12/5 556/13/9 544/13/4
f 549/5/14 546/5/6 547/3/7
f 551/5/16 549/5/14 550/5/12
f 549/5/14 551/5/16 546/5/6
f 550/5/12 552/3/13 551/5/16
f 553/1/18 551/5/16 552/3/13
f 553/1/18 552/3/13 554/2/17
f 553/1/18 555/4/15 551/5/16
f 553/1/18 556/3/9 555/4/15
f 557/1/10 556/3/9 553/1/18
f 553/14/18 541/14/3 557/14/10
f 541/14/3 553/14/18 543/14/1
f 546/6/6 555/8/15 545/8/5
f 541/14/3 558/9/11 557/14/10
f 558/9/11 541/14/3 542/9/2
f 556/6/9 542/9/2 544/6/4
f 554/11/17 543/15/1 553/15/18
f 543/15/1 554/11/17 548/11/8
f 554/11/17 547/10/7 548/11/8
f 556/13/9 545/12/5 555/12/15
f 561/1/1 560/2/2 559/1/3
f 560/2/2 561/1/1 562/3/4
f 562/3/4 561/1/1 563/4/5
f 563/4/5 561/1/1 564/5/6
f 564/5/6 561/1/1 565/3/7
f 565/3/7 561/1/1 566/2/8
f 574/3/9 575/1/10 576/2/11
f 568/6/12 565/7/7 570/7/13
f 565/7/7 568/6/12 567/6/14
f 573/8/15 564/6/6 569/6/16
f 560/9/2 574/6/9 576/9/11
f 565/10/7 572/11/17 570/10/13
f 563/12/5 574/13/9 562/13/4
f 567/5/14 564/5/6 565/3/7
f 569/5/16 567/5/14 568/5/12
f 567/5/14 569/5/16 564/5/6
f 568/5/12 570/3/13 569/5/16
f 571/1/18 569/5/16 570/3/13
f 571/1/18 570/3/13 572/2/17
f 571/1/18 573/4/15 569/5/16
f 571/1/18 574/3/9 573/4/15
f 575/1/10 574/3/9 571/1/18
f 571/14/18 559/14/3 575/14/10
f 559/14/3 571/14/18 561/14/1
f 564/6/6 573/8/15 563/8/5
f 559/14/3 576/9/11 575/14/10
f 576/9/11 559/14/3 560/9/2
f 574/6/9 560/9/2 562/6/4
f 572/11/17 561/15/1 571/15/18
f 561/15/1 572/11/17 566/11/8
f 572/11/17 565/10/7 566/11/8
f 574/13/9 563/12/5 573/12/15
f 579/1/1 578/2/2 577/1/3
f 578/2/2 579/1/1 580/3/19
f 580/3/19 579/1/1 581/4/5
f 581/4/5 579/1/1 582/5/6
f 582/5/6 579/1/1 583/3/7
f 583/3/7 579/1/1 584/2/8
f 592/3/9 593/1/10 594/2/11
f 586/6/12 583/7/7 588/7/13
f 583/7/7 586/6/12 585/6/14
f 591/8/15 582/6/6 587/6/16
f 578/9/2 592/6/9 594/9/11
f 583/10/7 590/11/17 588/10/13
f 581/12/5 592/13/9 580/13/19
f 585/5/14 582/5/6 583/3/7
f 587/5/16 585/5/14 586/5/12
f 585/5/14 587/5/16 582/5/6
f 586/5/12 588/3/13 587/5/16
f 589/1/18 587/5/16 588/3/13
f 589/1/18 588/3/13 590/2/17
f 589/1/18 591/4/15 587/5/16
f 589/1/18 592/3/9 591/4/15
f 593/1/10 592/3/9 589/1/18
f 589/14/18 577/14/3 593/14/10
f 577/14/3 589/14/18 579/14/1
f 582/6/6 591/8/15 581/8/5
f 577/14/3 594/9/11 593/14/10
f 594/9/11 577/14/3 578/9/2
f 592/6/9 578/9/2 580/6/19
f 590/11/17 579/15/1 589/15/18
f 579/15/1 590/11/17 584/11/8
f 590/11/17 583/10/7 584/11/8
f 592/13/9 581/12/5 591/12/15
f 597/1/1 596/2/2 595/1/3
f 596/2/2 597/1/1 598/3/4
f 598/3/4 597/1/1 599/4/5
f 599/4/5 597/1/1 600/5/6
f 600/5/6 597/1/1 601/3/7
f 601/3/7 597/1/1 602/2/8
f 610/3/9 611/1/10 612/2/11
f 604/6/12 601/7/7 606/7/13
f 601/7/7 604/6/12 603/6/14
f 609/8/15 600/6/6 605/6/16
f 596/9/2 610/6/9 612/9/11
f 601/10/7 608/11/17 606/10/13
f 599/12/5 610/13/9 598/13/4
f 603/5/14 600/5/6 601/3/7
f 605/5/16 603/5/14 604/5/12
f 603/5/14 605/5/16 600/5/6
f 604/5/12 606/3/13 605/5/16
f 607/1/18 605/5/16 606/3/13
f 607/1/18 606/3/13 608/2/17
f 607/1/18 609/4/15 605/5/16
f 607/1/18 610/3/9 609/4/15
f 611/1/10 610/3/9 607/1/18
f 607/14/18 595/14/3 611/14/10
f 595/14/3 607/14/18 597/14/1
f 600/6/6 609/8/15 599/8/5
f 595/14/3 612/9/11 611/14/10
f 612/9/11 595/14/3 596/9/2
f 610/6/9 596/9/2 598/6/4
f 608/11/17 597/15/1 607/15/18
f 597/15/1 608/11/17 602/11/8
f 608/11/17 601/10/7 602/11/8
f 610/13/9 599/12/5 609/12/15
f 615/1/1 614/2/2 613/1/3
f 614/2/2 615/1/1 616/3/4
f 616/3/4 615/1/1 617/4/5
f 617/4/5 615/1/1 618/5/6
f 618/5/6 615/1/1 619/3/7
f 619/3/7 615/1/1 620/2/8
f 628/3/9 629/1/10 630/2/11
f 622/6/12 619/7/7 624/7/13
f 619/7/7 622/6/12 621/6/14
f 627/8/15 618/6/6 623/6/16
f 614/9/2 628/6/9 630/9/11
f 619/10/7 626/11/17 624/10/13
f 617/12/5 628/13/9 616/13/4
f 621/5/14 618/5/6 619/3/7
f 623/5/16 621/5/14 622/5/12
f 621/5/14 623/5/16 618/5/6
f 622/5/12 624/3/13 623/5/16
f 625/1/18 623/5/16 624/3/13
f 625/1/18 624/3/13 626/2/17
f 625/1/18 627/4/15 623/5/16
f 625/1/18 628/3/9 627/4/15
f 629/1/10 628/3/9 625/1/18
f 625/14/18 613/14/3 629/14/10
f 613/14/3 625/14/18 615/14/1
f 618/6/6 627/8/15 617/8/5
f 613/14/3 630/9/11 629/14/10
f 630/9/11 613/14/3 614/9/2
f 628/6/9 614/9/2 616/6/4
f 626/11/17 615/15/1 625/15/18
f 615/15/1 626/11/17 620/11/8
f 626/11/17 619/10/7 620/11/8
f 628/13/9 617/12/5 627/12/15
f 633/1/1 632/2/2 631/1/3
f 632/2/2 633/1/1 634/3/4
f 634/3/4 633/1/1 635/4/5
f 635/4/5 633/1/1 636/5/6
f 636/5/6 633/1/1 637/3/7
f 637/3/7 633/1/1 638/2/8
f 646/3/9 647/1/10 648/2/11
f 640/6/12 637/7/7 642/7/13
f 637/7/7 640/6/12 639/6/14
f 645/8/15 636/6/6 641/6/16
f 632/9/2 646/6/9 648/9/11
f 637/10/7 644/11/17 642/10/13
f 635/12/5 646/13/9 634/13/4
f 639/5/14 636/5/6 637/3/7
f 641/5/16 639/5/14 640/5/12
f 639/5/14 641/5/16 636/5/6
f 640/5/12 642/3/13 641/5/16
f 643/1/18 641/5/16 642/3/13
f 643/1/18 642/3/13 644/2/17
f 643/1/18 645/4/15 641/5/16
f 643/1/18 646/3/9 645/4/15
f 647/1/10 646/3/9 643/1/18
f 643/14/18 631/14/3 647/14/10
f 631/14/3 643/14/18 633/14/1
f 636/6/6 645/8/15 635/8/5
f 631/14/3 648/9/11 647/14/10
f 648/9/11 631/14/3 632/9/2
f 646/6/9 632/9/2 634/6/4
f 644/11/17 633/15/1 643/15/18
f 633/15/1 644/11/17 638/11/8
f 644/11/17 637/10/7 638/11/8
f 646/13/9 635/12/5 645/12/15
f 651/1/1 650/2/2 649/1/3
f 650/2/2 651/1/1 652/3/4
f 652/3/4 651/1/1 653/4/5
f 653/4/5 651/1/1 654/5/6
f 654/5/6 651/1/1 655/3/7
f 655/3/7 651/1/1 656/2/8
f 664/3/9 665/1/10 666/2/11
f 658/6/12 655/7/7 660/7/13
f 655/7/7 658/6/12 657/6/14
f 663/8/15 654/6/6 659/6/16
f 650/9/2 664/6/9 666/9/11
f 655/10/7 662/11/17 660/10/13
f 653/12/5 664/13/9 652/13/4
f 657/5/14 654/5/6 655/3/7
f 659/5/16 657/5/14 658/5/12
f 657/5/14 659/5/16 654/5/6
f 658/5/12 660/3/13 659/5/16
f 661/1/18 659/5/16 660/3/13
f 661/1/18 660/3/13 662/2/17
f 661/1/18 663/4/15 659/5/16
f 661/1/18 664/3/9 663/4/15
f 665/1/10 664/3/9 661/1/18
f 661/14/18 649/14/3 665/14/10
f 649/14/3 661/14/18 651/14/1
f 654/6/6 663/8/15 653/8/5
f 649/14/3 666/9/11 665/14/10
f 666/9/11 649/14/3 650/9/2
f 664/6/9 650/9/2 652/6/4
f 662/11/17 651/15/1 661/15/18
f 651/15/1 662/11/17 656/11/8
f 662/11/17 655/10/7 656/11/8
f 664/13/9 653/12/5 663/12/15
f 669/1/1 668/2/2 667/1/3
f 668/2/2 669/1/1 670/3/4
f 670/3/4 669/1/1 671/4/5
f 671/4/5 669/1/1 672/5/6
f 672/5/6 669/1/1 673/3/7
f 673/3/7 669/1/1 674/2/8
f 682/3/9 683/1/10 684/2/11
f 676/6/12 673/7/7 678/7/13
f 673/7/7 676/6/12 675/6/14
f 681/8/15 672/6/6 677/6/16
f 668/9/2 682/6/9 684/9/11
f 673/10/7 680/11/17 678/10/13
f 671/12/5 682/13/9 670/13/4
f 675/5/14 672/5/6 673/3/7
f 677/5/16 675/5/14 676/5/12
f 675/5/14 677/5/16 672/5/6
f 676/5/12 678/3/13 677/5/16
f 679/1/18 677/5/16 678/3/13
f 679/1/18 678/3/13 680/2/17
f 679/1/18 681/4/15 677/5/16
f 679/1/18 682/3/9 681/4/15
f 683/1/10 682/3/9 679/1/18
f 679/14/18 667/14/3 683/14/10
f 667/14/3 679/14/18 669/14/1
f 672/6/6 681/8/15 671/8/5
f 667/14/3 684/9/11 683/14/10
f 684/9/11 667/14/3 668/9/2
f 682/6/9 668/9/2 670/6/4
f 680/11/17 669/15/1 679/15/18
f 669/15/1 680/11/17 674/11/8
f 680/11/17 673/10/7 674/11/8
f 682/13/9 671/12/5 681/12/15
f 687/1/1 686/2/2 685/1/3
f 686/2/2 687/1/1 688/3/4
f 688/3/4 687/1/1 689/4/5
f 689/4/5 687/1/1 690/5/6
f 690/5/6 687/1/1 691/3/7
f 691/3/7 687/1/1 692/2/8
f 700/3/9 701/1/10 702/2/11
f 694/6/12 691/7/7 696/7/13
f 691/7/7 694/6/12 693/6/14
f 699/8/15 690/6/6 695/6/16
f 686/9/2 700/6/9 702/9/11
f 691/10/7 698/11/17 696/10/13
f 689/12/5 700/13/9 688/13/4
f 693/5/14 690/5/6 691/3/7
f 695/5/16 693/5/14 694/5/12
f 693/5/14 695/5/16 690/5/6
f 694/5/12 696/3/13 695/5/16
f 697/1/18 695/5/16 696/3/13
f 697/1/18 696/3/13 698/2/17
f 697/1/18 699/4/15 695/5/16
f 697/1/18 700/3/9 699/4/15
f 701/1/10 700/3/9 697/1/18
f 697/14/18 685/14/3 701/14/10
f 685/14/3 697/14/18 687/14/1
f 690/6/6 699/8/15 689/8/5
f 685/14/3 702/9/11 701/14/10
f 702/9/11 685/14/3 686/9/2
f 700/6/9 686/9/2 688/6/4
f 698/11/17 687/15/1 697/15/18
f 687/15/1 698/11/17 692/11/8
f 698/11/17 691/10/7 692/11/8
f 700/13/9 689/12/5 699/12/15
f 705/1/1 704/2/2 703/1/3
f 704/2/2 705/1/1 706/3/19
f 706/3/19 705/1/1 707/4/5
f 707/4/5 705/1/1 708/5/6
f 708/5/6 705/1/1 709/3/7
f 709/3/7 705/1/1 710/2/8
f 718/3/9 719/1/10 720/2/11
f 712/6/12 709/7/7 714/7/13
f 709/7/7 712/6/12 711/6/14
f 717/8/15 708/6/6 713/6/16
f 704/9/2 718/6/9 720/9/11
f 709/10/7 716/11/17 714/10/13
f 707/12/5 718/13/9 706/13/19
f 711/5/14 708/5/6 709/3/7
f 713/5/16 711/5/14 712/5/12
f 711/5/14 713/5/16 708/5/6
f 712/5/12 714/3/13 713/5/16
f 715/1/18 713/5/16 714/3/13
f 715/1/18 714/3/13 716/2/17
f 715/1/18 717/4/15 713/5/16
f 715/1/18 718/3/9 717/4/15
f 719/1/10 718/3/9 715/1/18
f 715/14/18 703/14/3 719/14/10
f 703/14/3 715/14/18 705/14/1
f 708/6/6 717/8/15 707/8/5
f 703/14/3 720/9/11 719/14/10
f 720/9/11 703/14/3 704/9/2
f 718/6/9 704/9/2 706/6/19
f 716/11/17 705/15/1 715/15/18
f 705/15/1 716/11/17 710/11/8
f 716/11/17 709/10/7 710/11/8
f 718/13/9 707/12/5 717/12/15
f 723/1/1 722/2/2 721/1/3
f 722/2/2 723/1/1 724/3/4
f 724/3/4 723/1/1 725/4/5
f 725/4/5 723/1/1 726/5/6
f 726/5/6 723/1/1 727/3/7
f 727/3/7 723/1/1 728/2/8
f 736/3/9 737/1/10 738/2/11
f 730/6/12 727/7/7 732/7/13
f 727/7/7 730/6/12 729/6/14
f 735/8/15 726/6/6 731/6/16
f 722/9/2 736/6/9 738/9/11
f 727/10/7 734/11/17 732/10/13
f 725/12/5 736/13/9 724/13/4
f 729/5/14 726/5/6 727/3/7
f 731/5/16 729/5/14 730/5/12
f 729/5/14 731/5/16 726/5/6
f 730/5/12 732/3/13 731/5/16
f 733/1/18 731/5/16 732/3/13
f 733/1/18 732/3/13 734/2/17
f 733/1/18 735/4/15 731/5/16
f 733/1/18 736/3/9 735/4/15
f 737/1/10 736/3/9 733/1/18
f 733/14/18 721/14/3 737/14/10
f 721/14/3 733/14/18 723/14/1
f 726/6/6 735/8/15 725/8/5
f 721/14/3 738/9/11 737/14/10
f 738/9/11 721/14/3 722/9/2
f 736/6/9 722/9/2 724/6/4
f 734/11/17 723/15/1 733/15/18
f 723/15/1 734/11/17 728/11/8
f 734/11/17 727/10/7 728/11/8
f 736/13/9 725/12/5 735/12/15
f 741/1/1 740/2/2 739/1/3
f 740/2/2 741/1/1 742/3/4
f 742/3/4 741/1/1 743/4/5
f 743/4/5 741/1/1 744/5/6
f 744/5/6 741/1/1 745/3/7
f 745/3/7 741/1/1 746/2/8
f 754/3/9 755/1/10 756/2/11
f 748/6/12 745/7/7 750/7/13
f 745/7/7 748/6/12 747/6/14
f 753/8/15 744/6/6 749/6/16
f 740/9/2 754/6/9 756/9/11
f 745/10/7 752/11/17 750/10/13
f 743/12/5 754/13/9 742/13/4
f 747/5/14 744/5/6 745/3/7
f 749/5/16 747/5/14 748/5/12
f 747/5/14 749/5/16 744/5/6
f 748/5/12 750/3/13 749/5/16
f 751/1/18 749/5/16 750/3/13
f 751/1/18 750/3/13 752/2/17
f 751/1/18 753/4/15 749/5/16
f 751/1/18 754/3/9 753/4/15
f 755/1/10 754/3/9 751/1/18
f 751/14/18 739/14/3 755/14/10
f 739/14/3 751/14/18 741/14/1
f 744/6/6 753/8/15 743/8/5
f 739/14/3 756/9/11 755/14/10
f 756/9/11 739/14/3 740/9/2
f 754/6/9 740/9/2 742/6/4
f 752/11/17 741/15/1 751/15/18
f 741/15/1 752/11/17 746/11/8
f 752/11/17 745/10/7 746/11/8
f 754/13/9 743/12/5 753/12/15
f 759/1/1 758/2/2 757/1/3
f 758/2/2 759/1/1 760/3/4
f 760/3/4 759/1/1 761/4/5
f 761/4/5 759/1/1 762/5/6
f 762/5/6 759/1/1 763/3/7
f 763/3/7 759/1/1 764/2/8
f 772/3/9 773/1/10 774/2/11
f 766/6/12 763/7/7 768/7/13
f 763/7/7 766/6/12 765/6/14
f 771/8/15 762/6/6 767/6/16
f 758/9/2 772/6/9 774/9/11
f 763/10/7 770/11/17 768/10/13
f 761/12/5 772/13/9 760/13/4
f 765/5/14 762/5/6 763/3/7
f 767/5/16 765/5/14 766/5/12
f 765/5/14 767/5/16 762/5/6
f 766/5/12 768/3/13 767/5/16
f 769/1/18 767/5/16 768/3/13
f 769/1/18 768/3/13 770/2/17
f 769/1/18 771/4/15 767/5/16
f 769/1/18 772/3/9 771/4/15
f 773/1/10 772/3/9 769/1/18
f 769/14/18 757/14/3 773/14/10
f 757/14/3 769/14/18 759/14/1
f 762/6/6 771/8/15 761/8/5
f 757/14/3 774/9/11 773/14/10
f 774/9/11 757/14/3 758/9/2
f 772/6/9 758/9/2 760/6/4
f 770/11/17 759/15/1 769/15/18
f 759/15/1 770/11/17 764/11/8
f 770/11/17 763/10/7 764/11/8
f 772/13/9 761/12/5 771/12/15
f 777/1/1 776/2/2 775/1/3
f 776/2/2 777/1/1 778/3/19
f 778/3/19 777/1/1 779/4/5
f 779/4/5 777/1/1 780/5/6
f 780/5/6 777/1/1 781/3/7
f 781/3/7 777/1/1 782/2/8
f 790/3/9 791/1/10 792/2/11
f 784/6/12 781/7/7 786/7/13
f 781/7/7 784/6/12 783/6/14
f 789/8/15 780/6/6 785/6/16
f 776/9/2 790/6/9 792/9/11
f 781/10/7 788/11/17 786/10/13
f 779/12/5 790/13/9 778/13/19
f 783/5/14 780/5/6 781/3/7
f 785/5/16 783/5/14 784/5/12
f 783/5/14 785/5/16 780/5/6
f 784/5/12 786/3/13 785/5/16
f 787/1/18 785/5/16 786/3/13
f 787/1/18 786/3/13 788/2/17
f 787/1/18 789/4/15 785/5/16
f 787/1/18 790/3/9 789/4/15
f 791/1/10 790/3/9 787/1/18
f 787/14/18 775/14/3 791/14/10
f 775/14/3 787/14/18 777/14/1
f 780/6/6 789/8/15 779/8/5
f 775/14/3 792/9/11 791/14/10
f 792/9/11 775/14/3 776/9/2
f 790/6/9 776/9/2 778/6/19
f 788/11/17 777/15/1 787/15/18
f 777/15/1 788/11/17 782/11/8
f 788/11/17 781/10/7 782/11/8
f 790/13/9 779/12/5 789/12/15
f 795/1/1 794/2/2 793/1/3
f 794/2/2 795/1/1 796/3/4
f 796/3/4 795/1/1 797/4/5
f 797/4/5 795/1/1 798/5/6
f 798/5/6 795/1/1 799/3/7
f 799/3/7 795/1/1 800/2/8
f 808/3/9 809/1/10 810/2/11
f 802/6/12 799/7/7 804/7/20
f 799/7/7 802/6/12 801/6/14
f 807/8/15 798/6/6 803/6/16
f 794/9/2 808/6/9 810/9/11
f 799/10/7 806/11/17 804/10/20
f 797/12/5 808/13/9 796/13/4
f 801/5/14 798/5/6 799/3/7
f 803/5/16 801/5/14 802/5/12
f 801/5/14 803/5/16 798/5/6
f 802/5/12 804/3/20 803/5/16
f 805/1/18 803/5/16 804/3/20
f 805/1/18 804/3/20 806/2/17
f 805/1/18 807/4/15 803/5/16
f 805/1/18 808/3/9 807/4/15
f 809/1/10 808/3/9 805/1/18
f 805/14/18 793/14/3 809/14/10
f 793/14/3 805/14/18 795/14/1
f 798/6/6 807/8/15 797/8/5
f 793/14/3 810/9/11 809/14/10
f 810/9/11 793/14/3 794/9/2
f 808/6/9 794/9/2 796/6/4
f 806/11/17 795/15/1 805/15/18
f 795/15/1 806/11/17 800/11/8
f 806/11/17 799/10/7 800/11/8
f 808/13/9 797/12/5 807/12/15
f 813/1/1 812/2/2 811/1/3
f 812/2/2 813/1/1 814/3/4
f 814/3/4 813/1/1 815/4/5
f 815/4/5 813/1/1 816/5/6
f 816/5/6 813/1/1 817/3/7
f 817/3/7 813/1/1 818/2/8
f 826/3/9 827/1/10 828/2/11
f 820/6/12 817/7/7 822/7/13
f 817/7/7 820/6/12 819/6/14
f 825/8/15 816/6/6 821/6/16
f 812/9/2 826/6/9 828/9/11
f 817/10/7 824/11/17 822/10/13
f 815/12/5 826/13/9 814/13/4
f 819/5/14 816/5/6 817/3/7
f 821/5/16 819/5/14 820/5/12
f 819/5/14 821/5/16 816/5/6
f 820/5/12 822/3/13 821/5/16
f 823/1/18 821/5/16 822/3/13
f 823/1/18 822/3/13 824/2/17
f 823/1/18 825/4/15 821/5/16
f 823/1/18 826/3/9 825/4/15
f 827/1/10 826/3/9 823/1/18
f 823/14/18 811/14/3 827/14/10
f 811/14/3 823/14/18 813/14/1
f 816/6/6 825/8/15 815/8/5
f 811/14/3 828/9/11 827/14/10
f 828/9/11 811/14/3 812/9/2
f 826/6/9 812/9/2 814/6/4
f 824/11/17 813/15/1 823/15/18
f 813/15/1 824/11/17 818/11/8
f 824/11/17 817/10/7 818/11/8
f 826/13/9 815/12/5 825/12/15
f 831/1/1 830/2/2 829/1/3
f 830/2/2 831/1/1 832/3/4
f 832/3/4 831/1/1 833/4/5
f 833/4/5 831/1/1 834/5/6
f 834/5/6 831/1/1 835/3/7
f 835/3/7 831/1/1 836/2/8
f 844/3/9 845/1/10 846/2/11
f 838/6/12 835/7/7 840/7/13
f 835/7/7 838/6/12 837/6/14
f 843/8/15 834/6/6 839/6/16
f 830/9/2 844/6/9 846/9/11
f 835/10/7 842/11/17 840/10/13
f 833/12/5 844/13/9 832/13/4
f 837/5/14 834/5/6 835/3/7
f 839/5/16 837/5/14 838/5/12
f 837/5/14 839/5/16 834/5/6
f 838/5/12 840/3/13 839/5/16
f 841/1/18 839/5/16 840/3/13
f 841/1/18 840/3/13 842/2/17
f 841/1/18 843/4/15 839/5/16
f 841/1/18 844/3/9 843/4/15
f 845/1/10 844/3/9 841/1/18
f 841/14/18 829/14/3 845/14/10
f 829/14/3 841/14/18 831/14/1
f 834/6/6 843/8/15 833/8/5
f 829/14/3 846/9/11 845/14/10
f 846/9/11 829/14/3 830/9/2
f 844/6/9 830/9/2 832/6/4
f 842/11/17 831/15/1 841/15/18
f 831/15/1 842/11/17 836/11/8
f 842/11/17 835/10/7 836/11/8
f 844/13/9 833/12/5 843/12/15
f 849/1/1 848/2/2 847/1/3
f 848/2/2 849/1/1 850/3/4
f 850/3/4 849/1/1 851/4/5
f 851/4/5 849/1/1 852/5/6
f 852/5/6 849/1/1 853/3/7
f 853/3/7 849/1/1 854/2/8
f 862/3/9 863/1/10 864/2/11
f 856/6/12 853/7/7 858/7/13
f 853/7/7 856/6/12 855/6/14
f 861/8/15 852/6/6 857/6/16
f 848/9/2 862/6/9 864/9/11
f 853/10/7 860/11/17 858/10/13
f 851/12/5 862/13/9 850/13/4
f 855/5/14 852/5/6 853/3/7
f 857/5/16 855/5/14 856/5/12
f 855/5/14 857/5/16 852/5/6
f 856/5/12 858/3/13 857/5/16
f 859/1/18 857/5/16 858/3/13
f 859/1/18 858/3/13 860/2/17
f 859/1/18 861/4/15 857/5/16
f 859/1/18 862/3/9 861/4/15
f 863/1/10 862/3/9 859/1/18
f 859/14/18 847/14/3 863/14/10
f 847/14/3 859/14/18 849/14/1
f 852/6/6 861/8/15 851/8/5
f 847/14/3 864/9/11 863/14/10
f 864/9/11 847/14/3 848/9/2
f 862/6/9 848/9/2 850/6/4
f 860/11/17 849/15/1 859/15/18
f 849/15/1 860/11/17 854/11/8
f 860/11/17 853/10/7 854/11/8
f 862/13/9 851/12/5 861/12/15
f 867/1/1 866/2/2 865/1/3
f 866/2/2 867/1/1 868/3/19
f 868/3/19 867/1/1 869/4/5
f 869/4/5 867/1/1 870/5/6
f 870/5/6 867/1/1 871/3/7
f 871/3/7 867/1/1 872/2/8
f 880/3/9 881/1/10 882/2/11
f 874/6/12 871/7/7 876/7/13
f 871/7/7 874/6/12 873/6/14
f 879/8/15 870/6/6 875/6/16
f 866/9/2 880/6/9 882/9/11
f 871/10/7 878/11/17 876/10/13
f 869/12/5 880/13/9 868/13/19
f 873/5/14 870/5/6 871/3/7
f 875/5/16 873/5/14 874/5/12
f 873/5/14 875/5/16 870/5/6
f 874/5/12 876/3/13 875/5/16
f 877/1/18 875/5/16 876/3/13
f 877/1/18 876/3/13 878/2/17
f 877/1/18 879/4/15 875/5/16
f 877/1/18 880/3/9 879/4/15
f 881/1/10 880/3/9 877/1/18
f 877/14/18 865/14/3 881/14/10
f 865/14/3 877/14/18 867/14/1
f 870/6/6 879/8/15 869/8/5
f 865/14/3 882/9/11 881/14/10
f 882/9/11 865/14/3 866/9/2
f 880/6/9 866/9/2 868/6/19
f 878/11/17 867/15/1 877/15/18
f 867/15/1 878/11/17 872/11/8
f 878/11/17 871/10/7 872/11/8
f 880/13/9 869/12/5 879/12/15
f 885/1/1 884/2/2 883/1/3
f 884/2/2 885/1/1 886/3/4
f 886/3/4 885/1/1 887/4/5
f 887/4/5 885/1/1 888/5/6
f 888/5/6 885/1/1 889/3/21
f 889/3/21 885/1/1 890/2/8
f 898/3/9 899/1/10 900/2/11
f 892/6/12 889/7/21 894/7/13
f 889/7/21 892/6/12 891/6/14
f 897/8/15 888/6/6 893/6/16
f 884/9/2 898/6/9 900/9/11
f 889/10/21 896/11/17 894/10/13
f 887/12/5 898/13/9 886/13/4
f 891/5/14 888/5/6 889/3/21
f 893/5/16 891/5/14 892/5/12
f 891/5/14 893/5/16 888/5/6
f 892/5/12 894/3/13 893/5/16
f 895/1/18 893/5/16 894/3/13
f 895/1/18 894/3/13 896/2/17
f 895/1/18 897/4/15 893/5/16
f 895/1/18 898/3/9 897/4/15
f 899/1/10 898/3/9 895/1/18
f 895/14/18 883/14/3 899/14/10
f 883/14/3 895/14/18 885/14/1
f 888/6/6 897/8/15 887/8/5
f 883/14/3 900/9/11 899/14/10
f 900/9/11 883/14/3 884/9/2
f 898/6/9 884/9/2 886/6/4
f 896/11/17 885/15/1 895/15/18
f 885/15/1 896/11/17 890/11/8
f 896/11/17 889/10/21 890/11/8
f 898/13/9 887/12/5 897/12/15
f 903/1/1 902/2/2 901/1/3
f 902/2/2 903/1/1 904/3/4
f 904/3/4 903/1/1 905/4/5
f 905/4/5 903/1/1 906/5/6
f 906/5/6 903/1/1 907/3/7
f 907/3/7 903/1/1 908/2/8
f 916/3/9 917/1/10 918/2/11
f 910/6/12 907/7/7 912/7/13
f 907/7/7 910/6/12 909/6/14
f 915/8/15 906/6/6 911/6/16
f 902/9/2 916/6/9 918/9/11
f 907/10/7 914/11/17 912/10/13
f 905/12/5 916/13/9 904/13/4
f 909/5/14 906/5/6 907/3/7
f 911/5/16 909/5/14 910/5/12
f 909/5/14 911/5/16 906/5/6
f 910/5/12 912/3/13 911/5/16
f 913/1/18 911/5/16 912/3/13
f 913/1/18 912/3/13 914/2/17
f 913/1/18 915/4/15 911/5/16
f 913/1/18 916/3/9 915/4/15
f 917/1/10 916/3/9 913/1/18
f 913/14/18 901/14/3 917/14/10
f 901/14/3 913/14/18 903/14/1
f 906/6/6 915/8/15 905/8/5
f 901/14/3 918/9/11 917/14/10
f 918/9/11 901/14/3 902/9/2
f 916/6/9 902/9/2 904/6/4
f 914/11/17 903/15/1 913/15/18
f 903/15/1 914/11/17 908/11/8
f 914/11/17 907/10/7 908/11/8
f 916/13/9 905/12/5 915/12/15
f 921/1/1 920/2/2 919/1/3
f 920/2/2 921/1/1 922/3/4
f 922/3/4 921/1/1 923/4/5
f 923/4/5 921/1/1 924/5/6
f 924/5/6 921/1/1 925/3/7
f 925/3/7 921/1/1 926/2/8
f 934/3/9 935/1/10 936/2/11
f 928/6/12 925/7/7 930/7/13
f 925/7/7 928/6/12 927/6/14
f 933/8/15 924/6/6 929/6/16
f 920/9/2 934/6/9 936/9/11
f 925/10/7 932/11/17 930/10/13
f 923/12/5 934/13/9 922/13/4
f 927/5/14 924/5/6 925/3/7
f 929/5/16 927/5/14 928/5/12
f 927/5/14 929/5/16 924/5/6
f 928/5/12 930/3/13 929/5/16
f 931/1/18 929/5/16 930/3/13
f 931/1/18 930/3/13 932/2/17
f 931/1/18 933/4/15 929/5/16
f 931/1/18 934/3/9 933/4/15
f 935/1/10 934/3/9 931/1/18
f 931/14/18 919/14/3 935/14/10
f 919/14/3 931/14/18 921/14/1
f 924/6/6 933/8/15 923/8/5
f 919/14/3 936/9/11 935/14/10
f 936/9/11 919/14/3 920/9/2
f 934/6/9 920/9/2 922/6/4
f 932/11/17 921/15/1 931/15/18
f 921/15/1 932/11/17 926/11/8
f 932/11/17 925/10/7 926/11/8
f 934/13/9 923/12/5 933/12/15
f 939/1/1 938/2/2 937/1/3
f 938/2/2 939/1/1 940/3/4
f 940/3/4 939/1/1 941/4/5
f 941/4/5 939/1/1 942/5/6
f 942/5/6 939/1/1 943/3/7
f 943/3/7 939/1/1 944/2/8
f 952/3/9 953/1/10 954/2/11
f 946/6/12 943/7/7 948/7/13
f 943/7/7 946/6/12 945/6/14
f 951/8/15 942/6/6 947/6/16
f 938/9/2 952/6/9 954/9/11
f 943/10/7 950/11/17 948/10/13
f 941/12/5 952/13/9 940/13/4
f 945/5/14 942/5/6 943/3/7
f 947/5/16 945/5/14 946/5/12
f 945/5/14 947/5/16 942/5/6
f 946/5/12 948/3/13 947/5/16
f 949/1/18 947/5/16 948/3/13
f 949/1/18 948/3/13 950/2/17
f 949/1/18 951/4/15 947/5/16
f 949/1/18 952/3/9 951/4/15
f 953/1/10 952/3/9 949/1/18
f 949/14/18 937/14/3 953/14/10
f 937/14/3 949/14/18 939/14/1
f 942/6/6 951/8/15 941/8/5
f 937/14/3 954/9/11 953/14/10
f 954/9/11 937/14/3 938/9/2
f 952/6/9 938/9/2 940/6/4
f 950/11/17 939/15/1 949/15/18
f 939/15/1 950/11/17 944/11/8
f 950/11/17 943/10/7 944/11/8
f 952/13/9 941/12/5 951/12/15
f 957/1/1 956/2/2 955/1/3
f 956/2/2 957/1/1 958/3/19
f 958/3/19 957/1/1 959/4/5
f 959/4/5 957/1/1 960/5/6
f 960/5/6 957/1/1 961/3/7
f 961/3/7 957/1/1 962/2/8
f 970/3/9 971/1/10 972/2/11
f 964/6/12 961/7/7 966/7/13
f 961/7/7 964/6/12 963/6/14
f 969/8/15 960/6/6 965/6/16
f 956/9/2 970/6/9 972/9/11
f 961/10/7 968/11/17 966/10/13
f 959/12/5 970/13/9 958/13/19
f 963/5/14 960/5/6 961/3/7
f 965/5/16 963/5/14 964/5/12
f 963/5/14 965/5/16 960/5/6
f 964/5/12 966/3/13 965/5/16
f 967/1/18 965/5/16 966/3/13
f 967/1/18 966/3/13 968/2/17
f 967/1/18 969/4/15 965/5/16
f 967/1/18 970/3/9 969/4/15
f 971/1/10 970/3/9 967/1/18
f 967/14/18 955/14/3 971/14/10
f 955/14/3 967/14/18 957/14/1
f 960/6/6 969/8/15 959/8/5
f 955/14/3 972/9/11 971/14/10
f 972/9/11 955/14/3 956/9/2
f 970/6/9 956/9/2 958/6/19
f 968/11/17 957/15/1 967/15/18
f 957/15/1 968/11/17 962/11/8
f 968/11/17 961/10/7 962/11/8
f 970/13/9 959/12/5 969/12/15
f 975/1/1 974/2/2 973/1/3
f 974/2/2 975/1/1 976/3/4
f 976/3/4 975/1/1 977/4/5
f 977/4/5 975/1/1 978/5/6
f 978/5/6 975/1/1 979/3/7
f 979/3/7 975/1/1 980/2/8
f 988/3/9 989/1/10 990/2/11
f 982/6/12 979/7/7 984/7/13
f 979/7/7 982/6/12 981/6/14
f 987/8/15 978/6/6 983/6/16
f 974/9/2 988/6/9 990/9/11
f 979/10/7 986/11/17 984/10/13
f 977/12/5 988/13/9 976/13/4
f 981/5/14 978/5/6 979/3/7
f 983/5/16 981/5/14 982/5/12
f 981/5/14 983/5/16 978/5/6
f 982/5/12 984/3/13 983/5/16
f 985/1/18 983/5/16 984/3/13
f 985/1/18 984/3/13 986/2/17
f 985/1/18 987/4/15 983/5/16
f 985/1/18 988/3/9 987/4/15
f 989/1/10 988/3/9 985/1/18
f 985/14/18 973/14/3 989/14/10
f 973/14/3 985/14/18 975/14/1
f 978/6/6 987/8/15 977/8/5
f 973/14/3 990/9/11 989/14/10
f 990/9/11 973/14/3 974/9/2
f 988/6/9 974/9/2 976/6/4
f 986/11/17 975/15/1 985/15/18
f 975/15/1 986/11/17 980/11/8
f 986/11/17 979/10/7 980/11/8
f 988/13/9 977/12/5 987/12/15
f 993/1/1 992/2/2 991/1/3
f 992/2/2 993/1/1 994/3/4
f 994/3/4 993/1/1 995/4/5
f 995/4/5 993/1/1 996/5/6
f 996/5/6 993/1/1 997/3/7
f 997/3/7 993/1/1 998/2/8
f 1006/3/9 1007/1/10 1008/2/11
f 1000/6/12 997/7/7 1002/7/13
f 997/7/7 1000/6/12 999/6/14
f 1005/8/15 996/6/6 1001/6/16
f 992/9/2 1006/6/9 1008/9/11
f 997/10/7 1004/11/17 1002/10/13
f 995/12/5 1006/13/9 994/13/4
f 999/5/14 996/5/6 997/3/7
f 1001/5/16 999/5/14 1000/5/12
f 999/5/14 1001/5/16 996/5/6
f 1000/5/12 1002/3/13 1001/5/16
f 1003/1/18 1001/5/16 1002/3/13
f 1003/1/18 1002/3/13 1004/2/17
f 1003/1/18 1005/4/15 1001/5/16
f 1003/1/18 1006/3/9 1005/4/15
f 1007/1/10 1006/3/9 1003/1/18
f 1003/14/18 991/14/3 1007/14/10
f 991/14/3 1003/14/18 993/14/1
f 996/6/6 1005/8/15 995/8/5
f 991/14/3 1008/9/11 1007/14/10
f 1008/9/11 991/14/3 992/9/2
f 1006/6/9 992/9/2 994/6/4
f 1004/11/17 993/15/1 1003/15/18
f 993/15/1 1004/11/17 998/11/8
f 1004/11/17 997/10/7 998/11/8
f 1006/13/9 995/12/5 1005/12/15
f 1011/1/1 1010/2/2 1009/1/3
f 1010/2/2 1011/1/1 1012/3/4
f 1012/3/4 1011/1/1 1013/4/5
f 1013/4/5 1011/1/1 1014/5/6
f 1014/5/6 1011/1/1 1015/3/7
f 1015/3/7 1011/1/1 1016/2/8
f 1024/3/9 1025/1/10 1026/2/11
f 1018/6/12 1015/7/7 1020/7/13
f 1015/7/7 1018/6/12 1017/6/14
f 1023/8/15 1014/6/6 1019/6/16
f 1010/9/2 1024/6/9 1026/9/11
f 1015/10/7 1022/11/17 1020/10/13
f 1013/12/5 1024/13/9 1012/13/4
f 1017/5/14 1014/5/6 1015/3/7
f 1019/5/16 1017/5/14 1018/5/12
f 1017/5/14 1019/5/16 1014/5/6
f 1018/5/12 1020/3/13 1019/5/16
f 1021/1/18 1019/5/16 1020/3/13
f 1021/1/18 1020/3/13 1022/2/17
f 1021/1/18 1023/4/15 1019/5/16
f 1021/1/18 1024/3/9 1023/4/15
f 1025/1/10 1024/3/9 1021/1/18
f 1021/14/18 1009/14/3 1025/14/10
f 1009/14/3 1021/14/18 1011/14/1
f 1014/6/6 1023/8/15 1013/8/5
f 1009/14/3 1026/9/11 1025/14/10
f 1026/9/11 1009/14/3 1010/9/2
f 1024/6/9 1010/9/2 1012/6/4
f 1022/11/17 1011/15/1 1021/15/18
f 1011/15/1 1022/11/17 1016/11/8
f 1022/11/17 1015/10/7 1016/11/8
f 1024/13/9 1013/12/5 1023/12/15
f 1029/1/1 1028/2/2 1027/1/3
f 1028/2/2 1029/1/1 1030/3/4
f 1030/3/4 1029/1/1 1031/4/5
f 1031/4/5 1029/1/1 1032/5/6
f 1032/5/6 1029/1/1 1033/3/7
f 1033/3/7 1029/1/1 1034/2/8
f 1042/3/9 1043/1/10 1044/2/11
f 1036/6/12 1033/7/7 1038/7/13
f 1033/7/7 1036/6/12 1035/6/14
f 1041/8/15 1032/6/6 1037/6/16
f 1028/9/2 1042/6/9 1044/9/11
f 1033/10/7 1040/11/17 1038/10/13
f 1031/12/5 1042/13/9 1030/13/4
f 1035/5/14 1032/5/6 1033/3/7
f 1037/5/16 1035/5/14 1036/5/12
f 1035/5/14 1037/5/16 1032/5/6
f 1036/5/12 1038/3/13 1037/5/16
f 1039/1/18 1037/5/16 1038/3/13
f 1039/1/18 1038/3/13 1040/2/17
f 1039/1/18 1041/4/15 1037/5/16
f 1039/1/18 1042/3/9 1041/4/15
f 1043/1/10 1042/3/9 1039/1/18
f 1039/14/18 1027/14/3 1043/14/10
f 1027/14/3 1039/14/18 1029/14/1
f 1032/6/6 1041/8/15 1031/8/5
f 1027/14/3 1044/9/11 1043/14/10
f 1044/9/11 1027/14/3 1028/9/2
f 1042/6/9 1028/9/2 1030/6/4
f 1040/11/17 1029/15/1 1039/15/18
f 1029/15/1 1040/11/17 1034/11/8
f 1040/11/17 1033/10/7 1034/11/8
f 1042/13/9 1031/12/5 1041/12/15
f 1047/1/1 1046/2/2 1045/1/3
f 1046/2/2 1047/1/1 1048/3/4
f 1048/3/4 1047/1/1 1049/4/5
f 1049/4/5 1047/1/1 1050/5/6
f 1050/5/6 1047/1/1 1051/3/7
f 1051/3/7 1047/1/1 1052/2/8
f 1060/3/9 1061/1/10 1062/2/11
f 1054/6/12 1051/7/7 1056/7/13
f 1051/7/7 1054/6/12 1053/6/14
f 1059/8/15 1050/6/6 1055/6/16
f 1046/9/2 1060/6/9 1062/9/11
f 1051/10/7 1058/11/17 1056/10/13
f 1049/12/5 1060/13/9 1048/13/4
f 1053/5/14 1050/5/6 1051/3/7
f 1055/5/16 1053/5/14 1054/5/12
f 1053/5/14 1055/5/16 1050/5/6
f 1054/5/12 1056/3/13 1055/5/16
f 1057/1/18 1055/5/16 1056/3/13
f 1057/1/18 1056/3/13 1058/2/17
f 1057/1/18 1059/4/15 1055/5/16
f 1057/1/18 1060/3/9 1059/4/15
f 1061/1/10 1060/3/9 1057/1/18
f 1057/14/18 1045/14/3 1061/14/10
f 1045/14/3 1057/14/18 1047/14/1
f 1050/6/6 1059/8/15 1049/8/5
f 1045/14/3 1062/9/11 1061/14/10
f 1062/9/11 1045/14/3 1046/9/2
f 1060/6/9 1046/9/2 1048/6/4
f 1058/11/17 1047/15/1 1057/15/18
f 1047/15/1 1058/11/17 1052/11/8
f 1058/11/17 1051/10/7 1052/11/8
f 1060/13/9 1049/12/5 1059/12/15
f 1065/1/1 1064/2/2 1063/1/3
f 1064/2/2 1065/1/1 1066/3/4
f 1066/3/4 1065/1/1 1067/4/5
f 1067/4/5 1065/1/1 1068/5/6
f 1068/5/6 1065/1/1 1069/3/7
f 1069/3/7 1065/1/1 1070/2/8
f 1078/3/9 1079/1/10 1080/2/11
f 1072/6/12 1069/7/7 1074/7/13
f 1069/7/7 1072/6/12 1071/6/14
f 1077/8/15 1068/6/6 1073/6/16
f 1064/9/2 1078/6/9 1080/9/11
f 1069/10/7 1076/11/17 1074/10/13
f 1067/12/5 1078/13/9 1066/13/4
f 1071/5/14 1068/5/6 1069/3/7
f 1073/5/16 1071/5/14 1072/5/12
f 1071/5/14 1073/5/16 1068/5/6
f 1072/5/12 1074/3/13 1073/5/16
f 1075/1/18 1073/5/16 1074/3/13
f 1075/1/18 1074/3/13 1076/2/17
f 1075/1/18 1077/4/15 1073/5/16
f 1075/1/18 1078/3/9 1077/4/15
f 1079/1/10 1078/3/9 1075/1/18
f 1075/14/18 1063/14/3 1079/14/10
f 1063/14/3 1075/14/18 1065/14/1
f 1068/6/6 1077/8/15 1067/8/5
f 1063/14/3 1080/9/11 1079/14/10
f 1080/9/11 1063/14/3 1064/9/2
f 1078/6/9 1064/9/2 1066/6/4
f 1076/11/17 1065/15/1 1075/15/18
f 1065/15/1 1076/11/17 1070/11/8
f 1076/11/17 1069/10/7 1070/11/8
f 1078/13/9 1067/12/5 1077/12/15
f 1083/1/1 1082/2/2 1081/1/3
f 1082/2/2 1083/1/1 1084/3/4
f 1084/3/4 1083/1/1 1085/4/5
f 1085/4/5 1083/1/1 1086/5/6
f 1086/5/6 1083/1/1 1087/3/7
f 1087/3/7 1083/1/1 1088/2/8
f 1096/3/9 1097/1/10 1098/2/11
f 1090/6/12 1087/7/7 1092/7/13
f 1087/7/7 1090/6/12 1089/6/14
f 1095/8/15 1086/6/6 1091/6/16
f 1082/9/2 1096/6/9 1098/9/11
f 1087/10/7 1094/11/17 1092/10/13
f 1085/12/5 1096/13/9 1084/13/4
f 1089/5/14 1086/5/6 1087/3/7
f 1091/5/16 1089/5/14 1090/5/12
f 1089/5/14 1091/5/16 1086/5/6
f 1090/5/12 1092/3/13 1091/5/16
f 1093/1/18 1091/5/16 1092/3/13
f 1093/1/18 1092/3/13 1094/2/17
f 1093/1/18 1095/4/15 1091/5/16
f 1093/1/18 1096/3/9 1095/4/15
f 1097/1/10 1096/3/9 1093/1/18
f 1093/14/18 1081/14/3 1097/14/10
f 1081/14/3 1093/14/18 1083/14/1
f 1086/6/6 1095/8/15 1085/8/5
f 1081/14/3 1098/9/11 1097/14/10
f 1098/9/11 1081/14/3 1082/9/2
f 1096/6/9 1082/9/2 1084/6/4
f 1094/11/17 1083/15/1 1093/15/18
f 1083/15/1 1094/11/17 1088/11/8
f 1094/11/17 1087/10/7 1088/11/8
f 1096/13/9 1085/12/5 1095/12/15
f 1101/1/1 1100/2/2 1099/1/3
f 1100/2/2 1101/1/1 1102/3/4
f 1102/3/4 1101/1/1 1103/4/5
f 1103/4/5 1101/1/1 1104/5/6
f 1104/5/6 1101/1/1 1105/3/7
f 1105/3/7 1101/1/1 1106/2/8
f 1114/3/9 1115/1/10 1116/2/11
f 1108/6/12 1105/7/7 1110/7/13
f 1105/7/7 1108/6/12 1107/6/14
f 1113/8/15 1104/6/6 1109/6/16
f 1100/9/2 1114/6/9 1116/9/11
f 1105/10/7 1112/11/17 1110/10/13
f 1103/12/5 1114/13/9 1102/13/4
f 1107/5/14 1104/5/6 1105/3/7
f 1109/5/16 1107/5/14 1108/5/12
f 1107/5/14 1109/5/16 1104/5/6
f 1108/5/12 1110/3/13 1109/5/16
f 1111/1/18 1109/5/16 1110/3/13
f 1111/1/18 1110/3/13 1112/2/17
f 1111/1/18 1113/4/15 1109/5/16
f 1111/1/18 1114/3/9 1113/4/15
f 1115/1/10 1114/3/9 1111/1/18
f 1111/14/18 1099/14/3 1115/14/10
f 1099/14/3 1111/14/18 1101/14/1
f 1104/6/6 1113/8/15 1103/8/5
f 1099/14/3 1116/9/11 1115/14/10
f 1116/9/11 1099/14/3 1100/9/2
f 1114/6/9 1100/9/2 1102/6/4
f 1112/11/17 1101/15/1 1111/15/18
f 1101/15/1 1112/11/17 1106/11/8
f 1112/11/17 1105/10/7 1106/11/8
f 1114/13/9 1103/12/5 1113/12/15
f 1119/1/1 1118/2/2 1117/1/3
f 1118/2/2 1119/1/1 1120/3/4
f 1120/3/4 1119/1/1 1121/4/5
f 1121/4/5 1119/1/1 1122/5/6
f 1122/5/6 1119/1/1 1123/3/7
f 1123/3/7 1119/1/1 1124/2/8
f 1132/3/9 1133/1/10 1134/2/11
f 1126/6/12 1123/7/7 1128/7/13
f 1123/7/7 1126/6/12 1125/6/14
f 1131/8/15 1122/6/6 1127/6/16
f 1118/9/2 1132/6/9 1134/9/11
f 1123/10/7 1130/11/17 1128/10/13
f 1121/12/5 1132/13/9 1120/13/4
f 1125/5/14 1122/5/6 1123/3/7
f 1127/5/16 1125/5/14 1126/5/12
f 1125/5/14 1127/5/16 1122/5/6
f 1126/5/12 1128/3/13 1127/5/16
f 1129/1/18 1127/5/16 1128/3/13
f 1129/1/18 1128/3/13 1130/2/17
f 1129/1/18 1131/4/15 1127/5/16
f 1129/1/18 1132/3/9 1131/4/15
f 1133/1/10 1132/3/9 1129/1/18
f 1129/14/18 1117/14/3 1133/14/10
f 1117/14/3 1129/14/18 1119/14/1
f 1122/6/6 1131/8/15 1121/8/5
f 1117/14/3 1134/9/11 1133/14/10
f 1134/9/11 1117/14/3 1118/9/2
f 1132/6/9 1118/9/2 1120/6/4
f 1130/11/17 1119/15/1 1129/15/18
f 1119/15/1 1130/11/17 1124/11/8
f 1130/11/17 1123/10/7 1124/11/8
f 1132/13/9 1121/12/5 1131/12/15
f 1137/1/1 1136/2/2 1135/1/3
f 1136/2/2 1137/1/1 1138/3/4
f 1138/3/4 1137/1/1 1139/4/5
f 1139/4/5 1137/1/1 1140/5/6
f 1140/5/6 1137/1/1 1141/3/7
f 1141/3/7 1137/1/1 1142/2/8
f 1150/3/9 1151/1/10 1152/2/11
f 1144/6/12 1141/7/7 1146/7/13
f 1141/7/7 1144/6/12 1143/6/14
f 1149/8/15 1140/6/6 1145/6/16
f 1136/9/2 1150/6/9 1152/9/11
f 1141/10/7 1148/11/17 1146/10/13
f 1139/12/5 1150/13/9 1138/13/4
f 1143/5/14 1140/5/6 1141/3/7
f 1145/5/16 1143/5/14 1144/5/12
f 1143/5/14 1145/5/16 1140/5/6
f 1144/5/12 1146/3/13 1145/5/16
f 1147/1/18 1145/5/16 1146/3/13
f 1147/1/18 1146/3/13 1148/2/17
f 1147/1/18 1149/4/15 1145/5/16
f 1147/1/18 1150/3/9 1149/4/15
f 1151/1/10 1150/3/9 1147/1/18
f 1147/14/18 1135/14/3 1151/14/10
f 1135/14/3 1147/14/18 1137/14/1
f 1140/6/6 1149/8/15 1139/8/5
f 1135/14/3 1152/9/11 1151/14/10
f 1152/9/11 1135/14/3 1136/9/2
f 1150/6/9 1136/9/2 1138/6/4
f 1148/11/17 1137/15/1 1147/15/18
f 1137/15/1 1148/11/17 1142/11/8
f 1148/11/17 1141/10/7 1142/11/8
f 1150/13/9 1139/12/5 1149/12/15
f 1155/1/1 1154/2/2 1153/1/3
f 1154/2/2 1155/1/1 1156/3/4
f 1156/3/4 1155/1/1 1157/4/5
f 1157/4/5 1155/1/1 1158/5/6
f 1158/5/6 1155/1/1 1159/3/7
f 1159/3/7 1155/1/1 1160/2/8
f 1168/3/9 1169/1/10 1170/2/11
f 1162/6/12 1159/7/7 1164/7/13
f 1159/7/7 1162/6/12 1161/6/14
f 1167/8/15 1158/6/6 1163/6/16
f 1154/9/2 1168/6/9 1170/9/11
f 1159/10/7 1166/11/17 1164/10/13
f 1157/12/5 1168/13/9 1156/13/4
f 1161/5/14 1158/5/6 1159/3/7
f 1163/5/16 1161/5/14 1162/5/12
f 1161/5/14 1163/5/16 1158/5/6
f 1162/5/12 1164/3/13 1163/5/16
f 1165/1/18 1163/5/16 1164/3/13
f 1165/1/18 1164/3/13 1166/2/17
f 1165/1/18 1167/4/15 1163/5/16
f 1165/1/18 1168/3/9 1167/4/15
f 1169/1/10 1168/3/9 1165/1/18
f 1165/14/18 1153/14/3 1169/14/10
f 1153/14/3 1165/14/18 1155/14/1
f 1158/6/6 1167/8/15 1157/8/5
f 1153/14/3 1170/9/11 1169/14/10
f 1170/9/11 1153/14/3 1154/9/2
f 1168/6/9 1154/9/2 1156/6/4
f 1166/11/17 1155/15/1 1165/15/18
f 1155/15/1 1166/11/17 1160/11/8
f 1166/11/17 1159/10/7 1160/11/8
f 1168/13/9 1157/12/5 1167/12/15
f 1173/1/1 1172/2/2 1171/1/3
f 1172/2/2 1173/1/1 1174/3/4
f 1174/3/4 1173/1/1 1175/4/5
f 1175/4/5 1173/1/1 1176/5/6
f 1176/5/6 1173/1/1 1177/3/7
f 1177/3/7 1173/1/1 1178/2/8
f 1186/3/9 1187/1/10 1188/2/11
f 1180/6/12 1177/7/7 1182/7/13
f 1177/7/7 1180/6/12 1179/6/14
f 1185/8/15 1176/6/6 1181/6/16
f 1172/9/2 1186/6/9 1188/9/11
f 1177/10/7 1184/11/17 1182/10/13
f 1175/12/5 1186/13/9 1174/13/4
f 1179/5/14 1176/5/6 1177/3/7
f 1181/5/16 1179/5/14 1180/5/12
f 1179/5/14 1181/5/16 1176/5/6
f 1180/5/12 1182/3/13 1181/5/16
f 1183/1/18 1181/5/16 1182/3/13
f 1183/1/18 1182/3/13 1184/2/17
f 1183/1/18 1185/4/15 1181/5/16
f 1183/1/18 1186/3/9 1185/4/15
f 1187/1/10 1186/3/9 1183/1/18
f 1183/14/18 1171/14/3 1187/14/10
f 1171/14/3 1183/14/18 1173/14/1
f 1176/6/6 1185/8/15 1175/8/5
f 1171/14/3 1188/9/11 1187/14/10
f 1188/9/11 1171/14/3 1172/9/2
f 1186/6/9 1172/9/2 1174/6/4
f 1184/11/17 1173/15/1 1183/15/18
f 1173/15/1 1184/11/17 1178/11/8
f 1184/11/17 1177/10/7 1178/11/8
f 1186/13/9 1175/12/5 1185/12/15
f 1191/1/1 1190/2/2 1189/1/3
f 1190/2/2 1191/1/1 1192/3/4
f 1192/3/4 1191/1/1 1193/4/5
f 1193/4/5 1191/1/1 1194/5/6
f 1194/5/6 1191/1/1 1195/3/7
f 1195/3/7 1191/1/1 1196/2/8
f 1204/3/9 1205/1/10 1206/2/11
f 1198/6/12 1195/7/7 1200/7/13
f 1195/7/7 1198/6/12 1197/6/14
f 1203/8/15 1194/6/6 1199/6/16
f 1190/9/2 1204/6/9 1206/9/11
f 1195/10/7 1202/11/17 1200/10/13
f 1193/12/5 1204/13/9 1192/13/4
f 1197/5/14 1194/5/6 1195/3/7
f 1199/5/16 1197/5/14 1198/5/12
f 1197/5/14 1199/5/16 1194/5/6
f 1198/5/12 1200/3/13 1199/5/16
f 1201/1/18 1199/5/16 1200/3/13
f 1201/1/18 1200/3/13 1202/2/17
f 1201/1/18 1203/4/15 1199/5/16
f 1201/1/18 1204/3/9 1203/4/15
f 1205/1/10 1204/3/9 1201/1/18
f 1201/14/18 1189/14/3 1205/14/10
f 1189/14/3 1201/14/18 1191/14/1
f 1194/6/6 1203/8/15 1193/8/5
f 1189/14/3 1206/9/11 1205/14/10
f 1206/9/11 1189/14/3 1190/9/2
f 1204/6/9 1190/9/2 1192/6/4
f 1202/11/17 1191/15/1 1201/15/18
f 1191/15/1 1202/11/17 1196/11/8
f 1202/11/17 1195/10/7 1196/11/8
f 1204/13/9 1193/12/5 1203/12/15
f 1209/1/1 1208/2/2 1207/1/3
f 1208/2/2 1209/1/1 1210/3/19
f 1210/3/19 1209/1/1 1211/4/5
f 1211/4/5 1209/1/1 1212/5/6
f 1212/5/6 1209/1/1 1213/3/7
f 1213/3/7 1209/1/1 1214/2/8
f 1222/3/9 1223/1/10 1224/2/11
f 1216/6/12 1213/7/7 1218/7/13
f 1213/7/7 1216/6/12 1215/6/14
f 1221/8/15 1212/6/6 1217/6/16
f 1208/9/2 1222/6/9 1224/9/11
f 1213/10/7 1220/11/17 1218/10/13
f 1211/12/5 1222/13/9 1210/13/19
f 1215/5/14 1212/5/6 1213/3/7
f 1217/5/16 1215/5/14 1216/5/12
f 1215/5/14 1217/5/16 1212/5/6
f 1216/5/12 1218/3/13 1217/5/16
f 1219/1/18 1217/5/16 1218/3/13
f 1219/1/18 1218/3/13 1220/2/17
f 1219/1/18 1221/4/15 1217/5/16
f 1219/1/18 1222/3/9 1221/4/15
f 1223/1/10 1222/3/9 1219/1/18
f 1219/14/18 1207/14/3 1223/14/10
f 1207/14/3 1219/14/18 1209/14/1
f 1212/6/6 1221/8/15 1211/8/5
f 1207/14/3 1224/9/11 1223/14/10
f 1224/9/11 1207/14/3 1208/9/2
f 1222/6/9 1208/9/2 1210/6/19
f 1220/11/17 1209/15/1 1219/15/18
f 1209/15/1 1220/11/17 1214/11/8
f 1220/11/17 1213/10/7 1214/11/8
f 1222/13/9 1211/12/5 1221/12/15
f 1227/1/1 1226/2/2 1225/1/3
f 1226/2/2 1227/1/1 1228/3/4
f 1228/3/4 1227/1/1 1229/4/5
f 1229/4/5 1227/1/1 1230/5/6
f 1230/5/6 1227/1/1 1231/3/7
f 1231/3/7 1227/1/1 1232/2/8
f 1240/3/9 1241/1/10 1242/2/11
f 1234/6/12 1231/7/7 1236/7/13
f 1231/7/7 1234/6/12 1233/6/14
f 1239/8/15 1230/6/6 1235/6/16
f 1226/9/2 1240/6/9 1242/9/11
f 1231/10/7 1238/11/17 1236/10/13
f 1229/12/5 1240/13/9 1228/13/4
f 1233/5/14 1230/5/6 1231/3/7
f 1235/5/16 1233/5/14 1234/5/12
f 1233/5/14 1235/5/16 1230/5/6
f 1234/5/12 1236/3/13 1235/5/16
f 1237/1/18 1235/5/16 1236/3/13
f 1237/1/18 1236/3/13 1238/2/17
f 1237/1/18 1239/4/15 1235/5/16
f 1237/1/18 1240/3/9 1239/4/15
f 1241/1/10 1240/3/9 1237/1/18
f 1237/14/18 1225/14/3 1241/14/10
f 1225/14/3 1237/14/18 1227/14/1
f 1230/6/6 1239/8/15 1229/8/5
f 1225/14/3 1242/9/11 1241/14/10
f 1242/9/11 1225/14/3 1226/9/2
f 1240/6/9 1226/9/2 1228/6/4
f 1238/11/17 1227/15/1 1237/15/18
f 1227/15/1 1238/11/17 1232/11/8
f 1238/11/17 1231/10/7 1232/11/8
f 1240/13/9 1229/12/5 1239/12/15
f 1245/1/1 1244/2/2 1243/1/3
f 1244/2/2 1245/1/1 1246/3/4
f 1246/3/4 1245/1/1 1247/4/5
f 1247/4/5 1245/1/1 1248/5/6
f 1248/5/6 1245/1/1 1249/3/7
f 1249/3/7 1245/1/1 1250/2/8
f 1258/3/9 1259/1/10 1260/2/11
f 1252/6/12 1249/7/7 1254/7/13
f 1249/7/7 1252/6/12 1251/6/14
f 1257/8/15 1248/6/6 1253/6/16
f 1244/9/2 1258/6/9 1260/9/11
f 1249/10/7 1256/11/17 1254/10/13
f 1247/12/5 1258/13/9 1246/13/4
f 1251/5/14 1248/5/6 1249/3/7
f 1253/5/16 1251/5/14 1252/5/12
f 1251/5/14 1253/5/16 1248/5/6
f 1252/5/12 1254/3/13 1253/5/16
f 1255/1/18 1253/5/16 1254/3/13
f 1255/1/18 1254/3/13 1256/2/17
f 1255/1/18 1257/4/15 1253/5/16
f 1255/1/18 1258/3/9 1257/4/15
f 1259/1/10 1258/3/9 1255/1/18
f 1255/14/18 1243/14/3 1259/14/10
f 1243/14/3 1255/14/18 1245/14/1
f 1248/6/6 1257/8/15 1247/8/5
f 1243/14/3 1260/9/11 1259/14/10
f 1260/9/11 1243/14/3 1244/9/2
f 1258/6/9 1244/9/2 1246/6/4
f 1256/11/17 1245/15/1 1255/15/18
f 1245/15/1 1256/11/17 1250/11/8
f 1256/11/17 1249/10/7 1250/11/8
f 1258/13/9 1247/12/5 1257/12/15
f 1263/1/1 1262/2/2 1261/1/3
f 1262/2/2 1263/1/1 1264/3/4
f 1264/3/4 1263/1/1 1265/4/5
f 1265/4/5 1263/1/1 1266/5/6
f 1266/5/6 1263/1/1 1267/3/7
f 1267/3/7 1263/1/1 1268/2/8
f 1276/3/9 1277/1/10 1278/2/11
f 1270/6/12 1267/7/7 1272/7/13
f 1267/7/7 1270/6/12 1269/6/14
f 1275/8/15 1266/6/6 1271/6/16
f 1262/9/2 1276/6/9 1278/9/11
f 1267/10/7 1274/11/17 1272/10/13
f 1265/12/5 1276/13/9 1264/13/4
f 1269/5/14 1266/5/6 1267/3/7
f 1271/5/16 1269/5/14 1270/5/12
f 1269/5/14 1271/5/16 1266/5/6
f 1270/5/12 1272/3/13 1271/5/16
f 1273/1/18 1271/5/16 1272/3/13
f 1273/1/18 1272/3/13 1274/2/17
f 1273/1/18 1275/4/15 1271/5/16
f 1273/1/18 1276/3/9 1275/4/15
f 1277/1/10 1276/3/9 1273/1/18
f 1273/14/18 1261/14/3 1277/14/10
f 1261/14/3 1273/14/18 1263/14/1
f 1266/6/6 1275/8/15 1265/8/5
f 1261/14/3 1278/9/11 1277/14/10
f 1278/9/11 1261/14/3 1262/9/2
f 1276/6/9 1262/9/2 1264/6/4
f 1274/11/17 1263/15/1 1273/15/18
f 1263/15/1 1274/11/17 1268/11/8
f 1274/11/17 1267/10/7 1268/11/8
f 1276/13/9 1265/12/5 1275/12/15
f 1281/1/1 1280/2/2 1279/1/3
f 1280/2/2 1281/1/1 1282/3/19
f 1282/3/19 1281/1/1 1283/4/5
f 1283/4/5 1281/1/1 1284/5/6
f 1284/5/6 1281/1/1 1285/3/7
f 1285/3/7 1281/1/1 1286/2/8
f 1294/3/9 1295/1/10 1296/2/11
f 1288/6/12 1285/7/7 1290/7/13
f 1285/7/7 1288/6/12 1287/6/14
f 1293/8/15 1284/6/6 1289/6/16
f 1280/9/2 1294/6/9 1296/9/11
f 1285/10/7 1292/11/17 1290/10/13
f 1283/12/5 1294/13/9 1282/13/19
f 1287/5/14 1284/5/6 1285/3/7
f 1289/5/16 1287/5/14 1288/5/12
f 1287/5/14 1289/5/16 1284/5/6
f 1288/5/12 1290/3/13 1289/5/16
f 1291/1/18 1289/5/16 1290/3/13
f 1291/1/18 1290/3/13 1292/2/17
f 1291/1/18 1293/4/15 1289/5/16
f 1291/1/18 1294/3/9 1293/4/15
f 1295/1/10 1294/3/9 1291/1/18
f 1291/14/18 1279/14/3 1295/14/10
f 1279/14/3 1291/14/18 1281/14/1
f 1284/6/6 1293/8/15 1283/8/5
f 1279/14/3 1296/9/11 1295/14/10
f 1296/9/11 1279/14/3 1280/9/2
f 1294/6/9 1280/9/2 1282/6/19
f 1292/11/17 1281/15/1 1291/15/18
f 1281/15/1 1292/11/17 1286/11/8
f 1292/11/17 1285/10/7 1286/11/8
f 1294/13/9 1283/12/5 1293/12/15
f 1299/1/1 1298/2/2 1297/1/3
f 1298/2/2 1299/1/1 1300/3/4
f 1300/3/4 1299/1/1 1301/4/5
f 1301/4/5 1299/1/1 1302/5/6
f 1302/5/6 1299/1/1 1303/3/7
f 1303/3/7 1299/1/1 1304/2/8
f 1312/3/9 1313/1/10 1314/2/11
f 1306/6/12 1303/7/7 1308/7/20
f 1303/7/7 1306/6/12 1305/6/14
f 1311/8/15 1302/6/6 1307/6/16
f 1298/9/2 1312/6/9 1314/9/11
f 1303/10/7 1310/11/17 1308/10/20
f 1301/12/5 1312/13/9 1300/13/4
f 1305/5/14 1302/5/6 1303/3/7
f 1307/5/16 1305/5/14 1306/5/12
f 1305/5/14 1307/5/16 1302/5/6
f 1306/5/12 1308/3/20 1307/5/16
f 1309/1/18 1307/5/16 1308/3/20
f 1309/1/18 1308/3/20 1310/2/17
f 1309/1/18 1311/4/15 1307/5/16
f 1309/1/18 1312/3/9 1311/4/15
f 1313/1/10 1312/3/9 1309/1/18
f 1309/14/18 1297/14/3 1313/14/10
f 1297/14/3 1309/14/18 1299/14/1
f 1302/6/6 1311/8/15 1301/8/5
f 1297/14/3 1314/9/11 1313/14/10
f 1314/9/11 1297/14/3 1298/9/2
f 1312/6/9 1298/9/2 1300/6/4
f 1310/11/17 1299/15/1 1309/15/18
f 1299/15/1 1310/11/17 1304/11/8
f 1310/11/17 1303/10/7 1304/11/8
f 1312/13/9 1301/12/5 1311/12/15
f 1317/1/1 1316/2/2 1315/1/3
f 1316/2/2 1317/1/1 1318/3/4
f 1318/3/4 1317/1/1 1319/4/5
f 1319/4/5 1317/1/1 1320/5/6
f 1320/5/6 1317/1/1 1321/3/7
f 1321/3/7 1317/1/1 1322/2/8
f 1330/3/9 1331/1/10 1332/2/11
f 1324/6/12 1321/7/7 1326/7/13
f 1321/7/7 1324/6/12 1323/6/14
f 1329/8/15 1320/6/6 1325/6/16
f 1316/9/2 1330/6/9 1332/9/11
f 1321/10/7 1328/11/17 1326/10/13
f 1319/12/5 1330/13/9 1318/13/4
f 1323/5/14 1320/5/6 1321/3/7
f 1325/5/16 1323/5/14 1324/5/12
f 1323/5/14 1325/5/16 1320/5/6
f 1324/5/12 1326/3/13 1325/5/16
f 1327/1/18 1325/5/16 1326/3/13
f 1327/1/18 1326/3/13 1328/2/17
f 1327/1/18 1329/4/15 1325/5/16
f 1327/1/18 1330/3/9 1329/4/15
f 1331/1/10 1330/3/9 1327/1/18
f 1327/14/18 1315/14/3 1331/14/10
f 1315/14/3 1327/14/18 1317/14/1
f 1320/6/6 1329/8/15 1319/8/5
f 1315/14/3 1332/9/11 1331/14/10
f 1332/9/11 1315/14/3 1316/9/2
f 1330/6/9 1316/9/2 1318/6/4
f 1328/11/17 1317/15/1 1327/15/18
f 1317/15/1 1328/11/17 1322/11/8
f 1328/11/17 1321/10/7 1322/11/8
f 1330/13/9 1319/12/5 1329/12/15
f 1335/1/1 1334/2/2 1333/1/3
f 1334/2/2 1335/1/1 1336/3/4
f 1336/3/4 1335/1/1 1337/4/5
f 1337/4/5 1335/1/1 1338/5/6
f 1338/5/6 1335/1/1 1339/3/7
f 1339/3/7 1335/1/1 1340/2/8
f 1348/3/9 1349/1/10 1350/2/11
f 1342/6/12 1339/7/7 1344/7/13
f 1339/7/7 1342/6/12 1341/6/14
f 1347/8/15 1338/6/6 1343/6/16
f 1334/9/2 1348/6/9 1350/9/11
f 1339/10/7 1346/11/17 1344/10/13
f 1337/12/5 1348/13/9 1336/13/4
f 1341/5/14 1338/5/6 1339/3/7
f 1343/5/16 1341/5/14 1342/5/12
f 1341/5/14 1343/5/16 1338/5/6
f 1342/5/12 1344/3/13 1343/5/16
f 1345/1/18 1343/5/16 1344/3/13
f 1345/1/18 1344/3/13 1346/2/17
f 1345/1/18 1347/4/15 1343/5/16
f 1345/1/18 1348/3/9 1347/4/15
f 1349/1/10 1348/3/9 1345/1/18
f 1345/14/18 1333/14/3 1349/14/10
f 1333/14/3 1345/14/18 1335/14/1
f 1338/6/6 1347/8/15 1337/8/5
f 1333/14/3 1350/9/11 1349/14/10
f 1350/9/11 1333/14/3 1334/9/2
f 1348/6/9 1334/9/2 1336/6/4
f 1346/11/17 1335/15/1 1345/15/18
f 1335/15/1 1346/11/17 1340/11/8
f 1346/11/17 1339/10/7 1340/11/8
f 1348/13/9 1337/12/5 1347/12/15
f 1353/1/1 1352/2/2 1351/1/3
f 1352/2/2 1353/1/1 1354/3/4
f 1354/3/4 1353/1/1 1355/4/5
f 1355/4/5 1353/1/1 1356/5/6
f 1356/5/6 1353/1/1 1357/3/7
f 1357/3/7 1353/1/1 1358/2/8
f 1366/3/9 1367/1/10 1368/2/11
f 1360/6/12 1357/7/7 1362/7/13
f 1357/7/7 1360/6/12 1359/6/14
f 1365/8/15 1356/6/6 1361/6/16
f 1352/9/2 1366/6/9 1368/9/11
f 1357/10/7 1364/11/17 1362/10/13
f 1355/12/5 1366/13/9 1354/13/4
f 1359/5/14 1356/5/6 1357/3/7
f 1361/5/16 1359/5/14 1360/5/12
f 1359/5/14 1361/5/16 1356/5/6
f 1360/5/12 1362/3/13 1361/5/16
f 1363/1/18 1361/5/16 1362/3/13
f 1363/1/18 1362/3/13 1364/2/17
f 1363/1/18 1365/4/15 1361/5/16
f 1363/1/18 1366/3/9 1365/4/15
f 1367/1/10 1366/3/9 1363/1/18
f 1363/14/18 1351/14/3 1367/14/10
f 1351/14/3 1363/14/18 1353/14/1
f 1356/6/6 1365/8/15 1355/8/5
f 1351/14/3 1368/9/11 1367/14/10
f 1368/9/11 1351/14/3 1352/9/2
f 1366/6/9 1352/9/2 1354/6/4
f 1364/11/17 1353/15/1 1363/15/18
f 1353/15/1 1364/11/17 1358/11/8
f 1364/11/17 1357/10/7 1358/11/8
f 1366/13/9 1355/12/5 1365/12/15
f 1371/1/1 1370/2/2 1369/1/3
f 1370/2/2 1371/1/1 1372/3/19
f 1372/3/19 1371/1/1 1373/4/5
f 1373/4/5 1371/1/1 1374/5/6
f 1374/5/6 1371/1/1 1375/3/7
f 1375/3/7 1371/1/1 1376/2/8
f 1384/3/9 1385/1/10 1386/2/11
f 1378/6/12 1375/7/7 1380/7/13
f 1375/7/7 1378/6/12 1377/6/14
f 1383/8/15 1374/6/6 1379/6/16
f 1370/9/2 1384/6/9 1386/9/11
f 1375/10/7 1382/11/17 1380/10/13
f 1373/12/5 1384/13/9 1372/13/19
f 1377/5/14 1374/5/6 1375/3/7
f 1379/5/16 1377/5/14 1378/5/12
f 1377/5/14 1379/5/16 1374/5/6
f 1378/5/12 1380/3/13 1379/5/16
f 1381/1/18 1379/5/16 1380/3/13
f 1381/1/18 1380/3/13 1382/2/17
f 1381/1/18 1383/4/15 1379/5/16
f 1381/1/18 1384/3/9 1383/4/15
f 1385/1/10 1384/3/9 1381/1/18
f 1381/14/18 1369/14/3 1385/14/10
f 1369/14/3 1381/14/18 1371/14/1
f 1374/6/6 1383/8/15 1373/8/5
f 1369/14/3 1386/9/11 1385/14/10
f 1386/9/11 1369/14/3 1370/9/2
f 1384/6/9 1370/9/2 1372/6/19
f 1382/11/17 1371/15/1 1381/15/18
f 1371/15/1 1382/11/17 1376/11/8
f 1382/11/17 1375/10/7 1376/11/8
f 1384/13/9 1373/12/5 1383/12/15
f 1389/1/1 1388/2/2 1387/1/3
f 1388/2/2 1389/1/1 1390/3/4
f 1390/3/4 1389/1/1 1391/4/5
f 1391/4/5 1389/1/1 1392/5/6
f 1392/5/6 1389/1/1 1393/3/21
f 1393/3/21 1389/1/1 1394/2/8
f 1402/3/9 1403/1/10 1404/2/11
f 1396/6/12 1393/7/21 1398/7/13
f 1393/7/21 1396/6/12 1395/6/14
f 1401/8/15 1392/6/6 1397/6/16
f 1388/9/2 1402/6/9 1404/9/11
f 1393/10/21 1400/11/17 1398/10/13
f 1391/12/5 1402/13/9 1390/13/4
f 1395/5/14 1392/5/6 1393/3/21
f 1397/5/16 1395/5/14 1396/5/12
f 1395/5/14 1397/5/16 1392/5/6
f 1396/5/12 1398/3/13 1397/5/16
f 1399/1/18 1397/5/16 1398/3/13
f 1399/1/18 1398/3/13 1400/2/17
f 1399/1/18 1401/4/15 1397/5/16
f 1399/1/18 1402/3/9 1401/4/15
f 1403/1/10 1402/3/9 1399/1/18
f 1399/14/18 1387/14/3 1403/14/10
f 1387/14/3 1399/14/18 1389/14/1
f 1392/6/6 1401/8/15 1391/8/5
f 1387/14/3 1404/9/11 1403/14/10
f 1404/9/11 1387/14/3 1388/9/2
f 1402/6/9 1388/9/2 1390/6/4
f 1400/11/17 1389/15/1 1399/15/18
f 1389/15/1 1400/11/17 1394/11/8
f 1400/11/17 1393/10/21 1394/11/8
f 1402/13/9 1391/12/5 1401/12/15
f 1407/1/1 1406/2/2 1405/1/3
f 1406/2/2 1407/1/1 1408/3/4
f 1408/3/4 1407/1/1 1409/4/5
f 1409/4/5 1407/1/1 1410/5/6
f 1410/5/6 1407/1/1 1411/3/7
f 1411/3/7 1407/1/1 1412/2/8
f 1420/3/9 1421/1/10 1422/2/11
f 1414/6/12 1411/7/7 1416/7/13
f 1411/7/7 1414/6/12 1413/6/14
f 1419/8/15 1410/6/6 1415/6/16
f 1406/9/2 1420/6/9 1422/9/11
f 1411/10/7 1418/11/17 1416/10/13
f 1409/12/5 1420/13/9 1408/13/4
f 1413/5/14 1410/5/6 1411/3/7
f 1415/5/16 1413/5/14 1414/5/12
f 1413/5/14 1415/5/16 1410/5/6
f 1414/5/12 1416/3/13 1415/5/16
f 1417/1/18 1415/5/16 1416/3/13
f 1417/1/18 1416/3/13 1418/2/17
f 1417/1/18 1419/4/15 1415/5/16
f 1417/1/18 1420/3/9 1419/4/15
f 1421/1/10 1420/3/9 1417/1/18
f 1417/14/18 1405/14/3 1421/14/10
f 1405/14/3 1417/14/18 1407/14/1
f 1410/6/6 1419/8/15 1409/8/5
f 1405/14/3 1422/9/11 1421/14/10
f 1422/9/11 1405/14/3 1406/9/2
f 1420/6/9 1406/9/2 1408/6/4
f 1418/11/17 1407/15/1 1417/15/18
f 1407/15/1 1418/11/17 1412/11/8
f 1418/11/17 1411/10/7 1412/11/8
f 1420/13/9 1409/12/5 1419/12/15
f 1425/1/1 1424/2/2 1423/1/3
f 1424/2/2 1425/1/1 1426/3/4
f 1426/3/4 1425/1/1 1427/4/5
f 1427/4/5 1425/1/1 1428/5/6
f 1428/5/6 1425/1/1 1429/3/7
f 1429/3/7 1425/1/1 1430/2/8
f 1438/3/9 1439/1/10 1440/2/11
f 1432/6/12 1429/7/7 1434/7/13
f 1429/7/7 1432/6/12 1431/6/14
f 1437/8/15 1428/6/6 1433/6/16
f 1424/9/2 1438/6/9 1440/9/11
f 1429/10/7 1436/11/17 1434/10/13
f 1427/12/5 1438/13/9 1426/13/4
f 1431/5/14 1428/5/6 1429/3/7
f 1433/5/16 1431/5/14 1432/5/12
f 1431/5/14 1433/5/16 1428/5/6
f 1432/5/12 1434/3/13 1433/5/16
f 1435/1/18 1433/5/16 1434/3/13
f 1435/1/18 1434/3/13 1436/2/17
f 1435/1/18 1437/4/15 1433/5/16
f 1435/1/18 1438/3/9 1437/4/15
f 1439/1/10 1438/3/9 1435/1/18
f 1435/14/18 1423/14/3 1439/14/10
f 1423/14/3 1435/14/18 1425/14/1
f 1428/6/6 1437/8/15 1427/8/5
f 1423/14/3 1440/9/11 1439/14/10
f 1440/9/11 1423/14/3 1424/9/2
f 1438/6/9 1424/9/2 1426/6/4
f 1436/11/17 1425/15/1 1435/15/18
f 1425/15/1 1436/11/17 1430/11/8
f 1436/11/17 1429/10/7 1430/11/8
f 1438/13/9 1427/12/5 1437/12/15
f 1443/1/1 1442/2/2 1441/1/3
f 1442/2/2 1443/1/1 1444/3/4
f 1444/3/4 1443/1/1 1445/4/5
f 1445/4/5 1443/1/1 1446/5/6
f 1446/5/6 1443/1/1 1447/3/7
f 1447/3/7 1443/1/1 1448/2/8
f 1456/3/9 1457/1/10 1458/2/11
f 1450/6/12 1447/7/7 1452/7/13
f 1447/7/7 1450/6/12 1449/6/14
f 1455/8/15 1446/6/6 1451/6/16
f 1442/9/2 1456/6/9 1458/9/11
f 1447/10/7 1454/11/17 1452/10/13
f 1445/12/5 1456/13/9 1444/13/4
f 1449/5/14 1446/5/6 1447/3/7
f 1451/5/16 1449/5/14 1450/5/12
f 1449/5/14 1451/5/16 1446/5/6
f 1450/5/12 1452/3/13 1451/5/16
f 1453/1/18 1451/5/16 1452/3/13
f 1453/1/18 1452/3/13 1454/2/17
f 1453/1/18 1455/4/15 1451/5/16
f 1453/1/18 1456/3/9 1455/4/15
f 1457/1/10 1456/3/9 1453/1/18
f 1453/14/18 1441/14/3 1457/14/10
f 1441/14/3 1453/14/18 1443/14/1
f 1446/6/6 1455/8/15 1445/8/5
f 1441/14/3 1458/9/11 1457/14/10
f 1458/9/11 1441/14/3 1442/9/2
f 1456/6/9 1442/9/2 1444/6/4
f 1454/11/17 1443/15/1 1453/15/18
f 1443/15/1 1454/11/17 1448/11/8
f 1454/11/17 1447/10/7 1448/11/8
f 1456/13/9 1445/12/5 1455/12/15
f 1461/1/1 1460/2/2 1459/1/3
f 1460/2/2 1461/1/1 1462/3/19
f 1462/3/19 1461/1/1 1463/4/5
f 1463/4/5 1461/1/1 1464/5/6
f 1464/5/6 1461/1/1 1465/3/7
f 1465/3/7 1461/1/1 1466/2/8
f 1474/3/9 1475/1/10 1476/2/11
f 1468/6/12 1465/7/7 1470/7/13
f 1465/7/7 1468/6/12 1467/6/14
f 1473/8/15 1464/6/6 1469/6/16
f 1460/9/2 1474/6/9 1476/9/11
f 1465/10/7 1472/11/17 1470/10/13
f 1463/12/5 1474/13/9 1462/13/19
f 1467/5/14 1464/5/6 1465/3/7
f 1469/5/16 1467/5/14 1468/5/12
f 1467/5/14 1469/5/16 1464/5/6
f 1468/5/12 1470/3/13 1469/5/16
f 1471/1/18 1469/5/16 1470/3/13
f 1471/1/18 1470/3/13 1472/2/17
f 1471/1/18 1473/4/15 1469/5/16
f 1471/1/18 1474/3/9 1473/4/15
f 1475/1/10 1474/3/9 1471/1/18
f 1471/14/18 1459/14/3 1475/14/10
f 1459/14/3 1471/14/18 1461/14/1
f 1464/6/6 1473/8/15 1463/8/5
f 1459/14/3 1476/9/11 1475/14/10
f 1476/9/11 1459/14/3 1460/9/2
f 1474/6/9 1460/9/2 1462/6/19
f 1472/11/17 1461/15/1 1471/15/18
f 1461/15/1 1472/11/17 1466/11/8
f 1472/11/17 1465/10/7 1466/11/8
f 1474/13/9 1463/12/5 1473/12/15
f 1479/1/1 1478/2/2 1477/1/3
f 1478/2/2 1479/1/1 1480/3/4
f 1480/3/4 1479/1/1 1481/4/5
f 1481/4/5 1479/1/1 1482/5/6
f 1482/5/6 1479/1/1 1483/3/7
f 1483/3/7 1479/1/1 1484/2/8
f 1492/3/9 1493/1/10 1494/2/11
f 1486/6/12 1483/7/7 1488/7/13
f 1483/7/7 1486/6/12 1485/6/14
f 1491/8/15 1482/6/6 1487/6/16
f 1478/9/2 1492/6/9 1494/9/11
f 1483/10/7 1490/11/17 1488/10/13
f 1481/12/5 1492/13/9 1480/13/4
f 1485/5/14 1482/5/6 1483/3/7
f 1487/5/16 1485/5/14 1486/5/12
f 1485/5/14 1487/5/16 1482/5/6
f 1486/5/12 1488/3/13 1487/5/16
f 1489/1/18 1487/5/16 1488/3/13
f 1489/1/18 1488/3/13 1490/2/17
f 1489/1/18 1491/4/15 1487/5/16
f 1489/1/18 1492/3/9 1491/4/15
f 1493/1/10 1492/3/9 1489/1/18
f 1489/14/18 1477/14/3 1493/14/10
f 1477/14/3 1489/14/18 1479/14/1
f 1482/6/6 1491/8/15 1481/8/5
f 1477/14/3 1494/9/11 1493/14/10
f 1494/9/11 1477/14/3 1478/9/2
f 1492/6/9 1478/9/2 1480/6/4
f 1490/11/17 1479/15/1 1489/15/18
f 1479/15/1 1490/11/17 1484/11/8
f 1490/11/17 1483/10/7 1484/11/8
f 1492/13/9 1481/12/5 1491/12/15
f 1497/1/1 1496/2/2 1495/1/3
f 1496/2/2 1497/1/1 1498/3/4
f 1498/3/4 1497/1/1 1499/4/5
f 1499/4/5 1497/1/1 1500/5/6
f 1500/5/6 1497/1/1 1501/3/7
f 1501/3/7 1497/1/1 1502/2/8
f 1510/3/9 1511/1/10 1512/2/11
f 1504/6/12 1501/7/7 1506/7/13
f 1501/7/7 1504/6/12 1503/6/14
f 1509/8/15 1500/6/6 1505/6/16
f 1496/9/2 1510/6/9 1512/9/11
f 1501/10/7 1508/11/17 1506/10/13
f 1499/12/5 1510/13/9 1498/13/4
f 1503/5/14 1500/5/6 1501/3/7
f 1505/5/16 1503/5/14 1504/5/12
f 1503/5/14 1505/5/16 1500/5/6
f 1504/5/12 1506/3/13 1505/5/16
f 1507/1/18 1505/5/16 1506/3/13
f 1507/1/18 1506/3/13 1508/2/17
f 1507/1/18 1509/4/15 1505/5/16
f 1507/1/18 1510/3/9 1509/4/15
f 1511/1/10 1510/3/9 1507/1/18
f 1507/14/18 1495/14/3 1511/14/10
f 1495/14/3 1507/14/18 1497/14/1
f 1500/6/6 1509/8/15 1499/8/5
f 1495/14/3 1512/9/11 1511/14/10
f 1512/9/11 1495/14/3 1496/9/2
f 1510/6/9 1496/9/2 1498/6/4
f 1508/11/17 1497/15/1 1507/15/18
f 1497/15/1 1508/11/17 1502/11/8
f 1508/11/17 1501/10/7 1502/11/8
f 1510/13/9 1499/12/5 1509/12/15
f 1515/1/1 1514/2/2 1513/1/3
f 1514/2/2 1515/1/1 1516/3/4
f 1516/3/4 1515/1/1 1517/4/5
f 1517/4/5 1515/1/1 1518/5/6
f 1518/5/6 1515/1/1 1519/3/7
f 1519/3/7 1515/1/1 1520/2/8
f 1528/3/9 1529/1/10 1530/2/11
f 1522/6/12 1519/7/7 1524/7/13
f 1519/7/7 1522/6/12 1521/6/14
f 1527/8/15 1518/6/6 1523/6/16
f 1514/9/2 1528/6/9 1530/9/11
f 1519/10/7 1526/11/17 1524/10/13
f 1517/12/5 1528/13/9 1516/13/4
f 1521/5/14 1518/5/6 1519/3/7
f 1523/5/16 1521/5/14 1522/5/12
f 1521/5/14 1523/5/16 1518/5/6
f 1522/5/12 1524/3/13 1523/5/16
f 1525/1/18 1523/5/16 1524/3/13
f 1525/1/18 1524/3/13 1526/2/17
f 1525/1/18 1527/4/15 1523/5/16
f 1525/1/18 1528/3/9 1527/4/15
f 1529/1/10 1528/3/9 1525/1/18
f 1525/14/18 1513/14/3 1529/14/10
f 1513/14/3 1525/14/18 1515/14/1
f 1518/6/6 1527/8/15 1517/8/5
f 1513/14/3 1530/9/11 1529/14/10
f 1530/9/11 1513/14/3 1514/9/2
f 1528/6/9 1514/9/2 1516/6/4
f 1526/11/17 1515/15/1 1525/15/18
f 1515/15/1 1526/11/17 1520/11/8
f 1526/11/17 1519/10/7 1520/11/8
f 1528/13/9 1517/12/5 1527/12/15
f 1533/1/1 1532/2/2 1531/1/3
f 1532/2/2 1533/1/1 1534/3/4
f 1534/3/4 1533/1/1 1535/4/5
f 1535/4/5 1533/1/1 1536/5/6
f 1536/5/6 1533/1/1 1537/3/7
f 1537/3/7 1533/1/1 1538/2/8
f 1546/3/9 1547/1/10 1548/2/11
f 1540/6/12 1537/7/7 1542/7/13
f 1537/7/7 1540/6/12 1539/6/14
f 1545/8/15 1536/6/6 1541/6/16
f 1532/9/2 1546/6/9 1548/9/11
f 1537/10/7 1544/11/17 1542/10/13
f 1535/12/5 1546/13/9 1534/13/4
f 1539/5/14 1536/5/6 1537/3/7
f 1541/5/16 1539/5/14 1540/5/12
f 1539/5/14 1541/5/16 1536/5/6
f 1540/5/12 1542/3/13 1541/5/16
f 1543/1/18 1541/5/16 1542/3/13
f 1543/1/18 1542/3/13 1544/2/17
f 1543/1/18 1545/4/15 1541/5/16
f 1543/1/18 1546/3/9 1545/4/15
f 1547/1/10 1546/3/9 1543/1/18
f 1543/14/18 1531/14/3 1547/14/10
f 1531/14/3 1543/14/18 1533/14/1
f 1536/6/6 1545/8/15 1535/8/5
f 1531/14/3 1548/9/11 1547/14/10
f 1548/9/11 1531/14/3 1532/9/2
f 1546/6/9 1532/9/2 1534/6/4
f 1544/11/17 1533/15/1 1543/15/18
f 1533/15/1 1544/11/17 1538/11/8
f 1544/11/17 1537/10/7 1538/11/8
f 1546/13/9 1535/12/5 1545/12/15
f 1551/1/1 1550/2/2 1549/1/3
f 1550/2/2 1551/1/1 1552/3/4
f 1552/3/4 1551/1/1 1553/4/5
f 1553/4/5 1551/1/1 1554/5/6
f 1554/5/6 1551/1/1 1555/3/7
f 1555/3/7 1551/1/1 1556/2/8
f 1564/3/9 1565/1/10 1566/2/11
f 1558/6/12 1555/7/7 1560/7/13
f 1555/7/7 1558/6/12 1557/6/14
f 1563/8/15 1554/6/6 1559/6/16
f 1550/9/2 1564/6/9 1566/9/11
f 1555/10/7 1562/11/17 1560/10/13
f 1553/12/5 1564/13/9 1552/13/4
f 1557/5/14 1554/5/6 1555/3/7
f 1559/5/16 1557/5/14 1558/5/12
f 1557/5/14 1559/5/16 1554/5/6
f 1558/5/12 1560/3/13 1559/5/16
f 1561/1/18 1559/5/16 1560/3/13
f 1561/1/18 1560/3/13 1562/2/17
f 1561/1/18 1563/4/15 1559/5/16
f 1561/1/18 1564/3/9 1563/4/15
f 1565/1/10 1564/3/9 1561/1/18
f 1561/14/18 1549/14/3 1565/14/10
f 1549/14/3 1561/14/18 1551/14/1
f 1554/6/6 1563/8/15 1553/8/5
f 1549/14/3 1566/9/11 1565/14/10
f 1566/9/11 1549/14/3 1550/9/2
f 1564/6/9 1550/9/2 1552/6/4
f 1562/11/17 1551/15/1 1561/15/18
f 1551/15/1 1562/11/17 1556/11/8
f 1562/11/17 1555/10/7 1556/11/8
f 1564/13/9 1553/12/5 1563/12/15
f 1569/1/1 1568/2/2 1567/1/3
f 1568/2/2 1569/1/1 1570/3/4
f 1570/3/4 1569/1/1 1571/4/5
f 1571/4/5 1569/1/1 1572/5/6
f 1572/5/6 1569/1/1 1573/3/7
f 1573/3/7 1569/1/1 1574/2/8
f 1582/3/9 1583/1/10 1584/2/11
f 1576/6/12 1573/7/7 1578/7/13
f 1573/7/7 1576/6/12 1575/6/14
f 1581/8/15 1572/6/6 1577/6/16
f 1568/9/2 1582/6/9 1584/9/11
f 1573/10/7 1580/11/17 1578/10/13
f 1571/12/5 1582/13/9 1570/13/4
f 1575/5/14 1572/5/6 1573/3/7
f 1577/5/16 1575/5/14 1576/5/12
f 1575/5/14 1577/5/16 1572/5/6
f 1576/5/12 1578/3/13 1577/5/16
f 1579/1/18 1577/5/16 1578/3/13
f 1579/1/18 1578/3/13 1580/2/17
f 1579/1/18 1581/4/15 1577/5/16
f 1579/1/18 1582/3/9 1581/4/15
f 1583/1/10 1582/3/9 1579/1/18
f 1579/14/18 1567/14/3 1583/14/10
f 1567/14/3 1579/14/18 1569/14/1
f 1572/6/6 1581/8/15 1571/8/5
f 1567/14/3 1584/9/11 1583/14/10
f 1584/9/11 1567/14/3 1568/9/2
f 1582/6/9 1568/9/2 1570/6/4
f 1580/11/17 1569/15/1 1579/15/18
f 1569/15/1 1580/11/17 1574/11/8
f 1580/11/17 1573/10/7 1574/11/8
f 1582/13/9 1571/12/5 1581/12/15
f 1587/1/1 1586/2/2 1585/1/3
f 1586/2/2 1587/1/1 1588/3/4
f 1588/3/4 1587/1/1 1589/4/5
f 1589/4/5 1587/1/1 1590/5/6
f 1590/5/6 1587/1/1 1591/3/7
f 1591/3/7 1587/1/1 1592/2/8
f 1600/3/9 1601/1/10 1602/2/11
f 1594/6/12 1591/7/7 1596/7/13
f 1591/7/7 1594/6/12 1593/6/14
f 1599/8/15 1590/6/6 1595/6/16
f 1586/9/2 1600/6/9 1602/9/11
f 1591/10/7 1598/11/17 1596/10/13
f 1589/12/5 1600/13/9 1588/13/4
f 1593/5/14 1590/5/6 1591/3/7
f 1595/5/16 1593/5/14 1594/5/12
f 1593/5/14 1595/5/16 1590/5/6
f 1594/5/12 1596/3/13 1595/5/16
f 1597/1/18 1595/5/16 1596/3/13
f 1597/1/18 1596/3/13 1598/2/17
f 1597/1/18 1599/4/15 1595/5/16
f 1597/1/18 1600/3/9 1599/4/15
f 1601/1/10 1600/3/9 1597/1/18
f 1597/14/18 1585/14/3 1601/14/10
f 1585/14/3 1597/14/18 1587/14/1
f 1590/6/6 1599/8/15 1589/8/5
f 1585/14/3 1602/9/11 1601/14/10
f 1602/9/11 1585/14/3 1586/9/2
f 1600/6/9 1586/9/2 1588/6/4
f 1598/11/17 1587/15/1 1597/15/18
f 1587/15/1 1598/11/17 1592/11/8
f 1598/11/17 1591/10/7 1592/11/8
f 1600/13/9 1589/12/5 1599/12/15
f 1605/1/1 1604/2/2 1603/1/3
f 1604/2/2 1605/1/1 1606/3/4
f 1606/3/4 1605/1/1 1607/4/5
f 1607/4/5 1605/1/1 1608/5/6
f 1608/5/6 1605/1/1 1609/3/7
f 1609/3/7 1605/1/1 1610/2/8
f 1618/3/9 1619/1/10 1620/2/11
f 1612/6/12 1609/7/7 1614/7/13
f 1609/7/7 1612/6/12 1611/6/14
f 1617/8/15 1608/6/6 1613/6/16
f 1604/9/2 1618/6/9 1620/9/11
f 1609/10/7 1616/11/17 1614/10/13
f 1607/12/5 1618/13/9 1606/13/4
f 1611/5/14 1608/5/6 1609/3/7
f 1613/5/16 1611/5/14 1612/5/12
f 1611/5/14 1613/5/16 1608/5/6
f 1612/5/12 1614/3/13 1613/5/16
f 1615/1/18 1613/5/16 1614/3/13
f 1615/1/18 1614/3/13 1616/2/17
f 1615/1/18 1617/4/15 1613/5/16
f 1615/1/18 1618/3/9 1617/4/15
f 1619/1/10 1618/3/9 1615/1/18
f 1615/14/18 1603/14/3 1619/14/10
f 1603/14/3 1615/14/18 1605/14/1
f 1608/6/6 1617/8/15 1607/8/5
f 1603/14/3 1620/9/11 1619/14/10
f 1620/9/11 1603/14/3 1604/9/2
f 1618/6/9 1604/9/2 1606/6/4
f 1616/11/17 1605/15/1 1615/15/18
f 1605/15/1 1616/11/17 1610/11/8
f 1616/11/17 1609/10/7 1610/11/8
f 1618/13/9 1607/12/5 1617/12/15
f 1623/1/1 1622/2/2 1621/1/3
f 1622/2/2 1623/1/1 1624/3/4
f 1624/3/4 1623/1/1 1625/4/5
f 1625/4/5 1623/1/1 1626/5/6
f 1626/5/6 1623/1/1 1627/3/7
f 1627/3/7 1623/1/1 1628/2/8
f 1636/3/9 1637/1/10 1638/2/11
f 1630/6/12 1627/7/7 1632/7/13
f 1627/7/7 1630/6/12 1629/6/14
f 1635/8/15 1626/6/6 1631/6/16
f 1622/9/2 1636/6/9 1638/9/11
f 1627/10/7 1634/11/17 1632/10/13
f 1625/12/5 1636/13/9 1624/13/4
f 1629/5/14 1626/5/6 1627/3/7
f 1631/5/16 1629/5/14 1630/5/12
f 1629/5/14 1631/5/16 1626/5/6
f 1630/5/12 1632/3/13 1631/5/16
f 1633/1/18 1631/5/16 1632/3/13
f 1633/1/18 1632/3/13 1634/2/17
f 1633/1/18 1635/4/15 1631/5/16
f 1633/1/18 1636/3/9 1635/4/15
f 1637/1/10 1636/3/9 1633/1/18
f 1633/14/18 1621/14/3 1637/14/10
f 1621/14/3 1633/14/18 1623/14/1
f 1626/6/6 1635/8/15 1625/8/5
f 1621/14/3 1638/9/11 1637/14/10
f 1638/9/11 1621/14/3 1622/9/2
f 1636/6/9 1622/9/2 1624/6/4
f 1634/11/17 1623/15/1 1633/15/18
f 1623/15/1 1634/11/17 1628/11/8
f 1634/11/17 1627/10/7 1628/11/8
f 1636/13/9 1625/12/5 1635/12/15
f 1641/1/1 1640/2/2 1639/1/3
f 1640/2/2 1641/1/1 1642/3/4
f 1642/3/4 1641/1/1 1643/4/5
f 1643/4/5 1641/1/1 1644/5/6
f 1644/5/6 1641/1/1 1645/3/7
f 1645/3/7 1641/1/1 1646/2/8
f 1654/3/9 1655/1/10 1656/2/11
f 1648/6/12 1645/7/7 1650/7/13
f 1645/7/7 1648/6/12 1647/6/14
f 1653/8/15 1644/6/6 1649/6/16
f 1640/9/2 1654/6/9 1656/9/11
f 1645/10/7 1652/11/17 1650/10/13
f 1643/12/5 1654/13/9 1642/13/4
f 1647/5/14 1644/5/6 1645/3/7
f 1649/5/16 1647/5/14 1648/5/12
f 1647/5/14 1649/5/16 1644/5/6
f 1648/5/12 1650/3/13 1649/5/16
f 1651/1/18 1649/5/16 1650/3/13
f 1651/1/18 1650/3/13 1652/2/17
f 1651/1/18 1653/4/15 1649/5/16
f 1651/1/18 1654/3/9 1653/4/15
f 1655/1/10 1654/3/9 1651/1/18
f 1651/14/18 1639/14/3 1655/14/10
f 1639/14/3 1651/14/18 1641/14/1
f 1644/6/6 1653/8/15 1643/8/5
f 1639/14/3 1656/9/11 1655/14/10
f 1656/9/11 1639/14/3 1640/9/2
f 1654/6/9 1640/9/2 1642/6/4
f 1652/11/17 1641/15/1 1651/15/18
f 1641/15/1 1652/11/17 1646/11/8
f 1652/11/17 1645/10/7 1646/11/8
f 1654/13/9 1643/12/5 1653/12/15
f 1659/1/1 1658/2/2 1657/1/3
f 1658/2/2 1659/1/1 1660/3/4
f 1660/3/4 1659/1/1 1661/4/5
f 1661/4/5 1659/1/1 1662/5/6
f 1662/5/6 1659/1/1 1663/3/7
f 1663/3/7 1659/1/1 1664/2/8
f 1672/3/9 1673/1/10 1674/2/11
f 1666/6/12 1663/7/7 1668/7/13
f 1663/7/7 1666/6/12 1665/6/14
f 1671/8/15 1662/6/6 1667/6/16
f 1658/9/2 1672/6/9 1674/9/11
f 1663/10/7 1670/11/17 1668/10/13
f 1661/12/5 1672/13/9 1660/13/4
f 1665/5/14 1662/5/6 1663/3/7
f 1667/5/16 1665/5/14 1666/5/12
f 1665/5/14 1667/5/16 1662/5/6
f 1666/5/12 1668/3/13 1667/5/16
f 1669/1/18 1667/5/16 1668/3/13
f 1669/1/18 1668/3/13 1670/2/17
f 1669/1/18 1671/4/15 1667/5/16
f 1669/1/18 1672/3/9 1671/4/15
f 1673/1/10 1672/3/9 1669/1/18
f 1669/14/18 1657/14/3 1673/14/10
f 1657/14/3 1669/14/18 1659/14/1
f 1662/6/6 1671/8/15 1661/8/5
f 1657/14/3 1674/9/11 1673/14/10
f 1674/9/11 1657/14/3 1658/9/2
f 1672/6/9 1658/9/2 1660/6/4
f 1670/11/17 1659/15/1 1669/15/18
f 1659/15/1 1670/11/17 1664/11/8
f 1670/11/17 1663/10/7 1664/11/8
f 1672/13/9 1661/12/5 1671/12/15
f 1677/1/1 1676/2/2 1675/1/3
f 1676/2/2 1677/1/1 1678/3/4
f 1678/3/4 1677/1/1 1679/4/5
f 1679/4/5 1677/1/1 1680/5/6
f 1680/5/6 1677/1/1 1681/3/7
f 1681/3/7 1677/1/1 1682/2/8
f 1690/3/9 1691/1/10 1692/2/11
f 1684/6/12 1681/7/7 1686/7/13
f 1681/7/7 1684/6/12 1683/6/14
f 1689/8/15 1680/6/6 1685/6/16
f 1676/9/2 1690/6/9 1692/9/11
f 1681/10/7 1688/11/17 1686/10/13
f 1679/12/5 1690/13/9 1678/13/4
f 1683/5/14 1680/5/6 1681/3/7
f 1685/5/16 1683/5/14 1684/5/12
f 1683/5/14 1685/5/16 1680/5/6
f 1684/5/12 1686/3/13 1685/5/16
f 1687/1/18 1685/5/16 1686/3/13
f 1687/1/18 1686/3/13 1688/2/17
f 1687/1/18 1689/4/15 1685/5/16
f 1687/1/18 1690/3/9 1689/4/15
f 1691/1/10 1690/3/9 1687/1/18
f 1687/14/18 1675/14/3 1691/14/10
f 1675/14/3 1687/14/18 1677/14/1
f 1680/6/6 1689/8/15 1679/8/5
f 1675/14/3 1692/9/11 1691/14/10
f 1692/9/11 1675/14/3 1676/9/2
f 1690/6/9 1676/9/2 1678/6/4
f 1688/11/17 1677/15/1 1687/15/18
f 1677/15/1 1688/11/17 1682/11/8
f 1688/11/17 1681/10/7 1682/11/8
f 1690/13/9 1679/12/5 1689/12/15
f 1695/1/1 1694/2/2 1693/1/3
f 1694/2/2 1695/1/1 1696/3/4
f 1696/3/4 1695/1/1 1697/4/5
f 1697/4/5 1695/1/1 1698/5/6
f 1698/5/6 1695/1/1 1699/3/7
f 1699/3/7 1695/1/1 1700/2/8
f 1708/3/9 1709/1/10 1710/2/11
f 1702/6/12 1699/7/7 1704/7/13
f 1699/7/7 1702/6/12 1701/6/14
f 1707/8/15 1698/6/6 1703/6/16
f 1694/9/2 1708/6/9 1710/9/11
f 1699/10/7 1706/11/17 1704/10/13
f 1697/12/5 1708/13/9 1696/13/4
f 1701/5/14 1698/5/6 1699/3/7
f 1703/5/16 1701/5/14 1702/5/12
f 1701/5/14 1703/5/16 1698/5/6
f 1702/5/12 1704/3/13 1703/5/16
f 1705/1/18 1703/5/16 1704/3/13
f 1705/1/18 1704/3/13 1706/2/17
f 1705/1/18 1707/4/15 1703/5/16
f 1705/1/18 1708/3/9 1707/4/15
f 1709/1/10 1708/3/9 1705/1/18
f 1705/14/18 1693/14/3 1709/14/10
f 1693/14/3 1705/14/18 1695/14/1
f 1698/6/6 1707/8/15 1697/8/5
f 1693/14/3 1710/9/11 1709/14/10
f 1710/9/11 1693/14/3 1694/9/2
f 1708/6/9 1694/9/2 1696/6/4
f 1706/11/17 1695/15/1 1705/15/18
f 1695/15/1 1706/11/17 1700/11/8
f 1706/11/17 1699/10/7 1700/11/8
f 1708/13/9 1697/12/5 1707/12/15
f 1713/1/1 1712/2/2 1711/1/3
f 1712/2/2 1713/1/1 1714/3/19
f 1714/3/19 1713/1/1 1715/4/5
f 1715/4/5 1713/1/1 1716/5/6
f 1716/5/6 1713/1/1 1717/3/7
f 1717/3/7 1713/1/1 1718/2/8
f 1726/3/9 1727/1/10 1728/2/11
f 1720/6/12 1717/7/7 1722/7/13
f 1717/7/7 1720/6/12 1719/6/14
f 1725/8/15 1716/6/6 1721/6/16
f 1712/9/2 1726/6/9 1728/9/11
f 1717/10/7 1724/11/17 1722/10/13
f 1715/12/5 1726/13/9 1714/13/19
f 1719/5/14 1716/5/6 1717/3/7
f 1721/5/16 1719/5/14 1720/5/12
f 1719/5/14 1721/5/16 1716/5/6
f 1720/5/12 1722/3/13 1721/5/16
f 1723/1/18 1721/5/16 1722/3/13
f 1723/1/18 1722/3/13 1724/2/17
f 1723/1/18 1725/4/15 1721/5/16
f 1723/1/18 1726/3/9 1725/4/15
f 1727/1/10 1726/3/9 1723/1/18
f 1723/14/18 1711/14/3 1727/14/10
f 1711/14/3 1723/14/18 1713/14/1
f 1716/6/6 1725/8/15 1715/8/5
f 1711/14/3 1728/9/11 1727/14/10
f 1728/9/11 1711/14/3 1712/9/2
f 1726/6/9 1712/9/2 1714/6/19
f 1724/11/17 1713/15/1 1723/15/18
f 1713/15/1 1724/11/17 1718/11/8
f 1724/11/17 1717/10/7 1718/11/8
f 1726/13/9 1715/12/5 1725/12/15
f 1731/1/1 1730/2/2 1729/1/3
f 1730/2/2 1731/1/1 1732/3/4
f 1732/3/4 1731/1/1 1733/4/5
f 1733/4/5 1731/1/1 1734/5/6
f 1734/5/6 1731/1/1 1735/3/7
f 1735/3/7 1731/1/1 1736/2/8
f 1744/3/9 1745/1/10 1746/2/11
f 1738/6/12 1735/7/7 1740/7/13
f 1735/7/7 1738/6/12 1737/6/14
f 1743/8/15 1734/6/6 1739/6/16
f 1730/9/2 1744/6/9 1746/9/11
f 1735/10/7 1742/11/17 1740/10/13
f 1733/12/5 1744/13/9 1732/13/4
f 1737/5/14 1734/5/6 1735/3/7
f 1739/5/16 1737/5/14 1738/5/12
f 1737/5/14 1739/5/16 1734/5/6
f 1738/5/12 1740/3/13 1739/5/16
f 1741/1/18 1739/5/16 1740/3/13
f 1741/1/18 1740/3/13 1742/2/17
f 1741/1/18 1743/4/15 1739/5/16
f 1741/1/18 1744/3/9 1743/4/15
f 1745/1/10 1744/3/9 1741/1/18
f 1741/14/18 1729/14/3 1745/14/10
f 1729/14/3 1741/14/18 1731/14/1
f 1734/6/6 1743/8/15 1733/8/5
f 1729/14/3 1746/9/11 1745/14/10
f 1746/9/11 1729/14/3 1730/9/2
f 1744/6/9 1730/9/2 1732/6/4
f 1742/11/17 1731/15/1 1741/15/18
f 1731/15/1 1742/11/17 1736/11/8
f 1742/11/17 1735/10/7 1736/11/8
f 1744/13/9 1733/12/5 1743/12/15
f 1749/1/1 1748/2/2 1747/1/3
f 1748/2/2 1749/1/1 1750/3/4
f 1750/3/4 1749/1/1 1751/4/5
f 1751/4/5 1749/1/1 1752/5/6
f 1752/5/6 1749/1/1 1753/3/7
f 1753/3/7 1749/1/1 1754/2/8
f 1762/3/9 1763/1/10 1764/2/11
f 1756/6/12 1753/7/7 1758/7/13
f 1753/7/7 1756/6/12 1755/6/14
f 1761/8/15 1752/6/6 1757/6/16
f 1748/9/2 1762/6/9 1764/9/11
f 1753/10/7 1760/11/17 1758/10/13
f 1751/12/5 1762/13/9 1750/13/4
f 1755/5/14 1752/5/6 1753/3/7
f 1757/5/16 1755/5/14 1756/5/12
f 1755/5/14 1757/5/16 1752/5/6
f 1756/5/12 1758/3/13 1757/5/16
f 1759/1/18 1757/5/16 1758/3/13
f 1759/1/18 1758/3/13 1760/2/17
f 1759/1/18 1761/4/15 1757/5/16
f 1759/1/18 1762/3/9 1761/4/15
f 1763/1/10 1762/3/9 1759/1/18
f 1759/14/18 1747/14/3 1763/14/10
f 1747/14/3 1759/14/18 1749/14/1
f 1752/6/6 1761/8/15 1751/8/5
f 1747/14/3 1764/9/11 1763/14/10
f 1764/9/11 1747/14/3 1748/9/2
f 1762/6/9 1748/9/2 1750/6/4
f 1760/11/17 1749/15/1 1759/15/18
f 1749/15/1 1760/11/17 1754/11/8
f 1760/11/17 1753/10/7 1754/11/8
f 1762/13/9 1751/12/5 1761/12/15
f 1767/1/1 1766/2/2 1765/1/3
f 1766/2/2 1767/1/1 1768/3/4
f 1768/3/4 1767/1/1 1769/4/5
f 1769/4/5 1767/1/1 1770/5/6
f 1770/5/6 1767/1/1 1771/3/7
f 1771/3/7 1767/1/1 1772/2/8
f 1780/3/9 1781/1/10 1782/2/11
f 1774/6/12 1771/7/7 1776/7/13
f 1771/7/7 1774/6/12 1773/6/14
f 1779/8/15 1770/6/6 1775/6/16
f 1766/9/2 1780/6/9 1782/9/11
f 1771/10/7 1778/11/17 1776/10/13
f 1769/12/5 1780/13/9 1768/13/4
f 1773/5/14 1770/5/6 1771/3/7
f 1775/5/16 1773/5/14 1774/5/12
f 1773/5/14 1775/5/16 1770/5/6
f 1774/5/12 1776/3/13 1775/5/16
f 1777/1/18 1775/5/16 1776/3/13
f 1777/1/18 1776/3/13 1778/2/17
f 1777/1/18 1779/4/15 1775/5/16
f 1777/1/18 1780/3/9 1779/4/15
f 1781/1/10 1780/3/9 1777/1/18
f 1777/14/18 1765/14/3 1781/14/10
f 1765/14/3 1777/14/18 1767/14/1
f 1770/6/6 1779/8/15 1769/8/5
f 1765/14/3 1782/9/11 1781/14/10
f 1782/9/11 1765/14/3 1766/9/2
f 1780/6/9 1766/9/2 1768/6/4
f 1778/11/17 1767/15/1 1777/15/18
f 1767/15/1 1778/11/17 1772/11/8
f 1778/11/17 1771/10/7 1772/11/8
f 1780/13/9 1769/12/5 1779/12/15
f 1785/1/1 1784/2/2 1783/1/3
f 1784/2/2 1785/1/1 1786/3/19
f 1786/3/19 1785/1/1 1787/4/5
f 1787/4/5 1785/1/1 1788/5/6
f 1788/5/6 1785/1/1 1789/3/7
f 1789/3/7 1785/1/1 1790/2/8
f 1798/3/9 1799/1/10 1800/2/11
f 1792/6/12 1789/7/7 1794/7/13
f 1789/7/7 1792/6/12 1791/6/14
f 1797/8/15 1788/6/6 1793/6/16
f 1784/9/2 1798/6/9 1800/9/11
f 1789/10/7 1796/11/17 1794/10/13
f 1787/12/5 1798/13/9 1786/13/19
f 1791/5/14 1788/5/6 1789/3/7
f 1793/5/16 1791/5/14 1792/5/12
f 1791/5/14 1793/5/16 1788/5/6
f 1792/5/12 1794/3/13 1793/5/16
f 1795/1/18 1793/5/16 1794/3/13
f 1795/1/18 1794/3/13 1796/2/17
f 1795/1/18 1797/4/15 1793/5/16
f 1795/1/18 1798/3/9 1797/4/15
f 1799/1/10 1798/3/9 1795/1/18
f 1795/14/18 1783/14/3 1799/14/10
f 1783/14/3 1795/14/18 1785/14/1
f 1788/6/6 1797/8/15 1787/8/5
f 1783/14/3 1800/9/11 1799/14/10
f 1800/9/11 1783/14/3 1784/9/2
f 1798/6/9 1784/9/2 1786/6/19
f 1796/11/17 1785/15/1 1795/15/18
f 1785/15/1 1796/11/17 1790/11/8
f 1796/11/17 1789/10/7 1790/11/8
f 1798/13/9 1787/12/5 1797/12/15
f 1803/1/1 1802/2/2 1801/1/3
f 1802/2/2 1803/1/1 1804/3/4
f 1804/3/4 1803/1/1 1805/4/5
f 1805/4/5 1803/1/1 1806/5/6
f 1806/5/6 1803/1/1 1807/3/7
f 1807/3/7 1803/1/1 1808/2/8
f 1816/3/9 1817/1/10 1818/2/11
f 1810/6/12 1807/7/7 1812/7/20
f 1807/7/7 1810/6/12 1809/6/14
f 1815/8/15 1806/6/6 1811/6/16
f 1802/9/2 1816/6/9 1818/9/11
f 1807/10/7 1814/11/17 1812/10/20
f 1805/12/5 1816/13/9 1804/13/4
f 1809/5/14 1806/5/6 1807/3/7
f 1811/5/16 1809/5/14 1810/5/12
f 1809/5/14 1811/5/16 1806/5/6
f 1810/5/12 1812/3/20 1811/5/16
f 1813/1/18 1811/5/16 1812/3/20
f 1813/1/18 1812/3/20 1814/2/17
f 1813/1/18 1815/4/15 1811/5/16
f 1813/1/18 1816/3/9 1815/4/15
f 1817/1/10 1816/3/9 1813/1/18
f 1813/14/18 1801/14/3 1817/14/10
f 1801/14/3 1813/14/18 1803/14/1
f 1806/6/6 1815/8/15 1805/8/5
f 1801/14/3 1818/9/11 1817/14/10
f 1818/9/11 1801/14/3 1802/9/2
f 1816/6/9 1802/9/2 1804/6/4
f 1814/11/17 1803/15/1 1813/15/18
f 1803/15/1 1814/11/17 1808/11/8
f 1814/11/17 1807/10/7 1808/11/8
f 1816/13/9 1805/12/5 1815/12/15
f 1821/1/1 1820/2/2 1819/1/3
f 1820/2/2 1821/1/1 1822/3/4
f 1822/3/4 1821/1/1 1823/4/5
f 1823/4/5 1821/1/1 1824/5/6
f 1824/5/6 1821/1/1 1825/3/7
f 1825/3/7 1821/1/1 1826/2/8
f 1834/3/9 1835/1/10 1836/2/11
f 1828/6/12 1825/7/7 1830/7/13
f 1825/7/7 1828/6/12 1827/6/14
f 1833/8/15 1824/6/6 1829/6/16
f 1820/9/2 1834/6/9 1836/9/11
f 1825/10/7 1832/11/17 1830/10/13
f 1823/12/5 1834/13/9 1822/13/4
f 1827/5/14 1824/5/6 1825/3/7
f 1829/5/16 1827/5/14 1828/5/12
f 1827/5/14 1829/5/16 1824/5/6
f 1828/5/12 1830/3/13 1829/5/16
f 1831/1/18 1829/5/16 1830/3/13
f 1831/1/18 1830/3/13 1832/2/17
f 1831/1/18 1833/4/15 1829/5/16
f 1831/1/18 1834/3/9 1833/4/15
f 1835/1/10 1834/3/9 1831/1/18
f 1831/14/18 1819/14/3 1835/14/10
f 1819/14/3 1831/14/18 1821/14/1
f 1824/6/6 1833/8/15 1823/8/5
f 1819/14/3 1836/9/11 1835/14/10
f 1836/9/11 1819/14/3 1820/9/2
f 1834/6/9 1820/9/2 1822/6/4
f 1832/11/17 1821/15/1 1831/15/18
f 1821/15/1 1832/11/17 1826/11/8
f 1832/11/17 1825/10/7 1826/11/8
f 1834/13/9 1823/12/5 1833/12/15
f 1839/1/1 1838/2/2 1837/1/3
f 1838/2/2 1839/1/1 1840/3/4
f 1840/3/4 1839/1/1 1841/4/5
f 1841/4/5 1839/1/1 1842/5/6
f 1842/5/6 1839/1/1 1843/3/7
f 1843/3/7 1839/1/1 1844/2/8
f 1852/3/9 1853/1/10 1854/2/11
f 1846/6/12 1843/7/7 1848/7/13
f 1843/7/7 1846/6/12 1845/6/14
f 1851/8/15 1842/6/6 1847/6/16
f 1838/9/2 1852/6/9 1854/9/11
f 1843/10/7 1850/11/17 1848/10/13
f 1841/12/5 1852/13/9 1840/13/4
f 1845/5/14 1842/5/6 1843/3/7
f 1847/5/16 1845/5/14 1846/5/12
f 1845/5/14 1847/5/16 1842/5/6
f 1846/5/12 1848/3/13 1847/5/16
f 1849/1/18 1847/5/16 1848/3/13
f 1849/1/18 1848/3/13 1850/2/17
f 1849/1/18 1851/4/15 1847/5/16
f 1849/1/18 1852/3/9 1851/4/15
f 1853/1/10 1852/3/9 1849/1/18
f 1849/14/18 1837/14/3 1853/14/10
f 1837/14/3 1849/14/18 1839/14/1
f 1842/6/6 1851/8/15 1841/8/5
f 1837/14/3 1854/9/11 1853/14/10
f 1854/9/11 1837/14/3 1838/9/2
f 1852/6/9 1838/9/2 1840/6/4
f 1850/11/17 1839/15/1 1849/15/18
f 1839/15/1 1850/11/17 1844/11/8
f 1850/11/17 1843/10/7 1844/11/8
f 1852/13/9 1841/12/5 1851/12/15
f 1857/1/1 1856/2/2 1855/1/3
f 1856/2/2 1857/1/1 1858/3/4
f 1858/3/4 1857/1/1 1859/4/5
f 1859/4/5 1857/1/1 1860/5/6
f 1860/5/6 1857/1/1 1861/3/7
f 1861/3/7 1857/1/1 1862/2/8
f 1870/3/9 1871/1/10 1872/2/11
f 1864/6/12 1861/7/7 1866/7/13
f 1861/7/7 1864/6/12 1863/6/14
f 1869/8/15 1860/6/6 1865/6/16
f 1856/9/2 1870/6/9 1872/9/11
f 1861/10/7 1868/11/17 1866/10/13
f 1859/12/5 1870/13/9 1858/13/4
f 1863/5/14 1860/5/6 1861/3/7
f 1865/5/16 1863/5/14 1864/5/12
f 1863/5/14 1865/5/16 1860/5/6
f 1864/5/12 1866/3/13 1865/5/16
f 1867/1/18 1865/5/16 1866/3/13
f 1867/1/18 1866/3/13 1868/2/17
f 1867/1/18 1869/4/15 1865/5/16
f 1867/1/18 1870/3/9 1869/4/15
f 1871/1/10 1870/3/9 1867/1/18
f 1867/14/18 1855/14/3 1871/14/10
f 1855/14/3 1867/14/18 1857/14/1
f 1860/6/6 1869/8/15 1859/8/5
f 1855/14/3 1872/9/11 1871/14/10
f 1872/9/11 1855/14/3 1856/9/2
f 1870/6/9 1856/9/2 1858/6/4
f 1868/11/17 1857/15/1 1867/15/18
f 1857/15/1 1868/11/17 1862/11/8
f 1868/11/17 1861/10/7 1862/11/8
f 1870/13/9 1859/12/5 1869/12/15
f 1875/1/1 1874/2/2 1873/1/3
f 1874/2/2 1875/1/1 1876/3/19
f 1876/3/19 1875/1/1 1877/4/5
f 1877/4/5 1875/1/1 1878/5/6
f 1878/5/6 1875/1/1 1879/3/7
f 1879/3/7 1875/1/1 1880/2/8
f 1888/3/9 1889/1/10 1890/2/11
f 1882/6/12 1879/7/7 1884/7/13
f 1879/7/7 1882/6/12 1881/6/14
f 1887/8/15 1878/6/6 1883/6/16
f 1874/9/2 1888/6/9 1890/9/11
f 1879/10/7 1886/11/17 1884/10/13
f 1877/12/5 1888/13/9 1876/13/19
f 1881/5/14 1878/5/6 1879/3/7
f 1883/5/16 1881/5/14 1882/5/12
f 1881/5/14 1883/5/16 1878/5/6
f 1882/5/12 1884/3/13 1883/5/16
f 1885/1/18 1883/5/16 1884/3/13
f 1885/1/18 1884/3/13 1886/2/17
f 1885/1/18 1887/4/15 1883/5/16
f 1885/1/18 1888/3/9 1887/4/15
f 1889/1/10 1888/3/9 1885/1/18
f 1885/14/18 1873/14/3 1889/14/10
f 1873/14/3 1885/14/18 1875/14/1
f 1878/6/6 1887/8/15 1877/8/5
f 1873/14/3 1890/9/11 1889/14/10
f 1890/9/11 1873/14/3 1874/9/2
f 1888/6/9 1874/9/2 1876/6/19
f 1886/11/17 1875/15/1 1885/15/18
f 1875/15/1 1886/11/17 1880/11/8
f 1886/11/17 1879/10/7 1880/11/8
f 1888/13/9 1877/12/5 1887/12/15
f 1893/1/1 1892/2/2 1891/1/3
f 1892/2/2 1893/1/1 1894/3/4
f 1894/3/4 1893/1/1 1895/4/5
f 1895/4/5 1893/1/1 1896/5/6
f 1896/5/6 1893/1/1 1897/3/21
f 1897/3/21 1893/1/1 1898/2/8
f 1906/3/9 1907/1/10 1908/2/11
f 1900/6/12 1897/7/21 1902/7/13
f 1897/7/21 1900/6/12 1899/6/14
f 1905/8/15 1896/6/6 1901/6/16
f 1892/9/2 1906/6/9 1908/9/11
f 1897/10/21 1904/11/17 1902/10/13
f 1895/12/5 1906/13/9 1894/13/4
f 1899/5/14 1896/5/6 1897/3/21
f 1901/5/16 1899/5/14 1900/5/12
f 1899/5/14 1901/5/16 1896/5/6
f 1900/5/12 1902/3/13 1901/5/16
f 1903/1/18 1901/5/16 1902/3/13
f 1903/1/18 1902/3/13 1904/2/17
f 1903/1/18 1905/4/15 1901/5/16
f 1903/1/18 1906/3/9 1905/4/15
f 1907/1/10 1906/3/9 1903/1/18
f 1903/14/18 1891/14/3 1907/14/10
f 1891/14/3 1903/14/18 1893/14/1
f 1896/6/6 1905/8/15 1895/8/5
f 1891/14/3 1908/9/11 1907/14/10
f 1908/9/11 1891/14/3 1892/9/2
f 1906/6/9 1892/9/2 1894/6/4
f 1904/11/17 1893/15/1 1903/15/18
f 1893/15/1 1904/11/17 1898/11/8
f 1904/11/17 1897/10/21 1898/11/8
f 1906/13/9 1895/12/5 1905/12/15
f 1911/1/1 1910/2/2 1909/1/3
f 1910/2/2 1911/1/1 1912/3/4
f 1912/3/4 1911/1/1 1913/4/5
f 1913/4/5 1911/1/1 1914/5/6
f 1914/5/6 1911/1/1 1915/3/7
f 1915/3/7 1911/1/1 1916/2/8
f 1924/3/9 1925/1/10 1926/2/11
f 1918/6/12 1915/7/7 1920/7/13
f 1915/7/7 1918/6/12 1917/6/14
f 1923/8/15 1914/6/6 1919/6/16
f 1910/9/2 1924/6/9 1926/9/11
f 1915/10/7 1922/11/17 1920/10/13
f 1913/12/5 1924/13/9 1912/13/4
f 1917/5/14 1914/5/6 1915/3/7
f 1919/5/16 1917/5/14 1918/5/12
f 1917/5/14 1919/5/16 1914/5/6
f 1918/5/12 1920/3/13 1919/5/16
f 1921/1/18 1919/5/16 1920/3/13
f 1921/1/18 1920/3/13 1922/2/17
f 1921/1/18 1923/4/15 1919/5/16
f 1921/1/18 1924/3/9 1923/4/15
f 1925/1/10 1924/3/9 1921/1/18
f 1921/14/18 1909/14/3 1925/14/10
f 1909/14/3 1921/14/18 1911/14/1
f 1914/6/6 1923/8/15 1913/8/5
f 1909/14/3 1926/9/11 1925/14/10
f 1926/9/11 1909/14/3 1910/9/2
f 1924/6/9 1910/9/2 1912/6/4
f 1922/11/17 1911/15/1 1921/15/18
f 1911/15/1 1922/11/17 1916/11/8
f 1922/11/17 1915/10/7 1916/11/8
f 1924/13/9 1913/12/5 1923/12/15
f 1929/1/1 1928/2/2 1927/1/3
f 1928/2/2 1929/1/1 1930/3/4
f 1930/3/4 1929/1/1 1931/4/5
f 1931/4/5 1929/1/1 1932/5/6
f 1932/5/6 1929/1/1 1933/3/7
f 1933/3/7 1929/1/1 1934/2/8
f 1942/3/9 1943/1/10 1944/2/11
f 1936/6/12 1933/7/7 1938/7/13
f 1933/7/7 1936/6/12 1935/6/14
f 1941/8/15 1932/6/6 1937/6/16
f 1928/9/2 1942/6/9 1944/9/11
f 1933/10/7 1940/11/17 1938/10/13
f 1931/12/5 1942/13/9 1930/13/4
f 1935/5/14 1932/5/6 1933/3/7
f 1937/5/16 1935/5/14 1936/5/12
f 1935/5/14 1937/5/16 1932/5/6
f 1936/5/12 1938/3/13 1937/5/16
f 1939/1/18 1937/5/16 1938/3/13
f 1939/1/18 1938/3/13 1940/2/17
f 1939/1/18 1941/4/15 1937/5/16
f 1939/1/18 1942/3/9 1941/4/15
f 1943/1/10 1942/3/9 1939/1/18
f 1939/14/18 1927/14/3 1943/14/10
f 1927/14/3 1939/14/18 1929/14/1
f 1932/6/6 1941/8/15 1931/8/5
f 1927/14/3 1944/9/11 1943/14/10
f 1944/9/11 1927/14/3 1928/9/2
f 1942/6/9 1928/9/2 1930/6/4
f 1940/11/17 1929/15/1 1939/15/18
f 1929/15/1 1940/11/17 1934/11/8
f 1940/11/17 1933/10/7 1934/11/8
f 1942/13/9 1931/12/5 1941/12/15
f 1947/1/1 1946/2/2 1945/1/3
f 1946/2/2 1947/1/1 1948/3/4
f 1948/3/4 1947/1/1 1949/4/5
f 1949/4/5 1947/1/1 1950/5/6
f 1950/5/6 1947/1/1 1951/3/7
f 1951/3/7 1947/1/1 1952/2/8
f 1960/3/9 1961/1/10 1962/2/11
f 1954/6/12 1951/7/7 1956/7/13
f 1951/7/7 1954/6/12 1953/6/14
f 1959/8/15 1950/6/6 1955/6/16
f 1946/9/2 1960/6/9 1962/9/11
f 1951/10/7 1958/11/17 1956/10/13
f 1949/12/5 1960/13/9 1948/13/4
f 1953/5/14 1950/5/6 1951/3/7
f 1955/5/16 1953/5/14 1954/5/12
f 1953/5/14 1955/5/16 1950/5/6
f 1954/5/12 1956/3/13 1955/5/16
f 1957/1/18 1955/5/16 1956/3/13
f 1957/1/18 1956/3/13 1958/2/17
f 1957/1/18 1959/4/15 1955/5/16
f 1957/1/18 1960/3/9 1959/4/15
f 1961/1/10 1960/3/9 1957/1/18
f 1957/14/18 1945/14/3 1961/14/10
f 1945/14/3 1957/14/18 1947/14/1
f 1950/6/6 1959/8/15 1949/8/5
f 1945/14/3 1962/9/11 1961/14/10
f 1962/9/11 1945/14/3 1946/9/2
f 1960/6/9 1946/9/2 1948/6/4
f 1958/11/17 1947/15/1 1957/15/18
f 1947/15/1 1958/11/17 1952/11/8
f 1958/11/17 1951/10/7 1952/11/8
f 1960/13/9 1949/12/5 1959/12/15
f 1965/1/1 1964/2/2 1963/1/3
f 1964/2/2 1965/1/1 1966/3/19
f 1966/3/19 1965/1/1 1967/4/5
f 1967/4/5 1965/1/1 1968/5/6
f 1968/5/6 1965/1/1 1969/3/7
f 1969/3/7 1965/1/1 1970/2/8
f 1978/3/9 1979/1/10 1980/2/11
f 1972/6/12 1969/7/7 1974/7/13
f 1969/7/7 1972/6/12 1971/6/14
f 1977/8/15 1968/6/6 1973/6/16
f 1964/9/2 1978/6/9 1980/9/11
f 1969/10/7 1976/11/17 1974/10/13
f 1967/12/5 1978/13/9 1966/13/19
f 1971/5/14 1968/5/6 1969/3/7
f 1973/5/16 1971/5/14 1972/5/12
f 1971/5/14 1973/5/16 1968/5/6
f 1972/5/12 1974/3/13 1973/5/16
f 1975/1/18 1973/5/16 1974/3/13
f 1975/1/18 1974/3/13 1976/2/17
f 1975/1/18 1977/4/15 1973/5/16
f 1975/1/18 1978/3/9 1977/4/15
f 1979/1/10 1978/3/9 1975/1/18
f 1975/14/18 1963/14/3 1979/14/10
f 1963/14/3 1975/14/18 1965/14/1
f 1968/6/6 1977/8/15 1967/8/5
f 1963/14/3 1980/9/11 1979/14/10
f 1980/9/11 1963/14/3 1964/9/2
f 1978/6/9 1964/9/2 1966/6/19
f 1976/11/17 1965/15/1 1975/15/18
f 1965/15/1 1976/11/17 1970/11/8
f 1976/11/17 1969/10/7 1970/11/8
f 1978/13/9 1967/12/5 1977/12/15
f 1983/1/1 1982/2/2 1981/1/3
f 1982/2/2 1983/1/1 1984/3/4
f 1984/3/4 1983/1/1 1985/4/5
f 1985/4/5 1983/1/1 1986/5/6
f 1986/5/6 1983/1/1 1987/3/7
f 1987/3/7 1983/1/1 1988/2/8
f 1996/3/9 1997/1/10 1998/2/11
f 1990/6/12 1987/7/7 1992/7/13
f 1987/7/7 1990/6/12 1989/6/14
f 1995/8/15 1986/6/6 1991/6/16
f 1982/9/2 1996/6/9 1998/9/11
f 1987/10/7 1994/11/17 1992/10/13
f 1985/12/5 1996/13/9 1984/13/4
f 1989/5/14 1986/5/6 1987/3/7
f 1991/5/16 1989/5/14 1990/5/12
f 1989/5/14 1991/5/16 1986/5/6
f 1990/5/12 1992/3/13 1991/5/16
f 1993/1/18 1991/5/16 1992/3/13
f 1993/1/18 1992/3/13 1994/2/17
f 1993/1/18 1995/4/15 1991/5/16
f 1993/1/18 1996/3/9 1995/4/15
f 1997/1/10 1996/3/9 1993/1/18
f 1993/14/18 1981/14/3 1997/14/10
f 1981/14/3 1993/14/18 1983/14/1
f 1986/6/6 1995/8/15 1985/8/5
f 1981/14/3 1998/9/11 1997/14/10
f 1998/9/11 1981/14/3 1982/9/2
f 1996/6/9 1982/9/2 1984/6/4
f 1994/11/17 1983/15/1 1993/15/18
f 1983/15/1 1994/11/17 1988/11/8
f 1994/11/17 1987/10/7 1988/11/8
f 1996/13/9 1985/12/5 1995/12/15
f 2001/1/1 2000/2/2 1999/1/3
f 2000/2/2 2001/1/1 2002/3/4
f 2002/3/4 2001/1/1 2003/4/5
f 2003/4/5 2001/1/1 2004/5/6
f 2004/5/6 2001/1/1 2005/3/7
f 2005/3/7 2001/1/1 2006/2/8
f 2014/3/9 2015/1/10 2016/2/11
f 2008/6/12 2005/7/7 2010/7/13
f 2005/7/7 2008/6/12 2007/6/14
f 2013/8/15 2004/6/6 2009/6/16
f 2000/9/2 2014/6/9 2016/9/11
f 2005/10/7 2012/11/17 2010/10/13
f 2003/12/5 2014/13/9 2002/13/4
f 2007/5/14 2004/5/6 2005/3/7
f 2009/5/16 2007/5/14 2008/5/12
f 2007/5/14 2009/5/16 2004/5/6
f 2008/5/12 2010/3/13 2009/5/16
f 2011/1/18 2009/5/16 2010/3/13
f 2011/1/18 2010/3/13 2012/2/17
f 2011/1/18 2013/4/15 2009/5/16
f 2011/1/18 2014/3/9 2013/4/15
f 2015/1/10 2014/3/9 2011/1/18
f 2011/14/18 1999/14/3 2015/14/10
f 1999/14/3 2011/14/18 2001/14/1
f 2004/6/6 2013/8/15 2003/8/5
f 1999/14/3 2016/9/11 2015/14/10
f 2016/9/11 1999/14/3 2000/9/2
f 2014/6/9 2000/9/2 2002/6/4
f 2012/11/17 2001/15/1 2011/15/18
f 2001/15/1 2012/11/17 2006/11/8
f 2012/11/17 2005/10/7 2006/11/8
f 2014/13/9 2003/12/5 2013/12/15
f 2019/1/1 2018/2/2 2017/1/3
f 2018/2/2 2019/1/1 2020/3/4
f 2020/3/4 2019/1/1 2021/4/5
f 2021/4/5 2019/1/1 2022/5/6
f 2022/5/6 2019/1/1 2023/3/7
f 2023/3/7 2019/1/1 2024/2/8
f 2032/3/9 2033/1/10 2034/2/11
f 2026/6/12 2023/7/7 2028/7/13
f 2023/7/7 2026/6/12 2025/6/14
f 2031/8/15 2022/6/6 2027/6/22
f 2018/9/2 2032/6/9 2034/9/11
f 2023/10/7 2030/11/17 2028/10/13
f 2021/12/5 2032/13/9 2020/13/4
f 2025/5/14 2022/5/6 2023/3/7
f 2027/5/22 2025/5/14 2026/5/12
f 2025/5/14 2027/5/22 2022/5/6
f 2026/5/12 2028/3/13 2027/5/22
f 2029/1/18 2027/5/22 2028/3/13
f 2029/1/18 2028/3/13 2030/2/17
f 2029/1/18 2031/4/15 2027/5/22
f 2029/1/18 2032/3/9 2031/4/15
f 2033/1/10 2032/3/9 2029/1/18
f 2029/14/18 2017/14/3 2033/14/10
f 2017/14/3 2029/14/18 2019/14/1
f 2022/6/6 2031/8/15 2021/8/5
f 2017/14/3 2034/9/11 2033/14/10
f 2034/9/11 2017/14/3 2018/9/2
f 2032/6/9 2018/9/2 2020/6/4
f 2030/11/17 2019/15/1 2029/15/18
f 2019/15/1 2030/11/17 2024/11/8
f 2030/11/17 2023/10/7 2024/11/8
f 2032/13/9 2021/12/5 2031/12/15
f 2037/1/1 2036/2/2 2035/1/3
f 2036/2/2 2037/1/1 2038/3/4
f 2038/3/4 2037/1/1 2039/4/5
f 2039/4/5 2037/1/1 2040/5/6
f 2040/5/6 2037/1/1 2041/3/7
f 2041/3/7 2037/1/1 2042/2/8
f 2050/3/9 2051/1/10 2052/2/11
f 2044/6/12 2041/7/7 2046/7/13
f 2041/7/7 2044/6/12 2043/6/14
f 2049/8/15 2040/6/6 2045/6/22
f 2036/9/2 2050/6/9 2052/9/11
f 2041/10/7 2048/11/17 2046/10/13
f 2039/12/5 2050/13/9 2038/13/4
f 2043/5/14 2040/5/6 2041/3/7
f 2045/5/22 2043/5/14 2044/5/12
f 2043/5/14 2045/5/22 2040/5/6
f 2044/5/12 2046/3/13 2045/5/22
f 2047/1/18 2045/5/22 2046/3/13
f 2047/1/18 2046/3/13 2048/2/17
f 2047/1/18 2049/4/15 2045/5/22
f 2047/1/18 2050/3/9 2049/4/15
f 2051/1/10 2050/3/9 2047/1/18
f 2047/14/18 2035/14/3 2051/14/10
f 2035/14/3 2047/14/18 2037/14/1
f 2040/6/6 2049/8/15 2039/8/5
f 2035/14/3 2052/9/11 2051/14/10
f 2052/9/11 2035/14/3 2036/9/2
f 2050/6/9 2036/9/2 2038/6/4
f 2048/11/17 2037/15/1 2047/15/18
f 2037/15/1 2048/11/17 2042/11/8
f 2048/11/17 2041/10/7 2042/11/8
f 2050/13/9 2039/12/5 2049/12/15
f 2055/1/1 2054/2/2 2053/1/3
f 2054/2/2 2055/1/1 2056/3/4
f 2056/3/4 2055/1/1 2057/4/5
f 2057/4/5 2055/1/1 2058/5/6
f 2058/5/6 2055/1/1 2059/3/7
f 2059/3/7 2055/1/1 2060/2/8
f 2068/3/9 2069/1/10 2070/2/11
f 2062/6/12 2059/7/7 2064/7/13
f 2059/7/7 2062/6/12 2061/6/14
f 2067/8/15 2058/6/6 2063/6/22
f 2054/9/2 2068/6/9 2070/9/11
f 2059/10/7 2066/11/17 2064/10/13
f 2057/12/5 2068/13/9 2056/13/4
f 2061/5/14 2058/5/6 2059/3/7
f 2063/5/22 2061/5/14 2062/5/12
f 2061/5/14 2063/5/22 2058/5/6
f 2062/5/12 2064/3/13 2063/5/22
f 2065/1/18 2063/5/22 2064/3/13
f 2065/1/18 2064/3/13 2066/2/17
f 2065/1/18 2067/4/15 2063/5/22
f 2065/1/18 2068/3/9 2067/4/15
f 2069/1/10 2068/3/9 2065/1/18
f 2065/14/18 2053/14/3 2069/14/10
f 2053/14/3 2065/14/18 2055/14/1
f 2058/6/6 2067/8/15 2057/8/5
f 2053/14/3 2070/9/11 2069/14/10
f 2070/9/11 2053/14/3 2054/9/2
f 2068/6/9 2054/9/2 2056/6/4
f 2066/11/17 2055/15/1 2065/15/18
f 2055/15/1 2066/11/17 2060/11/8
f 2066/11/17 2059/10/7 2060/11/8
f 2068/13/9 2057/12/5 2067/12/15
f 2073/1/1 2072/2/2 2071/1/3
f 2072/2/2 2073/1/1 2074/3/4
f 2074/3/4 2073/1/1 2075/4/5
f 2075/4/5 2073/1/1 2076/5/6
f 2076/5/6 2073/1/1 2077/3/7
f 2077/3/7 2073/1/1 2078/2/8
f 2086/3/9 2087/1/10 2088/2/11
f 2080/6/12 2077/7/7 2082/7/13
f 2077/7/7 2080/6/12 2079/6/14
f 2085/8/15 2076/6/6 2081/6/22
f 2072/9/2 2086/6/9 2088/9/11
f 2077/10/7 2084/11/17 2082/10/13
f 2075/12/5 2086/13/9 2074/13/4
f 2079/5/14 2076/5/6 2077/3/7
f 2081/5/22 2079/5/14 2080/5/12
f 2079/5/14 2081/5/22 2076/5/6
f 2080/5/12 2082/3/13 2081/5/22
f 2083/1/18 2081/5/22 2082/3/13
f 2083/1/18 2082/3/13 2084/2/17
f 2083/1/18 2085/4/15 2081/5/22
f 2083/1/18 2086/3/9 2085/4/15
f 2087/1/10 2086/3/9 2083/1/18
f 2083/14/18 2071/14/3 2087/14/10
f 2071/14/3 2083/14/18 2073/14/1
f 2076/6/6 2085/8/15 2075/8/5
f 2071/14/3 2088/9/11 2087/14/10
f 2088/9/11 2071/14/3 2072/9/2
f 2086/6/9 2072/9/2 2074/6/4
f 2084/11/17 2073/15/1 2083/15/18
f 2073/15/1 2084/11/17 2078/11/8
f 2084/11/17 2077/10/7 2078/11/8
f 2086/13/9 2075/12/5 2085/12/15
f 2091/1/1 2090/2/2 2089/1/3
f 2090/2/2 2091/1/1 2092/3/4
f 2092/3/4 2091/1/1 2093/4/5
f 2093/4/5 2091/1/1 2094/5/6
f 2094/5/6 2091/1/1 2095/3/7
f 2095/3/7 2091/1/1 2096/2/8
f 2104/3/9 2105/1/10 2106/2/11
f 2098/6/12 2095/7/7 2100/7/13
f 2095/7/7 2098/6/12 2097/6/14
f 2103/8/15 2094/6/6 2099/6/22
f 2090/9/2 2104/6/9 2106/9/11
f 2095/10/7 2102/11/17 2100/10/13
f 2093/12/5 2104/13/9 2092/13/4
f 2097/5/14 2094/5/6 2095/3/7
f 2099/5/22 2097/5/14 2098/5/12
f 2097/5/14 2099/5/22 2094/5/6
f 2098/5/12 2100/3/13 2099/5/22
f 2101/1/18 2099/5/22 2100/3/13
f 2101/1/18 2100/3/13 2102/2/17
f 2101/1/18 2103/4/15 2099/5/22
f 2101/1/18 2104/3/9 2103/4/15
f 2105/1/10 2104/3/9 2101/1/18
f 2101/14/18 2089/14/3 2105/14/10
f 2089/14/3 2101/14/18 2091/14/1
f 2094/6/6 2103/8/15 2093/8/5
f 2089/14/3 2106/9/11 2105/14/10
f 2106/9/11 2089/14/3 2090/9/2
f 2104/6/9 2090/9/2 2092/6/4
f 2102/11/17 2091/15/1 2101/15/18
f 2091/15/1 2102/11/17 2096/11/8
f 2102/11/17 2095/10/7 2096/11/8
f 2104/13/9 2093/12/5 2103/12/15
f 2109/1/1 2108/2/2 2107/1/3
f 2108/2/2 2109/1/1 2110/3/4
f 2110/3/4 2109/1/1 2111/4/5
f 2111/4/5 2109/1/1 2112/5/6
f 2112/5/6 2109/1/1 2113/3/7
f 2113/3/7 2109/1/1 2114/2/8
f 2122/3/9 2123/1/10 2124/2/11
f 2116/6/12 2113/7/7 2118/7/13
f 2113/7/7 2116/6/12 2115/6/14
f 2121/8/15 2112/6/6 2117/6/22
f 2108/9/2 2122/6/9 2124/9/11
f 2113/10/7 2120/11/17 2118/10/13
f 2111/12/5 2122/13/9 2110/13/4
f 2115/5/14 2112/5/6 2113/3/7
f 2117/5/22 2115/5/14 2116/5/12
f 2115/5/14 2117/5/22 2112/5/6
f 2116/5/12 2118/3/13 2117/5/22
f 2119/1/18 2117/5/22 2118/3/13
f 2119/1/18 2118/3/13 2120/2/17
f 2119/1/18 2121/4/15 2117/5/22
f 2119/1/18 2122/3/9 2121/4/15
f 2123/1/10 2122/3/9 2119/1/18
f 2119/14/18 2107/14/3 2123/14/10
f 2107/14/3 2119/14/18 2109/14/1
f 2112/6/6 2121/8/15 2111/8/5
f 2107/14/3 2124/9/11 2123/14/10
f 2124/9/11 2107/14/3 2108/9/2
f 2122/6/9 2108/9/2 2110/6/4
f 2120/11/17 2109/15/1 2119/15/18
f 2109/15/1 2120/11/17 2114/11/8
f 2120/11/17 2113/10/7 2114/11/8
f 2122/13/9 2111/12/5 2121/12/15
f 2127/1/1 2126/2/2 2125/1/3
f 2126/2/2 2127/1/1 2128/3/4
f 2128/3/4 2127/1/1 2129/4/5
f 2129/4/5 2127/1/1 2130/5/6
f 2130/5/6 2127/1/1 2131/3/7
f 2131/3/7 2127/1/1 2132/2/8
f 2140/3/9 2141/1/10 2142/2/11
f 2134/6/12 2131/7/7 2136/7/13
f 2131/7/7 2134/6/12 2133/6/14
f 2139/8/15 2130/6/6 2135/6/22
f 2126/9/2 2140/6/9 2142/9/11
f 2131/10/7 2138/11/17 2136/10/13
f 2129/12/5 2140/13/9 2128/13/4
f 2133/5/14 2130/5/6 2131/3/7
f 2135/5/22 2133/5/14 2134/5/12
f 2133/5/14 2135/5/22 2130/5/6
f 2134/5/12 2136/3/13 2135/5/22
f 2137/1/18 2135/5/22 2136/3/13
f 2137/1/18 2136/3/13 2138/2/17
f 2137/1/18 2139/4/15 2135/5/22
f 2137/1/18 2140/3/9 2139/4/15
f 2141/1/10 2140/3/9 2137/1/18
f 2137/14/18 2125/14/3 2141/14/10
f 2125/14/3 2137/14/18 2127/14/1
f 2130/6/6 2139/8/15 2129/8/5
f 2125/14/3 2142/9/11 2141/14/10
f 2142/9/11 2125/14/3 2126/9/2
f 2140/6/9 2126/9/2 2128/6/4
f 2138/11/17 2127/15/1 2137/15/18
f 2127/15/1 2138/11/17 2132/11/8
f 2138/11/17 2131/10/7 2132/11/8
f 2140/13/9 2129/12/5 2139/12/15
f 2145/1/1 2144/2/2 2143/1/3
f 2144/2/2 2145/1/1 2146/3/4
f 2146/3/4 2145/1/1 2147/4/5
f 2147/4/5 2145/1/1 2148/5/6
f 2148/5/6 2145/1/1 2149/3/7
f 2149/3/7 2145/1/1 2150/2/8
f 2158/3/9 2159/1/10 2160/2/11
f 2152/6/12 2149/7/7 2154/7/13
f 2149/7/7 2152/6/12 2151/6/14
f 2157/8/15 2148/6/6 2153/6/22
f 2144/9/2 2158/6/9 2160/9/11
f 2149/10/7 2156/11/17 2154/10/13
f 2147/12/5 2158/13/9 2146/13/4
f 2151/5/14 2148/5/6 2149/3/7
f 2153/5/22 2151/5/14 2152/5/12
f 2151/5/14 2153/5/22 2148/5/6
f 2152/5/12 2154/3/13 2153/5/22
f 2155/1/18 2153/5/22 2154/3/13
f 2155/1/18 2154/3/13 2156/2/17
f 2155/1/18 2157/4/15 2153/5/22
f 2155/1/18 2158/3/9 2157/4/15
f 2159/1/10 2158/3/9 2155/1/18
f 2155/14/18 2143/14/3 2159/14/10
f 2143/14/3 2155/14/18 2145/14/1
f 2148/6/6 2157/8/15 2147/8/5
f 2143/14/3 2160/9/11 2159/14/10
f 2160/9/11 2143/14/3 2144/9/2
f 2158/6/9 2144/9/2 2146/6/4
f 2156/11/17 2145/15/1 2155/15/18
f 2145/15/1 2156/11/17 2150/11/8
f 2156/11/17 2149/10/7 2150/11/8
f 2158/13/9 2147/12/5 2157/12/15
f 2163/1/1 2162/2/2 2161/1/3
f 2162/2/2 2163/1/1 2164/3/4
f 2164/3/4 2163/1/1 2165/4/5
f 2165/4/5 2163/1/1 2166/5/6
f 2166/5/6 2163/1/1 2167/3/7
f 2167/3/7 2163/1/1 2168/2/8
f 2176/3/9 2177/1/10 2178/2/11
f 2170/6/12 2167/7/7 2172/7/13
f 2167/7/7 2170/6/12 2169/6/14
f 2175/8/15 2166/6/6 2171/6/22
f 2162/9/2 2176/6/9 2178/9/11
f 2167/10/7 2174/11/17 2172/10/13
f 2165/12/5 2176/13/9 2164/13/4
f 2169/5/14 2166/5/6 2167/3/7
f 2171/5/22 2169/5/14 2170/5/12
f 2169/5/14 2171/5/22 2166/5/6
f 2170/5/12 2172/3/13 2171/5/22
f 2173/1/18 2171/5/22 2172/3/13
f 2173/1/18 2172/3/13 2174/2/17
f 2173/1/18 2175/4/15 2171/5/22
f 2173/1/18 2176/3/9 2175/4/15
f 2177/1/10 2176/3/9 2173/1/18
f 2173/14/18 2161/14/3 2177/14/10
f 2161/14/3 2173/14/18 2163/14/1
f 2166/6/6 2175/8/15 2165/8/5
f 2161/14/3 2178/9/11 2177/14/10
f 2178/9/11 2161/14/3 2162/9/2
f 2176/6/9 2162/9/2 2164/6/4
f 2174/11/17 2163/15/1 2173/15/18
f 2163/15/1 2174/11/17 2168/11/8
f 2174/11/17 2167/10/7 2168/11/8
f 2176/13/9 2165/12/5 2175/12/15
f 2181/1/1 2180/2/2 2179/1/3
f 2180/2/2 2181/1/1 2182/3/4
f 2182/3/4 2181/1/1 2183/4/5
f 2183/4/5 2181/1/1 2184/5/6
f 2184/5/6 2181/1/1 2185/3/7
f 2185/3/7 2181/1/1 2186/2/8
f 2194/3/9 2195/1/10 2196/2/11
f 2188/6/12 2185/7/7 2190/7/13
f 2185/7/7 2188/6/12 2187/6/14
f 2193/8/15 2184/6/6 2189/6/22
f 2180/9/2 2194/6/9 2196/9/11
f 2185/10/7 2192/11/17 2190/10/13
f 2183/12/5 2194/13/9 2182/13/4
f 2187/5/14 2184/5/6 2185/3/7
f 2189/5/22 2187/5/14 2188/5/12
f 2187/5/14 2189/5/22 2184/5/6
f 2188/5/12 2190/3/13 2189/5/22
f 2191/1/18 2189/5/22 2190/3/13
f 2191/1/18 2190/3/13 2192/2/17
f 2191/1/18 2193/4/15 2189/5/22
f 2191/1/18 2194/3/9 2193/4/15
f 2195/1/10 2194/3/9 2191/1/18
f 2191/14/18 2179/14/3 2195/14/10
f 2179/14/3 2191/14/18 2181/14/1
f 2184/6/6 2193/8/15 2183/8/5
f 2179/14/3 2196/9/11 2195/14/10
f 2196/9/11 2179/14/3 2180/9/2
f 2194/6/9 2180/9/2 2182/6/4
f 2192/11/17 2181/15/1 2191/15/18
f 2181/15/1 2192/11/17 2186/11/8
f 2192/11/17 2185/10/7 2186/11/8
f 2194/13/9 2183/12/5 2193/12/15
f 2199/1/1 2198/2/2 2197/1/3
f 2198/2/2 2199/1/1 2200/3/4
f 2200/3/4 2199/1/1 2201/4/5
f 2201/4/5 2199/1/1 2202/5/6
f 2202/5/6 2199/1/1 2203/3/7
f 2203/3/7 2199/1/1 2204/2/8
f 2212/3/9 2213/1/10 2214/2/11
f 2206/6/12 2203/7/7 2208/7/13
f 2203/7/7 2206/6/12 2205/6/14
f 2211/8/15 2202/6/6 2207/6/22
f 2198/9/2 2212/6/9 2214/9/11
f 2203/10/7 2210/11/17 2208/10/13
f 2201/12/5 2212/13/9 2200/13/4
f 2205/5/14 2202/5/6 2203/3/7
f 2207/5/22 2205/5/14 2206/5/12
f 2205/5/14 2207/5/22 2202/5/6
f 2206/5/12 2208/3/13 2207/5/22
f 2209/1/18 2207/5/22 2208/3/13
f 2209/1/18 2208/3/13 2210/2/17
f 2209/1/18 2211/4/15 2207/5/22
f 2209/1/18 2212/3/9 2211/4/15
f 2213/1/10 2212/3/9 2209/1/18
f 2209/14/18 2197/14/3 2213/14/10
f 2197/14/3 2209/14/18 2199/14/1
f 2202/6/6 2211/8/15 2201/8/5
f 2197/14/3 2214/9/11 2213/14/10
f 2214/9/11 2197/14/3 2198/9/2
f 2212/6/9 2198/9/2 2200/6/4
f 2210/11/17 2199/15/1 2209/15/18
f 2199/15/1 2210/11/17 2204/11/8
f 2210/11/17 2203/10/7 2204/11/8
f 2212/13/9 2201/12/5 2211/12/15
f 2217/1/1 2216/2/2 2215/1/3
f 2216/2/2 2217/1/1 2218/3/19
f 2218/3/19 2217/1/1 2219/4/5
f 2219/4/5 2217/1/1 2220/5/6
f 2220/5/6 2217/1/1 2221/3/7
f 2221/3/7 2217/1/1 2222/2/8
f 2230/3/9 2231/1/10 2232/2/11
f 2224/6/12 2221/7/7 2226/7/13
f 2221/7/7 2224/6/12 2223/6/14
f 2229/8/15 2220/6/6 2225/6/22
f 2216/9/2 2230/6/9 2232/9/11
f 2221/10/7 2228/11/17 2226/10/13
f 2219/12/5 2230/13/9 2218/13/19
f 2223/5/14 2220/5/6 2221/3/7
f 2225/5/22 2223/5/14 2224/5/12
f 2223/5/14 2225/5/22 2220/5/6
f 2224/5/12 2226/3/13 2225/5/22
f 2227/1/18 2225/5/22 2226/3/13
f 2227/1/18 2226/3/13 2228/2/17
f 2227/1/18 2229/4/15 2225/5/22
f 2227/1/18 2230/3/9 2229/4/15
f 2231/1/10 2230/3/9 2227/1/18
f 2227/14/18 2215/14/3 2231/14/10
f 2215/14/3 2227/14/18 2217/14/1
f 2220/6/6 2229/8/15 2219/8/5
f 2215/14/3 2232/9/11 2231/14/10
f 2232/9/11 2215/14/3 2216/9/2
f 2230/6/9 2216/9/2 2218/6/19
f 2228/11/17 2217/15/1 2227/15/18
f 2217/15/1 2228/11/17 2222/11/8
f 2228/11/17 2221/10/7 2222/11/8
f 2230/13/9 2219/12/5 2229/12/15
f 2235/1/1 2234/2/2 2233/1/3
f 2234/2/2 2235/1/1 2236/3/4
f 2236/3/4 2235/1/1 2237/4/5
f 2237/4/5 2235/1/1 2238/5/6
f 2238/5/6 2235/1/1 2239/3/7
f 2239/3/7 2235/1/1 2240/2/8
f 2248/3/9 2249/1/10 2250/2/11
f 2242/6/12 2239/7/7 2244/7/13
f 2239/7/7 2242/6/12 2241/6/14
f 2247/8/15 2238/6/6 2243/6/22
f 2234/9/2 2248/6/9 2250/9/11
f 2239/10/7 2246/11/17 2244/10/13
f 2237/12/5 2248/13/9 2236/13/4
f 2241/5/14 2238/5/6 2239/3/7
f 2243/5/22 2241/5/14 2242/5/12
f 2241/5/14 2243/5/22 2238/5/6
f 2242/5/12 2244/3/13 2243/5/22
f 2245/1/18 2243/5/22 2244/3/13
f 2245/1/18 2244/3/13 2246/2/17
f 2245/1/18 2247/4/15 2243/5/22
f 2245/1/18 2248/3/9 2247/4/15
f 2249/1/10 2248/3/9 2245/1/18
f 2245/14/18 2233/14/3 2249/14/10
f 2233/14/3 2245/14/18 2235/14/1
f 2238/6/6 2247/8/15 2237/8/5
f 2233/14/3 2250/9/11 2249/14/10
f 2250/9/11 2233/14/3 2234/9/2
f 2248/6/9 2234/9/2 2236/6/4
f 2246/11/17 2235/15/1 2245/15/18
f 2235/15/1 2246/11/17 2240/11/8
f 2246/11/17 2239/10/7 2240/11/8
f 2248/13/9 2237/12/5 2247/12/15
f 2253/1/1 2252/2/2 2251/1/3
f 2252/2/2 2253/1/1 2254/3/4
f 2254/3/4 2253/1/1 2255/4/5
f 2255/4/5 2253/1/1 2256/5/6
f 2256/5/6 2253/1/1 2257/3/7
f 2257/3/7 2253/1/1 2258/2/8
f 2266/3/9 2267/1/10 2268/2/11
f 2260/6/12 2257/7/7 2262/7/13
f 2257/7/7 2260/6/12 2259/6/14
f 2265/8/15 2256/6/6 2261/6/22
f 2252/9/2 2266/6/9 2268/9/11
f 2257/10/7 2264/11/17 2262/10/13
f 2255/12/5 2266/13/9 2254/13/4
f 2259/5/14 2256/5/6 2257/3/7
f 2261/5/22 2259/5/14 2260/5/12
f 2259/5/14 2261/5/22 2256/5/6
f 2260/5/12 2262/3/13 2261/5/22
f 2263/1/18 2261/5/22 2262/3/13
f 2263/1/18 2262/3/13 2264/2/17
f 2263/1/18 2265/4/15 2261/5/22
f 2263/1/18 2266/3/9 2265/4/15
f 2267/1/10 2266/3/9 2263/1/18
f 2263/14/18 2251/14/3 2267/14/10
f 2251/14/3 2263/14/18 2253/14/1
f 2256/6/6 2265/8/15 2255/8/5
f 2251/14/3 2268/9/11 2267/14/10
f 2268/9/11 2251/14/3 2252/9/2
f 2266/6/9 2252/9/2 2254/6/4
f 2264/11/17 2253/15/1 2263/15/18
f 2253/15/1 2264/11/17 2258/11/8
f 2264/11/17 2257/10/7 2258/11/8
f 2266/13/9 2255/12/5 2265/12/15
f 2271/1/1 2270/2/2 2269/1/3
f 2270/2/2 2271/1/1 2272/3/4
f 2272/3/4 2271/1/1 2273/4/5
f 2273/4/5 2271/1/1 2274/5/6
f 2274/5/6 2271/1/1 2275/3/7
f 2275/3/7 2271/1/1 2276/2/8
f 2284/3/9 2285/1/10 2286/2/11
f 2278/6/12 2275/7/7 2280/7/13
f 2275/7/7 2278/6/12 2277/6/14
f 2283/8/15 2274/6/6 2279/6/22
f 2270/9/2 2284/6/9 2286/9/11
f 2275/10/7 2282/11/17 2280/10/13
f 2273/12/5 2284/13/9 2272/13/4
f 2277/5/14 2274/5/6 2275/3/7
f 2279/5/22 2277/5/14 2278/5/12
f 2277/5/14 2279/5/22 2274/5/6
f 2278/5/12 2280/3/13 2279/5/22
f 2281/1/18 2279/5/22 2280/3/13
f 2281/1/18 2280/3/13 2282/2/17
f 2281/1/18 2283/4/15 2279/5/22
f 2281/1/18 2284/3/9 2283/4/15
f 2285/1/10 2284/3/9 2281/1/18
f 2281/14/18 2269/14/3 2285/14/10
f 2269/14/3 2281/14/18 2271/14/1
f 2274/6/6 2283/8/15 2273/8/5
f 2269/14/3 2286/9/11 2285/14/10
f 2286/9/11 2269/14/3 2270/9/2
f 2284/6/9 2270/9/2 2272/6/4
f 2282/11/17 2271/15/1 2281/15/18
f 2271/15/1 2282/11/17 2276/11/8
f 2282/11/17 2275/10/7 2276/11/8
f 2284/13/9 2273/12/5 2283/12/15
f 2289/1/1 2288/2/2 2287/1/3
f 2288/2/2 2289/1/1 2290/3/19
f 2290/3/19 2289/1/1 2291/4/5
f 2291/4/5 2289/1/1 2292/5/6
f 2292/5/6 2289/1/1 2293/3/7
f 2293/3/7 2289/1/1 2294/2/8
f 2302/3/9 2303/1/10 2304/2/11
f 2296/6/12 2293/7/7 2298/7/13
f 2293/7/7 2296/6/12 2295/6/14
f 2301/8/15 2292/6/6 2297/6/22
f 2288/9/2 2302/6/9 2304/9/11
f 2293/10/7 2300/11/17 2298/10/13
f 2291/12/5 2302/13/9 2290/13/19
f 2295/5/14 2292/5/6 2293/3/7
f 2297/5/22 2295/5/14 2296/5/12
f 2295/5/14 2297/5/22 2292/5/6
f 2296/5/12 2298/3/13 2297/5/22
f 2299/1/18 2297/5/22 2298/3/13
f 2299/1/18 2298/3/13 2300/2/17
f 2299/1/18 2301/4/15 2297/5/22
f 2299/1/18 2302/3/9 2301/4/15
f 2303/1/10 2302/3/9 2299/1/18
f 2299/14/18 2287/14/3 2303/14/10
f 2287/14/3 2299/14/18 2289/14/1
f 2292/6/6 2301/8/15 2291/8/5
f 2287/14/3 2304/9/11 2303/14/10
f 2304/9/11 2287/14/3 2288/9/2
f 2302/6/9 2288/9/2 2290/6/19
f 2300/11/17 2289/15/1 2299/15/18
f 2289/15/1 2300/11/17 2294/11/8
f 2300/11/17 2293/10/7 2294/11/8
f 2302/13/9 2291/12/5 2301/12/15
f 2307/1/1 2306/2/2 2305/1/3
f 2306/2/2 2307/1/1 2308/3/4
f 2308/3/4 2307/1/1 2309/4/5
f 2309/4/5 2307/1/1 2310/5/6
f 2310/5/6 2307/1/1 2311/3/7
f 2311/3/7 2307/1/1 2312/2/8
f 2320/3/9 2321/1/10 2322/2/11
f 2314/6/12 2311/7/7 2316/7/20
f 2311/7/7 2314/6/12 2313/6/14
f 2319/8/15 2310/6/6 2315/6/16
f 2306/9/2 2320/6/9 2322/9/11
f 2311/10/7 2318/11/17 2316/10/20
f 2309/12/5 2320/13/9 2308/13/4
f 2313/5/14 2310/5/6 2311/3/7
f 2315/5/16 2313/5/14 2314/5/12
f 2313/5/14 2315/5/16 2310/5/6
f 2314/5/12 2316/3/20 2315/5/16
f 2317/1/18 2315/5/16 2316/3/20
f 2317/1/18 2316/3/20 2318/2/17
f 2317/1/18 2319/4/15 2315/5/16
f 2317/1/18 2320/3/9 2319/4/15
f 2321/1/10 2320/3/9 2317/1/18
f 2317/14/18 2305/14/3 2321/14/10
f 2305/14/3 2317/14/18 2307/14/1
f 2310/6/6 2319/8/15 2309/8/5
f 2305/14/3 2322/9/11 2321/14/10
f 2322/9/11 2305/14/3 2306/9/2
f 2320/6/9 2306/9/2 2308/6/4
f 2318/11/17 2307/15/1 2317/15/18
f 2307/15/1 2318/11/17 2312/11/8
f 2318/11/17 2311/10/7 2312/11/8
f 2320/13/9 2309/12/5 2319/12/15
f 2325/1/1 2324/2/2 2323/1/3
f 2324/2/2 2325/1/1 2326/3/4
f 2326/3/4 2325/1/1 2327/4/5
f 2327/4/5 2325/1/1 2328/5/6
f 2328/5/6 2325/1/1 2329/3/7
f 2329/3/7 2325/1/1 2330/2/8
f 2338/3/9 2339/1/10 2340/2/11
f 2332/6/12 2329/7/7 2334/7/13
f 2329/7/7 2332/6/12 2331/6/14
f 2337/8/15 2328/6/6 2333/6/22
f 2324/9/2 2338/6/9 2340/9/11
f 2329/10/7 2336/11/17 2334/10/13
f 2327/12/5 2338/13/9 2326/13/4
f 2331/5/14 2328/5/6 2329/3/7
f 2333/5/22 2331/5/14 2332/5/12
f 2331/5/14 2333/5/22 2328/5/6
f 2332/5/12 2334/3/13 2333/5/22
f 2335/1/18 2333/5/22 2334/3/13
f 2335/1/18 2334/3/13 2336/2/17
f 2335/1/18 2337/4/15 2333/5/22
f 2335/1/18 2338/3/9 2337/4/15
f 2339/1/10 2338/3/9 2335/1/18
f 2335/14/18 2323/14/3 2339/14/10
f 2323/14/3 2335/14/18 2325/14/1
f 2328/6/6 2337/8/15 2327/8/5
f 2323/14/3 2340/9/11 2339/14/10
f 2340/9/11 2323/14/3 2324/9/2
f 2338/6/9 2324/9/2 2326/6/4
f 2336/11/17 2325/15/1 2335/15/18
f 2325/15/1 2336/11/17 2330/11/8
f 2336/11/17 2329/10/7 2330/11/8
f 2338/13/9 2327/12/5 2337/12/15
f 2343/1/1 2342/2/2 2341/1/3
f 2342/2/2 2343/1/1 2344/3/4
f 2344/3/4 2343/1/1 2345/4/5
f 2345/4/5 2343/1/1 2346/5/6
f 2346/5/6 2343/1/1 2347/3/7
f 2347/3/7 2343/1/1 2348/2/8
f 2356/3/9 2357/1/10 2358/2/11
f 2350/6/12 2347/7/7 2352/7/13
f 2347/7/7 2350/6/12 2349/6/14
f 2355/8/15 2346/6/6 2351/6/22
f 2342/9/2 2356/6/9 2358/9/11
f 2347/10/7 2354/11/17 2352/10/13
f 2345/12/5 2356/13/9 2344/13/4
f 2349/5/14 2346/5/6 2347/3/7
f 2351/5/22 2349/5/14 2350/5/12
f 2349/5/14 2351/5/22 2346/5/6
f 2350/5/12 2352/3/13 2351/5/22
f 2353/1/18 2351/5/22 2352/3/13
f 2353/1/18 2352/3/13 2354/2/17
f 2353/1/18 2355/4/15 2351/5/22
f 2353/1/18 2356/3/9 2355/4/15
f 2357/1/10 2356/3/9 2353/1/18
f 2353/14/18 2341/14/3 2357/14/10
f 2341/14/3 2353/14/18 2343/14/1
f 2346/6/6 2355/8/15 2345/8/5
f 2341/14/3 2358/9/11 2357/14/10
f 2358/9/11 2341/14/3 2342/9/2
f 2356/6/9 2342/9/2 2344/6/4
f 2354/11/17 2343/15/1 2353/15/18
f 2343/15/1 2354/11/17 2348/11/8
f 2354/11/17 2347/10/7 2348/11/8
f 2356/13/9 2345/12/5 2355/12/15
f 2361/1/1 2360/2/2 2359/1/3
f 2360/2/2 2361/1/1 2362/3/4
f 2362/3/4 2361/1/1 2363/4/5
f 2363/4/5 2361/1/1 2364/5/6
f 2364/5/6 2361/1/1 2365/3/7
f 2365/3/7 2361/1/1 2366/2/8
f 2374/3/9 2375/1/10 2376/2/11
f 2368/6/12 2365/7/7 2370/7/13
f 2365/7/7 2368/6/12 2367/6/14
f 2373/8/15 2364/6/6 2369/6/22
f 2360/9/2 2374/6/9 2376/9/11
f 2365/10/7 2372/11/17 2370/10/13
f 2363/12/5 2374/13/9 2362/13/4
f 2367/5/14 2364/5/6 2365/3/7
f 2369/5/22 2367/5/14 2368/5/12
f 2367/5/14 2369/5/22 2364/5/6
f 2368/5/12 2370/3/13 2369/5/22
f 2371/1/18 2369/5/22 2370/3/13
f 2371/1/18 2370/3/13 2372/2/17
f 2371/1/18 2373/4/15 2369/5/22
f 2371/1/18 2374/3/9 2373/4/15
f 2375/1/10 2374/3/9 2371/1/18
f 2371/14/18 2359/14/3 2375/14/10
f 2359/14/3 2371/14/18 2361/14/1
f 2364/6/6 2373/8/15 2363/8/5
f 2359/14/3 2376/9/11 2375/14/10
f 2376/9/11 2359/14/3 2360/9/2
f 2374/6/9 2360/9/2 2362/6/4
f 2372/11/17 2361/15/1 2371/15/18
f 2361/15/1 2372/11/17 2366/11/8
f 2372/11/17 2365/10/7 2366/11/8
f 2374/13/9 2363/12/5 2373/12/15
f 2379/1/1 2378/2/2 2377/1/3
f 2378/2/2 2379/1/1 2380/3/19
f 2380/3/19 2379/1/1 2381/4/5
f 2381/4/5 2379/1/1 2382/5/6
f 2382/5/6 2379/1/1 2383/3/7
f 2383/3/7 2379/1/1 2384/2/8
f 2392/3/9 2393/1/10 2394/2/11
f 2386/6/12 2383/7/7 2388/7/13
f 2383/7/7 2386/6/12 2385/6/14
f 2391/8/15 2382/6/6 2387/6/22
f 2378/9/2 2392/6/9 2394/9/11
f 2383/10/7 2390/11/17 2388/10/13
f 2381/12/5 2392/13/9 2380/13/19
f 2385/5/14 2382/5/6 2383/3/7
f 2387/5/22 2385/5/14 2386/5/12
f 2385/5/14 2387/5/22 2382/5/6
f 2386/5/12 2388/3/13 2387/5/22
f 2389/1/18 2387/5/22 2388/3/13
f 2389/1/18 2388/3/13 2390/2/17
f 2389/1/18 2391/4/15 2387/5/22
f 2389/1/18 2392/3/9 2391/4/15
f 2393/1/10 2392/3/9 2389/1/18
f 2389/14/18 2377/14/3 2393/14/10
f 2377/14/3 2389/14/18 2379/14/1
f 2382/6/6 2391/8/15 2381/8/5
f 2377/14/3 2394/9/11 2393/14/10
f 2394/9/11 2377/14/3 2378/9/2
f 2392/6/9 2378/9/2 2380/6/19
f 2390/11/17 2379/15/1 2389/15/18
f 2379/15/1 2390/11/17 2384/11/8
f 2390/11/17 2383/10/7 2384/11/8
f 2392/13/9 2381/12/5 2391/12/15
f 2397/1/1 2396/2/2 2395/1/3
f 2396/2/2 2397/1/1 2398/3/4
f 2398/3/4 2397/1/1 2399/4/5
f 2399/4/5 2397/1/1 2400/5/6
f 2400/5/6 2397/1/1 2401/3/21
f 2401/3/21 2397/1/1 2402/2/8
f 2410/3/9 2411/1/10 2412/2/11
f 2404/6/12 2401/7/21 2406/7/13
f 2401/7/21 2404/6/12 2403/6/14
f 2409/8/15 2400/6/6 2405/6/22
f 2396/9/2 2410/6/9 2412/9/11
f 2401/10/21 2408/11/17 2406/10/13
f 2399/12/5 2410/13/9 2398/13/4
f 2403/5/14 2400/5/6 2401/3/21
f 2405/5/22 2403/5/14 2404/5/12
f 2403/5/14 2405/5/22 2400/5/6
f 2404/5/12 2406/3/13 2405/5/22
f 2407/1/18 2405/5/22 2406/3/13
f 2407/1/18 2406/3/13 2408/2/17
f 2407/1/18 2409/4/15 2405/5/22
f 2407/1/18 2410/3/9 2409/4/15
f 2411/1/10 2410/3/9 2407/1/18
f 2407/14/18 2395/14/3 2411/14/10
f 2395/14/3 2407/14/18 2397/14/1
f 2400/6/6 2409/8/15 2399/8/5
f 2395/14/3 2412/9/11 2411/14/10
f 2412/9/11 2395/14/3 2396/9/2
f 2410/6/9 2396/9/2 2398/6/4
f 2408/11/17 2397/15/1 2407/15/18
f 2397/15/1 2408/11/17 2402/11/8
f 2408/11/17 2401/10/21 2402/11/8
f 2410/13/9 2399/12/5 2409/12/15
f 2415/1/1 2414/2/2 2413/1/3
f 2414/2/2 2415/1/1 2416/3/4
f 2416/3/4 2415/1/1 2417/4/5
f 2417/4/5 2415/1/1 2418/5/6
f 2418/5/6 2415/1/1 2419/3/7
f 2419/3/7 2415/1/1 2420/2/8
f 2428/3/9 2429/1/10 2430/2/11
f 2422/6/12 2419/7/7 2424/7/13
f 2419/7/7 2422/6/12 2421/6/14
f 2427/8/15 2418/6/6 2423/6/22
f 2414/9/2 2428/6/9 2430/9/11
f 2419/10/7 2426/11/17 2424/10/13
f 2417/12/5 2428/13/9 2416/13/4
f 2421/5/14 2418/5/6 2419/3/7
f 2423/5/22 2421/5/14 2422/5/12
f 2421/5/14 2423/5/22 2418/5/6
f 2422/5/12 2424/3/13 2423/5/22
f 2425/1/18 2423/5/22 2424/3/13
f 2425/1/18 2424/3/13 2426/2/17
f 2425/1/18 2427/4/15 2423/5/22
f 2425/1/18 2428/3/9 2427/4/15
f 2429/1/10 2428/3/9 2425/1/18
f 2425/14/18 2413/14/3 2429/14/10
f 2413/14/3 2425/14/18 2415/14/1
f 2418/6/6 2427/8/15 2417/8/5
f 2413/14/3 2430/9/11 2429/14/10
f 2430/9/11 2413/14/3 2414/9/2
f 2428/6/9 2414/9/2 2416/6/4
f 2426/11/17 2415/15/1 2425/15/18
f 2415/15/1 2426/11/17 2420/11/8
f 2426/11/17 2419/10/7 2420/11/8
f 2428/13/9 2417/12/5 2427/12/15
f 2433/1/1 2432/2/2 2431/1/3
f 2432/2/2 2433/1/1 2434/3/4
f 2434/3/4 2433/1/1 2435/4/5
f 2435/4/5 2433/1/1 2436/5/6
f 2436/5/6 2433/1/1 2437/3/7
f 2437/3/7 2433/1/1 2438/2/8
f 2446/3/9 2447/1/10 2448/2/11
f 2440/6/12 2437/7/7 2442/7/13
f 2437/7/7 2440/6/12 2439/6/14
f 2445/8/15 2436/6/6 2441/6/22
f 2432/9/2 2446/6/9 2448/9/11
f 2437/10/7 2444/11/17 2442/10/13
f 2435/12/5 2446/13/9 2434/13/4
f 2439/5/14 2436/5/6 2437/3/7
f 2441/5/22 2439/5/14 2440/5/12
f 2439/5/14 2441/5/22 2436/5/6
f 2440/5/12 2442/3/13 2441/5/22
f 2443/1/18 2441/5/22 2442/3/13
f 2443/1/18 2442/3/13 2444/2/17
f 2443/1/18 2445/4/15 2441/5/22
f 2443/1/18 2446/3/9 2445/4/15
f 2447/1/10 2446/3/9 2443/1/18
f 2443/14/18 2431/14/3 2447/14/10
f 2431/14/3 2443/14/18 2433/14/1
f 2436/6/6 2445/8/15 2435/8/5
f 2431/14/3 2448/9/11 2447/14/10
f 2448/9/11 2431/14/3 2432/9/2
f 2446/6/9 2432/9/2 2434/6/4
f 2444/11/17 2433/15/1 2443/15/18
f 2433/15/1 2444/11/17 2438/11/8
f 2444/11/17 2437/10/7 2438/11/8
f 2446/13/9 2435/12/5 2445/12/15
f 2451/1/1 2450/2/2 2449/1/3
f 2450/2/2 2451/1/1 2452/3/4
f 2452/3/4 2451/1/1 2453/4/5
f 2453/4/5 2451/1/1 2454/5/6
f 2454/5/6 2451/1/1 2455/3/7
f 2455/3/7 2451/1/1 2456/2/8
f 2464/3/9 2465/1/10 2466/2/11
f 2458/6/12 2455/7/7 2460/7/13
f 2455/7/7 2458/6/12 2457/6/14
f 2463/8/15 2454/6/6 2459/6/22
f 2450/9/2 2464/6/9 2466/9/11
f 2455/10/7 2462/11/17 2460/10/13
f 2453/12/5 2464/13/9 2452/13/4
f 2457/5/14 2454/5/6 2455/3/7
f 2459/5/22 2457/5/14 2458/5/12
f 2457/5/14 2459/5/22 2454/5/6
f 2458/5/12 2460/3/13 2459/5/22
f 2461/1/18 2459/5/22 2460/3/13
f 2461/1/18 2460/3/13 2462/2/17
f 2461/1/18 2463/4/15 2459/5/22
f 2461/1/18 2464/3/9 2463/4/15
f 2465/1/10 2464/3/9 2461/1/18
f 2461/14/18 2449/14/3 2465/14/10
f 2449/14/3 2461/14/18 2451/14/1
f 2454/6/6 2463/8/15 2453/8/5
f 2449/14/3 2466/9/11 2465/14/10
f 2466/9/11 2449/14/3 2450/9/2
f 2464/6/9 2450/9/2 2452/6/4
f 2462/11/17 2451/15/1 2461/15/18
f 2451/15/1 2462/11/17 2456/11/8
f 2462/11/17 2455/10/7 2456/11/8
f 2464/13/9 2453/12/5 2463/12/15
f 2469/1/1 2468/2/2 2467/1/3
f 2468/2/2 2469/1/1 2470/3/19
f 2470/3/19 2469/1/1 2471/4/5
f 2471/4/5 2469/1/1 2472/5/6
f 2472/5/6 2469/1/1 2473/3/7
f 2473/3/7 2469/1/1 2474/2/8
f 2482/3/9 2483/1/10 2484/2/11
f 2476/6/12 2473/7/7 2478/7/13
f 2473/7/7 2476/6/12 2475/6/14
f 2481/8/15 2472/6/6 2477/6/22
f 2468/9/2 2482/6/9 2484/9/11
f 2473/10/7 2480/11/17 2478/10/13
f 2471/12/5 2482/13/9 2470/13/19
f 2475/5/14 2472/5/6 2473/3/7
f 2477/5/22 2475/5/14 2476/5/12
f 2475/5/14 2477/5/22 2472/5/6
f 2476/5/12 2478/3/13 2477/5/22
f 2479/1/18 2477/5/22 2478/3/13
f 2479/1/18 2478/3/13 2480/2/17
f 2479/1/18 2481/4/15 2477/5/22
f 2479/1/18 2482/3/9 2481/4/15
f 2483/1/10 2482/3/9 2479/1/18
f 2479/14/18 2467/14/3 2483/14/10
f 2467/14/3 2479/14/18 2469/14/1
f 2472/6/6 2481/8/15 2471/8/5
f 2467/14/3 2484/9/11 2483/14/10
f 2484/9/11 2467/14/3 2468/9/2
f 2482/6/9 2468/9/2 2470/6/19
f 2480/11/17 2469/15/1 2479/15/18
f 2469/15/1 2480/11/17 2474/11/8
f 2480/11/17 2473/10/7 2474/11/8
f 2482/13/9 2471/12/5 2481/12/15
f 2487/1/1 2486/2/2 2485/1/3
f 2486/2/2 2487/1/1 2488/3/4
f 2488/3/4 2487/1/1 2489/4/5
f 2489/4/5 2487/1/1 2490/5/6
f 2490/5/6 2487/1/1 2491/3/7
f 2491/3/7 2487/1/1 2492/2/8
f 2500/3/9 2501/1/10 2502/2/11
f 2494/6/12 2491/7/7 2496/7/13
f 2491/7/7 2494/6/12 2493/6/14
f 2499/8/15 2490/6/6 2495/6/22
f 2486/9/2 2500/6/9 2502/9/11
f 2491/10/7 2498/11/17 2496/10/13
f 2489/12/5 2500/13/9 2488/13/4
f 2493/5/14 2490/5/6 2491/3/7
f 2495/5/22 2493/5/14 2494/5/12
f 2493/5/14 2495/5/22 2490/5/6
f 2494/5/12 2496/3/13 2495/5/22
f 2497/1/18 2495/5/22 2496/3/13
f 2497/1/18 2496/3/13 2498/2/17
f 2497/1/18 2499/4/15 2495/5/22
f 2497/1/18 2500/3/9 2499/4/15
f 2501/1/10 2500/3/9 2497/1/18
f 2497/14/18 2485/14/3 2501/14/10
f 2485/14/3 2497/14/18 2487/14/1
f 2490/6/6 2499/8/15 2489/8/5
f 2485/14/3 2502/9/11 2501/14/10
f 2502/9/11 2485/14/3 2486/9/2
f 2500/6/9 2486/9/2 2488/6/4
f 2498/11/17 2487/15/1 2497/15/18
f 2487/15/1 2498/11/17 2492/11/8
f 2498/11/17 2491/10/7 2492/11/8
f 2500/13/9 2489/12/5 2499/12/15
f 2505/1/1 2504/2/2 2503/1/3
f 2504/2/2 2505/1/1 2506/3/4
f 2506/3/4 2505/1/1 2507/4/5
f 2507/4/5 2505/1/1 2508/5/6
f 2508/5/6 2505/1/1 2509/3/7
f 2509/3/7 2505/1/1 2510/2/8
f 2518/3/9 2519/1/10 2520/2/11
f 2512/6/12 2509/7/7 2514/7/13
f 2509/7/7 2512/6/12 2511/6/14
f 2517/8/15 2508/6/6 2513/6/22
f 2504/9/2 2518/6/9 2520/9/11
f 2509/10/7 2516/11/17 2514/10/13
f 2507/12/5 2518/13/9 2506/13/4
f 2511/5/14 2508/5/6 2509/3/7
f 2513/5/22 2511/5/14 2512/5/12
f 2511/5/14 2513/5/22 2508/5/6
f 2512/5/12 2514/3/13 2513/5/22
f 2515/1/18 2513/5/22 2514/3/13
f 2515/1/18 2514/3/13 2516/2/17
f 2515/1/18 2517/4/15 2513/5/22
f 2515/1/18 2518/3/9 2517/4/15
f 2519/1/10 2518/3/9 2515/1/18
f 2515/14/18 2503/14/3 2519/14/10
f 2503/14/3 2515/14/18 2505/14/1
f 2508/6/6 2517/8/15 2507/8/5
f 2503/14/3 2520/9/11 2519/14/10
f 2520/9/11 2503/14/3 2504/9/2
f 2518/6/9 2504/9/2 2506/6/4
f 2516/11/17 2505/15/1 2515/15/18
f 2505/15/1 2516/11/17 2510/11/8
f 2516/11/17 2509/10/7 2510/11/8
f 2518/13/9 2507/12/5 2517/12/15
f 2523/1/1 2522/2/2 2521/1/3
f 2522/2/2 2523/1/1 2524/3/4
f 2524/3/4 2523/1/1 2525/4/5
f 2525/4/5 2523/1/1 2526/5/6
f 2526/5/6 2523/1/1 2527/3/7
f 2527/3/7 2523/1/1 2528/2/8
f 2536/3/9 2537/1/10 2538/2/11
f 2530/6/12 2527/7/7 2532/7/13
f 2527/7/7 2530/6/12 2529/6/14
f 2535/8/15 2526/6/6 2531/6/22
f 2522/9/2 2536/6/9 2538/9/11
f 2527/10/7 2534/11/17 2532/10/13
f 2525/12/5 2536/13/9 2524/13/4
f 2529/5/14 2526/5/6 2527/3/7
f 2531/5/22 2529/5/14 2530/5/12
f 2529/5/14 2531/5/22 2526/5/6
f 2530/5/12 2532/3/13 2531/5/22
f 2533/1/18 2531/5/22 2532/3/13
f 2533/1/18 2532/3/13 2534/2/17
f 2533/1/18 2535/4/15 2531/5/22
f 2533/1/18 2536/3/9 2535/4/15
f 2537/1/10 2536/3/9 2533/1/18
f 2533/14/18 2521/14/3 2537/14/10
f 2521/14/3 2533/14/18 2523/14/1
f 2526/6/6 2535/8/15 2525/8/5
f 2521/14/3 2538/9/11 2537/14/10
f 2538/9/11 2521/14/3 2522/9/2
f 2536/6/9 2522/9/2 2524/6/4
f 2534/11/17 2523/15/1 2533/15/18
f 2523/15/1 2534/11/17 2528/11/8
f 2534/11/17 2527/10/7 2528/11/8
f 2536/13/9 2525/12/5 2535/12/15
f 2541/1/1 2540/2/2 2539/1/3
f 2540/2/2 2541/1/1 2542/3/4
f 2542/3/4 2541/1/1 2543/4/5
f 2543/4/5 2541/1/1 2544/5/6
f 2544/5/6 2541/1/1 2545/3/7
f 2545/3/7 2541/1/1 2546/2/8
f 2554/3/9 2555/1/10 2556/2/11
f 2548/6/12 2545/7/7 2550/7/13
f 2545/7/7 2548/6/12 2547/6/14
f 2553/8/15 2544/6/6 2549/6/22
f 2540/9/2 2554/6/9 2556/9/11
f 2545/10/7 2552/11/17 2550/10/13
f 2543/12/5 2554/13/9 2542/13/4
f 2547/5/14 2544/5/6 2545/3/7
f 2549/5/22 2547/5/14 2548/5/12
f 2547/5/14 2549/5/22 2544/5/6
f 2548/5/12 2550/3/13 2549/5/22
f 2551/1/18 2549/5/22 2550/3/13
f 2551/1/18 2550/3/13 2552/2/17
f 2551/1/18 2553/4/15 2549/5/22
f 2551/1/18 2554/3/9 2553/4/15
f 2555/1/10 2554/3/9 2551/1/18
f 2551/14/18 2539/14/3 2555/14/10
f 2539/14/3 2551/14/18 2541/14/1
f 2544/6/6 2553/8/15 2543/8/5
f 2539/14/3 2556/9/11 2555/14/10
f 2556/9/11 2539/14/3 2540/9/2
f 2554/6/9 2540/9/2 2542/6/4
f 2552/11/17 2541/15/1 2551/15/18
f 2541/15/1 2552/11/17 2546/11/8
f 2552/11/17 2545/10/7 2546/11/8
f 2554/13/9 2543/12/5 2553/12/15
f 2559/1/1 2558/2/2 2557/1/3
f 2558/2/2 2559/1/1 2560/3/4
f 2560/3/4 2559/1/1 2561/4/5
f 2561/4/5 2559/1/1 2562/5/6
f 2562/5/6 2559/1/1 2563/3/7
f 2563/3/7 2559/1/1 2564/2/8
f 2572/3/9 2573/1/10 2574/2/11
f 2566/6/12 2563/7/7 2568/7/13
f 2563/7/7 2566/6/12 2565/6/14
f 2571/8/15 2562/6/6 2567/6/22
f 2558/9/2 2572/6/9 2574/9/11
f 2563/10/7 2570/11/17 2568/10/13
f 2561/12/5 2572/13/9 2560/13/4
f 2565/5/14 2562/5/6 2563/3/7
f 2567/5/22 2565/5/14 2566/5/12
f 2565/5/14 2567/5/22 2562/5/6
f 2566/5/12 2568/3/13 2567/5/22
f 2569/1/18 2567/5/22 2568/3/13
f 2569/1/18 2568/3/13 2570/2/17
f 2569/1/18 2571/4/15 2567/5/22
f 2569/1/18 2572/3/9 2571/4/15
f 2573/1/10 2572/3/9 2569/1/18
f 2569/14/18 2557/14/3 2573/14/10
f 2557/14/3 2569/14/18 2559/14/1
f 2562/6/6 2571/8/15 2561/8/5
f 2557/14/3 2574/9/11 2573/14/10
f 2574/9/11 2557/14/3 2558/9/2
f 2572/6/9 2558/9/2 2560/6/4
f 2570/11/17 2559/15/1 2569/15/18
f 2559/15/1 2570/11/17 2564/11/8
f 2570/11/17 2563/10/7 2564/11/8
f 2572/13/9 2561/12/5 2571/12/15
f 2577/1/1 2576/2/2 2575/1/3
f 2576/2/2 2577/1/1 2578/3/4
f 2578/3/4 2577/1/1 2579/4/5
f 2579/4/5 2577/1/1 2580/5/6
f 2580/5/6 2577/1/1 2581/3/7
f 2581/3/7 2577/1/1 2582/2/8
f 2590/3/9 2591/1/10 2592/2/11
f 2584/6/12 2581/7/7 2586/7/13
f 2581/7/7 2584/6/12 2583/6/14
f 2589/8/15 2580/6/6 2585/6/22
f 2576/9/2 2590/6/9 2592/9/11
f 2581/10/7 2588/11/17 2586/10/13
f 2579/12/5 2590/13/9 2578/13/4
f 2583/5/14 2580/5/6 2581/3/7
f 2585/5/22 2583/5/14 2584/5/12
f 2583/5/14 2585/5/22 2580/5/6
f 2584/5/12 2586/3/13 2585/5/22
f 2587/1/18 2585/5/22 2586/3/13
f 2587/1/18 2586/3/13 2588/2/17
f 2587/1/18 2589/4/15 2585/5/22
f 2587/1/18 2590/3/9 2589/4/15
f 2591/1/10 2590/3/9 2587/1/18
f 2587/14/18 2575/14/3 2591/14/10
f 2575/14/3 2587/14/18 2577/14/1
f 2580/6/6 2589/8/15 2579/8/5
f 2575/14/3 2592/9/11 2591/14/10
f 2592/9/11 2575/14/3 2576/9/2
f 2590/6/9 2576/9/2 2578/6/4
f 2588/11/17 2577/15/1 2587/15/18
f 2577/15/1 2588/11/17 2582/11/8
f 2588/11/17 2581/10/7 2582/11/8
f 2590/13/9 2579/12/5 2589/12/15
f 2595/1/1 2594/2/2 2593/1/3
f 2594/2/2 2595/1/1 2596/3/4
f 2596/3/4 2595/1/1 2597/4/5
f 2597/4/5 2595/1/1 2598/5/6
f 2598/5/6 2595/1/1 2599/3/7
f 2599/3/7 2595/1/1 2600/2/8
f 2608/3/9 2609/1/10 2610/2/11
f 2602/6/12 2599/7/7 2604/7/13
f 2599/7/7 2602/6/12 2601/6/14
f 2607/8/15 2598/6/6 2603/6/22
f 2594/9/2 2608/6/9 2610/9/11
f 2599/10/7 2606/11/17 2604/10/13
f 2597/12/5 2608/13/9 2596/13/4
f 2601/5/14 2598/5/6 2599/3/7
f 2603/5/22 2601/5/14 2602/5/12
f 2601/5/14 2603/5/22 2598/5/6
f 2602/5/12 2604/3/13 2603/5/22
f 2605/1/18 2603/5/22 2604/3/13
f 2605/1/18 2604/3/13 2606/2/17
f 2605/1/18 2607/4/15 2603/5/22
f 2605/1/18 2608/3/9 2607/4/15
f 2609/1/10 2608/3/9 2605/1/18
f 2605/14/18 2593/14/3 2609/14/10
f 2593/14/3 2605/14/18 2595/14/1
f 2598/6/6 2607/8/15 2597/8/5
f 2593/14/3 2610/9/11 2609/14/10
f 2610/9/11 2593/14/3 2594/9/2
f 2608/6/9 2594/9/2 2596/6/4
f 2606/11/17 2595/15/1 2605/15/18
f 2595/15/1 2606/11/17 2600/11/8
f 2606/11/17 2599/10/7 2600/11/8
f 2608/13/9 2597/12/5 2607/12/15
f 2613/1/1 2612/2/2 2611/1/3
f 2612/2/2 2613/1/1 2614/3/4
f 2614/3/4 2613/1/1 2615/4/5
f 2615/4/5 2613/1/1 2616/5/6
f 2616/5/6 2613/1/1 2617/3/7
f 2617/3/7 2613/1/1 2618/2/8
f 2626/3/9 2627/1/10 2628/2/11
f 2620/6/12 2617/7/7 2622/7/13
f 2617/7/7 2620/6/12 2619/6/14
f 2625/8/15 2616/6/6 2621/6/22
f 2612/9/2 2626/6/9 2628/9/11
f 2617/10/7 2624/11/17 2622/10/13
f 2615/12/5 2626/13/9 2614/13/4
f 2619/5/14 2616/5/6 2617/3/7
f 2621/5/22 2619/5/14 2620/5/12
f 2619/5/14 2621/5/22 2616/5/6
f 2620/5/12 2622/3/13 2621/5/22
f 2623/1/18 2621/5/22 2622/3/13
f 2623/1/18 2622/3/13 2624/2/17
f 2623/1/18 2625/4/15 2621/5/22
f 2623/1/18 2626/3/9 2625/4/15
f 2627/1/10 2626/3/9 2623/1/18
f 2623/14/18 2611/14/3 2627/14/10
f 2611/14/3 2623/14/18 2613/14/1
f 2616/6/6 2625/8/15 2615/8/5
f 2611/14/3 2628/9/11 2627/14/10
f 2628/9/11 2611/14/3 2612/9/2
f 2626/6/9 2612/9/2 2614/6/4
f 2624/11/17 2613/15/1 2623/15/18
f 2613/15/1 2624/11/17 2618/11/8
f 2624/11/17 2617/10/7 2618/11/8
f 2626/13/9 2615/12/5 2625/12/15
f 2631/1/1 2630/2/2 2629/1/3
f 2630/2/2 2631/1/1 2632/3/4
f 2632/3/4 2631/1/1 2633/4/5
f 2633/4/5 2631/1/1 2634/5/6
f 2634/5/6 2631/1/1 2635/3/7
f 2635/3/7 2631/1/1 2636/2/8
f 2644/3/9 2645/1/10 2646/2/11
f 2638/6/12 2635/7/7 2640/7/13
f 2635/7/7 2638/6/12 2637/6/14
f 2643/8/15 2634/6/6 2639/6/22
f 2630/9/2 2644/6/9 2646/9/11
f 2635/10/7 2642/11/17 2640/10/13
f 2633/12/5 2644/13/9 2632/13/4
f 2637/5/14 2634/5/6 2635/3/7
f 2639/5/22 2637/5/14 2638/5/12
f 2637/5/14 2639/5/22 2634/5/6
f 2638/5/12 2640/3/13 2639/5/22
f 2641/1/18 2639/5/22 2640/3/13
f 2641/1/18 2640/3/13 2642/2/17
f 2641/1/18 2643/4/15 2639/5/22
f 2641/1/18 2644/3/9 2643/4/15
f 2645/1/10 2644/3/9 2641/1/18
f 2641/14/18 2629/14/3 2645/14/10
f 2629/14/3 2641/14/18 2631/14/1
f 2634/6/6 2643/8/15 2633/8/5
f 2629/14/3 2646/9/11 2645/14/10
f 2646/9/11 2629/14/3 2630/9/2
f 2644/6/9 2630/9/2 2632/6/4
f 2642/11/17 2631/15/1 2641/15/18
f 2631/15/1 2642/11/17 2636/11/8
f 2642/11/17 2635/10/7 2636/11/8
f 2644/13/9 2633/12/5 2643/12/15
f 2649/1/1 2648/2/2 2647/1/3
f 2648/2/2 2649/1/1 2650/3/4
f 2650/3/4 2649/1/1 2651/4/5
f 2651/4/5 2649/1/1 2652/5/6
f 2652/5/6 2649/1/1 2653/3/7
f 2653/3/7 2649/1/1 2654/2/8
f 2662/3/9 2663/1/10 2664/2/11
f 2656/6/12 2653/7/7 2658/7/13
f 2653/7/7 2656/6/12 2655/6/14
f 2661/8/15 2652/6/6 2657/6/22
f 2648/9/2 2662/6/9 2664/9/11
f 2653/10/7 2660/11/17 2658/10/13
f 2651/12/5 2662/13/9 2650/13/4
f 2655/5/14 2652/5/6 2653/3/7
f 2657/5/22 2655/5/14 2656/5/12
f 2655/5/14 2657/5/22 2652/5/6
f 2656/5/12 2658/3/13 2657/5/22
f 2659/1/18 2657/5/22 2658/3/13
f 2659/1/18 2658/3/13 2660/2/17
f 2659/1/18 2661/4/15 2657/5/22
f 2659/1/18 2662/3/9 2661/4/15
f 2663/1/10 2662/3/9 2659/1/18
f 2659/14/18 2647/14/3 2663/14/10
f 2647/14/3 2659/14/18 2649/14/1
f 2652/6/6 2661/8/15 2651/8/5
f 2647/14/3 2664/9/11 2663/14/10
f 2664/9/11 2647/14/3 2648/9/2
f 2662/6/9 2648/9/2 2650/6/4
f 2660/11/17 2649/15/1 2659/15/18
f 2649/15/1 2660/11/17 2654/11/8
f 2660/11/17 2653/10/7 2654/11/8
f 2662/13/9 2651/12/5 2661/12/15
f 2667/1/1 2666/2/2 2665/1/3
f 2666/2/2 2667/1/1 2668/3/4
f 2668/3/4 2667/1/1 2669/4/5
f 2669/4/5 2667/1/1 2670/5/6
f 2670/5/6 2667/1/1 2671/3/7
f 2671/3/7 2667/1/1 2672/2/8
f 2680/3/9 2681/1/10 2682/2/11
f 2674/6/12 2671/7/7 2676/7/13
f 2671/7/7 2674/6/12 2673/6/14
f 2679/8/15 2670/6/6 2675/6/22
f 2666/9/2 2680/6/9 2682/9/11
f 2671/10/7 2678/11/17 2676/10/13
f 2669/12/5 2680/13/9 2668/13/4
f 2673/5/14 2670/5/6 2671/3/7
f 2675/5/22 2673/5/14 2674/5/12
f 2673/5/14 2675/5/22 2670/5/6
f 2674/5/12 2676/3/13 2675/5/22
f 2677/1/18 2675/5/22 2676/3/13
f 2677/1/18 2676/3/13 2678/2/17
f 2677/1/18 2679/4/15 2675/5/22
f 2677/1/18 2680/3/9 2679/4/15
f 2681/1/10 2680/3/9 2677/1/18
f 2677/14/18 2665/14/3 2681/14/10
f 2665/14/3 2677/14/18 2667/14/1
f 2670/6/6 2679/8/15 2669/8/5
f 2665/14/3 2682/9/11 2681/14/10
f 2682/9/11 2665/14/3 2666/9/2
f 2680/6/9 2666/9/2 2668/6/4
f 2678/11/17 2667/15/1 2677/15/18
f 2667/15/1 2678/11/17 2672/11/8
f 2678/11/17 2671/10/7 2672/11/8
f 2680/13/9 2669/12/5 2679/12/15
f 2685/1/1 2684/2/2 2683/1/3
f 2684/2/2 2685/1/1 2686/3/4
f 2686/3/4 2685/1/1 2687/4/5
f 2687/4/5 2685/1/1 2688/5/6
f 2688/5/6 2685/1/1 2689/3/7
f 2689/3/7 2685/1/1 2690/2/8
f 2698/3/9 2699/1/10 2700/2/11
f 2692/6/12 2689/7/7 2694/7/13
f 2689/7/7 2692/6/12 2691/6/14
f 2697/8/15 2688/6/6 2693/6/22
f 2684/9/2 2698/6/9 2700/9/11
f 2689/10/7 2696/11/17 2694/10/13
f 2687/12/5 2698/13/9 2686/13/4
f 2691/5/14 2688/5/6 2689/3/7
f 2693/5/22 2691/5/14 2692/5/12
f 2691/5/14 2693/5/22 2688/5/6
f 2692/5/12 2694/3/13 2693/5/22
f 2695/1/18 2693/5/22 2694/3/13
f 2695/1/18 2694/3/13 2696/2/17
f 2695/1/18 2697/4/15 2693/5/22
f 2695/1/18 2698/3/9 2697/4/15
f 2699/1/10 2698/3/9 2695/1/18
f 2695/14/18 2683/14/3 2699/14/10
f 2683/14/3 2695/14/18 2685/14/1
f 2688/6/6 2697/8/15 2687/8/5
f 2683/14/3 2700/9/11 2699/14/10
f 2700/9/11 2683/14/3 2684/9/2
f 2698/6/9 2684/9/2 2686/6/4
f 2696/11/17 2685/15/1 2695/15/18
f 2685/15/1 2696/11/17 2690/11/8
f 2696/11/17 2689/10/7 2690/11/8
f 2698/13/9 2687/12/5 2697/12/15
f 2703/1/1 2702/2/2 2701/1/3
f 2702/2/2 2703/1/1 2704/3/4
f 2704/3/4 2703/1/1 2705/4/5
f 2705/4/5 2703/1/1 2706/5/6
f 2706/5/6 2703/1/1 2707/3/7
f 2707/3/7 2703/1/1 2708/2/8
f 2716/3/9 2717/1/10 2718/2/11
f 2710/6/12 2707/7/7 2712/7/13
f 2707/7/7 2710/6/12 2709/6/14
f 2715/8/15 2706/6/6 2711/6/22
f 2702/9/2 2716/6/9 2718/9/11
f 2707/10/7 2714/11/17 2712/10/13
f 2705/12/5 2716/13/9 2704/13/4
f 2709/5/14 2706/5/6 2707/3/7
f 2711/5/22 2709/5/14 2710/5/12
f 2709/5/14 2711/5/22 2706/5/6
f 2710/5/12 2712/3/13 2711/5/22
f 2713/1/18 2711/5/22 2712/3/13
f 2713/1/18 2712/3/13 2714/2/17
f 2713/1/18 2715/4/15 2711/5/22
f 2713/1/18 2716/3/9 2715/4/15
f 2717/1/10 2716/3/9 2713/1/18
f 2713/14/18 2701/14/3 2717/14/10
f 2701/14/3 2713/14/18 2703/14/1
f 2706/6/6 2715/8/15 2705/8/5
f 2701/14/3 2718/9/11 2717/14/10
f 2718/9/11 2701/14/3 2702/9/2
f 2716/6/9 2702/9/2 2704/6/4
f 2714/11/17 2703/15/1 2713/15/18
f 2703/15/1 2714/11/17 2708/11/8
f 2714/11/17 2707/10/7 2708/11/8
f 2716/13/9 2705/12/5 2715/12/15
f 2721/1/1 2720/2/2 2719/1/3
f 2720/2/2 2721/1/1 2722/3/19
f 2722/3/19 2721/1/1 2723/4/5
f 2723/4/5 2721/1/1 2724/5/6
f 2724/5/6 2721/1/1 2725/3/7
f 2725/3/7 2721/1/1 2726/2/8
f 2734/3/9 2735/1/10 2736/2/11
f 2728/6/12 2725/7/7 2730/7/13
f 2725/7/7 2728/6/12 2727/6/14
f 2733/8/15 2724/6/6 2729/6/22
f 2720/9/2 2734/6/9 2736/9/11
f 2725/10/7 2732/11/17 2730/10/13
f 2723/12/5 2734/13/9 2722/13/19
f 2727/5/14 2724/5/6 2725/3/7
f 2729/5/22 2727/5/14 2728/5/12
f 2727/5/14 2729/5/22 2724/5/6
f 2728/5/12 2730/3/13 2729/5/22
f 2731/1/18 2729/5/22 2730/3/13
f 2731/1/18 2730/3/13 2732/2/17
f 2731/1/18 2733/4/15 2729/5/22
f 2731/1/18 2734/3/9 2733/4/15
f 2735/1/10 2734/3/9 2731/1/18
f 2731/14/18 2719/14/3 2735/14/10
f 2719/14/3 2731/14/18 2721/14/1
f 2724/6/6 2733/8/15 2723/8/5
f 2719/14/3 2736/9/11 2735/14/10
f 2736/9/11 2719/14/3 2720/9/2
f 2734/6/9 2720/9/2 2722/6/19
f 2732/11/17 2721/15/1 2731/15/18
f 2721/15/1 2732/11/17 2726/11/8
f 2732/11/17 2725/10/7 2726/11/8
f 2734/13/9 2723/12/5 2733/12/15
f 2739/1/1 2738/2/2 2737/1/3
f 2738/2/2 2739/1/1 2740/3/4
f 2740/3/4 2739/1/1 2741/4/5
f 2741/4/5 2739/1/1 2742/5/6
f 2742/5/6 2739/1/1 2743/3/7
f 2743/3/7 2739/1/1 2744/2/8
f 2752/3/9 2753/1/10 2754/2/11
f 2746/6/12 2743/7/7 2748/7/13
f 2743/7/7 2746/6/12 2745/6/14
f 2751/8/15 2742/6/6 2747/6/22
f 2738/9/2 2752/6/9 2754/9/11
f 2743/10/7 2750/11/17 2748/10/13
f 2741/12/5 2752/13/9 2740/13/4
f 2745/5/14 2742/5/6 2743/3/7
f 2747/5/22 2745/5/14 2746/5/12
f 2745/5/14 2747/5/22 2742/5/6
f 2746/5/12 2748/3/13 2747/5/22
f 2749/1/18 2747/5/22 2748/3/13
f 2749/1/18 2748/3/13 2750/2/17
f 2749/1/18 2751/4/15 2747/5/22
f 2749/1/18 2752/3/9 2751/4/15
f 2753/1/10 2752/3/9 2749/1/18
f 2749/14/18 2737/14/3 2753/14/10
f 2737/14/3 2749/14/18 2739/14/1
f 2742/6/6 2751/8/15 2741/8/5
f 2737/14/3 2754/9/11 2753/14/10
f 2754/9/11 2737/14/3 2738/9/2
f 2752/6/9 2738/9/2 2740/6/4
f 2750/11/17 2739/15/1 2749/15/18
f 2739/15/1 2750/11/17 2744/11/8
f 2750/11/17 2743/10/7 2744/11/8
f 2752/13/9 2741/12/5 2751/12/15
f 2757/1/1 2756/2/2 2755/1/3
f 2756/2/2 2757/1/1 2758/3/4
f 2758/3/4 2757/1/1 2759/4/5
f 2759/4/5 2757/1/1 2760/5/6
f 2760/5/6 2757/1/1 2761/3/7
f 2761/3/7 2757/1/1 2762/2/8
f 2770/3/9 2771/1/10 2772/2/11
f 2764/6/12 2761/7/7 2766/7/13
f 2761/7/7 2764/6/12 2763/6/14
f 2769/8/15 2760/6/6 2765/6/22
f 2756/9/2 2770/6/9 2772/9/11
f 2761/10/7 2768/11/17 2766/10/13
f 2759/12/5 2770/13/9 2758/13/4
f 2763/5/14 2760/5/6 2761/3/7
f 2765/5/22 2763/5/14 2764/5/12
f 2763/5/14 2765/5/22 2760/5/6
f 2764/5/12 2766/3/13 2765/5/22
f 2767/1/18 2765/5/22 2766/3/13
f 2767/1/18 2766/3/13 2768/2/17
f 2767/1/18 2769/4/15 2765/5/22
f 2767/1/18 2770/3/9 2769/4/15
f 2771/1/10 2770/3/9 2767/1/18
f 2767/14/18 2755/14/3 2771/14/10
f 2755/14/3 2767/14/18 2757/14/1
f 2760/6/6 2769/8/15 2759/8/5
f 2755/14/3 2772/9/11 2771/14/10
f 2772/9/11 2755/14/3 2756/9/2
f 2770/6/9 2756/9/2 2758/6/4
f 2768/11/17 2757/15/1 2767/15/18
f 2757/15/1 2768/11/17 2762/11/8
f 2768/11/17 2761/10/7 2762/11/8
f 2770/13/9 2759/12/5 2769/12/15
f 2775/1/1 2774/2/2 2773/1/3
f 2774/2/2 2775/1/1 2776/3/4
f 2776/3/4 2775/1/1 2777/4/5
f 2777/4/5 2775/1/1 2778/5/6
f 2778/5/6 2775/1/1 2779/3/7
f 2779/3/7 2775/1/1 2780/2/8
f 2788/3/9 2789/1/10 2790/2/11
f 2782/6/12 2779/7/7 2784/7/13
f 2779/7/7 2782/6/12 2781/6/14
f 2787/8/15 2778/6/6 2783/6/22
f 2774/9/2 2788/6/9 2790/9/11
f 2779/10/7 2786/11/17 2784/10/13
f 2777/12/5 2788/13/9 2776/13/4
f 2781/5/14 2778/5/6 2779/3/7
f 2783/5/22 2781/5/14 2782/5/12
f 2781/5/14 2783/5/22 2778/5/6
f 2782/5/12 2784/3/13 2783/5/22
f 2785/1/18 2783/5/22 2784/3/13
f 2785/1/18 2784/3/13 2786/2/17
f 2785/1/18 2787/4/15 2783/5/22
f 2785/1/18 2788/3/9 2787/4/15
f 2789/1/10 2788/3/9 2785/1/18
f 2785/14/18 2773/14/3 2789/14/10
f 2773/14/3 2785/14/18 2775/14/1
f 2778/6/6 2787/8/15 2777/8/5
f 2773/14/3 2790/9/11 2789/14/10
f 2790/9/11 2773/14/3 2774/9/2
f 2788/6/9 2774/9/2 2776/6/4
f 2786/11/17 2775/15/1 2785/15/18
f 2775/15/1 2786/11/17 2780/11/8
f 2786/11/17 2779/10/7 2780/11/8
f 2788/13/9 2777/12/5 2787/12/15
f 2793/1/1 2792/2/2 2791/1/3
f 2792/2/2 2793/1/1 2794/3/19
f 2794/3/19 2793/1/1 2795/4/5
f 2795/4/5 2793/1/1 2796/5/6
f 2796/5/6 2793/1/1 2797/3/7
f 2797/3/7 2793/1/1 2798/2/8
f 2806/3/9 2807/1/10 2808/2/11
f 2800/6/12 2797/7/7 2802/7/13
f 2797/7/7 2800/6/12 2799/6/14
f 2805/8/15 2796/6/6 2801/6/22
f 2792/9/2 2806/6/9 2808/9/11
f 2797/10/7 2804/11/17 2802/10/13
f 2795/12/5 2806/13/9 2794/13/19
f 2799/5/14 2796/5/6 2797/3/7
f 2801/5/22 2799/5/14 2800/5/12
f 2799/5/14 2801/5/22 2796/5/6
f 2800/5/12 2802/3/13 2801/5/22
f 2803/1/18 2801/5/22 2802/3/13
f 2803/1/18 2802/3/13 2804/2/17
f 2803/1/18 2805/4/15 2801/5/22
f 2803/1/18 2806/3/9 2805/4/15
f 2807/1/10 2806/3/9 2803/1/18
f 2803/14/18 2791/14/3 2807/14/10
f 2791/14/3 2803/14/18 2793/14/1
f 2796/6/6 2805/8/15 2795/8/5
f 2791/14/3 2808/9/11 2807/14/10
f 2808/9/11 2791/14/3 2792/9/2
f 2806/6/9 2792/9/2 2794/6/19
f 2804/11/17 2793/15/1 2803/15/18
f 2793/15/1 2804/11/17 2798/11/8
f 2804/11/17 2797/10/7 2798/11/8
f 2806/13/9 2795/12/5 2805/12/15
f 2811/1/1 2810/2/2 2809/1/3
f 2810/2/2 2811/1/1 2812/3/4
f 2812/3/4 2811/1/1 2813/4/5
f 2813/4/5 2811/1/1 2814/5/6
f 2814/5/6 2811/1/1 2815/3/7
f 2815/3/7 2811/1/1 2816/2/8
f 2824/3/9 2825/1/10 2826/2/11
f 2818/6/12 2815/7/7 2820/7/20
f 2815/7/7 2818/6/12 2817/6/14
f 2823/8/15 2814/6/6 2819/6/16
f 2810/9/2 2824/6/9 2826/9/11
f 2815/10/7 2822/11/17 2820/10/20
f 2813/12/5 2824/13/9 2812/13/4
f 2817/5/14 2814/5/6 2815/3/7
f 2819/5/16 2817/5/14 2818/5/12
f 2817/5/14 2819/5/16 2814/5/6
f 2818/5/12 2820/3/20 2819/5/16
f 2821/1/18 2819/5/16 2820/3/20
f 2821/1/18 2820/3/20 2822/2/17
f 2821/1/18 2823/4/15 2819/5/16
f 2821/1/18 2824/3/9 2823/4/15
f 2825/1/10 2824/3/9 2821/1/18
f 2821/14/18 2809/14/3 2825/14/10
f 2809/14/3 2821/14/18 2811/14/1
f 2814/6/6 2823/8/15 2813/8/5
f 2809/14/3 2826/9/11 2825/14/10
f 2826/9/11 2809/14/3 2810/9/2
f 2824/6/9 2810/9/2 2812/6/4
f 2822/11/17 2811/15/1 2821/15/18
f 2811/15/1 2822/11/17 2816/11/8
f 2822/11/17 2815/10/7 2816/11/8
f 2824/13/9 2813/12/5 2823/12/15
f 2829/1/1 2828/2/2 2827/1/3
f 2828/2/2 2829/1/1 2830/3/4
f 2830/3/4 2829/1/1 2831/4/5
f 2831/4/5 2829/1/1 2832/5/6
f 2832/5/6 2829/1/1 2833/3/7
f 2833/3/7 2829/1/1 2834/2/8
f 2842/3/9 2843/1/10 2844/2/11
f 2836/6/12 2833/7/7 2838/7/13
f 2833/7/7 2836/6/12 2835/6/14
f 2841/8/15 2832/6/6 2837/6/22
f 2828/9/2 2842/6/9 2844/9/11
f 2833/10/7 2840/11/17 2838/10/13
f 2831/12/5 2842/13/9 2830/13/4
f 2835/5/14 2832/5/6 2833/3/7
f 2837/5/22 2835/5/14 2836/5/12
f 2835/5/14 2837/5/22 2832/5/6
f 2836/5/12 2838/3/13 2837/5/22
f 2839/1/18 2837/5/22 2838/3/13
f 2839/1/18 2838/3/13 2840/2/17
f 2839/1/18 2841/4/15 2837/5/22
f 2839/1/18 2842/3/9 2841/4/15
f 2843/1/10 2842/3/9 2839/1/18
f 2839/14/18 2827/14/3 2843/14/10
f 2827/14/3 2839/14/18 2829/14/1
f 2832/6/6 2841/8/15 2831/8/5
f 2827/14/3 2844/9/11 2843/14/10
f 2844/9/11 2827/14/3 2828/9/2
f 2842/6/9 2828/9/2 2830/6/4
f 2840/11/17 2829/15/1 2839/15/18
f 2829/15/1 2840/11/17 2834/11/8
f 2840/11/17 2833/10/7 2834/11/8
f 2842/13/9 2831/12/5 2841/12/15
f 2847/1/1 2846/2/2 2845/1/3
f 2846/2/2 2847/1/1 2848/3/4
f 2848/3/4 2847/1/1 2849/4/5
f 2849/4/5 2847/1/1 2850/5/6
f 2850/5/6 2847/1/1 2851/3/7
f 2851/3/7 2847/1/1 2852/2/8
f 2860/3/9 2861/1/10 2862/2/11
f 2854/6/12 2851/7/7 2856/7/13
f 2851/7/7 2854/6/12 2853/6/14
f 2859/8/15 2850/6/6 2855/6/22
f 2846/9/2 2860/6/9 2862/9/11
f 2851/10/7 2858/11/17 2856/10/13
f 2849/12/5 2860/13/9 2848/13/4
f 2853/5/14 2850/5/6 2851/3/7
f 2855/5/22 2853/5/14 2854/5/12
f 2853/5/14 2855/5/22 2850/5/6
f 2854/5/12 2856/3/13 2855/5/22
f 2857/1/18 2855/5/22 2856/3/13
f 2857/1/18 2856/3/13 2858/2/17
f 2857/1/18 2859/4/15 2855/5/22
f 2857/1/18 2860/3/9 2859/4/15
f 2861/1/10 2860/3/9 2857/1/18
f 2857/14/18 2845/14/3 2861/14/10
f 2845/14/3 2857/14/18 2847/14/1
f 2850/6/6 2859/8/15 2849/8/5
f 2845/14/3 2862/9/11 2861/14/10
f 2862/9/11 2845/14/3 2846/9/2
f 2860/6/9 2846/9/2 2848/6/4
f 2858/11/17 2847/15/1 2857/15/18
f 2847/15/1 2858/11/17 2852/11/8
f 2858/11/17 2851/10/7 2852/11/8
f 2860/13/9 2849/12/5 2859/12/15
f 2865/1/1 2864/2/2 2863/1/3
f 2864/2/2 2865/1/1 2866/3/4
f 2866/3/4 2865/1/1 2867/4/5
f 2867/4/5 2865/1/1 2868/5/6
f 2868/5/6 2865/1/1 2869/3/7
f 2869/3/7 2865/1/1 2870/2/8
f 2878/3/9 2879/1/10 2880/2/11
f 2872/6/12 2869/7/7 2874/7/13
f 2869/7/7 2872/6/12 2871/6/14
f 2877/8/15 2868/6/6 2873/6/22
f 2864/9/2 2878/6/9 2880/9/11
f 2869/10/7 2876/11/17 2874/10/13
f 2867/12/5 2878/13/9 2866/13/4
f 2871/5/14 2868/5/6 2869/3/7
f 2873/5/22 2871/5/14 2872/5/12
f 2871/5/14 2873/5/22 2868/5/6
f 2872/5/12 2874/3/13 2873/5/22
f 2875/1/18 2873/5/22 2874/3/13
f 2875/1/18 2874/3/13 2876/2/17
f 2875/1/18 2877/4/15 2873/5/22
f 2875/1/18 2878/3/9 2877/4/15
f 2879/1/10 2878/3/9 2875/1/18
f 2875/14/18 2863/14/3 2879/14/10
f 2863/14/3 2875/14/18 2865/14/1
f 2868/6/6 2877/8/15 2867/8/5
f 2863/14/3 2880/9/11 2879/14/10
f 2880/9/11 2863/14/3 2864/9/2
f 2878/6/9 2864/9/2 2866/6/4
f 2876/11/17 2865/15/1 2875/15/18
f 2865/15/1 2876/11/17 2870/11/8
f 2876/11/17 2869/10/7 2870/11/8
f 2878/13/9 2867/12/5 2877/12/15
f 2883/1/1 2882/2/2 2881/1/3
f 2882/2/2 2883/1/1 2884/3/19
f 2884/3/19 2883/1/1 2885/4/5
f 2885/4/5 2883/1/1 2886/5/6
f 2886/5/6 2883/1/1 2887/3/7
f 2887/3/7 2883/1/1 2888/2/8
f 2896/3/9 2897/1/10 2898/2/11
f 2890/6/12 2887/7/7 2892/7/13
f 2887/7/7 2890/6/12 2889/6/14
f 2895/8/15 2886/6/6 2891/6/22
f 2882/9/2 2896/6/9 2898/9/11
f 2887/10/7 2894/11/17 2892/10/13
f 2885/12/5 2896/13/9 2884/13/19
f 2889/5/14 2886/5/6 2887/3/7
f 2891/5/22 2889/5/14 2890/5/12
f 2889/5/14 2891/5/22 2886/5/6
f 2890/5/12 2892/3/13 2891/5/22
f 2893/1/18 2891/5/22 2892/3/13
f 2893/1/18 2892/3/13 2894/2/17
f 2893/1/18 2895/4/15 2891/5/22
f 2893/1/18 2896/3/9 2895/4/15
f 2897/1/10 2896/3/9 2893/1/18
f 2893/14/18 2881/14/3 2897/14/10
f 2881/14/3 2893/14/18 2883/14/1
f 2886/6/6 2895/8/15 2885/8/5
f 2881/14/3 2898/9/11 2897/14/10
f 2898/9/11 2881/14/3 2882/9/2
f 2896/6/9 2882/9/2 2884/6/19
f 2894/11/17 2883/15/1 2893/15/18
f 2883/15/1 2894/11/17 2888/11/8
f 2894/11/17 2887/10/7 2888/11/8
f 2896/13/9 2885/12/5 2895/12/15
f 2901/1/1 2900/2/2 2899/1/3
f 2900/2/2 2901/1/1 2902/3/4
f 2902/3/4 2901/1/1 2903/4/5
f 2903/4/5 2901/1/1 2904/5/6
f 2904/5/6 2901/1/1 2905/3/21
f 2905/3/21 2901/1/1 2906/2/8
f 2914/3/9 2915/1/10 2916/2/11
f 2908/6/12 2905/7/21 2910/7/13
f 2905/7/21 2908/6/12 2907/6/14
f 2913/8/15 2904/6/6 2909/6/22
f 2900/9/2 2914/6/9 2916/9/11
f 2905/10/21 2912/11/17 2910/10/13
f 2903/12/5 2914/13/9 2902/13/4
f 2907/5/14 2904/5/6 2905/3/21
f 2909/5/22 2907/5/14 2908/5/12
f 2907/5/14 2909/5/22 2904/5/6
f 2908/5/12 2910/3/13 2909/5/22
f 2911/1/18 2909/5/22 2910/3/13
f 2911/1/18 2910/3/13 2912/2/17
f 2911/1/18 2913/4/15 2909/5/22
f 2911/1/18 2914/3/9 2913/4/15
f 2915/1/10 2914/3/9 2911/1/18
f 2911/14/18 2899/14/3 2915/14/10
f 2899/14/3 2911/14/18 2901/14/1
f 2904/6/6 2913/8/15 2903/8/5
f 2899/14/3 2916/9/11 2915/14/10
f 2916/9/11 2899/14/3 2900/9/2
f 2914/6/9 2900/9/2 2902/6/4
f 2912/11/17 2901/15/1 2911/15/18
f 2901/15/1 2912/11/17 2906/11/8
f 2912/11/17 2905/10/21 2906/11/8
f 2914/13/9 2903/12/5 2913/12/15
f 2919/1/1 2918/2/2 2917/1/3
f 2918/2/2 2919/1/1 2920/3/4
f 2920/3/4 2919/1/1 2921/4/5
f 2921/4/5 2919/1/1 2922/5/6
f 2922/5/6 2919/1/1 2923/3/7
f 2923/3/7 2919/1/1 2924/2/8
f 2932/3/9 2933/1/10 2934/2/11
f 2926/6/12 2923/7/7 2928/7/13
f 2923/7/7 2926/6/12 2925/6/14
f 2931/8/15 2922/6/6 2927/6/22
f 2918/9/2 2932/6/9 2934/9/11
f 2923/10/7 2930/11/17 2928/10/13
f 2921/12/5 2932/13/9 2920/13/4
f 2925/5/14 2922/5/6 2923/3/7
f 2927/5/22 2925/5/14 2926/5/12
f 2925/5/14 2927/5/22 2922/5/6
f 2926/5/12 2928/3/13 2927/5/22
f 2929/1/18 2927/5/22 2928/3/13
f 2929/1/18 2928/3/13 2930/2/17
f 2929/1/18 2931/4/15 2927/5/22
f 2929/1/18 2932/3/9 2931/4/15
f 2933/1/10 2932/3/9 2929/1/18
f 2929/14/18 2917/14/3 2933/14/10
f 2917/14/3 2929/14/18 2919/14/1
f 2922/6/6 2931/8/15 2921/8/5
f 2917/14/3 2934/9/11 2933/14/10
f 2934/9/11 2917/14/3 2918/9/2
f 2932/6/9 2918/9/2 2920/6/4
f 2930/11/17 2919/15/1 2929/15/18
f 2919/15/1 2930/11/17 2924/11/8
f 2930/11/17 2923/10/7 2924/11/8
f 2932/13/9 2921/12/5 2931/12/15
f 2937/1/1 2936/2/2 2935/1/3
f 2936/2/2 2937/1/1 2938/3/4
f 2938/3/4 2937/1/1 2939/4/5
f 2939/4/5 2937/1/1 2940/5/6
f 2940/5/6 2937/1/1 2941/3/7
f 2941/3/7 2937/1/1 2942/2/8
f 2950/3/9 2951/1/10 2952/2/11
f 2944/6/12 2941/7/7 2946/7/13
f 2941/7/7 2944/6/12 2943/6/14
f 2949/8/15 2940/6/6 2945/6/22
f 2936/9/2 2950/6/9 2952/9/11
f 2941/10/7 2948/11/17 2946/10/13
f 2939/12/5 2950/13/9 2938/13/4
f 2943/5/14 2940/5/6 2941/3/7
f 2945/5/22 2943/5/14 2944/5/12
f 2943/5/14 2945/5/22 2940/5/6
f 2944/5/12 2946/3/13 2945/5/22
f 2947/1/18 2945/5/22 2946/3/13
f 2947/1/18 2946/3/13 2948/2/17
f 2947/1/18 2949/4/15 2945/5/22
f 2947/1/18 2950/3/9 2949/4/15
f 2951/1/10 2950/3/9 2947/1/18
f 2947/14/18 2935/14/3 2951/14/10
f 2935/14/3 2947/14/18 2937/14/1
f 2940/6/6 2949/8/15 2939/8/5
f 2935/14/3 2952/9/11 2951/14/10
f 2952/9/11 2935/14/3 2936/9/2
f 2950/6/9 2936/9/2 2938/6/4
f 2948/11/17 2937/15/1 2947/15/18
f 2937/15/1 2948/11/17 2942/11/8
f 2948/11/17 2941/10/7 2942/11/8
f 2950/13/9 2939/12/5 2949/12/15
f 2955/1/1 2954/2/2 2953/1/3
f 2954/2/2 2955/1/1 2956/3/4
f 2956/3/4 2955/1/1 2957/4/5
f 2957/4/5 2955/1/1 2958/5/6
f 2958/5/6 2955/1/1 2959/3/7
f 2959/3/7 2955/1/1 2960/2/8
f 2968/3/9 2969/1/10 2970/2/11
f 2962/6/12 2959/7/7 2964/7/13
f 2959/7/7 2962/6/12 2961/6/14
f 2967/8/15 2958/6/6 2963/6/22
f 2954/9/2 2968/6/9 2970/9/11
f 2959/10/7 2966/11/17 2964/10/13
f 2957/12/5 2968/13/9 2956/13/4
f 2961/5/14 2958/5/6 2959/3/7
f 2963/5/22 2961/5/14 2962/5/12
f 2961/5/14 2963/5/22 2958/5/6
f 2962/5/12 2964/3/13 2963/5/22
f 2965/1/18 2963/5/22 2964/3/13
f 2965/1/18 2964/3/13 2966/2/17
f 2965/1/18 2967/4/15 2963/5/22
f 2965/1/18 2968/3/9 2967/4/15
f 2969/1/10 2968/3/9 2965/1/18
f 2965/14/18 2953/14/3 2969/14/10
f 2953/14/3 2965/14/18 2955/14/1
f 2958/6/6 2967/8/15 2957/8/5
f 2953/14/3 2970/9/11 2969/14/10
f 2970/9/11 2953/14/3 2954/9/2
f 2968/6/9 2954/9/2 2956/6/4
f 2966/11/17 2955/15/1 2965/15/18
f 2955/15/1 2966/11/17 2960/11/8
f 2966/11/17 2959/10/7 2960/11/8
f 2968/13/9 2957/12/5 2967/12/15
f 2973/1/1 2972/2/2 2971/1/3
f 2972/2/2 2973/1/1 2974/3/19
f 2974/3/19 2973/1/1 2975/4/5
f 2975/4/5 2973/1/1 2976/5/6
f 2976/5/6 2973/1/1 2977/3/7
f 2977/3/7 2973/1/1 2978/2/8
f 2986/3/9 2987/1/10 2988/2/11
f 2980/6/12 2977/7/7 2982/7/13
f 2977/7/7 2980/6/12 2979/6/14
f 2985/8/15 2976/6/6 2981/6/22
f 2972/9/2 2986/6/9 2988/9/11
f 2977/10/7 2984/11/17 2982/10/13
f 2975/12/5 2986/13/9 2974/13/19
f 2979/5/14 2976/5/6 2977/3/7
f 2981/5/22 2979/5/14 2980/5/12
f 2979/5/14 2981/5/22 2976/5/6
f 2980/5/12 2982/3/13 2981/5/22
f 2983/1/18 2981/5/22 2982/3/13
f 2983/1/18 2982/3/13 2984/2/17
f 2983/1/18 2985/4/15 2981/5/22
f 2983/1/18 2986/3/9 2985/4/15
f 2987/1/10 2986/3/9 2983/1/18
f 2983/14/18 2971/14/3 2987/14/10
f 2971/14/3 2983/14/18 2973/14/1
f 2976/6/6 2985/8/15 2975/8/5
f 2971/14/3 2988/9/11 2987/14/10
f 2988/9/11 2971/14/3 2972/9/2
f 2986/6/9 2972/9/2 2974/6/19
f 2984/11/17 2973/15/1 2983/15/18
f 2973/15/1 2984/11/17 2978/11/8
f 2984/11/17 2977/10/7 2978/11/8
f 2986/13/9 2975/12/5 2985/12/15
f 2991/1/1 2990/2/2 2989/1/3
f 2990/2/2 2991/1/1 2992/3/4
f 2992/3/4 2991/1/1 2993/4/5
f 2993/4/5 2991/1/1 2994/5/6
f 2994/5/6 2991/1/1 2995/3/7
f 2995/3/7 2991/1/1 2996/2/8
f 3004/3/9 3005/1/10 3006/2/11
f 2998/6/12 2995/7/7 3000/7/13
f 2995/7/7 2998/6/12 2997/6/14
f 3003/8/15 2994/6/6 2999/6/22
f 2990/9/2 3004/6/9 3006/9/11
f 2995/10/7 3002/11/17 3000/10/13
f 2993/12/5 3004/13/9 2992/13/4
f 2997/5/14 2994/5/6 2995/3/7
f 2999/5/22 2997/5/14 2998/5/12
f 2997/5/14 2999/5/22 2994/5/6
f 2998/5/12 3000/3/13 2999/5/22
f 3001/1/18 2999/5/22 3000/3/13
f 3001/1/18 3000/3/13 3002/2/17
f 3001/1/18 3003/4/15 2999/5/22
f 3001/1/18 3004/3/9 3003/4/15
f 3005/1/10 3004/3/9 3001/1/18
f 3001/14/18 2989/14/3 3005/14/10
f 2989/14/3 3001/14/18 2991/14/1
f 2994/6/6 3003/8/15 2993/8/5
f 2989/14/3 3006/9/11 3005/14/10
f 3006/9/11 2989/14/3 2990/9/2
f 3004/6/9 2990/9/2 2992/6/4
f 3002/11/17 2991/15/1 3001/15/18
f 2991/15/1 3002/11/17 2996/11/8
f 3002/11/17 2995/10/7 2996/11/8
f 3004/13/9 2993/12/5 3003/12/15
f 3009/1/1 3008/2/2 3007/1/3
f 3008/2/2 3009/1/1 3010/3/4
f 3010/3/4 3009/1/1 3011/4/5
f 3011/4/5 3009/1/1 3012/5/6
f 3012/5/6 3009/1/1 3013/3/7
f 3013/3/7 3009/1/1 3014/2/8
f 3022/3/9 3023/1/10 3024/2/11
f 3016/6/12 3013/7/7 3018/7/13
f 3013/7/7 3016/6/12 3015/6/14
f 3021/8/15 3012/6/6 3017/6/22
f 3008/9/2 3022/6/9 3024/9/11
f 3013/10/7 3020/11/17 3018/10/13
f 3011/12/5 3022/13/9 3010/13/4
f 3015/5/14 3012/5/6 3013/3/7
f 3017/5/22 3015/5/14 3016/5/12
f 3015/5/14 3017/5/22 3012/5/6
f 3016/5/12 3018/3/13 3017/5/22
f 3019/1/18 3017/5/22 3018/3/13
f 3019/1/18 3018/3/13 3020/2/17
f 3019/1/18 3021/4/15 3017/5/22
f 3019/1/18 3022/3/9 3021/4/15
f 3023/1/10 3022/3/9 3019/1/18
f 3019/14/18 3007/14/3 3023/14/10
f 3007/14/3 3019/14/18 3009/14/1
f 3012/6/6 3021/8/15 3011/8/5
f 3007/14/3 3024/9/11 3023/14/10
f 3024/9/11 3007/14/3 3008/9/2
f 3022/6/9 3008/9/2 3010/6/4
f 3020/11/17 3009/15/1 3019/15/18
f 3009/15/1 3020/11/17 3014/11/8
f 3020/11/17 3013/10/7 3014/11/8
f 3022/13/9 3011/12/5 3021/12/15
f 3027/1/1 3026/2/2 3025/1/3
f 3026/2/2 3027/1/1 3028/3/4
f 3028/3/4 3027/1/1 3029/4/5
f 3029/4/5 3027/1/1 3030/5/6
f 3030/5/6 3027/1/1 3031/3/7
f 3031/3/7 3027/1/1 3032/2/8
f 3040/3/9 3041/1/10 3042/2/11
f 3034/6/12 3031/7/7 3036/7/13
f 3031/7/7 3034/6/12 3033/6/14
f 3039/8/15 3030/6/6 3035/6/22
f 3026/9/2 3040/6/9 3042/9/11
f 3031/10/7 3038/11/17 3036/10/13
f 3029/12/5 3040/13/9 3028/13/4
f 3033/5/14 3030/5/6 3031/3/7
f 3035/5/22 3033/5/14 3034/5/12
f 3033/5/14 3035/5/22 3030/5/6
f 3034/5/12 3036/3/13 3035/5/22
f 3037/1/18 3035/5/22 3036/3/13
f 3037/1/18 3036/3/13 3038/2/17
f 3037/1/18 3039/4/15 3035/5/22
f 3037/1/18 3040/3/9 3039/4/15
f 3041/1/10 3040/3/9 3037/1/18
f 3037/14/18 3025/14/3 3041/14/10
f 3025/14/3 3037/14/18 3027/14/1
f 3030/6/6 3039/8/15 3029/8/5
f 3025/14/3 3042/9/11 3041/14/10
f 3042/9/11 3025/14/3 3026/9/2
f 3040/6/9 3026/9/2 3028/6/4
f 3038/11/17 3027/15/1 3037/15/18
f 3027/15/1 3038/11/17 3032/11/8
f 3038/11/17 3031/10/7 3032/11/8
f 3040/13/9 3029/12/5 3039/12/15
f 3045/1/1 3044/2/2 3043/1/3
f 3044/2/2 3045/1/1 3046/3/4
f 3046/3/4 3045/1/1 3047/4/5
f 3047/4/5 3045/1/1 3048/5/6
f 3048/5/6 3045/1/1 3049/3/7
f 3049/3/7 3045/1/1 3050/2/8
f 3058/3/9 3059/1/10 3060/2/11
f 3052/6/12 3049/7/7 3054/7/13
f 3049/7/7 3052/6/12 3051/6/14
f 3057/8/15 3048/6/6 3053/6/22
f 3044/9/2 3058/6/9 3060/9/11
f 3049/10/7 3056/11/17 3054/10/13
f 3047/12/5 3058/13/9 3046/13/4
f 3051/5/14 3048/5/6 3049/3/7
f 3053/5/22 3051/5/14 3052/5/12
f 3051/5/14 3053/5/22 3048/5/6
f 3052/5/12 3054/3/13 3053/5/22
f 3055/1/18 3053/5/22 3054/3/13
f 3055/1/18 3054/3/13 3056/2/17
f 3055/1/18 3057/4/15 3053/5/22
f 3055/1/18 3058/3/9 3057/4/15
f 3059/1/10 3058/3/9 3055/1/18
f 3055/14/18 3043/14/3 3059/14/10
f 3043/14/3 3055/14/18 3045/14/1
f 3048/6/6 3057/8/15 3047/8/5
f 3043/14/3 3060/9/11 3059/14/10
f 3060/9/11 3043/14/3 3044/9/2
f 3058/6/9 3044/9/2 3046/6/4
f 3056/11/17 3045/15/1 3055/15/18
f 3045/15/1 3056/11/17 3050/11/8
f 3056/11/17 3049/10/7 3050/11/8
f 3058/13/9 3047/12/5 3057/12/15
f 3063/1/1 3062/2/2 3061/1/3
f 3062/2/2 3063/1/1 3064/3/4
f 3064/3/4 3063/1/1 3065/4/5
f 3065/4/5 3063/1/1 3066/5/6
f 3066/5/6 3063/1/1 3067/3/7
f 3067/3/7 3063/1/1 3068/2/8
f 3076/3/9 3077/1/10 3078/2/11
f 3070/6/12 3067/7/7 3072/7/13
f 3067/7/7 3070/6/12 3069/6/14
f 3075/8/15 3066/6/6 3071/6/22
f 3062/9/2 3076/6/9 3078/9/11
f 3067/10/7 3074/11/17 3072/10/13
f 3065/12/5 3076/13/9 3064/13/4
f 3069/5/14 3066/5/6 3067/3/7
f 3071/5/22 3069/5/14 3070/5/12
f 3069/5/14 3071/5/22 3066/5/6
f 3070/5/12 3072/3/13 3071/5/22
f 3073/1/18 3071/5/22 3072/3/13
f 3073/1/18 3072/3/13 3074/2/17
f 3073/1/18 3075/4/15 3071/5/22
f 3073/1/18 3076/3/9 3075/4/15
f 3077/1/10 3076/3/9 3073/1/18
f 3073/14/18 3061/14/3 3077/14/10
f 3061/14/3 3073/14/18 3063/14/1
f 3066/6/6 3075/8/15 3065/8/5
f 3061/14/3 3078/9/11 3077/14/10
f 3078/9/11 3061/14/3 3062/9/2
f 3076/6/9 3062/9/2 3064/6/4
f 3074/11/17 3063/15/1 3073/15/18
f 3063/15/1 3074/11/17 3068/11/8
f 3074/11/17 3067/10/7 3068/11/8
f 3076/13/9 3065/12/5 3075/12/15
f 3081/1/1 3080/2/2 3079/1/3
f 3080/2/2 3081/1/1 3082/3/4
f 3082/3/4 3081/1/1 3083/4/5
f 3083/4/5 3081/1/1 3084/5/6
f 3084/5/6 3081/1/1 3085/3/7
f 3085/3/7 3081/1/1 3086/2/8
f 3094/3/9 3095/1/10 3096/2/11
f 3088/6/12 3085/7/7 3090/7/13
f 3085/7/7 3088/6/12 3087/6/14
f 3093/8/15 3084/6/6 3089/6/22
f 3080/9/2 3094/6/9 3096/9/11
f 3085/10/7 3092/11/17 3090/10/13
f 3083/12/5 3094/13/9 3082/13/4
f 3087/5/14 3084/5/6 3085/3/7
f 3089/5/22 3087/5/14 3088/5/12
f 3087/5/14 3089/5/22 3084/5/6
f 3088/5/12 3090/3/13 3089/5/22
f 3091/1/18 3089/5/22 3090/3/13
f 3091/1/18 3090/3/13 3092/2/17
f 3091/1/18 3093/4/15 3089/5/22
f 3091/1/18 3094/3/9 3093/4/15
f 3095/1/10 3094/3/9 3091/1/18
f 3091/14/18 3079/14/3 3095/14/10
f 3079/14/3 3091/14/18 3081/14/1
f 3084/6/6 3093/8/15 3083/8/5
f 3079/14/3 3096/9/11 3095/14/10
f 3096/9/11 3079/14/3 3080/9/2
f 3094/6/9 3080/9/2 3082/6/4
f 3092/11/17 3081/15/1 3091/15/18
f 3081/15/1 3092/11/17 3086/11/8
f 3092/11/17 3085/10/7 3086/11/8
f 3094/13/9 3083/12/5 3093/12/15
f 3099/1/1 3098/2/2 3097/1/3
f 3098/2/2 3099/1/1 3100/3/4
f 3100/3/4 3099/1/1 3101/4/5
f 3101/4/5 3099/1/1 3102/5/6
f 3102/5/6 3099/1/1 3103/3/7
f 3103/3/7 3099/1/1 3104/2/8
f 3112/3/9 3113/1/10 3114/2/11
f 3106/6/12 3103/7/7 3108/7/13
f 3103/7/7 3106/6/12 3105/6/14
f 3111/8/15 3102/6/6 3107/6/22
f 3098/9/2 3112/6/9 3114/9/11
f 3103/10/7 3110/11/17 3108/10/13
f 3101/12/5 3112/13/9 3100/13/4
f 3105/5/14 3102/5/6 3103/3/7
f 3107/5/22 3105/5/14 3106/5/12
f 3105/5/14 3107/5/22 3102/5/6
f 3106/5/12 3108/3/13 3107/5/22
f 3109/1/18 3107/5/22 3108/3/13
f 3109/1/18 3108/3/13 3110/2/17
f 3109/1/18 3111/4/15 3107/5/22
f 3109/1/18 3112/3/9 3111/4/15
f 3113/1/10 3112/3/9 3109/1/18
f 3109/14/18 3097/14/3 3113/14/10
f 3097/14/3 3109/14/18 3099/14/1
f 3102/6/6 3111/8/15 3101/8/5
f 3097/14/3 3114/9/11 3113/14/10
f 3114/9/11 3097/14/3 3098/9/2
f 3112/6/9 3098/9/2 3100/6/4
f 3110/11/17 3099/15/1 3109/15/18
f 3099/15/1 3110/11/17 3104/11/8
f 3110/11/17 3103/10/7 3104/11/8
f 3112/13/9 3101/12/5 3111/12/15
f 3117/1/1 3116/2/2 3115/1/3
f 3116/2/2 3117/1/1 3118/3/4
f 3118/3/4 3117/1/1 3119/4/5
f 3119/4/5 3117/1/1 3120/5/6
f 3120/5/6 3117/1/1 3121/3/7
f 3121/3/7 3117/1/1 3122/2/8
f 3130/3/9 3131/1/10 3132/2/11
f 3124/6/12 3121/7/7 3126/7/13
f 3121/7/7 3124/6/12 3123/6/14
f 3129/8/15 3120/6/6 3125/6/22
f 3116/9/2 3130/6/9 3132/9/11
f 3121/10/7 3128/11/17 3126/10/13
f 3119/12/5 3130/13/9 3118/13/4
f 3123/5/14 3120/5/6 3121/3/7
f 3125/5/22 3123/5/14 3124/5/12
f 3123/5/14 3125/5/22 3120/5/6
f 3124/5/12 3126/3/13 3125/5/22
f 3127/1/18 3125/5/22 3126/3/13
f 3127/1/18 3126/3/13 3128/2/17
f 3127/1/18 3129/4/15 3125/5/22
f 3127/1/18 3130/3/9 3129/4/15
f 3131/1/10 3130/3/9 3127/1/18
f 3127/14/18 3115/14/3 3131/14/10
f 3115/14/3 3127/14/18 3117/14/1
f 3120/6/6 3129/8/15 3119/8/5
f 3115/14/3 3132/9/11 3131/14/10
f 3132/9/11 3115/14/3 3116/9/2
f 3130/6/9 3116/9/2 3118/6/4
f 3128/11/17 3117/15/1 3127/15/18
f 3117/15/1 3128/11/17 3122/11/8
f 3128/11/17 3121/10/7 3122/11/8
f 3130/13/9 3119/12/5 3129/12/15
f 3135/1/1 3134/2/2 3133/1/3
f 3134/2/2 3135/1/1 3136/3/4
f 3136/3/4 3135/1/1 3137/4/5
f 3137/4/5 3135/1/1 3138/5/6
f 3138/5/6 3135/1/1 3139/3/7
f 3139/3/7 3135/1/1 3140/2/8
f 3148/3/9 3149/1/10 3150/2/11
f 3142/6/12 3139/7/7 3144/7/13
f 3139/7/7 3142/6/12 3141/6/14
f 3147/8/15 3138/6/6 3143/6/22
f 3134/9/2 3148/6/9 3150/9/11
f 3139/10/7 3146/11/17 3144/10/13
f 3137/12/5 3148/13/9 3136/13/4
f 3141/5/14 3138/5/6 3139/3/7
f 3143/5/22 3141/5/14 3142/5/12
f 3141/5/14 3143/5/22 3138/5/6
f 3142/5/12 3144/3/13 3143/5/22
f 3145/1/18 3143/5/22 3144/3/13
f 3145/1/18 3144/3/13 3146/2/17
f 3145/1/18 3147/4/15 3143/5/22
f 3145/1/18 3148/3/9 3147/4/15
f 3149/1/10 3148/3/9 3145/1/18
f 3145/14/18 3133/14/3 3149/14/10
f 3133/14/3 3145/14/18 3135/14/1
f 3138/6/6 3147/8/15 3137/8/5
f 3133/14/3 3150/9/11 3149/14/10
f 3150/9/11 3133/14/3 3134/9/2
f 3148/6/9 3134/9/2 3136/6/4
f 3146/11/17 3135/15/1 3145/15/18
f 3135/15/1 3146/11/17 3140/11/8
f 3146/11/17 3139/10/7 3140/11/8
f 3148/13/9 3137/12/5 3147/12/15
f 3153/1/1 3152/2/2 3151/1/3
f 3152/2/2 3153/1/1 3154/3/4
f 3154/3/4 3153/1/1 3155/4/5
f 3155/4/5 3153/1/1 3156/5/6
f 3156/5/6 3153/1/1 3157/3/7
f 3157/3/7 3153/1/1 3158/2/8
f 3166/3/9 3167/1/10 3168/2/11
f 3160/6/12 3157/7/7 3162/7/13
f 3157/7/7 3160/6/12 3159/6/14
f 3165/8/15 3156/6/6 3161/6/22
f 3152/9/2 3166/6/9 3168/9/11
f 3157/10/7 3164/11/17 3162/10/13
f 3155/12/5 3166/13/9 3154/13/4
f 3159/5/14 3156/5/6 3157/3/7
f 3161/5/22 3159/5/14 3160/5/12
f 3159/5/14 3161/5/22 3156/5/6
f 3160/5/12 3162/3/13 3161/5/22
f 3163/1/18 3161/5/22 3162/3/13
f 3163/1/18 3162/3/13 3164/2/17
f 3163/1/18 3165/4/15 3161/5/22
f 3163/1/18 3166/3/9 3165/4/15
f 3167/1/10 3166/3/9 3163/1/18
f 3163/14/18 3151/14/3 3167/14/10
f 3151/14/3 3163/14/18 3153/14/1
f 3156/6/6 3165/8/15 3155/8/5
f 3151/14/3 3168/9/11 3167/14/10
f 3168/9/11 3151/14/3 3152/9/2
f 3166/6/9 3152/9/2 3154/6/4
f 3164/11/17 3153/15/1 3163/15/18
f 3153/15/1 3164/11/17 3158/11/8
f 3164/11/17 3157/10/7 3158/11/8
f 3166/13/9 3155/12/5 3165/12/15
f 3171/1/1 3170/2/2 3169/1/3
f 3170/2/2 3171/1/1 3172/3/4
f 3172/3/4 3171/1/1 3173/4/5
f 3173/4/5 3171/1/1 3174/5/6
f 3174/5/6 3171/1/1 3175/3/7
f 3175/3/7 3171/1/1 3176/2/8
f 3184/3/9 3185/1/10 3186/2/11
f 3178/6/12 3175/7/7 3180/7/13
f 3175/7/7 3178/6/12 3177/6/14
f 3183/8/15 3174/6/6 3179/6/22
f 3170/9/2 3184/6/9 3186/9/11
f 3175/10/7 3182/11/17 3180/10/13
f 3173/12/5 3184/13/9 3172/13/4
f 3177/5/14 3174/5/6 3175/3/7
f 3179/5/22 3177/5/14 3178/5/12
f 3177/5/14 3179/5/22 3174/5/6
f 3178/5/12 3180/3/13 3179/5/22
f 3181/1/18 3179/5/22 3180/3/13
f 3181/1/18 3180/3/13 3182/2/17
f 3181/1/18 3183/4/15 3179/5/22
f 3181/1/18 3184/3/9 3183/4/15
f 3185/1/10 3184/3/9 3181/1/18
f 3181/14/18 3169/14/3 3185/14/10
f 3169/14/3 3181/14/18 3171/14/1
f 3174/6/6 3183/8/15 3173/8/5
f 3169/14/3 3186/9/11 3185/14/10
f 3186/9/11 3169/14/3 3170/9/2
f 3184/6/9 3170/9/2 3172/6/4
f 3182/11/17 3171/15/1 3181/15/18
f 3171/15/1 3182/11/17 3176/11/8
f 3182/11/17 3175/10/7 3176/11/8
f 3184/13/9 3173/12/5 3183/12/15
f 3189/1/1 3188/2/2 3187/1/3
f 3188/2/2 3189/1/1 3190/3/4
f 3190/3/4 3189/1/1 3191/4/5
f 3191/4/5 3189/1/1 3192/5/6
f 3192/5/6 3189/1/1 3193/3/7
f 3193/3/7 3189/1/1 3194/2/8
f 3202/3/9 3203/1/10 3204/2/11
f 3196/6/12 3193/7/7 3198/7/13
f 3193/7/7 3196/6/12 3195/6/14
f 3201/8/15 3192/6/6 3197/6/22
f 3188/9/2 3202/6/9 3204/9/11
f 3193/10/7 3200/11/17 3198/10/13
f 3191/12/5 3202/13/9 3190/13/4
f 3195/5/14 3192/5/6 3193/3/7
f 3197/5/22 3195/5/14 3196/5/12
f 3195/5/14 3197/5/22 3192/5/6
f 3196/5/12 3198/3/13 3197/5/22
f 3199/1/18 3197/5/22 3198/3/13
f 3199/1/18 3198/3/13 3200/2/17
f 3199/1/18 3201/4/15 3197/5/22
f 3199/1/18 3202/3/9 3201/4/15
f 3203/1/10 3202/3/9 3199/1/18
f 3199/14/18 3187/14/3 3203/14/10
f 3187/14/3 3199/14/18 3189/14/1
f 3192/6/6 3201/8/15 3191/8/5
f 3187/14/3 3204/9/11 3203/14/10
f 3204/9/11 3187/14/3 3188/9/2
f 3202/6/9 3188/9/2 3190/6/4
f 3200/11/17 3189/15/1 3199/15/18
f 3189/15/1 3200/11/17 3194/11/8
f 3200/11/17 3193/10/7 3194/11/8
f 3202/13/9 3191/12/5 3201/12/15
f 3207/1/1 3206/2/2 3205/1/3
f 3206/2/2 3207/1/1 3208/3/4
f 3208/3/4 3207/1/1 3209/4/5
f 3209/4/5 3207/1/1 3210/5/6
f 3210/5/6 3207/1/1 3211/3/7
f 3211/3/7 3207/1/1 3212/2/8
f 3220/3/9 3221/1/10 3222/2/11
f 3214/6/12 3211/7/7 3216/7/13
f 3211/7/7 3214/6/12 3213/6/14
f 3219/8/15 3210/6/6 3215/6/22
f 3206/9/2 3220/6/9 3222/9/11
f 3211/10/7 3218/11/17 3216/10/13
f 3209/12/5 3220/13/9 3208/13/4
f 3213/5/14 3210/5/6 3211/3/7
f 3215/5/22 3213/5/14 3214/5/12
f 3213/5/14 3215/5/22 3210/5/6
f 3214/5/12 3216/3/13 3215/5/22
f 3217/1/18 3215/5/22 3216/3/13
f 3217/1/18 3216/3/13 3218/2/17
f 3217/1/18 3219/4/15 3215/5/22
f 3217/1/18 3220/3/9 3219/4/15
f 3221/1/10 3220/3/9 3217/1/18
f 3217/14/18 3205/14/3 3221/14/10
f 3205/14/3 3217/14/18 3207/14/1
f 3210/6/6 3219/8/15 3209/8/5
f 3205/14/3 3222/9/11 3221/14/10
f 3222/9/11 3205/14/3 3206/9/2
f 3220/6/9 3206/9/2 3208/6/4
f 3218/11/17 3207/15/1 3217/15/18
f 3207/15/1 3218/11/17 3212/11/8
f 3218/11/17 3211/10/7 3212/11/8
f 3220/13/9 3209/12/5 3219/12/15
f 3225/1/1 3224/2/2 3223/1/3
f 3224/2/2 3225/1/1 3226/3/19
f 3226/3/19 3225/1/1 3227/4/5
f 3227/4/5 3225/1/1 3228/5/6
f 3228/5/6 3225/1/1 3229/3/7
f 3229/3/7 3225/1/1 3230/2/8
f 3238/3/9 3239/1/10 3240/2/11
f 3232/6/12 3229/7/7 3234/7/13
f 3229/7/7 3232/6/12 3231/6/14
f 3237/8/15 3228/6/6 3233/6/22
f 3224/9/2 3238/6/9 3240/9/11
f 3229/10/7 3236/11/17 3234/10/13
f 3227/12/5 3238/13/9 3226/13/19
f 3231/5/14 3228/5/6 3229/3/7
f 3233/5/22 3231/5/14 3232/5/12
f 3231/5/14 3233/5/22 3228/5/6
f 3232/5/12 3234/3/13 3233/5/22
f 3235/1/18 3233/5/22 3234/3/13
f 3235/1/18 3234/3/13 3236/2/17
f 3235/1/18 3237/4/15 3233/5/22
f 3235/1/18 3238/3/9 3237/4/15
f 3239/1/10 3238/3/9 3235/1/18
f 3235/14/18 3223/14/3 3239/14/10
f 3223/14/3 3235/14/18 3225/14/1
f 3228/6/6 3237/8/15 3227/8/5
f 3223/14/3 3240/9/11 3239/14/10
f 3240/9/11 3223/14/3 3224/9/2
f 3238/6/9 3224/9/2 3226/6/19
f 3236/11/17 3225/15/1 3235/15/18
f 3225/15/1 3236/11/17 3230/11/8
f 3236/11/17 3229/10/7 3230/11/8
f 3238/13/9 3227/12/5 3237/12/15
f 3243/1/1 3242/2/2 3241/1/3
f 3242/2/2 3243/1/1 3244/3/4
f 3244/3/4 3243/1/1 3245/4/5
f 3245/4/5 3243/1/1 3246/5/6
f 3246/5/6 3243/1/1 3247/3/7
f 3247/3/7 3243/1/1 3248/2/8
f 3256/3/9 3257/1/10 3258/2/11
f 3250/6/12 3247/7/7 3252/7/13
f 3247/7/7 3250/6/12 3249/6/14
f 3255/8/15 3246/6/6 3251/6/22
f 3242/9/2 3256/6/9 3258/9/11
f 3247/10/7 3254/11/17 3252/10/13
f 3245/12/5 3256/13/9 3244/13/4
f 3249/5/14 3246/5/6 3247/3/7
f 3251/5/22 3249/5/14 3250/5/12
f 3249/5/14 3251/5/22 3246/5/6
f 3250/5/12 3252/3/13 3251/5/22
f 3253/1/18 3251/5/22 3252/3/13
f 3253/1/18 3252/3/13 3254/2/17
f 3253/1/18 3255/4/15 3251/5/22
f 3253/1/18 3256/3/9 3255/4/15
f 3257/1/10 3256/3/9 3253/1/18
f 3253/14/18 3241/14/3 3257/14/10
f 3241/14/3 3253/14/18 3243/14/1
f 3246/6/6 3255/8/15 3245/8/5
f 3241/14/3 3258/9/11 3257/14/10
f 3258/9/11 3241/14/3 3242/9/2
f 3256/6/9 3242/9/2 3244/6/4
f 3254/11/17 3243/15/1 3253/15/18
f 3243/15/1 3254/11/17 3248/11/8
f 3254/11/17 3247/10/7 3248/11/8
f 3256/13/9 3245/12/5 3255/12/15
f 3261/1/1 3260/2/2 3259/1/3
f 3260/2/2 3261/1/1 3262/3/4
f 3262/3/4 3261/1/1 3263/4/5
f 3263/4/5 3261/1/1 3264/5/6
f 3264/5/6 3261/1/1 3265/3/7
f 3265/3/7 3261/1/1 3266/2/8
f 3274/3/9 3275/1/10 3276/2/11
f 3268/6/12 3265/7/7 3270/7/13
f 3265/7/7 3268/6/12 3267/6/14
f 3273/8/15 3264/6/6 3269/6/22
f 3260/9/2 3274/6/9 3276/9/11
f 3265/10/7 3272/11/17 3270/10/13
f 3263/12/5 3274/13/9 3262/13/4
f 3267/5/14 3264/5/6 3265/3/7
f 3269/5/22 3267/5/14 3268/5/12
f 3267/5/14 3269/5/22 3264/5/6
f 3268/5/12 3270/3/13 3269/5/22
f 3271/1/18 3269/5/22 3270/3/13
f 3271/1/18 3270/3/13 3272/2/17
f 3271/1/18 3273/4/15 3269/5/22
f 3271/1/18 3274/3/9 3273/4/15
f 3275/1/10 3274/3/9 3271/1/18
f 3271/14/18 3259/14/3 3275/14/10
f 3259/14/3 3271/14/18 3261/14/1
f 3264/6/6 3273/8/15 3263/8/5
f 3259/14/3 3276/9/11 3275/14/10
f 3276/9/11 3259/14/3 3260/9/2
f 3274/6/9 3260/9/2 3262/6/4
f 3272/11/17 3261/15/1 3271/15/18
f 3261/15/1 3272/11/17 3266/11/8
f 3272/11/17 3265/10/7 3266/11/8
f 3274/13/9 3263/12/5 3273/12/15
f 3279/1/1 3278/2/2 3277/1/3
f 3278/2/2 3279/1/1 3280/3/4
f 3280/3/4 3279/1/1 3281/4/5
f 3281/4/5 3279/1/1 3282/5/6
f 3282/5/6 3279/1/1 3283/3/7
f 3283/3/7 3279/1/1 3284/2/8
f 3292/3/9 3293/1/10 3294/2/11
f 3286/6/12 3283/7/7 3288/7/13
f 3283/7/7 3286/6/12 3285/6/14
f 3291/8/15 3282/6/6 3287/6/22
f 3278/9/2 3292/6/9 3294/9/11
f 3283/10/7 3290/11/17 3288/10/13
f 3281/12/5 3292/13/9 3280/13/4
f 3285/5/14 3282/5/6 3283/3/7
f 3287/5/22 3285/5/14 3286/5/12
f 3285/5/14 3287/5/22 3282/5/6
f 3286/5/12 3288/3/13 3287/5/22
f 3289/1/18 3287/5/22 3288/3/13
f 3289/1/18 3288/3/13 3290/2/17
f 3289/1/18 3291/4/15 3287/5/22
f 3289/1/18 3292/3/9 3291/4/15
f 3293/1/10 3292/3/9 3289/1/18
f 3289/14/18 3277/14/3 3293/14/10
f 3277/14/3 3289/14/18 3279/14/1
f 3282/6/6 3291/8/15 3281/8/5
f 3277/14/3 3294/9/11 3293/14/10
f 3294/9/11 3277/14/3 3278/9/2
f 3292/6/9 3278/9/2 3280/6/4
f 3290/11/17 3279/15/1 3289/15/18
f 3279/15/1 3290/11/17 3284/11/8
f 3290/11/17 3283/10/7 3284/11/8
f 3292/13/9 3281/12/5 3291/12/15
f 3297/1/1 3296/2/2 3295/1/3
f 3296/2/2 3297/1/1 3298/3/19
f 3298/3/19 3297/1/1 3299/4/5
f 3299/4/5 3297/1/1 3300/5/6
f 3300/5/6 3297/1/1 3301/3/7
f 3301/3/7 3297/1/1 3302/2/8
f 3310/3/9 3311/1/10 3312/2/11
f 3304/6/12 3301/7/7 3306/7/13
f 3301/7/7 3304/6/12 3303/6/14
f 3309/8/15 3300/6/6 3305/6/22
f 3296/9/2 3310/6/9 3312/9/11
f 3301/10/7 3308/11/17 3306/10/13
f 3299/12/5 3310/13/9 3298/13/19
f 3303/5/14 3300/5/6 3301/3/7
f 3305/5/22 3303/5/14 3304/5/12
f 3303/5/14 3305/5/22 3300/5/6
f 3304/5/12 3306/3/13 3305/5/22
f 3307/1/18 3305/5/22 3306/3/13
f 3307/1/18 3306/3/13 3308/2/17
f 3307/1/18 3309/4/15 3305/5/22
f 3307/1/18 3310/3/9 3309/4/15
f 3311/1/10 3310/3/9 3307/1/18
f 3307/14/18 3295/14/3 3311/14/10
f 3295/14/3 3307/14/18 3297/14/1
f 3300/6/6 3309/8/15 3299/8/5
f 3295/14/3 3312/9/11 3311/14/10
f 3312/9/11 3295/14/3 3296/9/2
f 3310/6/9 3296/9/2 3298/6/19
f 3308/11/17 3297/15/1 3307/15/18
f 3297/15/1 3308/11/17 3302/11/8
f 3308/11/17 3301/10/7 3302/11/8
f 3310/13/9 3299/12/5 3309/12/15
f 3315/1/1 3314/2/2 3313/1/3
f 3314/2/2 3315/1/1 3316/3/4
f 3316/3/4 3315/1/1 3317/4/5
f 3317/4/5 3315/1/1 3318/5/6
f 3318/5/6 3315/1/1 3319/3/7
f 3319/3/7 3315/1/1 3320/2/8
f 3328/3/9 3329/1/10 3330/2/11
f 3322/6/12 3319/7/7 3324/7/20
f 3319/7/7 3322/6/12 3321/6/14
f 3327/8/15 3318/6/6 3323/6/16
f 3314/9/2 3328/6/9 3330/9/11
f 3319/10/7 3326/11/17 3324/10/20
f 3317/12/5 3328/13/9 3316/13/4
f 3321/5/14 3318/5/6 3319/3/7
f 3323/5/16 3321/5/14 3322/5/12
f 3321/5/14 3323/5/16 3318/5/6
f 3322/5/12 3324/3/20 3323/5/16
f 3325/1/18 3323/5/16 3324/3/20
f 3325/1/18 3324/3/20 3326/2/17
f 3325/1/18 3327/4/15 3323/5/16
f 3325/1/18 3328/3/9 3327/4/15
f 3329/1/10 3328/3/9 3325/1/18
f 3325/14/18 3313/14/3 3329/14/10
f 3313/14/3 3325/14/18 3315/14/1
f 3318/6/6 3327/8/15 3317/8/5
f 3313/14/3 3330/9/11 3329/14/10
f 3330/9/11 3313/14/3 3314/9/2
f 3328/6/9 3314/9/2 3316/6/4
f 3326/11/17 3315/15/1 3325/15/18
f 3315/15/1 3326/11/17 3320/11/8
f 3326/11/17 3319/10/7 3320/11/8
f 3328/13/9 3317/12/5 3327/12/15
f 3333/1/1 3332/2/2 3331/1/3
f 3332/2/2 3333/1/1 3334/3/4
f 3334/3/4 3333/1/1 3335/4/5
f 3335/4/5 3333/1/1 3336/5/6
f 3336/5/6 3333/1/1 3337/3/7
f 3337/3/7 3333/1/1 3338/2/8
f 3346/3/9 3347/1/10 3348/2/11
f 3340/6/12 3337/7/7 3342/7/13
f 3337/7/7 3340/6/12 3339/6/14
f 3345/8/15 3336/6/6 3341/6/22
f 3332/9/2 3346/6/9 3348/9/11
f 3337/10/7 3344/11/17 3342/10/13
f 3335/12/5 3346/13/9 3334/13/4
f 3339/5/14 3336/5/6 3337/3/7
f 3341/5/22 3339/5/14 3340/5/12
f 3339/5/14 3341/5/22 3336/5/6
f 3340/5/12 3342/3/13 3341/5/22
f 3343/1/18 3341/5/22 3342/3/13
f 3343/1/18 3342/3/13 3344/2/17
f 3343/1/18 3345/4/15 3341/5/22
f 3343/1/18 3346/3/9 3345/4/15
f 3347/1/10 3346/3/9 3343/1/18
f 3343/14/18 3331/14/3 3347/14/10
f 3331/14/3 3343/14/18 3333/14/1
f 3336/6/6 3345/8/15 3335/8/5
f 3331/14/3 3348/9/11 3347/14/10
f 3348/9/11 3331/14/3 3332/9/2
f 3346/6/9 3332/9/2 3334/6/4
f 3344/11/17 3333/15/1 3343/15/18
f 3333/15/1 3344/11/17 3338/11/8
f 3344/11/17 3337/10/7 3338/11/8
f 3346/13/9 3335/12/5 3345/12/15
f 3351/1/1 3350/2/2 3349/1/3
f 3350/2/2 3351/1/1 3352/3/4
f 3352/3/4 3351/1/1 3353/4/5
f 3353/4/5 3351/1/1 3354/5/6
f 3354/5/6 3351/1/1 3355/3/7
f 3355/3/7 3351/1/1 3356/2/8
f 3364/3/9 3365/1/10 3366/2/11
f 3358/6/12 3355/7/7 3360/7/13
f 3355/7/7 3358/6/12 3357/6/14
f 3363/8/15 3354/6/6 3359/6/22
f 3350/9/2 3364/6/9 3366/9/11
f 3355/10/7 3362/11/17 3360/10/13
f 3353/12/5 3364/13/9 3352/13/4
f 3357/5/14 3354/5/6 3355/3/7
f 3359/5/22 3357/5/14 3358/5/12
f 3357/5/14 3359/5/22 3354/5/6
f 3358/5/12 3360/3/13 3359/5/22
f 3361/1/18 3359/5/22 3360/3/13
f 3361/1/18 3360/3/13 3362/2/17
f 3361/1/18 3363/4/15 3359/5/22
f 3361/1/18 3364/3/9 3363/4/15
f 3365/1/10 3364/3/9 3361/1/18
f 3361/14/18 3349/14/3 3365/14/10
f 3349/14/3 3361/14/18 3351/14/1
f 3354/6/6 3363/8/15 3353/8/5
f 3349/14/3 3366/9/11 3365/14/10
f 3366/9/11 3349/14/3 3350/9/2
f 3364/6/9 3350/9/2 3352/6/4
f 3362/11/17 3351/15/1 3361/15/18
f 3351/15/1 3362/11/17 3356/11/8
f 3362/11/17 3355/10/7 3356/11/8
f 3364/13/9 3353/12/5 3363/12/15
f 3369/1/1 3368/2/2 3367/1/3
f 3368/2/2 3369/1/1 3370/3/4
f 3370/3/4 3369/1/1 3371/4/5
f 3371/4/5 3369/1/1 3372/5/6
f 3372/5/6 3369/1/1 3373/3/7
f 3373/3/7 3369/1/1 3374/2/8
f 3382/3/9 3383/1/10 3384/2/11
f 3376/6/12 3373/7/7 3378/7/13
f 3373/7/7 3376/6/12 3375/6/14
f 3381/8/15 3372/6/6 3377/6/22
f 3368/9/2 3382/6/9 3384/9/11
f 3373/10/7 3380/11/17 3378/10/13
f 3371/12/5 3382/13/9 3370/13/4
f 3375/5/14 3372/5/6 3373/3/7
f 3377/5/22 3375/5/14 3376/5/12
f 3375/5/14 3377/5/22 3372/5/6
f 3376/5/12 3378/3/13 3377/5/22
f 3379/1/18 3377/5/22 3378/3/13
f 3379/1/18 3378/3/13 3380/2/17
f 3379/1/18 3381/4/15 3377/5/22
f 3379/1/18 3382/3/9 3381/4/15
f 3383/1/10 3382/3/9 3379/1/18
f 3379/14/18 3367/14/3 3383/14/10
f 3367/14/3 3379/14/18 3369/14/1
f 3372/6/6 3381/8/15 3371/8/5
f 3367/14/3 3384/9/11 3383/14/10
f 3384/9/11 3367/14/3 3368/9/2
f 3382/6/9 3368/9/2 3370/6/4
f 3380/11/17 3369/15/1 3379/15/18
f 3369/15/1 3380/11/17 3374/11/8
f 3380/11/17 3373/10/7 3374/11/8
f 3382/13/9 3371/12/5 3381/12/15
f 3387/1/1 3386/2/2 3385/1/3
f 3386/2/2 3387/1/1 3388/3/19
f 3388/3/19 3387/1/1 3389/4/5
f 3389/4/5 3387/1/1 3390/5/6
f 3390/5/6 3387/1/1 3391/3/7
f 3391/3/7 3387/1/1 3392/2/8
f 3400/3/9 3401/1/10 3402/2/11
f 3394/6/12 3391/7/7 3396/7/13
f 3391/7/7 3394/6/12 3393/6/14
f 3399/8/15 3390/6/6 3395/6/22
f 3386/9/2 3400/6/9 3402/9/11
f 3391/10/7 3398/11/17 3396/10/13
f 3389/12/5 3400/13/9 3388/13/19
f 3393/5/14 3390/5/6 3391/3/7
f 3395/5/22 3393/5/14 3394/5/12
f 3393/5/14 3395/5/22 3390/5/6
f 3394/5/12 3396/3/13 3395/5/22
f 3397/1/18 3395/5/22 3396/3/13
f 3397/1/18 3396/3/13 3398/2/17
f 3397/1/18 3399/4/15 3395/5/22
f 3397/1/18 3400/3/9 3399/4/15
f 3401/1/10 3400/3/9 3397/1/18
f 3397/14/18 3385/14/3 3401/14/10
f 3385/14/3 3397/14/18 3387/14/1
f 3390/6/6 3399/8/15 3389/8/5
f 3385/14/3 3402/9/11 3401/14/10
f 3402/9/11 3385/14/3 3386/9/2
f 3400/6/9 3386/9/2 3388/6/19
f 3398/11/17 3387/15/1 3397/15/18
f 3387/15/1 3398/11/17 3392/11/8
f 3398/11/17 3391/10/7 3392/11/8
f 3400/13/9 3389/12/5 3399/12/15
f 3405/1/1 3404/2/2 3403/1/3
f 3404/2/2 3405/1/1 3406/3/4
f 3406/3/4 3405/1/1 3407/4/5
f 3407/4/5 3405/1/1 3408/5/6
f 3408/5/6 3405/1/1 3409/3/21
f 3409/3/21 3405/1/1 3410/2/8
f 3418/3/9 3419/1/10 3420/2/11
f 3412/6/12 3409/7/21 3414/7/13
f 3409/7/21 3412/6/12 3411/6/14
f 3417/8/15 3408/6/6 3413/6/22
f 3404/9/2 3418/6/9 3420/9/11
f 3409/10/21 3416/11/17 3414/10/13
f 3407/12/5 3418/13/9 3406/13/4
f 3411/5/14 3408/5/6 3409/3/21
f 3413/5/22 3411/5/14 3412/5/12
f 3411/5/14 3413/5/22 3408/5/6
f 3412/5/12 3414/3/13 3413/5/22
f 3415/1/18 3413/5/22 3414/3/13
f 3415/1/18 3414/3/13 3416/2/17
f 3415/1/18 3417/4/15 3413/5/22
f 3415/1/18 3418/3/9 3417/4/15
f 3419/1/10 3418/3/9 3415/1/18
f 3415/14/18 3403/14/3 3419/14/10
f 3403/14/3 3415/14/18 3405/14/1
f 3408/6/6 3417/8/15 3407/8/5
f 3403/14/3 3420/9/11 3419/14/10
f 3420/9/11 3403/14/3 3404/9/2
f 3418/6/9 3404/9/2 3406/6/4
f 3416/11/17 3405/15/1 3415/15/18
f 3405/15/1 3416/11/17 3410/11/8
f 3416/11/17 3409/10/21 3410/11/8
f 3418/13/9 3407/12/5 3417/12/15
f 3423/1/1 3422/2/2 3421/1/3
f 3422/2/2 3423/1/1 3424/3/4
f 3424/3/4 3423/1/1 3425/4/5
f 3425/4/5 3423/1/1 3426/5/6
f 3426/5/6 3423/1/1 3427/3/7
f 3427/3/7 3423/1/1 3428/2/8
f 3436/3/9 3437/1/10 3438/2/11
f 3430/6/12 3427/7/7 3432/7/13
f 3427/7/7 3430/6/12 3429/6/14
f 3435/8/15 3426/6/6 3431/6/22
f 3422/9/2 3436/6/9 3438/9/11
f 3427/10/7 3434/11/17 3432/10/13
f 3425/12/5 3436/13/9 3424/13/4
f 3429/5/14 3426/5/6 3427/3/7
f 3431/5/22 3429/5/14 3430/5/12
f 3429/5/14 3431/5/22 3426/5/6
f 3430/5/12 3432/3/13 3431/5/22
f 3433/1/18 3431/5/22 3432/3/13
f 3433/1/18 3432/3/13 3434/2/17
f 3433/1/18 3435/4/15 3431/5/22
f 3433/1/18 3436/3/9 3435/4/15
f 3437/1/10 3436/3/9 3433/1/18
f 3433/14/18 3421/14/3 3437/14/10
f 3421/14/3 3433/14/18 3423/14/1
f 3426/6/6 3435/8/15 3425/8/5
f 3421/14/3 3438/9/11 3437/14/10
f 3438/9/11 3421/14/3 3422/9/2
f 3436/6/9 3422/9/2 3424/6/4
f 3434/11/17 3423/15/1 3433/15/18
f 3423/15/1 3434/11/17 3428/11/8
f 3434/11/17 3427/10/7 3428/11/8
f 3436/13/9 3425/12/5 3435/12/15
f 3441/1/1 3440/2/2 3439/1/3
f 3440/2/2 3441/1/1 3442/3/4
f 3442/3/4 3441/1/1 3443/4/5
f 3443/4/5 3441/1/1 3444/5/6
f 3444/5/6 3441/1/1 3445/3/7
f 3445/3/7 3441/1/1 3446/2/8
f 3454/3/9 3455/1/10 3456/2/11
f 3448/6/12 3445/7/7 3450/7/13
f 3445/7/7 3448/6/12 3447/6/14
f 3453/8/15 3444/6/6 3449/6/22
f 3440/9/2 3454/6/9 3456/9/11
f 3445/10/7 3452/11/17 3450/10/13
f 3443/12/5 3454/13/9 3442/13/4
f 3447/5/14 3444/5/6 3445/3/7
f 3449/5/22 3447/5/14 3448/5/12
f 3447/5/14 3449/5/22 3444/5/6
f 3448/5/12 3450/3/13 3449/5/22
f 3451/1/18 3449/5/22 3450/3/13
f 3451/1/18 3450/3/13 3452/2/17
f 3451/1/18 3453/4/15 3449/5/22
f 3451/1/18 3454/3/9 3453/4/15
f 3455/1/10 3454/3/9 3451/1/18
f 3451/14/18 3439/14/3 3455/14/10
f 3439/14/3 3451/14/18 3441/14/1
f 3444/6/6 3453/8/15 3443/8/5
f 3439/14/3 3456/9/11 3455/14/10
f 3456/9/11 3439/14/3 3440/9/2
f 3454/6/9 3440/9/2 3442/6/4
f 3452/11/17 3441/15/1 3451/15/18
f 3441/15/1 3452/11/17 3446/11/8
f 3452/11/17 3445/10/7 3446/11/8
f 3454/13/9 3443/12/5 3453/12/15
f 3459/1/1 3458/2/2 3457/1/3
f 3458/2/2 3459/1/1 3460/3/4
f 3460/3/4 3459/1/1 3461/4/5
f 3461/4/5 3459/1/1 3462/5/6
f 3462/5/6 3459/1/1 3463/3/7
f 3463/3/7 3459/1/1 3464/2/8
f 3472/3/9 3473/1/10 3474/2/11
f 3466/6/12 3463/7/7 3468/7/13
f 3463/7/7 3466/6/12 3465/6/14
f 3471/8/15 3462/6/6 3467/6/22
f 3458/9/2 3472/6/9 3474/9/11
f 3463/10/7 3470/11/17 3468/10/13
f 3461/12/5 3472/13/9 3460/13/4
f 3465/5/14 3462/5/6 3463/3/7
f 3467/5/22 3465/5/14 3466/5/12
f 3465/5/14 3467/5/22 3462/5/6
f 3466/5/12 3468/3/13 3467/5/22
f 3469/1/18 3467/5/22 3468/3/13
f 3469/1/18 3468/3/13 3470/2/17
f 3469/1/18 3471/4/15 3467/5/22
f 3469/1/18 3472/3/9 3471/4/15
f 3473/1/10 3472/3/9 3469/1/18
f 3469/14/18 3457/14/3 3473/14/10
f 3457/14/3 3469/14/18 3459/14/1
f 3462/6/6 3471/8/15 3461/8/5
f 3457/14/3 3474/9/11 3473/14/10
f 3474/9/11 3457/14/3 3458/9/2
f 3472/6/9 3458/9/2 3460/6/4
f 3470/11/17 3459/15/1 3469/15/18
f 3459/15/1 3470/11/17 3464/11/8
f 3470/11/17 3463/10/7 3464/11/8
f 3472/13/9 3461/12/5 3471/12/15
f 3477/1/1 3476/2/2 3475/1/3
f 3476/2/2 3477/1/1 3478/3/19
f 3478/3/19 3477/1/1 3479/4/5
f 3479/4/5 3477/1/1 3480/5/6
f 3480/5/6 3477/1/1 3481/3/7
f 3481/3/7 3477/1/1 3482/2/8
f 3490/3/9 3491/1/10 3492/2/11
f 3484/6/12 3481/7/7 3486/7/13
f 3481/7/7 3484/6/12 3483/6/14
f 3489/8/15 3480/6/6 3485/6/22
f 3476/9/2 3490/6/9 3492/9/11
f 3481/10/7 3488/11/17 3486/10/13
f 3479/12/5 3490/13/9 3478/13/19
f 3483/5/14 3480/5/6 3481/3/7
f 3485/5/22 3483/5/14 3484/5/12
f 3483/5/14 3485/5/22 3480/5/6
f 3484/5/12 3486/3/13 3485/5/22
f 3487/1/18 3485/5/22 3486/3/13
f 3487/1/18 3486/3/13 3488/2/17
f 3487/1/18 3489/4/15 3485/5/22
f 3487/1/18 3490/3/9 3489/4/15
f 3491/1/10 3490/3/9 3487/1/18
f 3487/14/18 3475/14/3 3491/14/10
f 3475/14/3 3487/14/18 3477/14/1
f 3480/6/6 3489/8/15 3479/8/5
f 3475/14/3 3492/9/11 3491/14/10
f 3492/9/11 3475/14/3 3476/9/2
f 3490/6/9 3476/9/2 3478/6/19
f 3488/11/17 3477/15/1 3487/15/18
f 3477/15/1 3488/11/17 3482/11/8
f 3488/11/17 3481/10/7 3482/11/8
f 3490/13/9 3479/12/5 3489/12/15
f 3495/1/1 3494/2/2 3493/1/3
f 3494/2/2 3495/1/1 3496/3/4
f 3496/3/4 3495/1/1 3497/4/5
f 3497/4/5 3495/1/1 3498/5/6
f 3498/5/6 3495/1/1 3499/3/7
f 3499/3/7 3495/1/1 3500/2/8
f 3508/3/9 3509/1/10 3510/2/11
f 3502/6/12 3499/7/7 3504/7/13
f 3499/7/7 3502/6/12 3501/6/14
f 3507/8/15 3498/6/6 3503/6/22
f 3494/9/2 3508/6/9 3510/9/11
f 3499/10/7 3506/11/17 3504/10/13
f 3497/12/5 3508/13/9 3496/13/4
f 3501/5/14 3498/5/6 3499/3/7
f 3503/5/22 3501/5/14 3502/5/12
f 3501/5/14 3503/5/22 3498/5/6
f 3502/5/12 3504/3/13 3503/5/22
f 3505/1/18 3503/5/22 3504/3/13
f 3505/1/18 3504/3/13 3506/2/17
f 3505/1/18 3507/4/15 3503/5/22
f 3505/1/18 3508/3/9 3507/4/15
f 3509/1/10 3508/3/9 3505/1/18
f 3505/14/18 3493/14/3 3509/14/10
f 3493/14/3 3505/14/18 3495/14/1
f 3498/6/6 3507/8/15 3497/8/5
f 3493/14/3 3510/9/11 3509/14/10
f 3510/9/11 3493/14/3 3494/9/2
f 3508/6/9 3494/9/2 3496/6/4
f 3506/11/17 3495/15/1 3505/15/18
f 3495/15/1 3506/11/17 3500/11/8
f 3506/11/17 3499/10/7 3500/11/8
f 3508/13/9 3497/12/5 3507/12/15
f 3513/1/1 3512/2/2 3511/1/3
f 3512/2/2 3513/1/1 3514/3/4
f 3514/3/4 3513/1/1 3515/4/5
f 3515/4/5 3513/1/1 3516/5/6
f 3516/5/6 3513/1/1 3517/3/7
f 3517/3/7 3513/1/1 3518/2/8
f 3526/3/9 3527/1/10 3528/2/11
f 3520/6/12 3517/7/7 3522/7/13
f 3517/7/7 3520/6/12 3519/6/14
f 3525/8/15 3516/6/6 3521/6/22
f 3512/9/2 3526/6/9 3528/9/11
f 3517/10/7 3524/11/17 3522/10/13
f 3515/12/5 3526/13/9 3514/13/4
f 3519/5/14 3516/5/6 3517/3/7
f 3521/5/22 3519/5/14 3520/5/12
f 3519/5/14 3521/5/22 3516/5/6
f 3520/5/12 3522/3/13 3521/5/22
f 3523/1/18 3521/5/22 3522/3/13
f 3523/1/18 3522/3/13 3524/2/17
f 3523/1/18 3525/4/15 3521/5/22
f 3523/1/18 3526/3/9 3525/4/15
f 3527/1/10 3526/3/9 3523/1/18
f 3523/14/18 3511/14/3 3527/14/10
f 3511/14/3 3523/14/18 3513/14/1
f 3516/6/6 3525/8/15 3515/8/5
f 3511/14/3 3528/9/11 3527/14/10
f 3528/9/11 3511/14/3 3512/9/2
f 3526/6/9 3512/9/2 3514/6/4
f 3524/11/17 3513/15/1 3523/15/18
f 3513/15/1 3524/11/17 3518/11/8
f 3524/11/17 3517/10/7 3518/11/8
f 3526/13/9 3515/12/5 3525/12/15
f 3531/1/1 3530/2/2 3529/1/3
f 3530/2/2 3531/1/1 3532/3/4
f 3532/3/4 3531/1/1 3533/4/5
f 3533/4/5 3531/1/1 3534/5/6
f 3534/5/6 3531/1/1 3535/3/7
f 3535/3/7 3531/1/1 3536/2/8
f 3544/3/9 3545/1/10 3546/2/11
f 3538/6/12 3535/7/7 3540/7/13
f 3535/7/7 3538/6/12 3537/6/14
f 3543/8/15 3534/6/6 3539/6/22
f 3530/9/2 3544/6/9 3546/9/11
f 3535/10/7 3542/11/17 3540/10/13
f 3533/12/5 3544/13/9 3532/13/4
f 3537/5/14 3534/5/6 3535/3/7
f 3539/5/22 3537/5/14 3538/5/12
f 3537/5/14 3539/5/22 3534/5/6
f 3538/5/12 3540/3/13 3539/5/22
f 3541/1/18 3539/5/22 3540/3/13
f 3541/1/18 3540/3/13 3542/2/17
f 3541/1/18 3543/4/15 3539/5/22
f 3541/1/18 3544/3/9 3543/4/15
f 3545/1/10 3544/3/9 3541/1/18
f 3541/14/18 3529/14/3 3545/14/10
f 3529/14/3 3541/14/18 3531/14/1
f 3534/6/6 3543/8/15 3533/8/5
f 3529/14/3 3546/9/11 3545/14/10
f 3546/9/11 3529/14/3 3530/9/2
f 3544/6/9 3530/9/2 3532/6/4
f 3542/11/17 3531/15/1 3541/15/18
f 3531/15/1 3542/11/17 3536/11/8
f 3542/11/17 3535/10/7 3536/11/8
f 3544/13/9 3533/12/5 3543/12/15
f 3549/1/1 3548/2/2 3547/1/3
f 3548/2/2 3549/1/1 3550/3/4
f 3550/3/4 3549/1/1 3551/4/5
f 3551/4/5 3549/1/1 3552/5/6
f 3552/5/6 3549/1/1 3553/3/7
f 3553/3/7 3549/1/1 3554/2/8
f 3562/3/9 3563/1/10 3564/2/11
f 3556/6/12 3553/7/7 3558/7/13
f 3553/7/7 3556/6/12 3555/6/14
f 3561/8/15 3552/6/6 3557/6/22
f 3548/9/2 3562/6/9 3564/9/11
f 3553/10/7 3560/11/17 3558/10/13
f 3551/12/5 3562/13/9 3550/13/4
f 3555/5/14 3552/5/6 3553/3/7
f 3557/5/22 3555/5/14 3556/5/12
f 3555/5/14 3557/5/22 3552/5/6
f 3556/5/12 3558/3/13 3557/5/22
f 3559/1/18 3557/5/22 3558/3/13
f 3559/1/18 3558/3/13 3560/2/17
f 3559/1/18 3561/4/15 3557/5/22
f 3559/1/18 3562/3/9 3561/4/15
f 3563/1/10 3562/3/9 3559/1/18
f 3559/14/18 3547/14/3 3563/14/10
f 3547/14/3 3559/14/18 3549/14/1
f 3552/6/6 3561/8/15 3551/8/5
f 3547/14/3 3564/9/11 3563/14/10
f 3564/9/11 3547/14/3 3548/9/2
f 3562/6/9 3548/9/2 3550/6/4
f 3560/11/17 3549/15/1 3559/15/18
f 3549/15/1 3560/11/17 3554/11/8
f 3560/11/17 3553/10/7 3554/11/8
f 3562/13/9 3551/12/5 3561/12/15
f 3567/1/1 3566/2/2 3565/1/3
f 3566/2/2 3567/1/1 3568/3/4
f 3568/3/4 3567/1/1 3569/4/5
f 3569/4/5 3567/1/1 3570/5/6
f 3570/5/6 3567/1/1 3571/3/7
f 3571/3/7 3567/1/1 3572/2/8
f 3580/3/9 3581/1/10 3582/2/11
f 3574/6/12 3571/7/7 3576/7/13
f 3571/7/7 3574/6/12 3573/6/14
f 3579/8/15 3570/6/6 3575/6/22
f 3566/9/2 3580/6/9 3582/9/11
f 3571/10/7 3578/11/17 3576/10/13
f 3569/12/5 3580/13/9 3568/13/4
f 3573/5/14 3570/5/6 3571/3/7
f 3575/5/22 3573/5/14 3574/5/12
f 3573/5/14 3575/5/22 3570/5/6
f 3574/5/12 3576/3/13 3575/5/22
f 3577/1/18 3575/5/22 3576/3/13
f 3577/1/18 3576/3/13 3578/2/17
f 3577/1/18 3579/4/15 3575/5/22
f 3577/1/18 3580/3/9 3579/4/15
f 3581/1/10 3580/3/9 3577/1/18
f 3577/14/18 3565/14/3 3581/14/10
f 3565/14/3 3577/14/18 3567/14/1
f 3570/6/6 3579/8/15 3569/8/5
f 3565/14/3 3582/9/11 3581/14/10
f 3582/9/11 3565/14/3 3566/9/2
f 3580/6/9 3566/9/2 3568/6/4
f 3578/11/17 3567/15/1 3577/15/18
f 3567/15/1 3578/11/17 3572/11/8
f 3578/11/17 3571/10/7 3572/11/8
f 3580/13/9 3569/12/5 3579/12/15
f 3585/1/1 3584/2/2 3583/1/3
f 3584/2/2 3585/1/1 3586/3/4
f 3586/3/4 3585/1/1 3587/4/5
f 3587/4/5 3585/1/1 3588/5/6
f 3588/5/6 3585/1/1 3589/3/7
f 3589/3/7 3585/1/1 3590/2/8
f 3598/3/9 3599/1/10 3600/2/11
f 3592/6/12 3589/7/7 3594/7/13
f 3589/7/7 3592/6/12 3591/6/14
f 3597/8/15 3588/6/6 3593/6/22
f 3584/9/2 3598/6/9 3600/9/11
f 3589/10/7 3596/11/17 3594/10/13
f 3587/12/5 3598/13/9 3586/13/4
f 3591/5/14 3588/5/6 3589/3/7
f 3593/5/22 3591/5/14 3592/5/12
f 3591/5/14 3593/5/22 3588/5/6
f 3592/5/12 3594/3/13 3593/5/22
f 3595/1/18 3593/5/22 3594/3/13
f 3595/1/18 3594/3/13 3596/2/17
f 3595/1/18 3597/4/15 3593/5/22
f 3595/1/18 3598/3/9 3597/4/15
f 3599/1/10 3598/3/9 3595/1/18
f 3595/14/18 3583/14/3 3599/14/10
f 3583/14/3 3595/14/18 3585/14/1
f 3588/6/6 3597/8/15 3587/8/5
f 3583/14/3 3600/9/11 3599/14/10
f 3600/9/11 3583/14/3 3584/9/2
f 3598/6/9 3584/9/2 3586/6/4
f 3596/11/17 3585/15/1 3595/15/18
f 3585/15/1 3596/11/17 3590/11/8
f 3596/11/17 3589/10/7 3590/11/8
f 3598/13/9 3587/12/5 3597/12/15
f 3603/1/1 3602/2/2 3601/1/3
f 3602/2/2 3603/1/1 3604/3/4
f 3604/3/4 3603/1/1 3605/4/5
f 3605/4/5 3603/1/1 3606/5/6
f 3606/5/6 3603/1/1 3607/3/7
f 3607/3/7 3603/1/1 3608/2/8
f 3616/3/9 3617/1/10 3618/2/11
f 3610/6/12 3607/7/7 3612/7/13
f 3607/7/7 3610/6/12 3609/6/14
f 3615/8/15 3606/6/6 3611/6/22
f 3602/9/2 3616/6/9 3618/9/11
f 3607/10/7 3614/11/17 3612/10/13
f 3605/12/5 3616/13/9 3604/13/4
f 3609/5/14 3606/5/6 3607/3/7
f 3611/5/22 3609/5/14 3610/5/12
f 3609/5/14 3611/5/22 3606/5/6
f 3610/5/12 3612/3/13 3611/5/22
f 3613/1/18 3611/5/22 3612/3/13
f 3613/1/18 3612/3/13 3614/2/17
f 3613/1/18 3615/4/15 3611/5/22
f 3613/1/18 3616/3/9 3615/4/15
f 3617/1/10 3616/3/9 3613/1/18
f 3613/14/18 3601/14/3 3617/14/10
f 3601/14/3 3613/14/18 3603/14/1
f 3606/6/6 3615/8/15 3605/8/5
f 3601/14/3 3618/9/11 3617/14/10
f 3618/9/11 3601/14/3 3602/9/2
f 3616/6/9 3602/9/2 3604/6/4
f 3614/11/17 3603/15/1 3613/15/18
f 3603/15/1 3614/11/17 3608/11/8
f 3614/11/17 3607/10/7 3608/11/8
f 3616/13/9 3605/12/5 3615/12/15
f 3621/1/1 3620/2/2 3619/1/3
f 3620/2/2 3621/1/1 3622/3/4
f 3622/3/4 3621/1/1 3623/4/5
f 3623/4/5 3621/1/1 3624/5/6
f 3624/5/6 3621/1/1 3625/3/7
f 3625/3/7 3621/1/1 3626/2/8
f 3634/3/9 3635/1/10 3636/2/11
f 3628/6/12 3625/7/7 3630/7/13
f 3625/7/7 3628/6/12 3627/6/14
f 3633/8/15 3624/6/6 3629/6/22
f 3620/9/2 3634/6/9 3636/9/11
f 3625/10/7 3632/11/17 3630/10/13
f 3623/12/5 3634/13/9 3622/13/4
f 3627/5/14 3624/5/6 3625/3/7
f 3629/5/22 3627/5/14 3628/5/12
f 3627/5/14 3629/5/22 3624/5/6
f 3628/5/12 3630/3/13 3629/5/22
f 3631/1/18 3629/5/22 3630/3/13
f 3631/1/18 3630/3/13 3632/2/17
f 3631/1/18 3633/4/15 3629/5/22
f 3631/1/18 3634/3/9 3633/4/15
f 3635/1/10 3634/3/9 3631/1/18
f 3631/14/18 3619/14/3 3635/14/10
f 3619/14/3 3631/14/18 3621/14/1
f 3624/6/6 3633/8/15 3623/8/5
f 3619/14/3 3636/9/11 3635/14/10
f 3636/9/11 3619/14/3 3620/9/2
f 3634/6/9 3620/9/2 3622/6/4
f 3632/11/17 3621/15/1 3631/15/18
f 3621/15/1 3632/11/17 3626/11/8
f 3632/11/17 3625/10/7 3626/11/8
f 3634/13/9 3623/12/5 3633/12/15
f 3639/1/1 3638/2/2 3637/1/3
f 3638/2/2 3639/1/1 3640/3/4
f 3640/3/4 3639/1/1 3641/4/5
f 3641/4/5 3639/1/1 3642/5/6
f 3642/5/6 3639/1/1 3643/3/7
f 3643/3/7 3639/1/1 3644/2/8
f 3652/3/9 3653/1/10 3654/2/11
f 3646/6/12 3643/7/7 3648/7/13
f 3643/7/7 3646/6/12 3645/6/14
f 3651/8/15 3642/6/6 3647/6/22
f 3638/9/2 3652/6/9 3654/9/11
f 3643/10/7 3650/11/17 3648/10/13
f 3641/12/5 3652/13/9 3640/13/4
f 3645/5/14 3642/5/6 3643/3/7
f 3647/5/22 3645/5/14 3646/5/12
f 3645/5/14 3647/5/22 3642/5/6
f 3646/5/12 3648/3/13 3647/5/22
f 3649/1/18 3647/5/22 3648/3/13
f 3649/1/18 3648/3/13 3650/2/17
f 3649/1/18 3651/4/15 3647/5/22
f 3649/1/18 3652/3/9 3651/4/15
f 3653/1/10 3652/3/9 3649/1/18
f 3649/14/18 3637/14/3 3653/14/10
f 3637/14/3 3649/14/18 3639/14/1
f 3642/6/6 3651/8/15 3641/8/5
f 3637/14/3 3654/9/11 3653/14/10
f 3654/9/11 3637/14/3 3638/9/2
f 3652/6/9 3638/9/2 3640/6/4
f 3650/11/17 3639/15/1 3649/15/18
f 3639/15/1 3650/11/17 3644/11/8
f 3650/11/17 3643/10/7 3644/11/8
f 3652/13/9 3641/12/5 3651/12/15
f 3657/1/1 3656/2/2 3655/1/3
f 3656/2/2 3657/1/1 3658/3/4
f 3658/3/4 3657/1/1 3659/4/5
f 3659/4/5 3657/1/1 3660/5/6
f 3660/5/6 3657/1/1 3661/3/7
f 3661/3/7 3657/1/1 3662/2/8
f 3670/3/9 3671/1/10 3672/2/11
f 3664/6/12 3661/7/7 3666/7/13
f 3661/7/7 3664/6/12 3663/6/14
f 3669/8/15 3660/6/6 3665/6/22
f 3656/9/2 3670/6/9 3672/9/11
f 3661/10/7 3668/11/17 3666/10/13
f 3659/12/5 3670/13/9 3658/13/4
f 3663/5/14 3660/5/6 3661/3/7
f 3665/5/22 3663/5/14 3664/5/12
f 3663/5/14 3665/5/22 3660/5/6
f 3664/5/12 3666/3/13 3665/5/22
f 3667/1/18 3665/5/22 3666/3/13
f 3667/1/18 3666/3/13 3668/2/17
f 3667/1/18 3669/4/15 3665/5/22
f 3667/1/18 3670/3/9 3669/4/15
f 3671/1/10 3670/3/9 3667/1/18
f 3667/14/18 3655/14/3 3671/14/10
f 3655/14/3 3667/14/18 3657/14/1
f 3660/6/6 3669/8/15 3659/8/5
f 3655/14/3 3672/9/11 3671/14/10
f 3672/9/11 3655/14/3 3656/9/2
f 3670/6/9 3656/9/2 3658/6/4
f 3668/11/17 3657/15/1 3667/15/18
f 3657/15/1 3668/11/17 3662/11/8
f 3668/11/17 3661/10/7 3662/11/8
f 3670/13/9 3659/12/5 3669/12/15
f 3675/1/1 3674/2/2 3673/1/3
f 3674/2/2 3675/1/1 3676/3/4
f 3676/3/4 3675/1/1 3677/4/5
f 3677/4/5 3675/1/1 3678/5/6
f 3678/5/6 3675/1/1 3679/3/7
f 3679/3/7 3675/1/1 3680/2/8
f 3688/3/9 3689/1/10 3690/2/11
f 3682/6/12 3679/7/7 3684/7/13
f 3679/7/7 3682/6/12 3681/6/14
f 3687/8/15 3678/6/6 3683/6/22
f 3674/9/2 3688/6/9 3690/9/11
f 3679/10/7 3686/11/17 3684/10/13
f 3677/12/5 3688/13/9 3676/13/4
f 3681/5/14 3678/5/6 3679/3/7
f 3683/5/22 3681/5/14 3682/5/12
f 3681/5/14 3683/5/22 3678/5/6
f 3682/5/12 3684/3/13 3683/5/22
f 3685/1/18 3683/5/22 3684/3/13
f 3685/1/18 3684/3/13 3686/2/17
f 3685/1/18 3687/4/15 3683/5/22
f 3685/1/18 3688/3/9 3687/4/15
f 3689/1/10 3688/3/9 3685/1/18
f 3685/14/18 3673/14/3 3689/14/10
f 3673/14/3 3685/14/18 3675/14/1
f 3678/6/6 3687/8/15 3677/8/5
f 3673/14/3 3690/9/11 3689/14/10
f 3690/9/11 3673/14/3 3674/9/2
f 3688/6/9 3674/9/2 3676/6/4
f 3686/11/17 3675/15/1 3685/15/18
f 3675/15/1 3686/11/17 3680/11/8
f 3686/11/17 3679/10/7 3680/11/8
f 3688/13/9 3677/12/5 3687/12/15
f 3693/1/1 3692/2/2 3691/1/3
f 3692/2/2 3693/1/1 3694/3/4
f 3694/3/4 3693/1/1 3695/4/5
f 3695/4/5 3693/1/1 3696/5/6
f 3696/5/6 3693/1/1 3697/3/7
f 3697/3/7 3693/1/1 3698/2/8
f 3706/3/9 3707/1/10 3708/2/11
f 3700/6/12 3697/7/7 3702/7/13
f 3697/7/7 3700/6/12 3699/6/14
f 3705/8/15 3696/6/6 3701/6/22
f 3692/9/2 3706/6/9 3708/9/11
f 3697/10/7 3704/11/17 3702/10/13
f 3695/12/5 3706/13/9 3694/13/4
f 3699/5/14 3696/5/6 3697/3/7
f 3701/5/22 3699/5/14 3700/5/12
f 3699/5/14 3701/5/22 3696/5/6
f 3700/5/12 3702/3/13 3701/5/22
f 3703/1/18 3701/5/22 3702/3/13
f 3703/1/18 3702/3/13 3704/2/17
f 3703/1/18 3705/4/15 3701/5/22
f 3703/1/18 3706/3/9 3705/4/15
f 3707/1/10 3706/3/9 3703/1/18
f 3703/14/18 3691/14/3 3707/14/10
f 3691/14/3 3703/14/18 3693/14/1
f 3696/6/6 3705/8/15 3695/8/5
f 3691/14/3 3708/9/11 3707/14/10
f 3708/9/11 3691/14/3 3692/9/2
f 3706/6/9 3692/9/2 3694/6/4
f 3704/11/17 3693/15/1 3703/15/18
f 3693/15/1 3704/11/17 3698/11/8
f 3704/11/17 3697/10/7 3698/11/8
f 3706/13/9 3695/12/5 3705/12/15
f 3711/1/1 3710/2/2 3709/1/3
f 3710/2/2 3711/1/1 3712/3/4
f 3712/3/4 3711/1/1 3713/4/5
f 3713/4/5 3711/1/1 3714/5/6
f 3714/5/6 3711/1/1 3715/3/7
f 3715/3/7 3711/1/1 3716/2/8
f 3724/3/9 3725/1/10 3726/2/11
f 3718/6/12 3715/7/7 3720/7/13
f 3715/7/7 3718/6/12 3717/6/14
f 3723/8/15 3714/6/6 3719/6/22
f 3710/9/2 3724/6/9 3726/9/11
f 3715/10/7 3722/11/17 3720/10/13
f 3713/12/5 3724/13/9 3712/13/4
f 3717/5/14 3714/5/6 3715/3/7
f 3719/5/22 3717/5/14 3718/5/12
f 3717/5/14 3719/5/22 3714/5/6
f 3718/5/12 3720/3/13 3719/5/22
f 3721/1/18 3719/5/22 3720/3/13
f 3721/1/18 3720/3/13 3722/2/17
f 3721/1/18 3723/4/15 3719/5/22
f 3721/1/18 3724/3/9 3723/4/15
f 3725/1/10 3724/3/9 3721/1/18
f 3721/14/18 3709/14/3 3725/14/10
f 3709/14/3 3721/14/18 3711/14/1
f 3714/6/6 3723/8/15 3713/8/5
f 3709/14/3 3726/9/11 3725/14/10
f 3726/9/11 3709/14/3 3710/9/2
f 3724/6/9 3710/9/2 3712/6/4
f 3722/11/17 3711/15/1 3721/15/18
f 3711/15/1 3722/11/17 3716/11/8
f 3722/11/17 3715/10/7 3716/11/8
f 3724/13/9 3713/12/5 3723/12/15
f 3729/1/1 3728/2/2 3727/1/3
f 3728/2/2 3729/1/1 3730/3/19
f 3730/3/19 3729/1/1 3731/4/5
f 3731/4/5 3729/1/1 3732/5/6
f 3732/5/6 3729/1/1 3733/3/7
f 3733/3/7 3729/1/1 3734/2/8
f 3742/3/9 3743/1/10 3744/2/11
f 3736/6/12 3733/7/7 3738/7/13
f 3733/7/7 3736/6/12 3735/6/14
f 3741/8/15 3732/6/6 3737/6/22
f 3728/9/2 3742/6/9 3744/9/11
f 3733/10/7 3740/11/17 3738/10/13
f 3731/12/5 3742/13/9 3730/13/19
f 3735/5/14 3732/5/6 3733/3/7
f 3737/5/22 3735/5/14 3736/5/12
f 3735/5/14 3737/5/22 3732/5/6
f 3736/5/12 3738/3/13 3737/5/22
f 3739/1/18 3737/5/22 3738/3/13
f 3739/1/18 3738/3/13 3740/2/17
f 3739/1/18 3741/4/15 3737/5/22
f 3739/1/18 3742/3/9 3741/4/15
f 3743/1/10 3742/3/9 3739/1/18
f 3739/14/18 3727/14/3 3743/14/10
f 3727/14/3 3739/14/18 3729/14/1
f 3732/6/6 3741/8/15 3731/8/5
f 3727/14/3 3744/9/11 3743/14/10
f 3744/9/11 3727/14/3 3728/9/2
f 3742/6/9 3728/9/2 3730/6/19
f 3740/11/17 3729/15/1 3739/15/18
f 3729/15/1 3740/11/17 3734/11/8
f 3740/11/17 3733/10/7 3734/11/8
f 3742/13/9 3731/12/5 3741/12/15
f 3747/1/1 3746/2/2 3745/1/3
f 3746/2/2 3747/1/1 3748/3/4
f 3748/3/4 3747/1/1 3749/4/5
f 3749/4/5 3747/1/1 3750/5/6
f 3750/5/6 3747/1/1 3751/3/7
f 3751/3/7 3747/1/1 3752/2/8
f 3760/3/9 3761/1/10 3762/2/11
f 3754/6/12 3751/7/7 3756/7/13
f 3751/7/7 3754/6/12 3753/6/14
f 3759/8/15 3750/6/6 3755/6/22
f 3746/9/2 3760/6/9 3762/9/11
f 3751/10/7 3758/11/17 3756/10/13
f 3749/12/5 3760/13/9 3748/13/4
f 3753/5/14 3750/5/6 3751/3/7
f 3755/5/22 3753/5/14 3754/5/12
f 3753/5/14 3755/5/22 3750/5/6
f 3754/5/12 3756/3/13 3755/5/22
f 3757/1/18 3755/5/22 3756/3/13
f 3757/1/18 3756/3/13 3758/2/17
f 3757/1/18 3759/4/15 3755/5/22
f 3757/1/18 3760/3/9 3759/4/15
f 3761/1/10 3760/3/9 3757/1/18
f 3757/14/18 3745/14/3 3761/14/10
f 3745/14/3 3757/14/18 3747/14/1
f 3750/6/6 3759/8/15 3749/8/5
f 3745/14/3 3762/9/11 3761/14/10
f 3762/9/11 3745/14/3 3746/9/2
f 3760/6/9 3746/9/2 3748/6/4
f 3758/11/17 3747/15/1 3757/15/18
f 3747/15/1 3758/11/17 3752/11/8
f 3758/11/17 3751/10/7 3752/11/8
f 3760/13/9 3749/12/5 3759/12/15
f 3765/1/1 3764/2/2 3763/1/3
f 3764/2/2 3765/1/1 3766/3/4
f 3766/3/4 3765/1/1 3767/4/5
f 3767/4/5 3765/1/1 3768/5/6
f 3768/5/6 3765/1/1 3769/3/7
f 3769/3/7 3765/1/1 3770/2/8
f 3778/3/9 3779/1/10 3780/2/11
f 3772/6/12 3769/7/7 3774/7/13
f 3769/7/7 3772/6/12 3771/6/14
f 3777/8/15 3768/6/6 3773/6/22
f 3764/9/2 3778/6/9 3780/9/11
f 3769/10/7 3776/11/17 3774/10/13
f 3767/12/5 3778/13/9 3766/13/4
f 3771/5/14 3768/5/6 3769/3/7
f 3773/5/22 3771/5/14 3772/5/12
f 3771/5/14 3773/5/22 3768/5/6
f 3772/5/12 3774/3/13 3773/5/22
f 3775/1/18 3773/5/22 3774/3/13
f 3775/1/18 3774/3/13 3776/2/17
f 3775/1/18 3777/4/15 3773/5/22
f 3775/1/18 3778/3/9 3777/4/15
f 3779/1/10 3778/3/9 3775/1/18
f 3775/14/18 3763/14/3 3779/14/10
f 3763/14/3 3775/14/18 3765/14/1
f 3768/6/6 3777/8/15 3767/8/5
f 3763/14/3 3780/9/11 3779/14/10
f 3780/9/11 3763/14/3 3764/9/2
f 3778/6/9 3764/9/2 3766/6/4
f 3776/11/17 3765/15/1 3775/15/18
f 3765/15/1 3776/11/17 3770/11/8
f 3776/11/17 3769/10/7 3770/11/8
f 3778/13/9 3767/12/5 3777/12/15
f 3783/1/1 3782/2/2 3781/1/3
f 3782/2/2 3783/1/1 3784/3/4
f 3784/3/4 3783/1/1 3785/4/5
f 3785/4/5 3783/1/1 3786/5/6
f 3786/5/6 3783/1/1 3787/3/7
f 3787/3/7 3783/1/1 3788/2/8
f 3796/3/9 3797/1/10 3798/2/11
f 3790/6/12 3787/7/7 3792/7/13
f 3787/7/7 3790/6/12 3789/6/14
f 3795/8/15 3786/6/6 3791/6/22
f 3782/9/2 3796/6/9 3798/9/11
f 3787/10/7 3794/11/17 3792/10/13
f 3785/12/5 3796/13/9 3784/13/4
f 3789/5/14 3786/5/6 3787/3/7
f 3791/5/22 3789/5/14 3790/5/12
f 3789/5/14 3791/5/22 3786/5/6
f 3790/5/12 3792/3/13 3791/5/22
f 3793/1/18 3791/5/22 3792/3/13
f 3793/1/18 3792/3/13 3794/2/17
f 3793/1/18 3795/4/15 3791/5/22
f 3793/1/18 3796/3/9 3795/4/15
f 3797/1/10 3796/3/9 3793/1/18
f 3793/14/18 3781/14/3 3797/14/10
f 3781/14/3 3793/14/18 3783/14/1
f 3786/6/6 3795/8/15 3785/8/5
f 3781/14/3 3798/9/11 3797/14/10
f 3798/9/11 3781/14/3 3782/9/2
f 3796/6/9 3782/9/2 3784/6/4
f 3794/11/17 3783/15/1 3793/15/18
f 3783/15/1 3794/11/17 3788/11/8
f 3794/11/17 3787/10/7 3788/11/8
f 3796/13/9 3785/12/5 3795/12/15
f 3801/1/1 3800/2/2 3799/1/3
f 3800/2/2 3801/1/1 3802/3/19
f 3802/3/19 3801/1/1 3803/4/5
f 3803/4/5 3801/1/1 3804/5/6
f 3804/5/6 3801/1/1 3805/3/7
f 3805/3/7 3801/1/1 3806/2/8
f 3814/3/9 3815/1/10 3816/2/11
f 3808/6/12 3805/7/7 3810/7/13
f 3805/7/7 3808/6/12 3807/6/14
f 3813/8/15 3804/6/6 3809/6/22
f 3800/9/2 3814/6/9 3816/9/11
f 3805/10/7 3812/11/17 3810/10/13
f 3803/12/5 3814/13/9 3802/13/19
f 3807/5/14 3804/5/6 3805/3/7
f 3809/5/22 3807/5/14 3808/5/12
f 3807/5/14 3809/5/22 3804/5/6
f 3808/5/12 3810/3/13 3809/5/22
f 3811/1/18 3809/5/22 3810/3/13
f 3811/1/18 3810/3/13 3812/2/17
f 3811/1/18 3813/4/15 3809/5/22
f 3811/1/18 3814/3/9 3813/4/15
f 3815/1/10 3814/3/9 3811/1/18
f 3811/14/18 3799/14/3 3815/14/10
f 3799/14/3 3811/14/18 3801/14/1
f 3804/6/6 3813/8/15 3803/8/5
f 3799/14/3 3816/9/11 3815/14/10
f 3816/9/11 3799/14/3 3800/9/2
f 3814/6/9 3800/9/2 3802/6/19
f 3812/11/17 3801/15/1 3811/15/18
f 3801/15/1 3812/11/17 3806/11/8
f 3812/11/17 3805/10/7 3806/11/8
f 3814/13/9 3803/12/5 3813/12/15
f 3819/1/1 3818/2/2 3817/1/3
f 3818/2/2 3819/1/1 3820/3/4
f 3820/3/4 3819/1/1 3821/4/5
f 3821/4/5 3819/1/1 3822/5/6
f 3822/5/6 3819/1/1 3823/3/7
f 3823/3/7 3819/1/1 3824/2/8
f 3832/3/9 3833/1/10 3834/2/11
f 3826/6/12 3823/7/7 3828/7/20
f 3823/7/7 3826/6/12 3825/6/14
f 3831/8/15 3822/6/6 3827/6/16
f 3818/9/2 3832/6/9 3834/9/11
f 3823/10/7 3830/11/17 3828/10/20
f 3821/12/5 3832/13/9 3820/13/4
f 3825/5/14 3822/5/6 3823/3/7
f 3827/5/16 3825/5/14 3826/5/12
f 3825/5/14 3827/5/16 3822/5/6
f 3826/5/12 3828/3/20 3827/5/16
f 3829/1/18 3827/5/16 3828/3/20
f 3829/1/18 3828/3/20 3830/2/17
f 3829/1/18 3831/4/15 3827/5/16
f 3829/1/18 3832/3/9 3831/4/15
f 3833/1/10 3832/3/9 3829/1/18
f 3829/14/18 3817/14/3 3833/14/10
f 3817/14/3 3829/14/18 3819/14/1
f 3822/6/6 3831/8/15 3821/8/5
f 3817/14/3 3834/9/11 3833/14/10
f 3834/9/11 3817/14/3 3818/9/2
f 3832/6/9 3818/9/2 3820/6/4
f 3830/11/17 3819/15/1 3829/15/18
f 3819/15/1 3830/11/17 3824/11/8
f 3830/11/17 3823/10/7 3824/11/8
f 3832/13/9 3821/12/5 3831/12/15
f 3837/1/1 3836/2/2 3835/1/3
f 3836/2/2 3837/1/1 3838/3/4
f 3838/3/4 3837/1/1 3839/4/5
f 3839/4/5 3837/1/1 3840/5/6
f 3840/5/6 3837/1/1 3841/3/7
f 3841/3/7 3837/1/1 3842/2/8
f 3850/3/9 3851/1/10 3852/2/11
f 3844/6/12 3841/7/7 3846/7/13
f 3841/7/7 3844/6/12 3843/6/14
f 3849/8/15 3840/6/6 3845/6/22
f 3836/9/2 3850/6/9 3852/9/11
f 3841/10/7 3848/11/17 3846/10/13
f 3839/12/5 3850/13/9 3838/13/4
f 3843/5/14 3840/5/6 3841/3/7
f 3845/5/22 3843/5/14 3844/5/12
f 3843/5/14 3845/5/22 3840/5/6
f 3844/5/12 3846/3/13 3845/5/22
f 3847/1/18 3845/5/22 3846/3/13
f 3847/1/18 3846/3/13 3848/2/17
f 3847/1/18 3849/4/15 3845/5/22
f 3847/1/18 3850/3/9 3849/4/15
f 3851/1/10 3850/3/9 3847/1/18
f 3847/14/18 3835/14/3 3851/14/10
f 3835/14/3 3847/14/18 3837/14/1
f 3840/6/6 3849/8/15 3839/8/5
f 3835/14/3 3852/9/11 3851/14/10
f 3852/9/11 3835/14/3 3836/9/2
f 3850/6/9 3836/9/2 3838/6/4
f 3848/11/17 3837/15/1 3847/15/18
f 3837/15/1 3848/11/17 3842/11/8
f 3848/11/17 3841/10/7 3842/11/8
f 3850/13/9 3839/12/5 3849/12/15
f 3855/1/1 3854/2/2 3853/1/3
f 3854/2/2 3855/1/1 3856/3/4
f 3856/3/4 3855/1/1 3857/4/5
f 3857/4/5 3855/1/1 3858/5/6
f 3858/5/6 3855/1/1 3859/3/7
f 3859/3/7 3855/1/1 3860/2/8
f 3868/3/9 3869/1/10 3870/2/11
f 3862/6/12 3859/7/7 3864/7/13
f 3859/7/7 3862/6/12 3861/6/14
f 3867/8/15 3858/6/6 3863/6/22
f 3854/9/2 3868/6/9 3870/9/11
f 3859/10/7 3866/11/17 3864/10/13
f 3857/12/5 3868/13/9 3856/13/4
f 3861/5/14 3858/5/6 3859/3/7
f 3863/5/22 3861/5/14 3862/5/12
f 3861/5/14 3863/5/22 3858/5/6
f 3862/5/12 3864/3/13 3863/5/22
f 3865/1/18 3863/5/22 3864/3/13
f 3865/1/18 3864/3/13 3866/2/17
f 3865/1/18 3867/4/15 3863/5/22
f 3865/1/18 3868/3/9 3867/4/15
f 3869/1/10 3868/3/9 3865/1/18
f 3865/14/18 3853/14/3 3869/14/10
f 3853/14/3 3865/14/18 3855/14/1
f 3858/6/6 3867/8/15 3857/8/5
f 3853/14/3 3870/9/11 3869/14/10
f 3870/9/11 3853/14/3 3854/9/2
f 3868/6/9 3854/9/2 3856/6/4
f 3866/11/17 3855/15/1 3865/15/18
f 3855/15/1 3866/11/17 3860/11/8
f 3866/11/17 3859/10/7 3860/11/8
f 3868/13/9 3857/12/5 3867/12/15
f 3873/1/1 3872/2/2 3871/1/3
f 3872/2/2 3873/1/1 3874/3/4
f 3874/3/4 3873/1/1 3875/4/5
f 3875/4/5 3873/1/1 3876/5/6
f 3876/5/6 3873/1/1 3877/3/7
f 3877/3/7 3873/1/1 3878/2/8
f 3886/3/9 3887/1/10 3888/2/11
f 3880/6/12 3877/7/7 3882/7/13
f 3877/7/7 3880/6/12 3879/6/14
f 3885/8/15 3876/6/6 3881/6/22
f 3872/9/2 3886/6/9 3888/9/11
f 3877/10/7 3884/11/17 3882/10/13
f 3875/12/5 3886/13/9 3874/13/4
f 3879/5/14 3876/5/6 3877/3/7
f 3881/5/22 3879/5/14 3880/5/12
f 3879/5/14 3881/5/22 3876/5/6
f 3880/5/12 3882/3/13 3881/5/22
f 3883/1/18 3881/5/22 3882/3/13
f 3883/1/18 3882/3/13 3884/2/17
f 3883/1/18 3885/4/15 3881/5/22
f 3883/1/18 3886/3/9 3885/4/15
f 3887/1/10 3886/3/9 3883/1/18
f 3883/14/18 3871/14/3 3887/14/10
f 3871/14/3 3883/14/18 3873/14/1
f 3876/6/6 3885/8/15 3875/8/5
f 3871/14/3 3888/9/11 3887/14/10
f 3888/9/11 3871/14/3 3872/9/2
f 3886/6/9 3872/9/2 3874/6/4
f 3884/11/17 3873/15/1 3883/15/18
f 3873/15/1 3884/11/17 3878/11/8
f 3884/11/17 3877/10/7 3878/11/8
f 3886/13/9 3875/12/5 3885/12/15
f 3891/1/1 3890/2/2 3889/1/3
f 3890/2/2 3891/1/1 3892/3/19
f 3892/3/19 3891/1/1 3893/4/5
f 3893/4/5 3891/1/1 3894/5/6
f 3894/5/6 3891/1/1 3895/3/7
f 3895/3/7 3891/1/1 3896/2/8
f 3904/3/9 3905/1/10 3906/2/11
f 3898/6/12 3895/7/7 3900/7/13
f 3895/7/7 3898/6/12 3897/6/14
f 3903/8/15 3894/6/6 3899/6/22
f 3890/9/2 3904/6/9 3906/9/11
f 3895/10/7 3902/11/17 3900/10/13
f 3893/12/5 3904/13/9 3892/13/19
f 3897/5/14 3894/5/6 3895/3/7
f 3899/5/22 3897/5/14 3898/5/12
f 3897/5/14 3899/5/22 3894/5/6
f 3898/5/12 3900/3/13 3899/5/22
f 3901/1/18 3899/5/22 3900/3/13
f 3901/1/18 3900/3/13 3902/2/17
f 3901/1/18 3903/4/15 3899/5/22
f 3901/1/18 3904/3/9 3903/4/15
f 3905/1/10 3904/3/9 3901/1/18
f 3901/14/18 3889/14/3 3905/14/10
f 3889/14/3 3901/14/18 3891/14/1
f 3894/6/6 3903/8/15 3893/8/5
f 3889/14/3 3906/9/11 3905/14/10
f 3906/9/11 3889/14/3 3890/9/2
f 3904/6/9 3890/9/2 3892/6/19
f 3902/11/17 3891/15/1 3901/15/18
f 3891/15/1 3902/11/17 3896/11/8
f 3902/11/17 3895/10/7 3896/11/8
f 3904/13/9 3893/12/5 3903/12/15
f 3909/1/1 3908/2/2 3907/1/3
f 3908/2/2 3909/1/1 3910/3/4
f 3910/3/4 3909/1/1 3911/4/5
f 3911/4/5 3909/1/1 3912/5/6
f 3912/5/6 3909/1/1 3913/3/21
f 3913/3/21 3909/1/1 3914/2/8
f 3922/3/9 3923/1/10 3924/2/11
f 3916/6/12 3913/7/21 3918/7/13
f 3913/7/21 3916/6/12 3915/6/14
f 3921/8/15 3912/6/6 3917/6/22
f 3908/9/2 3922/6/9 3924/9/11
f 3913/10/21 3920/11/17 3918/10/13
f 3911/12/5 3922/13/9 3910/13/4
f 3915/5/14 3912/5/6 3913/3/21
f 3917/5/22 3915/5/14 3916/5/12
f 3915/5/14 3917/5/22 3912/5/6
f 3916/5/12 3918/3/13 3917/5/22
f 3919/1/18 3917/5/22 3918/3/13
f 3919/1/18 3918/3/13 3920/2/17
f 3919/1/18 3921/4/15 3917/5/22
f 3919/1/18 3922/3/9 3921/4/15
f 3923/1/10 3922/3/9 3919/1/18
f 3919/14/18 3907/14/3 3923/14/10
f 3907/14/3 3919/14/18 3909/14/1
f 3912/6/6 3921/8/15 3911/8/5
f 3907/14/3 3924/9/11 3923/14/10
f 3924/9/11 3907/14/3 3908/9/2
f 3922/6/9 3908/9/2 3910/6/4
f 3920/11/17 3909/15/1 3919/15/18
f 3909/15/1 3920/11/17 3914/11/8
f 3920/11/17 3913/10/21 3914/11/8
f 3922/13/9 3911/12/5 3921/12/15
f 3927/1/1 3926/2/2 3925/1/3
f 3926/2/2 3927/1/1 3928/3/4
f 3928/3/4 3927/1/1 3929/4/5
f 3929/4/5 3927/1/1 3930/5/6
f 3930/5/6 3927/1/1 3931/3/7
f 3931/3/7 3927/1/1 3932/2/8
f 3940/3/9 3941/1/10 3942/2/11
f 3934/6/12 3931/7/7 3936/7/13
f 3931/7/7 3934/6/12 3933/6/14
f 3939/8/15 3930/6/6 3935/6/22
f 3926/9/2 3940/6/9 3942/9/11
f 3931/10/7 3938/11/17 3936/10/13
f 3929/12/5 3940/13/9 3928/13/4
f 3933/5/14 3930/5/6 3931/3/7
f 3935/5/22 3933/5/14 3934/5/12
f 3933/5/14 3935/5/22 3930/5/6
f 3934/5/12 3936/3/13 3935/5/22
f 3937/1/18 3935/5/22 3936/3/13
f 3937/1/18 3936/3/13 3938/2/17
f 3937/1/18 3939/4/15 3935/5/22
f 3937/1/18 3940/3/9 3939/4/15
f 3941/1/10 3940/3/9 3937/1/18
f 3937/14/18 3925/14/3 3941/14/10
f 3925/14/3 3937/14/18 3927/14/1
f 3930/6/6 3939/8/15 3929/8/5
f 3925/14/3 3942/9/11 3941/14/10
f 3942/9/11 3925/14/3 3926/9/2
f 3940/6/9 3926/9/2 3928/6/4
f 3938/11/17 3927/15/1 3937/15/18
f 3927/15/1 3938/11/17 3932/11/8
f 3938/11/17 3931/10/7 3932/11/8
f 3940/13/9 3929/12/5 3939/12/15
f 3945/1/1 3944/2/2 3943/1/3
f 3944/2/2 3945/1/1 3946/3/4
f 3946/3/4 3945/1/1 3947/4/5
f 3947/4/5 3945/1/1 3948/5/6
f 3948/5/6 3945/1/1 3949/3/7
f 3949/3/7 3945/1/1 3950/2/8
f 3958/3/9 3959/1/10 3960/2/11
f 3952/6/12 3949/7/7 3954/7/13
f 3949/7/7 3952/6/12 3951/6/14
f 3957/8/15 3948/6/6 3953/6/22
f 3944/9/2 3958/6/9 3960/9/11
f 3949/10/7 3956/11/17 3954/10/13
f 3947/12/5 3958/13/9 3946/13/4
f 3951/5/14 3948/5/6 3949/3/7
f 3953/5/22 3951/5/14 3952/5/12
f 3951/5/14 3953/5/22 3948/5/6
f 3952/5/12 3954/3/13 3953/5/22
f 3955/1/18 3953/5/22 3954/3/13
f 3955/1/18 3954/3/13 3956/2/17
f 3955/1/18 3957/4/15 3953/5/22
f 3955/1/18 3958/3/9 3957/4/15
f 3959/1/10 3958/3/9 3955/1/18
f 3955/14/18 3943/14/3 3959/14/10
f 3943/14/3 3955/14/18 3945/14/1
f 3948/6/6 3957/8/15 3947/8/5
f 3943/14/3 3960/9/11 3959/14/10
f 3960/9/11 3943/14/3 3944/9/2
f 3958/6/9 3944/9/2 3946/6/4
f 3956/11/17 3945/15/1 3955/15/18
f 3945/15/1 3956/11/17 3950/11/8
f 3956/11/17 3949/10/7 3950/11/8
f 3958/13/9 3947/12/5 3957/12/15
f 3963/1/1 3962/2/2 3961/1/3
f 3962/2/2 3963/1/1 3964/3/4
f 3964/3/4 3963/1/1 3965/4/5
f 3965/4/5 3963/1/1 3966/5/6
f 3966/5/6 3963/1/1 3967/3/7
f 3967/3/7 3963/1/1 3968/2/8
f 3976/3/9 3977/1/10 3978/2/11
f 3970/6/12 3967/7/7 3972/7/13
f 3967/7/7 3970/6/12 3969/6/14
f 3975/8/15 3966/6/6 3971/6/22
f 3962/9/2 3976/6/9 3978/9/11
f 3967/10/7 3974/11/17 3972/10/13
f 3965/12/5 3976/13/9 3964/13/4
f 3969/5/14 3966/5/6 3967/3/7
f 3971/5/22 3969/5/14 3970/5/12
f 3969/5/14 3971/5/22 3966/5/6
f 3970/5/12 3972/3/13 3971/5/22
f 3973/1/18 3971/5/22 3972/3/13
f 3973/1/18 3972/3/13 3974/2/17
f 3973/1/18 3975/4/15 3971/5/22
f 3973/1/18 3976/3/9 3975/4/15
f 3977/1/10 3976/3/9 3973/1/18
f 3973/14/18 3961/14/3 3977/14/10
f 3961/14/3 3973/14/18 3963/14/1
f 3966/6/6 3975/8/15 3965/8/5
f 3961/14/3 3978/9/11 3977/14/10
f 3978/9/11 3961/14/3 3962/9/2
f 3976/6/9 3962/9/2 3964/6/4
f 3974/11/17 3963/15/1 3973/15/18
f 3963/15/1 3974/11/17 3968/11/8
f 3974/11/17 3967/10/7 3968/11/8
f 3976/13/9 3965/12/5 3975/12/15
f 3981/1/1 3980/2/2 3979/1/3
f 3980/2/2 3981/1/1 3982/3/19
f 3982/3/19 3981/1/1 3983/4/5
f 3983/4/5 3981/1/1 3984/5/6
f 3984/5/6 3981/1/1 3985/3/7
f 3985/3/7 3981/1/1 3986/2/8
f 3994/3/9 3995/1/10 3996/2/11
f 3988/6/12 3985/7/7 3990/7/13
f 3985/7/7 3988/6/12 3987/6/14
f 3993/8/15 3984/6/6 3989/6/22
f 3980/9/2 3994/6/9 3996/9/11
f 3985/10/7 3992/11/17 3990/10/13
f 3983/12/5 3994/13/9 3982/13/19
f 3987/5/14 3984/5/6 3985/3/7
f 3989/5/22 3987/5/14 3988/5/12
f 3987/5/14 3989/5/22 3984/5/6
f 3988/5/12 3990/3/13 3989/5/22
f 3991/1/18 3989/5/22 3990/3/13
f 3991/1/18 3990/3/13 3992/2/17
f 3991/1/18 3993/4/15 3989/5/22
f 3991/1/18 3994/3/9 3993/4/15
f 3995/1/10 3994/3/9 3991/1/18
f 3991/14/18 3979/14/3 3995/14/10
f 3979/14/3 3991/14/18 3981/14/1
f 3984/6/6 3993/8/15 3983/8/5
f 3979/14/3 3996/9/11 3995/14/10
f 3996/9/11 3979/14/3 3980/9/2
f 3994/6/9 3980/9/2 3982/6/19
f 3992/11/17 3981/15/1 3991/15/18
f 3981/15/1 3992/11/17 3986/11/8
f 3992/11/17 3985/10/7 3986/11/8
f 3994/13/9 3983/12/5 3993/12/15
f 3999/1/1 3998/2/2 3997/1/3
f 3998/2/2 3999/1/1 4000/3/4
f 4000/3/4 3999/1/1 4001/4/5
f 4001/4/5 3999/1/1 4002/5/6
f 4002/5/6 3999/1/1 4003/3/7
f 4003/3/7 3999/1/1 4004/2/8
f 4012/3/9 4013/1/10 4014/2/11
f 4006/6/12 4003/7/7 4008/7/13
f 4003/7/7 4006/6/12 4005/6/14
f 4011/8/15 4002/6/6 4007/6/22
f 3998/9/2 4012/6/9 4014/9/11
f 4003/10/7 4010/11/17 4008/10/13
f 4001/12/5 4012/13/9 4000/13/4
f 4005/5/14 4002/5/6 4003/3/7
f 4007/5/22 4005/5/14 4006/5/12
f 4005/5/14 4007/5/22 4002/5/6
f 4006/5/12 4008/3/13 4007/5/22
f 4009/1/18 4007/5/22 4008/3/13
f 4009/1/18 4008/3/13 4010/2/17
f 4009/1/18 4011/4/15 4007/5/22
f 4009/1/18 4012/3/9 4011/4/15
f 4013/1/10 4012/3/9 4009/1/18
f 4009/14/18 3997/14/3 4013/14/10
f 3997/14/3 4009/14/18 3999/14/1
f 4002/6/6 4011/8/15 4001/8/5
f 3997/14/3 4014/9/11 4013/14/10
f 4014/9/11 3997/14/3 3998/9/2
f 4012/6/9 3998/9/2 4000/6/4
f 4010/11/17 3999/15/1 4009/15/18
f 3999/15/1 4010/11/17 4004/11/8
f 4010/11/17 4003/10/7 4004/11/8
f 4012/13/9 4001/12/5 4011/12/15
f 4017/1/1 4016/2/2 4015/1/3
f 4016/2/2 4017/1/1 4018/3/4
f 4018/3/4 4017/1/1 4019/4/5
f 4019/4/5 4017/1/1 4020/5/6
f 4020/5/6 4017/1/1 4021/3/7
f 4021/3/7 4017/1/1 4022/2/8
f 4030/3/9 4031/1/10 4032/2/11
f 4024/6/12 4021/7/7 4026/7/13
f 4021/7/7 4024/6/12 4023/6/14
f 4029/8/15 4020/6/6 4025/6/22
f 4016/9/2 4030/6/9 4032/9/11
f 4021/10/7 4028/11/17 4026/10/13
f 4019/12/5 4030/13/9 4018/13/4
f 4023/5/14 4020/5/6 4021/3/7
f 4025/5/22 4023/5/14 4024/5/12
f 4023/5/14 4025/5/22 4020/5/6
f 4024/5/12 4026/3/13 4025/5/22
f 4027/1/18 4025/5/22 4026/3/13
f 4027/1/18 4026/3/13 4028/2/17
f 4027/1/18 4029/4/15 4025/5/22
f 4027/1/18 4030/3/9 4029/4/15
f 4031/1/10 4030/3/9 4027/1/18
f 4027/14/18 4015/14/3 4031/14/10
f 4015/14/3 4027/14/18 4017/14/1
f 4020/6/6 4029/8/15 4019/8/5
f 4015/14/3 4032/9/11 4031/14/10
f 4032/9/11 4015/14/3 4016/9/2
f 4030/6/9 4016/9/2 4018/6/4
f 4028/11/17 4017/15/1 4027/15/18
f 4017/15/1 4028/11/17 4022/11/8
f 4028/11/17 4021/10/7 4022/11/8
f 4030/13/9 4019/12/5 4029/12/15
f 4035/1/1 4034/2/2 4033/1/3
f 4034/2/2 4035/1/1 4036/3/4
f 4036/3/4 4035/1/1 4037/4/5
f 4037/4/5 4035/1/1 4038/5/6
f 4038/5/6 4035/1/1 4039/3/7
f 4039/3/7 4035/1/1 4040/2/8
f 4048/3/9 4049/1/10 4050/2/11
f 4042/6/12 4039/7/7 4044/7/13
f 4039/7/7 4042/6/12 4041/6/14
f 4047/8/15 4038/6/6 4043/6/22
f 4034/9/2 4048/6/9 4050/9/11
f 4039/10/7 4046/11/17 4044/10/13
f 4037/12/5 4048/13/9 4036/13/4
f 4041/5/14 4038/5/6 4039/3/7
f 4043/5/22 4041/5/14 4042/5/12
f 4041/5/14 4043/5/22 4038/5/6
f 4042/5/12 4044/3/13 4043/5/22
f 4045/1/18 4043/5/22 4044/3/13
f 4045/1/18 4044/3/13 4046/2/17
f 4045/1/18 4047/4/15 4043/5/22
f 4045/1/18 4048/3/9 4047/4/15
f 4049/1/10 4048/3/9 4045/1/18
f 4045/14/18 4033/14/3 4049/14/10
f 4033/14/3 4045/14/18 4035/14/1
f 4038/6/6 4047/8/15 4037/8/5
f 4033/14/3 4050/9/11 4049/14/10
f 4050/9/11 4033/14/3 4034/9/2
f 4048/6/9 4034/9/2 4036/6/4
f 4046/11/17 4035/15/1 4045/15/18
f 4035/15/1 4046/11/17 4040/11/8
f 4046/11/17 4039/10/7 4040/11/8
f 4048/13/9 4037/12/5 4047/12/15
f 4053/1/1 4052/2/2 4051/1/3
f 4052/2/2 4053/1/1 4054/3/4
f 4054/3/4 4053/1/1 4055/4/5
f 4055/4/5 4053/1/1 4056/5/6
f 4056/5/6 4053/1/1 4057/3/7
f 4057/3/7 4053/1/1 4058/2/8
f 4066/3/9 4067/1/10 4068/2/11
f 4060/6/12 4057/7/7 4062/7/13
f 4057/7/7 4060/6/12 4059/6/14
f 4065/8/15 4056/6/6 4061/6/22
f 4052/9/2 4066/6/9 4068/9/11
f 4057/10/7 4064/11/17 4062/10/13
f 4055/12/5 4066/13/9 4054/13/4
f 4059/5/14 4056/5/6 4057/3/7
f 4061/5/22 4059/5/14 4060/5/12
f 4059/5/14 4061/5/22 4056/5/6
f 4060/5/12 4062/3/13 4061/5/22
f 4063/1/18 4061/5/22 4062/3/13
f 4063/1/18 4062/3/13 4064/2/17
f 4063/1/18 4065/4/15 4061/5/22
f 4063/1/18 4066/3/9 4065/4/15
f 4067/1/10 4066/3/9 4063/1/18
f 4063/14/18 4051/14/3 4067/14/10
f 4051/14/3 4063/14/18 4053/14/1
f 4056/6/6 4065/8/15 4055/8/5
f 4051/14/3 4068/9/11 4067/14/10
f 4068/9/11 4051/14/3 4052/9/2
f 4066/6/9 4052/9/2 4054/6/4
f 4064/11/17 4053/15/1 4063/15/18
f 4053/15/1 4064/11/17 4058/11/8
f 4064/11/17 4057/10/7 4058/11/8
f 4066/13/9 4055/12/5 4065/12/15
f 4071/1/1 4070/2/2 4069/1/3
f 4070/2/2 4071/1/1 4072/3/4
f 4072/3/4 4071/1/1 4073/4/5
f 4073/4/5 4071/1/1 4074/5/6
f 4074/5/6 4071/1/1 4075/3/7
f 4075/3/7 4071/1/1 4076/2/8
f 4084/3/9 4085/1/10 4086/2/11
f 4078/6/12 4075/7/7 4080/7/13
f 4075/7/7 4078/6/12 4077/6/14
f 4083/8/15 4074/6/6 4079/6/22
f 4070/9/2 4084/6/9 4086/9/11
f 4075/10/7 4082/11/17 4080/10/13
f 4073/12/5 4084/13/9 4072/13/4
f 4077/5/14 4074/5/6 4075/3/7
f 4079/5/22 4077/5/14 4078/5/12
f 4077/5/14 4079/5/22 4074/5/6
f 4078/5/12 4080/3/13 4079/5/22
f 4081/1/18 4079/5/22 4080/3/13
f 4081/1/18 4080/3/13 4082/2/17
f 4081/1/18 4083/4/15 4079/5/22
f 4081/1/18 4084/3/9 4083/4/15
f 4085/1/10 4084/3/9 4081/1/18
f 4081/14/18 4069/14/3 4085/14/10
f 4069/14/3 4081/14/18 4071/14/1
f 4074/6/6 4083/8/15 4073/8/5
f 4069/14/3 4086/9/11 4085/14/10
f 4086/9/11 4069/14/3 4070/9/2
f 4084/6/9 4070/9/2 4072/6/4
f 4082/11/17 4071/15/1 4081/15/18
f 4071/15/1 4082/11/17 4076/11/8
f 4082/11/17 4075/10/7 4076/11/8
f 4084/13/9 4073/12/5 4083/12/15
f 4089/1/1 4088/2/2 4087/1/3
f 4088/2/2 4089/1/1 4090/3/4
f 4090/3/4 4089/1/1 4091/4/5
f 4091/4/5 4089/1/1 4092/5/6
f 4092/5/6 4089/1/1 4093/3/7
f 4093/3/7 4089/1/1 4094/2/8
f 4102/3/9 4103/1/10 4104/2/11
f 4096/6/12 4093/7/7 4098/7/13
f 4093/7/7 4096/6/12 4095/6/14
f 4101/8/15 4092/6/6 4097/6/22
f 4088/9/2 4102/6/9 4104/9/11
f 4093/10/7 4100/11/17 4098/10/13
f 4091/12/5 4102/13/9 4090/13/4
f 4095/5/14 4092/5/6 4093/3/7
f 4097/5/22 4095/5/14 4096/5/12
f 4095/5/14 4097/5/22 4092/5/6
f 4096/5/12 4098/3/13 4097/5/22
f 4099/1/18 4097/5/22 4098/3/13
f 4099/1/18 4098/3/13 4100/2/17
f 4099/1/18 4101/4/15 4097/5/22
f 4099/1/18 4102/3/9 4101/4/15
f 4103/1/10 4102/3/9 4099/1/18
f 4099/14/18 4087/14/3 4103/14/10
f 4087/14/3 4099/14/18 4089/14/1
f 4092/6/6 4101/8/15 4091/8/5
f 4087/14/3 4104/9/11 4103/14/10
f 4104/9/11 4087/14/3 4088/9/2
f 4102/6/9 4088/9/2 4090/6/4
f 4100/11/17 4089/15/1 4099/15/18
f 4089/15/1 4100/11/17 4094/11/8
f 4100/11/17 4093/10/7 4094/11/8
f 4102/13/9 4091/12/5 4101/12/15
f 4107/1/1 4106/2/2 4105/1/3
f 4106/2/2 4107/1/1 4108/3/19
f 4108/3/19 4107/1/1 4109/4/5
f 4109/4/5 4107/1/1 4110/5/6
f 4110/5/6 4107/1/1 4111/3/7
f 4111/3/7 4107/1/1 4112/2/8
f 4120/3/9 4121/1/10 4122/2/11
f 4114/6/12 4111/7/7 4116/7/13
f 4111/7/7 4114/6/12 4113/6/14
f 4119/8/15 4110/6/6 4115/6/22
f 4106/9/2 4120/6/9 4122/9/11
f 4111/10/7 4118/11/17 4116/10/13
f 4109/12/5 4120/13/9 4108/13/19
f 4113/5/14 4110/5/6 4111/3/7
f 4115/5/22 4113/5/14 4114/5/12
f 4113/5/14 4115/5/22 4110/5/6
f 4114/5/12 4116/3/13 4115/5/22
f 4117/1/18 4115/5/22 4116/3/13
f 4117/1/18 4116/3/13 4118/2/17
f 4117/1/18 4119/4/15 4115/5/22
f 4117/1/18 4120/3/9 4119/4/15
f 4121/1/10 4120/3/9 4117/1/18
f 4117/14/18 4105/14/3 4121/14/10
f 4105/14/3 4117/14/18 4107/14/1
f 4110/6/6 4119/8/15 4109/8/5
f 4105/14/3 4122/9/11 4121/14/10
f 4122/9/11 4105/14/3 4106/9/2
f 4120/6/9 4106/9/2 4108/6/19
f 4118/11/17 4107/15/1 4117/15/18
f 4107/15/1 4118/11/17 4112/11/8
f 4118/11/17 4111/10/7 4112/11/8
f 4120/13/9 4109/12/5 4119/12/15
f 4125/1/1 4124/2/2 4123/1/3
f 4124/2/2 4125/1/1 4126/3/4
f 4126/3/4 4125/1/1 4127/4/5
f 4127/4/5 4125/1/1 4128/5/6
f 4128/5/6 4125/1/1 4129/3/7
f 4129/3/7 4125/1/1 4130/2/8
f 4138/3/9 4139/1/10 4140/2/11
f 4132/6/12 4129/7/7 4134/7/13
f 4129/7/7 4132/6/12 4131/6/14
f 4137/8/15 4128/6/6 4133/6/22
f 4124/9/2 4138/6/9 4140/9/11
f 4129/10/7 4136/11/17 4134/10/13
f 4127/12/5 4138/13/9 4126/13/4
f 4131/5/14 4128/5/6 4129/3/7
f 4133/5/22 4131/5/14 4132/5/12
f 4131/5/14 4133/5/22 4128/5/6
f 4132/5/12 4134/3/13 4133/5/22
f 4135/1/18 4133/5/22 4134/3/13
f 4135/1/18 4134/3/13 4136/2/17
f 4135/1/18 4137/4/15 4133/5/22
f 4135/1/18 4138/3/9 4137/4/15
f 4139/1/10 4138/3/9 4135/1/18
f 4135/14/18 4123/14/3 4139/14/10
f 4123/14/3 4135/14/18 4125/14/1
f 4128/6/6 4137/8/15 4127/8/5
f 4123/14/3 4140/9/11 4139/14/10
f 4140/9/11 4123/14/3 4124/9/2
f 4138/6/9 4124/9/2 4126/6/4
f 4136/11/17 4125/15/1 4135/15/18
f 4125/15/1 4136/11/17 4130/11/8
f 4136/11/17 4129/10/7 4130/11/8
f 4138/13/9 4127/12/5 4137/12/15
f 4143/1/1 4142/2/2 4141/1/3
f 4142/2/2 4143/1/1 4144/3/4
f 4144/3/4 4143/1/1 4145/4/5
f 4145/4/5 4143/1/1 4146/5/6
f 4146/5/6 4143/1/1 4147/3/7
f 4147/3/7 4143/1/1 4148/2/8
f 4156/3/9 4157/1/10 4158/2/11
f 4150/6/12 4147/7/7 4152/7/13
f 4147/7/7 4150/6/12 4149/6/14
f 4155/8/15 4146/6/6 4151/6/22
f 4142/9/2 4156/6/9 4158/9/11
f 4147/10/7 4154/11/17 4152/10/13
f 4145/12/5 4156/13/9 4144/13/4
f 4149/5/14 4146/5/6 4147/3/7
f 4151/5/22 4149/5/14 4150/5/12
f 4149/5/14 4151/5/22 4146/5/6
f 4150/5/12 4152/3/13 4151/5/22
f 4153/1/18 4151/5/22 4152/3/13
f 4153/1/18 4152/3/13 4154/2/17
f 4153/1/18 4155/4/15 4151/5/22
f 4153/1/18 4156/3/9 4155/4/15
f 4157/1/10 4156/3/9 4153/1/18
f 4153/14/18 4141/14/3 4157/14/10
f 4141/14/3 4153/14/18 4143/14/1
f 4146/6/6 4155/8/15 4145/8/5
f 4141/14/3 4158/9/11 4157/14/10
f 4158/9/11 4141/14/3 4142/9/2
f 4156/6/9 4142/9/2 4144/6/4
f 4154/11/17 4143/15/1 4153/15/18
f 4143/15/1 4154/11/17 4148/11/8
f 4154/11/17 4147/10/7 4148/11/8
f 4156/13/9 4145/12/5 4155/12/15
f 4161/1/1 4160/2/2 4159/1/3
f 4160/2/2 4161/1/1 4162/3/4
f 4162/3/4 4161/1/1 4163/4/5
f 4163/4/5 4161/1/1 4164/5/6
f 4164/5/6 4161/1/1 4165/3/7
f 4165/3/7 4161/1/1 4166/2/8
f 4174/3/9 4175/1/10 4176/2/11
f 4168/6/12 4165/7/7 4170/7/13
f 4165/7/7 4168/6/12 4167/6/14
f 4173/8/15 4164/6/6 4169/6/22
f 4160/9/2 4174/6/9 4176/9/11
f 4165/10/7 4172/11/17 4170/10/13
f 4163/12/5 4174/13/9 4162/13/4
f 4167/5/14 4164/5/6 4165/3/7
f 4169/5/22 4167/5/14 4168/5/12
f 4167/5/14 4169/5/22 4164/5/6
f 4168/5/12 4170/3/13 4169/5/22
f 4171/1/18 4169/5/22 4170/3/13
f 4171/1/18 4170/3/13 4172/2/17
f 4171/1/18 4173/4/15 4169/5/22
f 4171/1/18 4174/3/9 4173/4/15
f 4175/1/10 4174/3/9 4171/1/18
f 4171/14/18 4159/14/3 4175/14/10
f 4159/14/3 4171/14/18 4161/14/1
f 4164/6/6 4173/8/15 4163/8/5
f 4159/14/3 4176/9/11 4175/14/10
f 4176/9/11 4159/14/3 4160/9/2
f 4174/6/9 4160/9/2 4162/6/4
f 4172/11/17 4161/15/1 4171/15/18
f 4161/15/1 4172/11/17 4166/11/8
f 4172/11/17 4165/10/7 4166/11/8
f 4174/13/9 4163/12/5 4173/12/15
f 4179/1/1 4178/2/2 4177/1/3
f 4178/2/2 4179/1/1 4180/3/4
f 4180/3/4 4179/1/1 4181/4/5
f 4181/4/5 4179/1/1 4182/5/6
f 4182/5/6 4179/1/1 4183/3/7
f 4183/3/7 4179/1/1 4184/2/8
f 4192/3/9 4193/1/10 4194/2/11
f 4186/6/12 4183/7/7 4188/7/13
f 4183/7/7 4186/6/12 4185/6/14
f 4191/8/15 4182/6/6 4187/6/22
f 4178/9/2 4192/6/9 4194/9/11
f 4183/10/7 4190/11/17 4188/10/13
f 4181/12/5 4192/13/9 4180/13/4
f 4185/5/14 4182/5/6 4183/3/7
f 4187/5/22 4185/5/14 4186/5/12
f 4185/5/14 4187/5/22 4182/5/6
f 4186/5/12 4188/3/13 4187/5/22
f 4189/1/18 4187/5/22 4188/3/13
f 4189/1/18 4188/3/13 4190/2/17
f 4189/1/18 4191/4/15 4187/5/22
f 4189/1/18 4192/3/9 4191/4/15
f 4193/1/10 4192/3/9 4189/1/18
f 4189/14/18 4177/14/3 4193/14/10
f 4177/14/3 4189/14/18 4179/14/1
f 4182/6/6 4191/8/15 4181/8/5
f 4177/14/3 4194/9/11 4193/14/10
f 4194/9/11 4177/14/3 4178/9/2
f 4192/6/9 4178/9/2 4180/6/4
f 4190/11/17 4179/15/1 4189/15/18
f 4179/15/1 4190/11/17 4184/11/8
f 4190/11/17 4183/10/7 4184/11/8
f 4192/13/9 4181/12/5 4191/12/15
f 4197/1/1 4196/2/2 4195/1/3
f 4196/2/2 4197/1/1 4198/3/4
f 4198/3/4 4197/1/1 4199/4/5
f 4199/4/5 4197/1/1 4200/5/6
f 4200/5/6 4197/1/1 4201/3/7
f 4201/3/7 4197/1/1 4202/2/8
f 4210/3/9 4211/1/10 4212/2/11
f 4204/6/12 4201/7/7 4206/7/13
f 4201/7/7 4204/6/12 4203/6/14
f 4209/8/15 4200/6/6 4205/6/22
f 4196/9/2 4210/6/9 4212/9/11
f 4201/10/7 4208/11/17 4206/10/13
f 4199/12/5 4210/13/9 4198/13/4
f 4203/5/14 4200/5/6 4201/3/7
f 4205/5/22 4203/5/14 4204/5/12
f 4203/5/14 4205/5/22 4200/5/6
f 4204/5/12 4206/3/13 4205/5/22
f 4207/1/18 4205/5/22 4206/3/13
f 4207/1/18 4206/3/13 4208/2/17
f 4207/1/18 4209/4/15 4205/5/22
f 4207/1/18 4210/3/9 4209/4/15
f 4211/1/10 4210/3/9 4207/1/18
f 4207/14/18 4195/14/3 4211/14/10
f 4195/14/3 4207/14/18 4197/14/1
f 4200/6/6 4209/8/15 4199/8/5
f 4195/14/3 4212/9/11 4211/14/10
f 4212/9/11 4195/14/3 4196/9/2
f 4210/6/9 4196/9/2 4198/6/4
f 4208/11/17 4197/15/1 4207/15/18
f 4197/15/1 4208/11/17 4202/11/8
f 4208/11/17 4201/10/7 4202/11/8
f 4210/13/9 4199/12/5 4209/12/15
f 4215/1/1 4214/2/2 4213/1/3
f 4214/2/2 4215/1/1 4216/3/4
f 4216/3/4 4215/1/1 4217/4/5
f 4217/4/5 4215/1/1 4218/5/6
f 4218/5/6 4215/1/1 4219/3/7
f 4219/3/7 4215/1/1 4220/2/8
f 4228/3/9 4229/1/10 4230/2/11
f 4222/6/12 4219/7/7 4224/7/13
f 4219/7/7 4222/6/12 4221/6/14
f 4227/8/15 4218/6/6 4223/6/22
f 4214/9/2 4228/6/9 4230/9/11
f 4219/10/7 4226/11/17 4224/10/13
f 4217/12/5 4228/13/9 4216/13/4
f 4221/5/14 4218/5/6 4219/3/7
f 4223/5/22 4221/5/14 4222/5/12
f 4221/5/14 4223/5/22 4218/5/6
f 4222/5/12 4224/3/13 4223/5/22
f 4225/1/18 4223/5/22 4224/3/13
f 4225/1/18 4224/3/13 4226/2/17
f 4225/1/18 4227/4/15 4223/5/22
f 4225/1/18 4228/3/9 4227/4/15
f 4229/1/10 4228/3/9 4225/1/18
f 4225/14/18 4213/14/3 4229/14/10
f 4213/14/3 4225/14/18 4215/14/1
f 4218/6/6 4227/8/15 4217/8/5
f 4213/14/3 4230/9/11 4229/14/10
f 4230/9/11 4213/14/3 4214/9/2
f 4228/6/9 4214/9/2 4216/6/4
f 4226/11/17 4215/15/1 4225/15/18
f 4215/15/1 4226/11/17 4220/11/8
f 4226/11/17 4219/10/7 4220/11/8
f 4228/13/9 4217/12/5 4227/12/15
f 4233/1/1 4232/2/2 4231/1/3
f 4232/2/2 4233/1/1 4234/3/19
f 4234/3/19 4233/1/1 4235/4/5
f 4235/4/5 4233/1/1 4236/5/6
f 4236/5/6 4233/1/1 4237/3/7
f 4237/3/7 4233/1/1 4238/2/8
f 4246/3/9 4247/1/10 4248/2/11
f 4240/6/12 4237/7/7 4242/7/13
f 4237/7/7 4240/6/12 4239/6/14
f 4245/8/15 4236/6/6 4241/6/22
f 4232/9/2 4246/6/9 4248/9/11
f 4237/10/7 4244/11/17 4242/10/13
f 4235/12/5 4246/13/9 4234/13/19
f 4239/5/14 4236/5/6 4237/3/7
f 4241/5/22 4239/5/14 4240/5/12
f 4239/5/14 4241/5/22 4236/5/6
f 4240/5/12 4242/3/13 4241/5/22
f 4243/1/18 4241/5/22 4242/3/13
f 4243/1/18 4242/3/13 4244/2/17
f 4243/1/18 4245/4/15 4241/5/22
f 4243/1/18 4246/3/9 4245/4/15
f 4247/1/10 4246/3/9 4243/1/18
f 4243/14/18 4231/14/3 4247/14/10
f 4231/14/3 4243/14/18 4233/14/1
f 4236/6/6 4245/8/15 4235/8/5
f 4231/14/3 4248/9/11 4247/14/10
f 4248/9/11 4231/14/3 4232/9/2
f 4246/6/9 4232/9/2 4234/6/19
f 4244/11/17 4233/15/1 4243/15/18
f 4233/15/1 4244/11/17 4238/11/8
f 4244/11/17 4237/10/7 4238/11/8
f 4246/13/9 4235/12/5 4245/12/15
f 4251/1/1 4250/2/2 4249/1/3
f 4250/2/2 4251/1/1 4252/3/4
f 4252/3/4 4251/1/1 4253/4/5
f 4253/4/5 4251/1/1 4254/5/6
f 4254/5/6 4251/1/1 4255/3/7
f 4255/3/7 4251/1/1 4256/2/8
f 4264/3/9 4265/1/10 4266/2/11
f 4258/6/12 4255/7/7 4260/7/13
f 4255/7/7 4258/6/12 4257/6/14
f 4263/8/15 4254/6/6 4259/6/22
f 4250/9/2 4264/6/9 4266/9/11
f 4255/10/7 4262/11/17 4260/10/13
f 4253/12/5 4264/13/9 4252/13/4
f 4257/5/14 4254/5/6 4255/3/7
f 4259/5/22 4257/5/14 4258/5/12
f 4257/5/14 4259/5/22 4254/5/6
f 4258/5/12 4260/3/13 4259/5/22
f 4261/1/18 4259/5/22 4260/3/13
f 4261/1/18 4260/3/13 4262/2/17
f 4261/1/18 4263/4/15 4259/5/22
f 4261/1/18 4264/3/9 4263/4/15
f 4265/1/10 4264/3/9 4261/1/18
f 4261/14/18 4249/14/3 4265/14/10
f 4249/14/3 4261/14/18 4251/14/1
f 4254/6/6 4263/8/15 4253/8/5
f 4249/14/3 4266/9/11 4265/14/10
f 4266/9/11 4249/14/3 4250/9/2
f 4264/6/9 4250/9/2 4252/6/4
f 4262/11/17 4251/15/1 4261/15/18
f 4251/15/1 4262/11/17 4256/11/8
f 4262/11/17 4255/10/7 4256/11/8
f 4264/13/9 4253/12/5 4263/12/15
f 4269/1/1 4268/2/2 4267/1/3
f 4268/2/2 4269/1/1 4270/3/4
f 4270/3/4 4269/1/1 4271/4/5
f 4271/4/5 4269/1/1 4272/5/6
f 4272/5/6 4269/1/1 4273/3/7
f 4273/3/7 4269/1/1 4274/2/8
f 4282/3/9 4283/1/10 4284/2/11
f 4276/6/12 4273/7/7 4278/7/13
f 4273/7/7 4276/6/12 4275/6/14
f 4281/8/15 4272/6/6 4277/6/22
f 4268/9/2 4282/6/9 4284/9/11
f 4273/10/7 4280/11/17 4278/10/13
f 4271/12/5 4282/13/9 4270/13/4
f 4275/5/14 4272/5/6 4273/3/7
f 4277/5/22 4275/5/14 4276/5/12
f 4275/5/14 4277/5/22 4272/5/6
f 4276/5/12 4278/3/13 4277/5/22
f 4279/1/18 4277/5/22 4278/3/13
f 4279/1/18 4278/3/13 4280/2/17
f 4279/1/18 4281/4/15 4277/5/22
f 4279/1/18 4282/3/9 4281/4/15
f 4283/1/10 4282/3/9 4279/1/18
f 4279/14/18 4267/14/3 4283/14/10
f 4267/14/3 4279/14/18 4269/14/1
f 4272/6/6 4281/8/15 4271/8/5
f 4267/14/3 4284/9/11 4283/14/10
f 4284/9/11 4267/14/3 4268/9/2
f 4282/6/9 4268/9/2 4270/6/4
f 4280/11/17 4269/15/1 4279/15/18
f 4269/15/1 4280/11/17 4274/11/8
f 4280/11/17 4273/10/7 4274/11/8
f 4282/13/9 4271/12/5 4281/12/15
f 4287/1/1 4286/2/2 4285/1/3
f 4286/2/2 4287/1/1 4288/3/4
f 4288/3/4 4287/1/1 4289/4/5
f 4289/4/5 4287/1/1 4290/5/6
f 4290/5/6 4287/1/1 4291/3/7
f 4291/3/7 4287/1/1 4292/2/8
f 4300/3/9 4301/1/10 4302/2/11
f 4294/6/12 4291/7/7 4296/7/13
f 4291/7/7 4294/6/12 4293/6/14
f 4299/8/15 4290/6/6 4295/6/22
f 4286/9/2 4300/6/9 4302/9/11
f 4291/10/7 4298/11/17 4296/10/13
f 4289/12/5 4300/13/9 4288/13/4
f 4293/5/14 4290/5/6 4291/3/7
f 4295/5/22 4293/5/14 4294/5/12
f 4293/5/14 4295/5/22 4290/5/6
f 4294/5/12 4296/3/13 4295/5/22
f 4297/1/18 4295/5/22 4296/3/13
f 4297/1/18 4296/3/13 4298/2/17
f 4297/1/18 4299/4/15 4295/5/22
f 4297/1/18 4300/3/9 4299/4/15
f 4301/1/10 4300/3/9 4297/1/18
f 4297/14/18 4285/14/3 4301/14/10
f 4285/14/3 4297/14/18 4287/14/1
f 4290/6/6 4299/8/15 4289/8/5
f 4285/14/3 4302/9/11 4301/14/10
f 4302/9/11 4285/14/3 4286/9/2
f 4300/6/9 4286/9/2 4288/6/4
f 4298/11/17 4287/15/1 4297/15/18
f 4287/15/1 4298/11/17 4292/11/8
f 4298/11/17 4291/10/7 4292/11/8
f 4300/13/9 4289/12/5 4299/12/15
f 4305/1/1 4304/2/2 4303/1/3
f 4304/2/2 4305/1/1 4306/3/19
f 4306/3/19 4305/1/1 4307/4/5
f 4307/4/5 4305/1/1 4308/5/6
f 4308/5/6 4305/1/1 4309/3/7
f 4309/3/7 4305/1/1 4310/2/8
f 4318/3/9 4319/1/10 4320/2/11
f 4312/6/12 4309/7/7 4314/7/13
f 4309/7/7 4312/6/12 4311/6/14
f 4317/8/15 4308/6/6 4313/6/22
f 4304/9/2 4318/6/9 4320/9/11
f 4309/10/7 4316/11/17 4314/10/13
f 4307/12/5 4318/13/9 4306/13/19
f 4311/5/14 4308/5/6 4309/3/7
f 4313/5/22 4311/5/14 4312/5/12
f 4311/5/14 4313/5/22 4308/5/6
f 4312/5/12 4314/3/13 4313/5/22
f 4315/1/18 4313/5/22 4314/3/13
f 4315/1/18 4314/3/13 4316/2/17
f 4315/1/18 4317/4/15 4313/5/22
f 4315/1/18 4318/3/9 4317/4/15
f 4319/1/10 4318/3/9 4315/1/18
f 4315/14/18 4303/14/3 4319/14/10
f 4303/14/3 4315/14/18 4305/14/1
f 4308/6/6 4317/8/15 4307/8/5
f 4303/14/3 4320/9/11 4319/14/10
f 4320/9/11 4303/14/3 4304/9/2
f 4318/6/9 4304/9/2 4306/6/19
f 4316/11/17 4305/15/1 4315/15/18
f 4305/15/1 4316/11/17 4310/11/8
f 4316/11/17 4309/10/7 4310/11/8
f 4318/13/9 4307/12/5 4317/12/15
f 4323/1/1 4322/2/2 4321/1/3
f 4322/2/2 4323/1/1 4324/3/4
f 4324/3/4 4323/1/1 4325/4/5
f 4325/4/5 4323/1/1 4326/5/6
f 4326/5/6 4323/1/1 4327/3/7
f 4327/3/7 4323/1/1 4328/2/8
f 4336/3/9 4337/1/10 4338/2/11
f 4330/6/12 4327/7/7 4332/7/20
f 4327/7/7 4330/6/12 4329/6/14
f 4335/8/15 4326/6/6 4331/6/16
f 4322/9/2 4336/6/9 4338/9/11
f 4327/10/7 4334/11/17 4332/10/20
f 4325/12/5 4336/13/9 4324/13/4
f 4329/5/14 4326/5/6 4327/3/7
f 4331/5/16 4329/5/14 4330/5/12
f 4329/5/14 4331/5/16 4326/5/6
f 4330/5/12 4332/3/20 4331/5/16
f 4333/1/18 4331/5/16 4332/3/20
f 4333/1/18 4332/3/20 4334/2/17
f 4333/1/18 4335/4/15 4331/5/16
f 4333/1/18 4336/3/9 4335/4/15
f 4337/1/10 4336/3/9 4333/1/18
f 4333/14/18 4321/14/3 4337/14/10
f 4321/14/3 4333/14/18 4323/14/1
f 4326/6/6 4335/8/15 4325/8/5
f 4321/14/3 4338/9/11 4337/14/10
f 4338/9/11 4321/14/3 4322/9/2
f 4336/6/9 4322/9/2 4324/6/4
f 4334/11/17 4323/15/1 4333/15/18
f 4323/15/1 4334/11/17 4328/11/8
f 4334/11/17 4327/10/7 4328/11/8
f 4336/13/9 4325/12/5 4335/12/15
f 4341/1/1 4340/2/2 4339/1/3
f 4340/2/2 4341/1/1 4342/3/4
f 4342/3/4 4341/1/1 4343/4/5
f 4343/4/5 4341/1/1 4344/5/6
f 4344/5/6 4341/1/1 4345/3/7
f 4345/3/7 4341/1/1 4346/2/8
f 4354/3/9 4355/1/10 4356/2/11
f 4348/6/12 4345/7/7 4350/7/13
f 4345/7/7 4348/6/12 4347/6/14
f 4353/8/15 4344/6/6 4349/6/22
f 4340/9/2 4354/6/9 4356/9/11
f 4345/10/7 4352/11/17 4350/10/13
f 4343/12/5 4354/13/9 4342/13/4
f 4347/5/14 4344/5/6 4345/3/7
f 4349/5/22 4347/5/14 4348/5/12
f 4347/5/14 4349/5/22 4344/5/6
f 4348/5/12 4350/3/13 4349/5/22
f 4351/1/18 4349/5/22 4350/3/13
f 4351/1/18 4350/3/13 4352/2/17
f 4351/1/18 4353/4/15 4349/5/22
f 4351/1/18 4354/3/9 4353/4/15
f 4355/1/10 4354/3/9 4351/1/18
f 4351/14/18 4339/14/3 4355/14/10
f 4339/14/3 4351/14/18 4341/14/1
f 4344/6/6 4353/8/15 4343/8/5
f 4339/14/3 4356/9/11 4355/14/10
f 4356/9/11 4339/14/3 4340/9/2
f 4354/6/9 4340/9/2 4342/6/4
f 4352/11/17 4341/15/1 4351/15/18
f 4341/15/1 4352/11/17 4346/11/8
f 4352/11/17 4345/10/7 4346/11/8
f 4354/13/9 4343/12/5 4353/12/15
f 4359/1/1 4358/2/2 4357/1/3
f 4358/2/2 4359/1/1 4360/3/4
f 4360/3/4 4359/1/1 4361/4/5
f 4361/4/5 4359/1/1 4362/5/6
f 4362/5/6 4359/1/1 4363/3/7
f 4363/3/7 4359/1/1 4364/2/8
f 4372/3/9 4373/1/10 4374/2/11
f 4366/6/12 4363/7/7 4368/7/13
f 4363/7/7 4366/6/12 4365/6/14
f 4371/8/15 4362/6/6 4367/6/22
f 4358/9/2 4372/6/9 4374/9/11
f 4363/10/7 4370/11/17 4368/10/13
f 4361/12/5 4372/13/9 4360/13/4
f 4365/5/14 4362/5/6 4363/3/7
f 4367/5/22 4365/5/14 4366/5/12
f 4365/5/14 4367/5/22 4362/5/6
f 4366/5/12 4368/3/13 4367/5/22
f 4369/1/18 4367/5/22 4368/3/13
f 4369/1/18 4368/3/13 4370/2/17
f 4369/1/18 4371/4/15 4367/5/22
f 4369/1/18 4372/3/9 4371/4/15
f 4373/1/10 4372/3/9 4369/1/18
f 4369/14/18 4357/14/3 4373/14/10
f 4357/14/3 4369/14/18 4359/14/1
f 4362/6/6 4371/8/15 4361/8/5
f 4357/14/3 4374/9/11 4373/14/10
f 4374/9/11 4357/14/3 4358/9/2
f 4372/6/9 4358/9/2 4360/6/4
f 4370/11/17 4359/15/1 4369/15/18
f 4359/15/1 4370/11/17 4364/11/8
f 4370/11/17 4363/10/7 4364/11/8
f 4372/13/9 4361/12/5 4371/12/15
f 4377/1/1 4376/2/2 4375/1/3
f 4376/2/2 4377/1/1 4378/3/4
f 4378/3/4 4377/1/1 4379/4/5
f 4379/4/5 4377/1/1 4380/5/6
f 4380/5/6 4377/1/1 4381/3/7
f 4381/3/7 4377/1/1 4382/2/8
f 4390/3/9 4391/1/10 4392/2/11
f 4384/6/12 4381/7/7 4386/7/13
f 4381/7/7 4384/6/12 4383/6/14
f 4389/8/15 4380/6/6 4385/6/22
f 4376/9/2 4390/6/9 4392/9/11
f 4381/10/7 4388/11/17 4386/10/13
f 4379/12/5 4390/13/9 4378/13/4
f 4383/5/14 4380/5/6 4381/3/7
f 4385/5/22 4383/5/14 4384/5/12
f 4383/5/14 4385/5/22 4380/5/6
f 4384/5/12 4386/3/13 4385/5/22
f 4387/1/18 4385/5/22 4386/3/13
f 4387/1/18 4386/3/13 4388/2/17
f 4387/1/18 4389/4/15 4385/5/22
f 4387/1/18 4390/3/9 4389/4/15
f 4391/1/10 4390/3/9 4387/1/18
f 4387/14/18 4375/14/3 4391/14/10
f 4375/14/3 4387/14/18 4377/14/1
f 4380/6/6 4389/8/15 4379/8/5
f 4375/14/3 4392/9/11 4391/14/10
f 4392/9/11 4375/14/3 4376/9/2
f 4390/6/9 4376/9/2 4378/6/4
f 4388/11/17 4377/15/1 4387/15/18
f 4377/15/1 4388/11/17 4382/11/8
f 4388/11/17 4381/10/7 4382/11/8
f 4390/13/9 4379/12/5 4389/12/15
f 4395/1/1 4394/2/2 4393/1/3
f 4394/2/2 4395/1/1 4396/3/19
f 4396/3/19 4395/1/1 4397/4/5
f 4397/4/5 4395/1/1 4398/5/6
f 4398/5/6 4395/1/1 4399/3/7
f 4399/3/7 4395/1/1 4400/2/8
f 4408/3/9 4409/1/10 4410/2/11
f 4402/6/12 4399/7/7 4404/7/13
f 4399/7/7 4402/6/12 4401/6/14
f 4407/8/15 4398/6/6 4403/6/22
f 4394/9/2 4408/6/9 4410/9/11
f 4399/10/7 4406/11/17 4404/10/13
f 4397/12/5 4408/13/9 4396/13/19
f 4401/5/14 4398/5/6 4399/3/7
f 4403/5/22 4401/5/14 4402/5/12
f 4401/5/14 4403/5/22 4398/5/6
f 4402/5/12 4404/3/13 4403/5/22
f 4405/1/18 4403/5/22 4404/3/13
f 4405/1/18 4404/3/13 4406/2/17
f 4405/1/18 4407/4/15 4403/5/22
f 4405/1/18 4408/3/9 4407/4/15
f 4409/1/10 4408/3/9 4405/1/18
f 4405/14/18 4393/14/3 4409/14/10
f 4393/14/3 4405/14/18 4395/14/1
f 4398/6/6 4407/8/15 4397/8/5
f 4393/14/3 4410/9/11 4409/14/10
f 4410/9/11 4393/14/3 4394/9/2
f 4408/6/9 4394/9/2 4396/6/19
f 4406/11/17 4395/15/1 4405/15/18
f 4395/15/1 4406/11/17 4400/11/8
f 4406/11/17 4399/10/7 4400/11/8
f 4408/13/9 4397/12/5 4407/12/15
f 4413/1/1 4412/2/2 4411/1/3
f 4412/2/2 4413/1/1 4414/3/4
f 4414/3/4 4413/1/1 4415/4/5
f 4415/4/5 4413/1/1 4416/5/6
f 4416/5/6 4413/1/1 4417/3/7
f 4417/3/7 4413/1/1 4418/2/8
f 4426/3/9 4427/1/10 4428/2/11
f 4420/6/12 4417/7/7 4422/7/13
f 4417/7/7 4420/6/12 4419/6/14
f 4425/8/15 4416/6/6 4421/6/22
f 4412/9/2 4426/6/9 4428/9/11
f 4417/10/7 4424/11/17 4422/10/13
f 4415/12/5 4426/13/9 4414/13/4
f 4419/5/14 4416/5/6 4417/3/7
f 4421/5/22 4419/5/14 4420/5/12
f 4419/5/14 4421/5/22 4416/5/6
f 4420/5/12 4422/3/13 4421/5/22
f 4423/1/18 4421/5/22 4422/3/13
f 4423/1/18 4422/3/13 4424/2/17
f 4423/1/18 4425/4/15 4421/5/22
f 4423/1/18 4426/3/9 4425/4/15
f 4427/1/10 4426/3/9 4423/1/18
f 4423/14/18 4411/14/3 4427/14/10
f 4411/14/3 4423/14/18 4413/14/1
f 4416/6/6 4425/8/15 4415/8/5
f 4411/14/3 4428/9/11 4427/14/10
f 4428/9/11 4411/14/3 4412/9/2
f 4426/6/9 4412/9/2 4414/6/4
f 4424/11/17 4413/15/1 4423/15/18
f 4413/15/1 4424/11/17 4418/11/8
f 4424/11/17 4417/10/7 4418/11/8
f 4426/13/9 4415/12/5 4425/12/15
f 4431/1/1 4430/2/2 4429/1/3
f 4430/2/2 4431/1/1 4432/3/4
f 4432/3/4 4431/1/1 4433/4/5
f 4433/4/5 4431/1/1 4434/5/6
f 4434/5/6 4431/1/1 4435/3/7
f 4435/3/7 4431/1/1 4436/2/8
f 4444/3/9 4445/1/10 4446/2/11
f 4438/6/12 4435/7/7 4440/7/13
f 4435/7/7 4438/6/12 4437/6/14
f 4443/8/15 4434/6/6 4439/6/22
f 4430/9/2 4444/6/9 4446/9/11
f 4435/10/7 4442/11/17 4440/10/13
f 4433/12/5 4444/13/9 4432/13/4
f 4437/5/14 4434/5/6 4435/3/7
f 4439/5/22 4437/5/14 4438/5/12
f 4437/5/14 4439/5/22 4434/5/6
f 4438/5/12 4440/3/13 4439/5/22
f 4441/1/18 4439/5/22 4440/3/13
f 4441/1/18 4440/3/13 4442/2/17
f 4441/1/18 4443/4/15 4439/5/22
f 4441/1/18 4444/3/9 4443/4/15
f 4445/1/10 4444/3/9 4441/1/18
f 4441/14/18 4429/14/3 4445/14/10
f 4429/14/3 4441/14/18 4431/14/1
f 4434/6/6 4443/8/15 4433/8/5
f 4429/14/3 4446/9/11 4445/14/10
f 4446/9/11 4429/14/3 4430/9/2
f 4444/6/9 4430/9/2 4432/6/4
f 4442/11/17 4431/15/1 4441/15/18
f 4431/15/1 4442/11/17 4436/11/8
f 4442/11/17 4435/10/7 4436/11/8
f 4444/13/9 4433/12/5 4443/12/15
f 4449/1/1 4448/2/2 4447/1/3
f 4448/2/2 4449/1/1 4450/3/4
f 4450/3/4 4449/1/1 4451/4/5
f 4451/4/5 4449/1/1 4452/5/6
f 4452/5/6 4449/1/1 4453/3/7
f 4453/3/7 4449/1/1 4454/2/8
f 4462/3/9 4463/1/10 4464/2/11
f 4456/6/12 4453/7/7 4458/7/13
f 4453/7/7 4456/6/12 4455/6/14
f 4461/8/15 4452/6/6 4457/6/22
f 4448/9/2 4462/6/9 4464/9/11
f 4453/10/7 4460/11/17 4458/10/13
f 4451/12/5 4462/13/9 4450/13/4
f 4455/5/14 4452/5/6 4453/3/7
f 4457/5/22 4455/5/14 4456/5/12
f 4455/5/14 4457/5/22 4452/5/6
f 4456/5/12 4458/3/13 4457/5/22
f 4459/1/18 4457/5/22 4458/3/13
f 4459/1/18 4458/3/13 4460/2/17
f 4459/1/18 4461/4/15 4457/5/22
f 4459/1/18 4462/3/9 4461/4/15
f 4463/1/10 4462/3/9 4459/1/18
f 4459/14/18 4447/14/3 4463/14/10
f 4447/14/3 4459/14/18 4449/14/1
f 4452/6/6 4461/8/15 4451/8/5
f 4447/14/3 4464/9/11 4463/14/10
f 4464/9/11 4447/14/3 4448/9/2
f 4462/6/9 4448/9/2 4450/6/4
f 4460/11/17 4449/15/1 4459/15/18
f 4449/15/1 4460/11/17 4454/11/8
f 4460/11/17 4453/10/7 4454/11/8
f 4462/13/9 4451/12/5 4461/12/15
f 4467/1/1 4466/2/2 4465/1/3
f 4466/2/2 4467/1/1 4468/3/4
f 4468/3/4 4467/1/1 4469/4/5
f 4469/4/5 4467/1/1 4470/5/6
f 4470/5/6 4467/1/1 4471/3/7
f 4471/3/7 4467/1/1 4472/2/8
f 4480/3/9 4481/1/10 4482/2/11
f 4474/6/12 4471/7/7 4476/7/13
f 4471/7/7 4474/6/12 4473/6/14
f 4479/8/15 4470/6/6 4475/6/22
f 4466/9/2 4480/6/9 4482/9/11
f 4471/10/7 4478/11/17 4476/10/13
f 4469/12/5 4480/13/9 4468/13/4
f 4473/5/14 4470/5/6 4471/3/7
f 4475/5/22 4473/5/14 4474/5/12
f 4473/5/14 4475/5/22 4470/5/6
f 4474/5/12 4476/3/13 4475/5/22
f 4477/1/18 4475/5/22 4476/3/13
f 4477/1/18 4476/3/13 4478/2/17
f 4477/1/18 4479/4/15 4475/5/22
f 4477/1/18 4480/3/9 4479/4/15
f 4481/1/10 4480/3/9 4477/1/18
f 4477/14/18 4465/14/3 4481/14/10
f 4465/14/3 4477/14/18 4467/14/1
f 4470/6/6 4479/8/15 4469/8/5
f 4465/14/3 4482/9/11 4481/14/10
f 4482/9/11 4465/14/3 4466/9/2
f 4480/6/9 4466/9/2 4468/6/4
f 4478/11/17 4467/15/1 4477/15/18
f 4467/15/1 4478/11/17 4472/11/8
f 4478/11/17 4471/10/7 4472/11/8
f 4480/13/9 4469/12/5 4479/12/15
f 4485/1/1 4484/2/2 4483/1/3
f 4484/2/2 4485/1/1 4486/3/19
f 4486/3/19 4485/1/1 4487/4/5
f 4487/4/5 4485/1/1 4488/5/6
f 4488/5/6 4485/1/1 4489/3/7
f 4489/3/7 4485/1/1 4490/2/8
f 4498/3/9 4499/1/10 4500/2/11
f 4492/6/12 4489/7/7 4494/7/13
f 4489/7/7 4492/6/12 4491/6/14
f 4497/8/15 4488/6/6 4493/6/22
f 4484/9/2 4498/6/9 4500/9/11
f 4489/10/7 4496/11/17 4494/10/13
f 4487/12/5 4498/13/9 4486/13/19
f 4491/5/14 4488/5/6 4489/3/7
f 4493/5/22 4491/5/14 4492/5/12
f 4491/5/14 4493/5/22 4488/5/6
f 4492/5/12 4494/3/13 4493/5/22
f 4495/1/18 4493/5/22 4494/3/13
f 4495/1/18 4494/3/13 4496/2/17
f 4495/1/18 4497/4/15 4493/5/22
f 4495/1/18 4498/3/9 4497/4/15
f 4499/1/10 4498/3/9 4495/1/18
f 4495/14/18 4483/14/3 4499/14/10
f 4483/14/3 4495/14/18 4485/14/1
f 4488/6/6 4497/8/15 4487/8/5
f 4483/14/3 4500/9/11 4499/14/10
f 4500/9/11 4483/14/3 4484/9/2
f 4498/6/9 4484/9/2 4486/6/19
f 4496/11/17 4485/15/1 4495/15/18
f 4485/15/1 4496/11/17 4490/11/8
f 4496/11/17 4489/10/7 4490/11/8
f 4498/13/9 4487/12/5 4497/12/15
f 4503/1/1 4502/2/2 4501/1/3
f 4502/2/2 4503/1/1 4504/3/4
f 4504/3/4 4503/1/1 4505/4/5
f 4505/4/5 4503/1/1 4506/5/6
f 4506/5/6 4503/1/1 4507/3/7
f 4507/3/7 4503/1/1 4508/2/8
f 4516/3/9 4517/1/10 4518/2/11
f 4510/6/12 4507/7/7 4512/7/13
f 4507/7/7 4510/6/12 4509/6/14
f 4515/8/15 4506/6/6 4511/6/22
f 4502/9/2 4516/6/9 4518/9/11
f 4507/10/7 4514/11/17 4512/10/13
f 4505/12/5 4516/13/9 4504/13/4
f 4509/5/14 4506/5/6 4507/3/7
f 4511/5/22 4509/5/14 4510/5/12
f 4509/5/14 4511/5/22 4506/5/6
f 4510/5/12 4512/3/13 4511/5/22
f 4513/1/18 4511/5/22 4512/3/13
f 4513/1/18 4512/3/13 4514/2/17
f 4513/1/18 4515/4/15 4511/5/22
f 4513/1/18 4516/3/9 4515/4/15
f 4517/1/10 4516/3/9 4513/1/18
f 4513/14/18 4501/14/3 4517/14/10
f 4501/14/3 4513/14/18 4503/14/1
f 4506/6/6 4515/8/15 4505/8/5
f 4501/14/3 4518/9/11 4517/14/10
f 4518/9/11 4501/14/3 4502/9/2
f 4516/6/9 4502/9/2 4504/6/4
f 4514/11/17 4503/15/1 4513/15/18
f 4503/15/1 4514/11/17 4508/11/8
f 4514/11/17 4507/10/7 4508/11/8
f 4516/13/9 4505/12/5 4515/12/15
f 4521/1/1 4520/2/2 4519/1/3
f 4520/2/2 4521/1/1 4522/3/4
f 4522/3/4 4521/1/1 4523/4/5
f 4523/4/5 4521/1/1 4524/5/6
f 4524/5/6 4521/1/1 4525/3/7
f 4525/3/7 4521/1/1 4526/2/8
f 4534/3/9 4535/1/10 4536/2/11
f 4528/6/12 4525/7/7 4530/7/13
f 4525/7/7 4528/6/12 4527/6/14
f 4533/8/15 4524/6/6 4529/6/22
f 4520/9/2 4534/6/9 4536/9/11
f 4525/10/7 4532/11/17 4530/10/13
f 4523/12/5 4534/13/9 4522/13/4
f 4527/5/14 4524/5/6 4525/3/7
f 4529/5/22 4527/5/14 4528/5/12
f 4527/5/14 4529/5/22 4524/5/6
f 4528/5/12 4530/3/13 4529/5/22
f 4531/1/18 4529/5/22 4530/3/13
f 4531/1/18 4530/3/13 4532/2/17
f 4531/1/18 4533/4/15 4529/5/22
f 4531/1/18 4534/3/9 4533/4/15
f 4535/1/10 4534/3/9 4531/1/18
f 4531/14/18 4519/14/3 4535/14/10
f 4519/14/3 4531/14/18 4521/14/1
f 4524/6/6 4533/8/15 4523/8/5
f 4519/14/3 4536/9/11 4535/14/10
f 4536/9/11 4519/14/3 4520/9/2
f 4534/6/9 4520/9/2 4522/6/4
f 4532/11/17 4521/15/1 4531/15/18
f 4521/15/1 4532/11/17 4526/11/8
f 4532/11/17 4525/10/7 4526/11/8
f 4534/13/9 4523/12/5 4533/12/15
f 4539/1/1 4538/2/2 4537/1/3
f 4538/2/2 4539/1/1 4540/3/4
f 4540/3/4 4539/1/1 4541/4/5
f 4541/4/5 4539/1/1 4542/5/6
f 4542/5/6 4539/1/1 4543/3/7
f 4543/3/7 4539/1/1 4544/2/8
f 4552/3/9 4553/1/10 4554/2/11
f 4546/6/12 4543/7/7 4548/7/13
f 4543/7/7 4546/6/12 4545/6/14
f 4551/8/15 4542/6/6 4547/6/22
f 4538/9/2 4552/6/9 4554/9/11
f 4543/10/7 4550/11/17 4548/10/13
f 4541/12/5 4552/13/9 4540/13/4
f 4545/5/14 4542/5/6 4543/3/7
f 4547/5/22 4545/5/14 4546/5/12
f 4545/5/14 4547/5/22 4542/5/6
f 4546/5/12 4548/3/13 4547/5/22
f 4549/1/18 4547/5/22 4548/3/13
f 4549/1/18 4548/3/13 4550/2/17
f 4549/1/18 4551/4/15 4547/5/22
f 4549/1/18 4552/3/9 4551/4/15
f 4553/1/10 4552/3/9 4549/1/18
f 4549/14/18 4537/14/3 4553/14/10
f 4537/14/3 4549/14/18 4539/14/1
f 4542/6/6 4551/8/15 4541/8/5
f 4537/14/3 4554/9/11 4553/14/10
f 4554/9/11 4537/14/3 4538/9/2
f 4552/6/9 4538/9/2 4540/6/4
f 4550/11/17 4539/15/1 4549/15/18
f 4539/15/1 4550/11/17 4544/11/8
f 4550/11/17 4543/10/7 4544/11/8
f 4552/13/9 4541/12/5 4551/12/15
f 4557/1/1 4556/2/2 4555/1/3
f 4556/2/2 4557/1/1 4558/3/4
f 4558/3/4 4557/1/1 4559/4/5
f 4559/4/5 4557/1/1 4560/5/6
f 4560/5/6 4557/1/1 4561/3/7
f 4561/3/7 4557/1/1 4562/2/8
f 4570/3/9 4571/1/10 4572/2/11
f 4564/6/12 4561/7/7 4566/7/13
f 4561/7/7 4564/6/12 4563/6/14
f 4569/8/15 4560/6/6 4565/6/22
f 4556/9/2 4570/6/9 4572/9/11
f 4561/10/7 4568/11/17 4566/10/13
f 4559/12/5 4570/13/9 4558/13/4
f 4563/5/14 4560/5/6 4561/3/7
f 4565/5/22 4563/5/14 4564/5/12
f 4563/5/14 4565/5/22 4560/5/6
f 4564/5/12 4566/3/13 4565/5/22
f 4567/1/18 4565/5/22 4566/3/13
f 4567/1/18 4566/3/13 4568/2/17
f 4567/1/18 4569/4/15 4565/5/22
f 4567/1/18 4570/3/9 4569/4/15
f 4571/1/10 4570/3/9 4567/1/18
f 4567/14/18 4555/14/3 4571/14/10
f 4555/14/3 4567/14/18 4557/14/1
f 4560/6/6 4569/8/15 4559/8/5
f 4555/14/3 4572/9/11 4571/14/10
f 4572/9/11 4555/14/3 4556/9/2
f 4570/6/9 4556/9/2 4558/6/4
f 4568/11/17 4557/15/1 4567/15/18
f 4557/15/1 4568/11/17 4562/11/8
f 4568/11/17 4561/10/7 4562/11/8
f 4570/13/9 4559/12/5 4569/12/15
f 4575/1/1 4574/2/2 4573/1/3
f 4574/2/2 4575/1/1 4576/3/4
f 4576/3/4 4575/1/1 4577/4/5
f 4577/4/5 4575/1/1 4578/5/6
f 4578/5/6 4575/1/1 4579/3/7
f 4579/3/7 4575/1/1 4580/2/8
f 4588/3/9 4589/1/10 4590/2/11
f 4582/6/12 4579/7/7 4584/7/13
f 4579/7/7 4582/6/12 4581/6/14
f 4587/8/15 4578/6/6 4583/6/22
f 4574/9/2 4588/6/9 4590/9/11
f 4579/10/7 4586/11/17 4584/10/13
f 4577/12/5 4588/13/9 4576/13/4
f 4581/5/14 4578/5/6 4579/3/7
f 4583/5/22 4581/5/14 4582/5/12
f 4581/5/14 4583/5/22 4578/5/6
f 4582/5/12 4584/3/13 4583/5/22
f 4585/1/18 4583/5/22 4584/3/13
f 4585/1/18 4584/3/13 4586/2/17
f 4585/1/18 4587/4/15 4583/5/22
f 4585/1/18 4588/3/9 4587/4/15
f 4589/1/10 4588/3/9 4585/1/18
f 4585/14/18 4573/14/3 4589/14/10
f 4573/14/3 4585/14/18 4575/14/1
f 4578/6/6 4587/8/15 4577/8/5
f 4573/14/3 4590/9/11 4589/14/10
f 4590/9/11 4573/14/3 4574/9/2
f 4588/6/9 4574/9/2 4576/6/4
f 4586/11/17 4575/15/1 4585/15/18
f 4575/15/1 4586/11/17 4580/11/8
f 4586/11/17 4579/10/7 4580/11/8
f 4588/13/9 4577/12/5 4587/12/15
f 4593/1/1 4592/2/2 4591/1/3
f 4592/2/2 4593/1/1 4594/3/4
f 4594/3/4 4593/1/1 4595/4/5
f 4595/4/5 4593/1/1 4596/5/6
f 4596/5/6 4593/1/1 4597/3/7
f 4597/3/7 4593/1/1 4598/2/8
f 4606/3/9 4607/1/10 4608/2/11
f 4600/6/12 4597/7/7 4602/7/13
f 4597/7/7 4600/6/12 4599/6/14
f 4605/8/15 4596/6/6 4601/6/22
f 4592/9/2 4606/6/9 4608/9/11
f 4597/10/7 4604/11/17 4602/10/13
f 4595/12/5 4606/13/9 4594/13/4
f 4599/5/14 4596/5/6 4597/3/7
f 4601/5/22 4599/5/14 4600/5/12
f 4599/5/14 4601/5/22 4596/5/6
f 4600/5/12 4602/3/13 4601/5/22
f 4603/1/18 4601/5/22 4602/3/13
f 4603/1/18 4602/3/13 4604/2/17
f 4603/1/18 4605/4/15 4601/5/22
f 4603/1/18 4606/3/9 4605/4/15
f 4607/1/10 4606/3/9 4603/1/18
f 4603/14/18 4591/14/3 4607/14/10
f 4591/14/3 4603/14/18 4593/14/1
f 4596/6/6 4605/8/15 4595/8/5
f 4591/14/3 4608/9/11 4607/14/10
f 4608/9/11 4591/14/3 4592/9/2
f 4606/6/9 4592/9/2 4594/6/4
f 4604/11/17 4593/15/1 4603/15/18
f 4593/15/1 4604/11/17 4598/11/8
f 4604/11/17 4597/10/7 4598/11/8
f 4606/13/9 4595/12/5 4605/12/15
f 4611/1/1 4610/2/2 4609/1/3
f 4610/2/2 4611/1/1 4612/3/19
f 4612/3/19 4611/1/1 4613/4/5
f 4613/4/5 4611/1/1 4614/5/6
f 4614/5/6 4611/1/1 4615/3/7
f 4615/3/7 4611/1/1 4616/2/8
f 4624/3/9 4625/1/10 4626/2/11
f 4618/6/12 4615/7/7 4620/7/13
f 4615/7/7 4618/6/12 4617/6/14
f 4623/8/15 4614/6/6 4619/6/22
f 4610/9/2 4624/6/9 4626/9/11
f 4615/10/7 4622/11/17 4620/10/13
f 4613/12/5 4624/13/9 4612/13/19
f 4617/5/14 4614/5/6 4615/3/7
f 4619/5/22 4617/5/14 4618/5/12
f 4617/5/14 4619/5/22 4614/5/6
f 4618/5/12 4620/3/13 4619/5/22
f 4621/1/18 4619/5/22 4620/3/13
f 4621/1/18 4620/3/13 4622/2/17
f 4621/1/18 4623/4/15 4619/5/22
f 4621/1/18 4624/3/9 4623/4/15
f 4625/1/10 4624/3/9 4621/1/18
f 4621/14/18 4609/14/3 4625/14/10
f 4609/14/3 4621/14/18 4611/14/1
f 4614/6/6 4623/8/15 4613/8/5
f 4609/14/3 4626/9/11 4625/14/10
f 4626/9/11 4609/14/3 4610/9/2
f 4624/6/9 4610/9/2 4612/6/19
f 4622/11/17 4611/15/1 4621/15/18
f 4611/15/1 4622/11/17 4616/11/8
f 4622/11/17 4615/10/7 4616/11/8
f 4624/13/9 4613/12/5 4623/12/15
f 4629/1/1 4628/2/2 4627/1/3
f 4628/2/2 4629/1/1 4630/3/4
f 4630/3/4 4629/1/1 4631/4/5
f 4631/4/5 4629/1/1 4632/5/6
f 4632/5/6 4629/1/1 4633/3/7
f 4633/3/7 4629/1/1 4634/2/8
f 4642/3/9 4643/1/10 4644/2/11
f 4636/6/12 4633/7/7 4638/7/13
f 4633/7/7 4636/6/12 4635/6/14
f 4641/8/15 4632/6/6 4637/6/22
f 4628/9/2 4642/6/9 4644/9/11
f 4633/10/7 4640/11/17 4638/10/13
f 4631/12/5 4642/13/9 4630/13/4
f 4635/5/14 4632/5/6 4633/3/7
f 4637/5/22 4635/5/14 4636/5/12
f 4635/5/14 4637/5/22 4632/5/6
f 4636/5/12 4638/3/13 4637/5/22
f 4639/1/18 4637/5/22 4638/3/13
f 4639/1/18 4638/3/13 4640/2/17
f 4639/1/18 4641/4/15 4637/5/22
f 4639/1/18 4642/3/9 4641/4/15
f 4643/1/10 4642/3/9 4639/1/18
f 4639/14/18 4627/14/3 4643/14/10
f 4627/14/3 4639/14/18 4629/14/1
f 4632/6/6 4641/8/15 4631/8/5
f 4627/14/3 4644/9/11 4643/14/10
f 4644/9/11 4627/14/3 4628/9/2
f 4642/6/9 4628/9/2 4630/6/4
f 4640/11/17 4629/15/1 4639/15/18
f 4629/15/1 4640/11/17 4634/11/8
f 4640/11/17 4633/10/7 4634/11/8
f 4642/13/9 4631/12/5 4641/12/15
f 4647/1/1 4646/2/2 4645/1/3
f 4646/2/2 4647/1/1 4648/3/4
f 4648/3/4 4647/1/1 4649/4/5
f 4649/4/5 4647/1/1 4650/5/6
f 4650/5/6 4647/1/1 4651/3/7
f 4651/3/7 4647/1/1 4652/2/8
f 4660/3/9 4661/1/10 4662/2/11
f 4654/6/12 4651/7/7 4656/7/13
f 4651/7/7 4654/6/12 4653/6/14
f 4659/8/15 4650/6/6 4655/6/22
f 4646/9/2 4660/6/9 4662/9/11
f 4651/10/7 4658/11/17 4656/10/13
f 4649/12/5 4660/13/9 4648/13/4
f 4653/5/14 4650/5/6 4651/3/7
f 4655/5/22 4653/5/14 4654/5/12
f 4653/5/14 4655/5/22 4650/5/6
f 4654/5/12 4656/3/13 4655/5/22
f 4657/1/18 4655/5/22 4656/3/13
f 4657/1/18 4656/3/13 4658/2/17
f 4657/1/18 4659/4/15 4655/5/22
f 4657/1/18 4660/3/9 4659/4/15
f 4661/1/10 4660/3/9 4657/1/18
f 4657/14/18 4645/14/3 4661/14/10
f 4645/14/3 4657/14/18 4647/14/1
f 4650/6/6 4659/8/15 4649/8/5
f 4645/14/3 4662/9/11 4661/14/10
f 4662/9/11 4645/14/3 4646/9/2
f 4660/6/9 4646/9/2 4648/6/4
f 4658/11/17 4647/15/1 4657/15/18
f 4647/15/1 4658/11/17 4652/11/8
f 4658/11/17 4651/10/7 4652/11/8
f 4660/13/9 4649/12/5 4659/12/15
f 4665/1/1 4664/2/2 4663/1/3
f 4664/2/2 4665/1/1 4666/3/4
f 4666/3/4 4665/1/1 4667/4/5
f 4667/4/5 4665/1/1 4668/5/6
f 4668/5/6 4665/1/1 4669/3/7
f 4669/3/7 4665/1/1 4670/2/8
f 4678/3/9 4679/1/10 4680/2/11
f 4672/6/12 4669/7/7 4674/7/13
f 4669/7/7 4672/6/12 4671/6/14
f 4677/8/15 4668/6/6 4673/6/22
f 4664/9/2 4678/6/9 4680/9/11
f 4669/10/7 4676/11/17 4674/10/13
f 4667/12/5 4678/13/9 4666/13/4
f 4671/5/14 4668/5/6 4669/3/7
f 4673/5/22 4671/5/14 4672/5/12
f 4671/5/14 4673/5/22 4668/5/6
f 4672/5/12 4674/3/13 4673/5/22
f 4675/1/18 4673/5/22 4674/3/13
f 4675/1/18 4674/3/13 4676/2/17
f 4675/1/18 4677/4/15 4673/5/22
f 4675/1/18 4678/3/9 4677/4/15
f 4679/1/10 4678/3/9 4675/1/18
f 4675/14/18 4663/14/3 4679/14/10
f 4663/14/3 4675/14/18 4665/14/1
f 4668/6/6 4677/8/15 4667/8/5
f 4663/14/3 4680/9/11 4679/14/10
f 4680/9/11 4663/14/3 4664/9/2
f 4678/6/9 4664/9/2 4666/6/4
f 4676/11/17 4665/15/1 4675/15/18
f 4665/15/1 4676/11/17 4670/11/8
f 4676/11/17 4669/10/7 4670/11/8
f 4678/13/9 4667/12/5 4677/12/15
f 4683/1/1 4682/2/2 4681/1/3
f 4682/2/2 4683/1/1 4684/3/4
f 4684/3/4 4683/1/1 4685/4/5
f 4685/4/5 4683/1/1 4686/5/6
f 4686/5/6 4683/1/1 4687/3/7
f 4687/3/7 4683/1/1 4688/2/8
f 4696/3/9 4697/1/10 4698/2/11
f 4690/6/12 4687/7/7 4692/7/13
f 4687/7/7 4690/6/12 4689/6/14
f 4695/8/15 4686/6/6 4691/6/22
f 4682/9/2 4696/6/9 4698/9/11
f 4687/10/7 4694/11/17 4692/10/13
f 4685/12/5 4696/13/9 4684/13/4
f 4689/5/14 4686/5/6 4687/3/7
f 4691/5/22 4689/5/14 4690/5/12
f 4689/5/14 4691/5/22 4686/5/6
f 4690/5/12 4692/3/13 4691/5/22
f 4693/1/18 4691/5/22 4692/3/13
f 4693/1/18 4692/3/13 4694/2/17
f 4693/1/18 4695/4/15 4691/5/22
f 4693/1/18 4696/3/9 4695/4/15
f 4697/1/10 4696/3/9 4693/1/18
f 4693/14/18 4681/14/3 4697/14/10
f 4681/14/3 4693/14/18 4683/14/1
f 4686/6/6 4695/8/15 4685/8/5
f 4681/14/3 4698/9/11 4697/14/10
f 4698/9/11 4681/14/3 4682/9/2
f 4696/6/9 4682/9/2 4684/6/4
f 4694/11/17 4683/15/1 4693/15/18
f 4683/15/1 4694/11/17 4688/11/8
f 4694/11/17 4687/10/7 4688/11/8
f 4696/13/9 4685/12/5 4695/12/15
f 4701/1/1 4700/2/2 4699/1/3
f 4700/2/2 4701/1/1 4702/3/4
f 4702/3/4 4701/1/1 4703/4/5
f 4703/4/5 4701/1/1 4704/5/6
f 4704/5/6 4701/1/1 4705/3/7
f 4705/3/7 4701/1/1 4706/2/8
f 4714/3/9 4715/1/10 4716/2/11
f 4708/6/12 4705/7/7 4710/7/13
f 4705/7/7 4708/6/12 4707/6/14
f 4713/8/15 4704/6/6 4709/6/22
f 4700/9/2 4714/6/9 4716/9/11
f 4705/10/7 4712/11/17 4710/10/13
f 4703/12/5 4714/13/9 4702/13/4
f 4707/5/14 4704/5/6 4705/3/7
f 4709/5/22 4707/5/14 4708/5/12
f 4707/5/14 4709/5/22 4704/5/6
f 4708/5/12 4710/3/13 4709/5/22
f 4711/1/18 4709/5/22 4710/3/13
f 4711/1/18 4710/3/13 4712/2/17
f 4711/1/18 4713/4/15 4709/5/22
f 4711/1/18 4714/3/9 4713/4/15
f 4715/1/10 4714/3/9 4711/1/18
f 4711/14/18 4699/14/3 4715/14/10
f 4699/14/3 4711/14/18 4701/14/1
f 4704/6/6 4713/8/15 4703/8/5
f 4699/14/3 4716/9/11 4715/14/10
f 4716/9/11 4699/14/3 4700/9/2
f 4714/6/9 4700/9/2 4702/6/4
f 4712/11/17 4701/15/1 4711/15/18
f 4701/15/1 4712/11/17 4706/11/8
f 4712/11/17 4705/10/7 4706/11/8
f 4714/13/9 4703/12/5 4713/12/15
f 4719/1/1 4718/2/2 4717/1/3
f 4718/2/2 4719/1/1 4720/3/4
f 4720/3/4 4719/1/1 4721/4/5
f 4721/4/5 4719/1/1 4722/5/6
f 4722/5/6 4719/1/1 4723/3/7
f 4723/3/7 4719/1/1 4724/2/8
f 4732/3/9 4733/1/10 4734/2/11
f 4726/6/12 4723/7/7 4728/7/13
f 4723/7/7 4726/6/12 4725/6/14
f 4731/8/15 4722/6/6 4727/6/22
f 4718/9/2 4732/6/9 4734/9/11
f 4723/10/7 4730/11/17 4728/10/13
f 4721/12/5 4732/13/9 4720/13/4
f 4725/5/14 4722/5/6 4723/3/7
f 4727/5/22 4725/5/14 4726/5/12
f 4725/5/14 4727/5/22 4722/5/6
f 4726/5/12 4728/3/13 4727/5/22
f 4729/1/18 4727/5/22 4728/3/13
f 4729/1/18 4728/3/13 4730/2/17
f 4729/1/18 4731/4/15 4727/5/22
f 4729/1/18 4732/3/9 4731/4/15
f 4733/1/10 4732/3/9 4729/1/18
f 4729/14/18 4717/14/3 4733/14/10
f 4717/14/3 4729/14/18 4719/14/1
f 4722/6/6 4731/8/15 4721/8/5
f 4717/14/3 4734/9/11 4733/14/10
f 4734/9/11 4717/14/3 4718/9/2
f 4732/6/9 4718/9/2 4720/6/4
f 4730/11/17 4719/15/1 4729/15/18
f 4719/15/1 4730/11/17 4724/11/8
f 4730/11/17 4723/10/7 4724/11/8
f 4732/13/9 4721/12/5 4731/12/15
f 4737/1/1 4736/2/2 4735/1/3
f 4736/2/2 4737/1/1 4738/3/19
f 4738/3/19 4737/1/1 4739/4/5
f 4739/4/5 4737/1/1 4740/5/6
f 4740/5/6 4737/1/1 4741/3/7
f 4741/3/7 4737/1/1 4742/2/8
f 4750/3/9 4751/1/10 4752/2/11
f 4744/6/12 4741/7/7 4746/7/13
f 4741/7/7 4744/6/12 4743/6/14
f 4749/8/15 4740/6/6 4745/6/22
f 4736/9/2 4750/6/9 4752/9/11
f 4741/10/7 4748/11/17 4746/10/13
f 4739/12/5 4750/13/9 4738/13/19
f 4743/5/14 4740/5/6 4741/3/7
f 4745/5/22 4743/5/14 4744/5/12
f 4743/5/14 4745/5/22 4740/5/6
f 4744/5/12 4746/3/13 4745/5/22
f 4747/1/18 4745/5/22 4746/3/13
f 4747/1/18 4746/3/13 4748/2/17
f 4747/1/18 4749/4/15 4745/5/22
f 4747/1/18 4750/3/9 4749/4/15
f 4751/1/10 4750/3/9 4747/1/18
f 4747/14/18 4735/14/3 4751/14/10
f 4735/14/3 4747/14/18 4737/14/1
f 4740/6/6 4749/8/15 4739/8/5
f 4735/14/3 4752/9/11 4751/14/10
f 4752/9/11 4735/14/3 4736/9/2
f 4750/6/9 4736/9/2 4738/6/19
f 4748/11/17 4737/15/1 4747/15/18
f 4737/15/1 4748/11/17 4742/11/8
f 4748/11/17 4741/10/7 4742/11/8
f 4750/13/9 4739/12/5 4749/12/15
f 4755/1/1 4754/2/2 4753/1/3
f 4754/2/2 4755/1/1 4756/3/4
f 4756/3/4 4755/1/1 4757/4/5
f 4757/4/5 4755/1/1 4758/5/6
f 4758/5/6 4755/1/1 4759/3/7
f 4759/3/7 4755/1/1 4760/2/8
f 4768/3/9 4769/1/10 4770/2/11
f 4762/6/12 4759/7/7 4764/7/13
f 4759/7/7 4762/6/12 4761/6/14
f 4767/8/15 4758/6/6 4763/6/22
f 4754/9/2 4768/6/9 4770/9/11
f 4759/10/7 4766/11/17 4764/10/13
f 4757/12/5 4768/13/9 4756/13/4
f 4761/5/14 4758/5/6 4759/3/7
f 4763/5/22 4761/5/14 4762/5/12
f 4761/5/14 4763/5/22 4758/5/6
f 4762/5/12 4764/3/13 4763/5/22
f 4765/1/18 4763/5/22 4764/3/13
f 4765/1/18 4764/3/13 4766/2/17
f 4765/1/18 4767/4/15 4763/5/22
f 4765/1/18 4768/3/9 4767/4/15
f 4769/1/10 4768/3/9 4765/1/18
f 4765/14/18 4753/14/3 4769/14/10
f 4753/14/3 4765/14/18 4755/14/1
f 4758/6/6 4767/8/15 4757/8/5
f 4753/14/3 4770/9/11 4769/14/10
f 4770/9/11 4753/14/3 4754/9/2
f 4768/6/9 4754/9/2 4756/6/4
f 4766/11/17 4755/15/1 4765/15/18
f 4755/15/1 4766/11/17 4760/11/8
f 4766/11/17 4759/10/7 4760/11/8
f 4768/13/9 4757/12/5 4767/12/15
f 4773/1/1 4772/2/2 4771/1/3
f 4772/2/2 4773/1/1 4774/3/4
f 4774/3/4 4773/1/1 4775/4/5
f 4775/4/5 4773/1/1 4776/5/6
f 4776/5/6 4773/1/1 4777/3/7
f 4777/3/7 4773/1/1 4778/2/8
f 4786/3/9 4787/1/10 4788/2/11
f 4780/6/12 4777/7/7 4782/7/13
f 4777/7/7 4780/6/12 4779/6/14
f 4785/8/15 4776/6/6 4781/6/22
f 4772/9/2 4786/6/9 4788/9/11
f 4777/10/7 4784/11/17 4782/10/13
f 4775/12/5 4786/13/9 4774/13/4
f 4779/5/14 4776/5/6 4777/3/7
f 4781/5/22 4779/5/14 4780/5/12
f 4779/5/14 4781/5/22 4776/5/6
f 4780/5/12 4782/3/13 4781/5/22
f 4783/1/18 4781/5/22 4782/3/13
f 4783/1/18 4782/3/13 4784/2/17
f 4783/1/18 4785/4/15 4781/5/22
f 4783/1/18 4786/3/9 4785/4/15
f 4787/1/10 4786/3/9 4783/1/18
f 4783/14/18 4771/14/3 4787/14/10
f 4771/14/3 4783/14/18 4773/14/1
f 4776/6/6 4785/8/15 4775/8/5
f 4771/14/3 4788/9/11 4787/14/10
f 4788/9/11 4771/14/3 4772/9/2
f 4786/6/9 4772/9/2 4774/6/4
f 4784/11/17 4773/15/1 4783/15/18
f 4773/15/1 4784/11/17 4778/11/8
f 4784/11/17 4777/10/7 4778/11/8
f 4786/13/9 4775/12/5 4785/12/15
f 4791/1/1 4790/2/2 4789/1/3
f 4790/2/2 4791/1/1 4792/3/4
f 4792/3/4 4791/1/1 4793/4/5
f 4793/4/5 4791/1/1 4794/5/6
f 4794/5/6 4791/1/1 4795/3/7
f 4795/3/7 4791/1/1 4796/2/8
f 4804/3/9 4805/1/10 4806/2/11
f 4798/6/12 4795/7/7 4800/7/13
f 4795/7/7 4798/6/12 4797/6/14
f 4803/8/15 4794/6/6 4799/6/22
f 4790/9/2 4804/6/9 4806/9/11
f 4795/10/7 4802/11/17 4800/10/13
f 4793/12/5 4804/13/9 4792/13/4
f 4797/5/14 4794/5/6 4795/3/7
f 4799/5/22 4797/5/14 4798/5/12
f 4797/5/14 4799/5/22 4794/5/6
f 4798/5/12 4800/3/13 4799/5/22
f 4801/1/18 4799/5/22 4800/3/13
f 4801/1/18 4800/3/13 4802/2/17
f 4801/1/18 4803/4/15 4799/5/22
f 4801/1/18 4804/3/9 4803/4/15
f 4805/1/10 4804/3/9 4801/1/18
f 4801/14/18 4789/14/3 4805/14/10
f 4789/14/3 4801/14/18 4791/14/1
f 4794/6/6 4803/8/15 4793/8/5
f 4789/14/3 4806/9/11 4805/14/10
f 4806/9/11 4789/14/3 4790/9/2
f 4804/6/9 4790/9/2 4792/6/4
f 4802/11/17 4791/15/1 4801/15/18
f 4791/15/1 4802/11/17 4796/11/8
f 4802/11/17 4795/10/7 4796/11/8
f 4804/13/9 4793/12/5 4803/12/15
f 4809/1/1 4808/2/2 4807/1/3
f 4808/2/2 4809/1/1 4810/3/19
f 4810/3/19 4809/1/1 4811/4/5
f 4811/4/5 4809/1/1 4812/5/6
f 4812/5/6 4809/1/1 4813/3/7
f 4813/3/7 4809/1/1 4814/2/8
f 4822/3/9 4823/1/10 4824/2/11
f 4816/6/12 4813/7/7 4818/7/13
f 4813/7/7 4816/6/12 4815/6/14
f 4821/8/15 4812/6/6 4817/6/22
f 4808/9/2 4822/6/9 4824/9/11
f 4813/10/7 4820/11/17 4818/10/13
f 4811/12/5 4822/13/9 4810/13/19
f 4815/5/14 4812/5/6 4813/3/7
f 4817/5/22 4815/5/14 4816/5/12
f 4815/5/14 4817/5/22 4812/5/6
f 4816/5/12 4818/3/13 4817/5/22
f 4819/1/18 4817/5/22 4818/3/13
f 4819/1/18 4818/3/13 4820/2/17
f 4819/1/18 4821/4/15 4817/5/22
f 4819/1/18 4822/3/9 4821/4/15
f 4823/1/10 4822/3/9 4819/1/18
f 4819/14/18 4807/14/3 4823/14/10
f 4807/14/3 4819/14/18 4809/14/1
f 4812/6/6 4821/8/15 4811/8/5
f 4807/14/3 4824/9/11 4823/14/10
f 4824/9/11 4807/14/3 4808/9/2
f 4822/6/9 4808/9/2 4810/6/19
f 4820/11/17 4809/15/1 4819/15/18
f 4809/15/1 4820/11/17 4814/11/8
f 4820/11/17 4813/10/7 4814/11/8
f 4822/13/9 4811/12/5 4821/12/15
f 4827/1/1 4826/2/2 4825/1/3
f 4826/2/2 4827/1/1 4828/3/4
f 4828/3/4 4827/1/1 4829/4/5
f 4829/4/5 4827/1/1 4830/5/6
f 4830/5/6 4827/1/1 4831/3/7
f 4831/3/7 4827/1/1 4832/2/8
f 4840/3/9 4841/1/10 4842/2/11
f 4834/6/12 4831/7/7 4836/7/20
f 4831/7/7 4834/6/12 4833/6/14
f 4839/8/15 4830/6/6 4835/6/16
f 4826/9/2 4840/6/9 4842/9/11
f 4831/10/7 4838/11/17 4836/10/20
f 4829/12/5 4840/13/9 4828/13/4
f 4833/5/14 4830/5/6 4831/3/7
f 4835/5/16 4833/5/14 4834/5/12
f 4833/5/14 4835/5/16 4830/5/6
f 4834/5/12 4836/3/20 4835/5/16
f 4837/1/18 4835/5/16 4836/3/20
f 4837/1/18 4836/3/20 4838/2/17
f 4837/1/18 4839/4/15 4835/5/16
f 4837/1/18 4840/3/9 4839/4/15
f 4841/1/10 4840/3/9 4837/1/18
f 4837/14/18 4825/14/3 4841/14/10
f 4825/14/3 4837/14/18 4827/14/1
f 4830/6/6 4839/8/15 4829/8/5
f 4825/14/3 4842/9/11 4841/14/10
f 4842/9/11 4825/14/3 4826/9/2
f 4840/6/9 4826/9/2 4828/6/4
f 4838/11/17 4827/15/1 4837/15/18
f 4827/15/1 4838/11/17 4832/11/8
f 4838/11/17 4831/10/7 4832/11/8
f 4840/13/9 4829/12/5 4839/12/15
f 4845/1/1 4844/2/2 4843/1/3
f 4844/2/2 4845/1/1 4846/3/4
f 4846/3/4 4845/1/1 4847/4/5
f 4847/4/5 4845/1/1 4848/5/6
f 4848/5/6 4845/1/1 4849/3/7
f 4849/3/7 4845/1/1 4850/2/8
f 4858/3/9 4859/1/10 4860/2/11
f 4852/6/12 4849/7/7 4854/7/13
f 4849/7/7 4852/6/12 4851/6/14
f 4857/8/15 4848/6/6 4853/6/22
f 4844/9/2 4858/6/9 4860/9/11
f 4849/10/7 4856/11/17 4854/10/13
f 4847/12/5 4858/13/9 4846/13/4
f 4851/5/14 4848/5/6 4849/3/7
f 4853/5/22 4851/5/14 4852/5/12
f 4851/5/14 4853/5/22 4848/5/6
f 4852/5/12 4854/3/13 4853/5/22
f 4855/1/18 4853/5/22 4854/3/13
f 4855/1/18 4854/3/13 4856/2/17
f 4855/1/18 4857/4/15 4853/5/22
f 4855/1/18 4858/3/9 4857/4/15
f 4859/1/10 4858/3/9 4855/1/18
f 4855/14/18 4843/14/3 4859/14/10
f 4843/14/3 4855/14/18 4845/14/1
f 4848/6/6 4857/8/15 4847/8/5
f 4843/14/3 4860/9/11 4859/14/10
f 4860/9/11 4843/14/3 4844/9/2
f 4858/6/9 4844/9/2 4846/6/4
f 4856/11/17 4845/15/1 4855/15/18
f 4845/15/1 4856/11/17 4850/11/8
f 4856/11/17 4849/10/7 4850/11/8
f 4858/13/9 4847/12/5 4857/12/15
f 4863/1/1 4862/2/2 4861/1/3
f 4862/2/2 4863/1/1 4864/3/4
f 4864/3/4 4863/1/1 4865/4/5
f 4865/4/5 4863/1/1 4866/5/6
f 4866/5/6 4863/1/1 4867/3/7
f 4867/3/7 4863/1/1 4868/2/8
f 4876/3/9 4877/1/10 4878/2/11
f 4870/6/12 4867/7/7 4872/7/13
f 4867/7/7 4870/6/12 4869/6/14
f 4875/8/15 4866/6/6 4871/6/22
f 4862/9/2 4876/6/9 4878/9/11
f 4867/10/7 4874/11/17 4872/10/13
f 4865/12/5 4876/13/9 4864/13/4
f 4869/5/14 4866/5/6 4867/3/7
f 4871/5/22 4869/5/14 4870/5/12
f 4869/5/14 4871/5/22 4866/5/6
f 4870/5/12 4872/3/13 4871/5/22
f 4873/1/18 4871/5/22 4872/3/13
f 4873/1/18 4872/3/13 4874/2/17
f 4873/1/18 4875/4/15 4871/5/22
f 4873/1/18 4876/3/9 4875/4/15
f 4877/1/10 4876/3/9 4873/1/18
f 4873/14/18 4861/14/3 4877/14/10
f 4861/14/3 4873/14/18 4863/14/1
f 4866/6/6 4875/8/15 4865/8/5
f 4861/14/3 4878/9/11 4877/14/10
f 4878/9/11 4861/14/3 4862/9/2
f 4876/6/9 4862/9/2 4864/6/4
f 4874/11/17 4863/15/1 4873/15/18
f 4863/15/1 4874/11/17 4868/11/8
f 4874/11/17 4867/10/7 4868/11/8
f 4876/13/9 4865/12/5 4875/12/15
f 4881/1/1 4880/2/2 4879/1/3
f 4880/2/2 4881/1/1 4882/3/4
f 4882/3/4 4881/1/1 4883/4/5
f 4883/4/5 4881/1/1 4884/5/6
f 4884/5/6 4881/1/1 4885/3/7
f 4885/3/7 4881/1/1 4886/2/8
f 4894/3/9 4895/1/10 4896/2/11
f 4888/6/12 4885/7/7 4890/7/13
f 4885/7/7 4888/6/12 4887/6/14
f 4893/8/15 4884/6/6 4889/6/22
f 4880/9/2 4894/6/9 4896/9/11
f 4885/10/7 4892/11/17 4890/10/13
f 4883/12/5 4894/13/9 4882/13/4
f 4887/5/14 4884/5/6 4885/3/7
f 4889/5/22 4887/5/14 4888/5/12
f 4887/5/14 4889/5/22 4884/5/6
f 4888/5/12 4890/3/13 4889/5/22
f 4891/1/18 4889/5/22 4890/3/13
f 4891/1/18 4890/3/13 4892/2/17
f 4891/1/18 4893/4/15 4889/5/22
f 4891/1/18 4894/3/9 4893/4/15
f 4895/1/10 4894/3/9 4891/1/18
f 4891/14/18 4879/14/3 4895/14/10
f 4879/14/3 4891/14/18 4881/14/1
f 4884/6/6 4893/8/15 4883/8/5
f 4879/14/3 4896/9/11 4895/14/10
f 4896/9/11 4879/14/3 4880/9/2
f 4894/6/9 4880/9/2 4882/6/4
f 4892/11/17 4881/15/1 4891/15/18
f 4881/15/1 4892/11/17 4886/11/8
f 4892/11/17 4885/10/7 4886/11/8
f 4894/13/9 4883/12/5 4893/12/15
f 4899/1/1 4898/2/2 4897/1/3
f 4898/2/2 4899/1/1 4900/3/19
f 4900/3/19 4899/1/1 4901/4/5
f 4901/4/5 4899/1/1 4902/5/6
f 4902/5/6 4899/1/1 4903/3/7
f 4903/3/7 4899/1/1 4904/2/8
f 4912/3/9 4913/1/10 4914/2/11
f 4906/6/12 4903/7/7 4908/7/13
f 4903/7/7 4906/6/12 4905/6/14
f 4911/8/15 4902/6/6 4907/6/22
f 4898/9/2 4912/6/9 4914/9/11
f 4903/10/7 4910/11/17 4908/10/13
f 4901/12/5 4912/13/9 4900/13/19
f 4905/5/14 4902/5/6 4903/3/7
f 4907/5/22 4905/5/14 4906/5/12
f 4905/5/14 4907/5/22 4902/5/6
f 4906/5/12 4908/3/13 4907/5/22
f 4909/1/18 4907/5/22 4908/3/13
f 4909/1/18 4908/3/13 4910/2/17
f 4909/1/18 4911/4/15 4907/5/22
f 4909/1/18 4912/3/9 4911/4/15
f 4913/1/10 4912/3/9 4909/1/18
f 4909/14/18 4897/14/3 4913/14/10
f 4897/14/3 4909/14/18 4899/14/1
f 4902/6/6 4911/8/15 4901/8/5
f 4897/14/3 4914/9/11 4913/14/10
f 4914/9/11 4897/14/3 4898/9/2
f 4912/6/9 4898/9/2 4900/6/19
f 4910/11/17 4899/15/1 4909/15/18
f 4899/15/1 4910/11/17 4904/11/8
f 4910/11/17 4903/10/7 4904/11/8
f 4912/13/9 4901/12/5 4911/12/15
f 4917/1/1 4916/2/2 4915/1/3
f 4916/2/2 4917/1/1 4918/3/4
f 4918/3/4 4917/1/1 4919/4/5
f 4919/4/5 4917/1/1 4920/5/6
f 4920/5/6 4917/1/1 4921/3/7
f 4921/3/7 4917/1/1 4922/2/8
f 4930/3/9 4931/1/10 4932/2/11
f 4924/6/12 4921/7/7 4926/7/13
f 4921/7/7 4924/6/12 4923/6/14
f 4929/8/15 4920/6/6 4925/6/22
f 4916/9/2 4930/6/9 4932/9/11
f 4921/10/7 4928/11/17 4926/10/13
f 4919/12/5 4930/13/9 4918/13/4
f 4923/5/14 4920/5/6 4921/3/7
f 4925/5/22 4923/5/14 4924/5/12
f 4923/5/14 4925/5/22 4920/5/6
f 4924/5/12 4926/3/13 4925/5/22
f 4927/1/18 4925/5/22 4926/3/13
f 4927/1/18 4926/3/13 4928/2/17
f 4927/1/18 4929/4/15 4925/5/22
f 4927/1/18 4930/3/9 4929/4/15
f 4931/1/10 4930/3/9 4927/1/18
f 4927/14/18 4915/14/3 4931/14/10
f 4915/14/3 4927/14/18 4917/14/1
f 4920/6/6 4929/8/15 4919/8/5
f 4915/14/3 4932/9/11 4931/14/10
f 4932/9/11 4915/14/3 4916/9/2
f 4930/6/9 4916/9/2 4918/6/4
f 4928/11/17 4917/15/1 4927/15/18
f 4917/15/1 4928/11/17 4922/11/8
f 4928/11/17 4921/10/7 4922/11/8
f 4930/13/9 4919/12/5 4929/12/15
f 4935/1/1 4934/2/2 4933/1/3
f 4934/2/2 4935/1/1 4936/3/4
f 4936/3/4 4935/1/1 4937/4/5
f 4937/4/5 4935/1/1 4938/5/6
f 4938/5/6 4935/1/1 4939/3/7
f 4939/3/7 4935/1/1 4940/2/8
f 4948/3/9 4949/1/10 4950/2/11
f 4942/6/12 4939/7/7 4944/7/13
f 4939/7/7 4942/6/12 4941/6/14
f 4947/8/15 4938/6/6 4943/6/22
f 4934/9/2 4948/6/9 4950/9/11
f 4939/10/7 4946/11/17 4944/10/13
f 4937/12/5 4948/13/9 4936/13/4
f 4941/5/14 4938/5/6 4939/3/7
f 4943/5/22 4941/5/14 4942/5/12
f 4941/5/14 4943/5/22 4938/5/6
f 4942/5/12 4944/3/13 4943/5/22
f 4945/1/18 4943/5/22 4944/3/13
f 4945/1/18 4944/3/13 4946/2/17
f 4945/1/18 4947/4/15 4943/5/22
f 4945/1/18 4948/3/9 4947/4/15
f 4949/1/10 4948/3/9 4945/1/18
f 4945/14/18 4933/14/3 4949/14/10
f 4933/14/3 4945/14/18 4935/14/1
f 4938/6/6 4947/8/15 4937/8/5
f 4933/14/3 4950/9/11 4949/14/10
f 4950/9/11 4933/14/3 4934/9/2
f 4948/6/9 4934/9/2 4936/6/4
f 4946/11/17 4935/15/1 4945/15/18
f 4935/15/1 4946/11/17 4940/11/8
f 4946/11/17 4939/10/7 4940/11/8
f 4948/13/9 4937/12/5 4947/12/15
f 4953/1/1 4952/2/2 4951/1/3
f 4952/2/2 4953/1/1 4954/3/4
f 4954/3/4 4953/1/1 4955/4/5
f 4955/4/5 4953/1/1 4956/5/6
f 4956/5/6 4953/1/1 4957/3/7
f 4957/3/7 4953/1/1 4958/2/8
f 4966/3/9 4967/1/10 4968/2/11
f 4960/6/12 4957/7/7 4962/7/13
f 4957/7/7 4960/6/12 4959/6/14
f 4965/8/15 4956/6/6 4961/6/22
f 4952/9/2 4966/6/9 4968/9/11
f 4957/10/7 4964/11/17 4962/10/13
f 4955/12/5 4966/13/9 4954/13/4
f 4959/5/14 4956/5/6 4957/3/7
f 4961/5/22 4959/5/14 4960/5/12
f 4959/5/14 4961/5/22 4956/5/6
f 4960/5/12 4962/3/13 4961/5/22
f 4963/1/18 4961/5/22 4962/3/13
f 4963/1/18 4962/3/13 4964/2/17
f 4963/1/18 4965/4/15 4961/5/22
f 4963/1/18 4966/3/9 4965/4/15
f 4967/1/10 4966/3/9 4963/1/18
f 4963/14/18 4951/14/3 4967/14/10
f 4951/14/3 4963/14/18 4953/14/1
f 4956/6/6 4965/8/15 4955/8/5
f 4951/14/3 4968/9/11 4967/14/10
f 4968/9/11 4951/14/3 4952/9/2
f 4966/6/9 4952/9/2 4954/6/4
f 4964/11/17 4953/15/1 4963/15/18
f 4953/15/1 4964/11/17 4958/11/8
f 4964/11/17 4957/10/7 4958/11/8
f 4966/13/9 4955/12/5 4965/12/15
f 4971/1/1 4970/2/2 4969/1/3
f 4970/2/2 4971/1/1 4972/3/4
f 4972/3/4 4971/1/1 4973/4/5
f 4973/4/5 4971/1/1 4974/5/6
f 4974/5/6 4971/1/1 4975/3/7
f 4975/3/7 4971/1/1 4976/2/8
f 4984/3/9 4985/1/10 4986/2/11
f 4978/6/12 4975/7/7 4980/7/13
f 4975/7/7 4978/6/12 4977/6/14
f 4983/8/15 4974/6/6 4979/6/22
f 4970/9/2 4984/6/9 4986/9/11
f 4975/10/7 4982/11/17 4980/10/13
f 4973/12/5 4984/13/9 4972/13/4
f 4977/5/14 4974/5/6 4975/3/7
f 4979/5/22 4977/5/14 4978/5/12
f 4977/5/14 4979/5/22 4974/5/6
f 4978/5/12 4980/3/13 4979/5/22
f 4981/1/18 4979/5/22 4980/3/13
f 4981/1/18 4980/3/13 4982/2/17
f 4981/1/18 4983/4/15 4979/5/22
f 4981/1/18 4984/3/9 4983/4/15
f 4985/1/10 4984/3/9 4981/1/18
f 4981/14/18 4969/14/3 4985/14/10
f 4969/14/3 4981/14/18 4971/14/1
f 4974/6/6 4983/8/15 4973/8/5
f 4969/14/3 4986/9/11 4985/14/10
f 4986/9/11 4969/14/3 4970/9/2
f 4984/6/9 4970/9/2 4972/6/4
f 4982/11/17 4971/15/1 4981/15/18
f 4971/15/1 4982/11/17 4976/11/8
f 4982/11/17 4975/10/7 4976/11/8
f 4984/13/9 4973/12/5 4983/12/15
f 4989/1/1 4988/2/2 4987/1/3
f 4988/2/2 4989/1/1 4990/3/19
f 4990/3/19 4989/1/1 4991/4/5
f 4991/4/5 4989/1/1 4992/5/6
f 4992/5/6 4989/1/1 4993/3/7
f 4993/3/7 4989/1/1 4994/2/8
f 5002/3/9 5003/1/10 5004/2/11
f 4996/6/12 4993/7/7 4998/7/13
f 4993/7/7 4996/6/12 4995/6/14
f 5001/8/15 4992/6/6 4997/6/22
f 4988/9/2 5002/6/9 5004/9/11
f 4993/10/7 5000/11/17 4998/10/13
f 4991/12/5 5002/13/9 4990/13/19
f 4995/5/14 4992/5/6 4993/3/7
f 4997/5/22 4995/5/14 4996/5/12
f 4995/5/14 4997/5/22 4992/5/6
f 4996/5/12 4998/3/13 4997/5/22
f 4999/1/18 4997/5/22 4998/3/13
f 4999/1/18 4998/3/13 5000/2/17
f 4999/1/18 5001/4/15 4997/5/22
f 4999/1/18 5002/3/9 5001/4/15
f 5003/1/10 5002/3/9 4999/1/18
f 4999/14/18 4987/14/3 5003/14/10
f 4987/14/3 4999/14/18 4989/14/1
f 4992/6/6 5001/8/15 4991/8/5
f 4987/14/3 5004/9/11 5003/14/10
f 5004/9/11 4987/14/3 4988/9/2
f 5002/6/9 4988/9/2 4990/6/19
f 5000/11/17 4989/15/1 4999/15/18
f 4989/15/1 5000/11/17 4994/11/8
f 5000/11/17 4993/10/7 4994/11/8
f 5002/13/9 4991/12/5 5001/12/15
f 5007/1/1 5006/2/2 5005/1/3
f 5006/2/2 5007/1/1 5008/3/4
f 5008/3/4 5007/1/1 5009/4/5
f 5009/4/5 5007/1/1 5010/5/6
f 5010/5/6 5007/1/1 5011/3/7
f 5011/3/7 5007/1/1 5012/2/8
f 5020/3/9 5021/1/10 5022/2/11
f 5014/6/12 5011/7/7 5016/7/13
f 5011/7/7 5014/6/12 5013/6/14
f 5019/8/15 5010/6/6 5015/6/22
f 5006/9/2 5020/6/9 5022/9/11
f 5011/10/7 5018/11/17 5016/10/13
f 5009/12/5 5020/13/9 5008/13/4
f 5013/5/14 5010/5/6 5011/3/7
f 5015/5/22 5013/5/14 5014/5/12
f 5013/5/14 5015/5/22 5010/5/6
f 5014/5/12 5016/3/13 5015/5/22
f 5017/1/18 5015/5/22 5016/3/13
f 5017/1/18 5016/3/13 5018/2/17
f 5017/1/18 5019/4/15 5015/5/22
f 5017/1/18 5020/3/9 5019/4/15
f 5021/1/10 5020/3/9 5017/1/18
f 5017/14/18 5005/14/3 5021/14/10
f 5005/14/3 5017/14/18 5007/14/1
f 5010/6/6 5019/8/15 5009/8/5
f 5005/14/3 5022/9/11 5021/14/10
f 5022/9/11 5005/14/3 5006/9/2
f 5020/6/9 5006/9/2 5008/6/4
f 5018/11/17 5007/15/1 5017/15/18
f 5007/15/1 5018/11/17 5012/11/8
f 5018/11/17 5011/10/7 5012/11/8
f 5020/13/9 5009/12/5 5019/12/15
f 5025/1/1 5024/2/2 5023/1/3
f 5024/2/2 5025/1/1 5026/3/4
f 5026/3/4 5025/1/1 5027/4/5
f 5027/4/5 5025/1/1 5028/5/6
f 5028/5/6 5025/1/1 5029/3/7
f 5029/3/7 5025/1/1 5030/2/8
f 5038/3/9 5039/1/10 5040/2/11
f 5032/6/12 5029/7/7 5034/7/13
f 5029/7/7 5032/6/12 5031/6/14
f 5037/8/15 5028/6/6 5033/6/22
f 5024/9/2 5038/6/9 5040/9/11
f 5029/10/7 5036/11/17 5034/10/13
f 5027/12/5 5038/13/9 5026/13/4
f 5031/5/14 5028/5/6 5029/3/7
f 5033/5/22 5031/5/14 5032/5/12
f 5031/5/14 5033/5/22 5028/5/6
f 5032/5/12 5034/3/13 5033/5/22
f 5035/1/18 5033/5/22 5034/3/13
f 5035/1/18 5034/3/13 5036/2/17
f 5035/1/18 5037/4/15 5033/5/22
f 5035/1/18 5038/3/9 5037/4/15
f 5039/1/10 5038/3/9 5035/1/18
f 5035/14/18 5023/14/3 5039/14/10
f 5023/14/3 5035/14/18 5025/14/1
f 5028/6/6 5037/8/15 5027/8/5
f 5023/14/3 5040/9/11 5039/14/10
f 5040/9/11 5023/14/3 5024/9/2
f 5038/6/9 5024/9/2 5026/6/4
f 5036/11/17 5025/15/1 5035/15/18
f 5025/15/1 5036/11/17 5030/11/8
f 5036/11/17 5029/10/7 5030/11/8
f 5038/13/9 5027/12/5 5037/12/15
f 5043/1/1 5042/2/2 5041/1/3
f 5042/2/2 5043/1/1 5044/3/4
f 5044/3/4 5043/1/1 5045/4/5
f 5045/4/5 5043/1/1 5046/5/6
f 5046/5/6 5043/1/1 5047/3/7
f 5047/3/7 5043/1/1 5048/2/8
f 5056/3/9 5057/1/10 5058/2/11
f 5050/6/12 5047/7/7 5052/7/13
f 5047/7/7 5050/6/12 5049/6/14
f 5055/8/15 5046/6/6 5051/6/22
f 5042/9/2 5056/6/9 5058/9/11
f 5047/10/7 5054/11/17 5052/10/13
f 5045/12/5 5056/13/9 5044/13/4
f 5049/5/14 5046/5/6 5047/3/7
f 5051/5/22 5049/5/14 5050/5/12
f 5049/5/14 5051/5/22 5046/5/6
f 5050/5/12 5052/3/13 5051/5/22
f 5053/1/18 5051/5/22 5052/3/13
f 5053/1/18 5052/3/13 5054/2/17
f 5053/1/18 5055/4/15 5051/5/22
f 5053/1/18 5056/3/9 5055/4/15
f 5057/1/10 5056/3/9 5053/1/18
f 5053/14/18 5041/14/3 5057/14/10
f 5041/14/3 5053/14/18 5043/14/1
f 5046/6/6 5055/8/15 5045/8/5
f 5041/14/3 5058/9/11 5057/14/10
f 5058/9/11 5041/14/3 5042/9/2
f 5056/6/9 5042/9/2 5044/6/4
f 5054/11/17 5043/15/1 5053/15/18
f 5043/15/1 5054/11/17 5048/11/8
f 5054/11/17 5047/10/7 5048/11/8
f 5056/13/9 5045/12/5 5055/12/15
f 5061/1/1 5060/2/2 5059/1/3
f 5060/2/2 5061/1/1 5062/3/4
f 5062/3/4 5061/1/1 5063/4/5
f 5063/4/5 5061/1/1 5064/5/6
f 5064/5/6 5061/1/1 5065/3/7
f 5065/3/7 5061/1/1 5066/2/8
f 5074/3/9 5075/1/10 5076/2/11
f 5068/6/12 5065/7/7 5070/7/13
f 5065/7/7 5068/6/12 5067/6/14
f 5073/8/15 5064/6/6 5069/6/22
f 5060/9/2 5074/6/9 5076/9/11
f 5065/10/7 5072/11/17 5070/10/13
f 5063/12/5 5074/13/9 5062/13/4
f 5067/5/14 5064/5/6 5065/3/7
f 5069/5/22 5067/5/14 5068/5/12
f 5067/5/14 5069/5/22 5064/5/6
f 5068/5/12 5070/3/13 5069/5/22
f 5071/1/18 5069/5/22 5070/3/13
f 5071/1/18 5070/3/13 5072/2/17
f 5071/1/18 5073/4/15 5069/5/22
f 5071/1/18 5074/3/9 5073/4/15
f 5075/1/10 5074/3/9 5071/1/18
f 5071/14/18 5059/14/3 5075/14/10
f 5059/14/3 5071/14/18 5061/14/1
f 5064/6/6 5073/8/15 5063/8/5
f 5059/14/3 5076/9/11 5075/14/10
f 5076/9/11 5059/14/3 5060/9/2
f 5074/6/9 5060/9/2 5062/6/4
f 5072/11/17 5061/15/1 5071/15/18
f 5061/15/1 5072/11/17 5066/11/8
f 5072/11/17 5065/10/7 5066/11/8
f 5074/13/9 5063/12/5 5073/12/15
f 5079/1/1 5078/2/2 5077/1/3
f 5078/2/2 5079/1/1 5080/3/4
f 5080/3/4 5079/1/1 5081/4/5
f 5081/4/5 5079/1/1 5082/5/6
f 5082/5/6 5079/1/1 5083/3/7
f 5083/3/7 5079/1/1 5084/2/8
f 5092/3/9 5093/1/10 5094/2/11
f 5086/6/12 5083/7/7 5088/7/13
f 5083/7/7 5086/6/12 5085/6/14
f 5091/8/15 5082/6/6 5087/6/22
f 5078/9/2 5092/6/9 5094/9/11
f 5083/10/7 5090/11/17 5088/10/13
f 5081/12/5 5092/13/9 5080/13/4
f 5085/5/14 5082/5/6 5083/3/7
f 5087/5/22 5085/5/14 5086/5/12
f 5085/5/14 5087/5/22 5082/5/6
f 5086/5/12 5088/3/13 5087/5/22
f 5089/1/18 5087/5/22 5088/3/13
f 5089/1/18 5088/3/13 5090/2/17
f 5089/1/18 5091/4/15 5087/5/22
f 5089/1/18 5092/3/9 5091/4/15
f 5093/1/10 5092/3/9 5089/1/18
f 5089/14/18 5077/14/3 5093/14/10
f 5077/14/3 5089/14/18 5079/14/1
f 5082/6/6 5091/8/15 5081/8/5
f 5077/14/3 5094/9/11 5093/14/10
f 5094/9/11 5077/14/3 5078/9/2
f 5092/6/9 5078/9/2 5080/6/4
f 5090/11/17 5079/15/1 5089/15/18
f 5079/15/1 5090/11/17 5084/11/8
f 5090/11/17 5083/10/7 5084/11/8
f 5092/13/9 5081/12/5 5091/12/15
f 5097/1/1 5096/2/2 5095/1/3
f 5096/2/2 5097/1/1 5098/3/4
f 5098/3/4 5097/1/1 5099/4/5
f 5099/4/5 5097/1/1 5100/5/6
f 5100/5/6 5097/1/1 5101/3/7
f 5101/3/7 5097/1/1 5102/2/8
f 5110/3/9 5111/1/10 5112/2/11
f 5104/6/12 5101/7/7 5106/7/13
f 5101/7/7 5104/6/12 5103/6/14
f 5109/8/15 5100/6/6 5105/6/22
f 5096/9/2 5110/6/9 5112/9/11
f 5101/10/7 5108/11/17 5106/10/13
f 5099/12/5 5110/13/9 5098/13/4
f 5103/5/14 5100/5/6 5101/3/7
f 5105/5/22 5103/5/14 5104/5/12
f 5103/5/14 5105/5/22 5100/5/6
f 5104/5/12 5106/3/13 5105/5/22
f 5107/1/18 5105/5/22 5106/3/13
f 5107/1/18 5106/3/13 5108/2/17
f 5107/1/18 5109/4/15 5105/5/22
f 5107/1/18 5110/3/9 5109/4/15
f 5111/1/10 5110/3/9 5107/1/18
f 5107/14/18 5095/14/3 5111/14/10
f 5095/14/3 5107/14/18 5097/14/1
f 5100/6/6 5109/8/15 5099/8/5
f 5095/14/3 5112/9/11 5111/14/10
f 5112/9/11 5095/14/3 5096/9/2
f 5110/6/9 5096/9/2 5098/6/4
f 5108/11/17 5097/15/1 5107/15/18
f 5097/15/1 5108/11/17 5102/11/8
f 5108/11/17 5101/10/7 5102/11/8
f 5110/13/9 5099/12/5 5109/12/15
f 5115/1/1 5114/2/2 5113/1/3
f 5114/2/2 5115/1/1 5116/3/19
f 5116/3/19 5115/1/1 5117/4/5
f 5117/4/5 5115/1/1 5118/5/6
f 5118/5/6 5115/1/1 5119/3/7
f 5119/3/7 5115/1/1 5120/2/8
f 5128/3/9 5129/1/10 5130/2/11
f 5122/6/12 5119/7/7 5124/7/13
f 5119/7/7 5122/6/12 5121/6/14
f 5127/8/15 5118/6/6 5123/6/22
f 5114/9/2 5128/6/9 5130/9/11
f 5119/10/7 5126/11/17 5124/10/13
f 5117/12/5 5128/13/9 5116/13/19
f 5121/5/14 5118/5/6 5119/3/7
f 5123/5/22 5121/5/14 5122/5/12
f 5121/5/14 5123/5/22 5118/5/6
f 5122/5/12 5124/3/13 5123/5/22
f 5125/1/18 5123/5/22 5124/3/13
f 5125/1/18 5124/3/13 5126/2/17
f 5125/1/18 5127/4/15 5123/5/22
f 5125/1/18 5128/3/9 5127/4/15
f 5129/1/10 5128/3/9 5125/1/18
f 5125/14/18 5113/14/3 5129/14/10
f 5113/14/3 5125/14/18 5115/14/1
f 5118/6/6 5127/8/15 5117/8/5
f 5113/14/3 5130/9/11 5129/14/10
f 5130/9/11 5113/14/3 5114/9/2
f 5128/6/9 5114/9/2 5116/6/19
f 5126/11/17 5115/15/1 5125/15/18
f 5115/15/1 5126/11/17 5120/11/8
f 5126/11/17 5119/10/7 5120/11/8
f 5128/13/9 5117/12/5 5127/12/15
f 5133/1/1 5132/2/2 5131/1/3
f 5132/2/2 5133/1/1 5134/3/4
f 5134/3/4 5133/1/1 5135/4/5
f 5135/4/5 5133/1/1 5136/5/6
f 5136/5/6 5133/1/1 5137/3/7
f 5137/3/7 5133/1/1 5138/2/8
f 5146/3/9 5147/1/10 5148/2/11
f 5140/6/12 5137/7/7 5142/7/13
f 5137/7/7 5140/6/12 5139/6/14
f 5145/8/15 5136/6/6 5141/6/22
f 5132/9/2 5146/6/9 5148/9/11
f 5137/10/7 5144/11/17 5142/10/13
f 5135/12/5 5146/13/9 5134/13/4
f 5139/5/14 5136/5/6 5137/3/7
f 5141/5/22 5139/5/14 5140/5/12
f 5139/5/14 5141/5/22 5136/5/6
f 5140/5/12 5142/3/13 5141/5/22
f 5143/1/18 5141/5/22 5142/3/13
f 5143/1/18 5142/3/13 5144/2/17
f 5143/1/18 5145/4/15 5141/5/22
f 5143/1/18 5146/3/9 5145/4/15
f 5147/1/10 5146/3/9 5143/1/18
f 5143/14/18 5131/14/3 5147/14/10
f 5131/14/3 5143/14/18 5133/14/1
f 5136/6/6 5145/8/15 5135/8/5
f 5131/14/3 5148/9/11 5147/14/10
f 5148/9/11 5131/14/3 5132/9/2
f 5146/6/9 5132/9/2 5134/6/4
f 5144/11/17 5133/15/1 5143/15/18
f 5133/15/1 5144/11/17 5138/11/8
f 5144/11/17 5137/10/7 5138/11/8
f 5146/13/9 5135/12/5 5145/12/15
f 5151/1/1 5150/2/2 5149/1/3
f 5150/2/2 5151/1/1 5152/3/4
f 5152/3/4 5151/1/1 5153/4/5
f 5153/4/5 5151/1/1 5154/5/6
f 5154/5/6 5151/1/1 5155/3/7
f 5155/3/7 5151/1/1 5156/2/8
f 5164/3/9 5165/1/10 5166/2/11
f 5158/6/12 5155/7/7 5160/7/13
f 5155/7/7 5158/6/12 5157/6/14
f 5163/8/15 5154/6/6 5159/6/22
f 5150/9/2 5164/6/9 5166/9/11
f 5155/10/7 5162/11/17 5160/10/13
f 5153/12/5 5164/13/9 5152/13/4
f 5157/5/14 5154/5/6 5155/3/7
f 5159/5/22 5157/5/14 5158/5/12
f 5157/5/14 5159/5/22 5154/5/6
f 5158/5/12 5160/3/13 5159/5/22
f 5161/1/18 5159/5/22 5160/3/13
f 5161/1/18 5160/3/13 5162/2/17
f 5161/1/18 5163/4/15 5159/5/22
f 5161/1/18 5164/3/9 5163/4/15
f 5165/1/10 5164/3/9 5161/1/18
f 5161/14/18 5149/14/3 5165/14/10
f 5149/14/3 5161/14/18 5151/14/1
f 5154/6/6 5163/8/15 5153/8/5
f 5149/14/3 5166/9/11 5165/14/10
f 5166/9/11 5149/14/3 5150/9/2
f 5164/6/9 5150/9/2 5152/6/4
f 5162/11/17 5151/15/1 5161/15/18
f 5151/15/1 5162/11/17 5156/11/8
f 5162/11/17 5155/10/7 5156/11/8
f 5164/13/9 5153/12/5 5163/12/15
f 5169/1/1 5168/2/2 5167/1/3
f 5168/2/2 5169/1/1 5170/3/4
f 5170/3/4 5169/1/1 5171/4/5
f 5171/4/5 5169/1/1 5172/5/6
f 5172/5/6 5169/1/1 5173/3/7
f 5173/3/7 5169/1/1 5174/2/8
f 5182/3/9 5183/1/10 5184/2/11
f 5176/6/12 5173/7/7 5178/7/13
f 5173/7/7 5176/6/12 5175/6/14
f 5181/8/15 5172/6/6 5177/6/22
f 5168/9/2 5182/6/9 5184/9/11
f 5173/10/7 5180/11/17 5178/10/13
f 5171/12/5 5182/13/9 5170/13/4
f 5175/5/14 5172/5/6 5173/3/7
f 5177/5/22 5175/5/14 5176/5/12
f 5175/5/14 5177/5/22 5172/5/6
f 5176/5/12 5178/3/13 5177/5/22
f 5179/1/18 5177/5/22 5178/3/13
f 5179/1/18 5178/3/13 5180/2/17
f 5179/1/18 5181/4/15 5177/5/22
f 5179/1/18 5182/3/9 5181/4/15
f 5183/1/10 5182/3/9 5179/1/18
f 5179/14/18 5167/14/3 5183/14/10
f 5167/14/3 5179/14/18 5169/14/1
f 5172/6/6 5181/8/15 5171/8/5
f 5167/14/3 5184/9/11 5183/14/10
f 5184/9/11 5167/14/3 5168/9/2
f 5182/6/9 5168/9/2 5170/6/4
f 5180/11/17 5169/15/1 5179/15/18
f 5169/15/1 5180/11/17 5174/11/8
f 5180/11/17 5173/10/7 5174/11/8
f 5182/13/9 5171/12/5 5181/12/15
f 5187/1/1 5186/2/2 5185/1/3
f 5186/2/2 5187/1/1 5188/3/4
f 5188/3/4 5187/1/1 5189/4/5
f 5189/4/5 5187/1/1 5190/5/6
f 5190/5/6 5187/1/1 5191/3/7
f 5191/3/7 5187/1/1 5192/2/8
f 5200/3/9 5201/1/10 5202/2/11
f 5194/6/12 5191/7/7 5196/7/13
f 5191/7/7 5194/6/12 5193/6/14
f 5199/8/15 5190/6/6 5195/6/22
f 5186/9/2 5200/6/9 5202/9/11
f 5191/10/7 5198/11/17 5196/10/13
f 5189/12/5 5200/13/9 5188/13/4
f 5193/5/14 5190/5/6 5191/3/7
f 5195/5/22 5193/5/14 5194/5/12
f 5193/5/14 5195/5/22 5190/5/6
f 5194/5/12 5196/3/13 5195/5/22
f 5197/1/18 5195/5/22 5196/3/13
f 5197/1/18 5196/3/13 5198/2/17
f 5197/1/18 5199/4/15 5195/5/22
f 5197/1/18 5200/3/9 5199/4/15
f 5201/1/10 5200/3/9 5197/1/18
f 5197/14/18 5185/14/3 5201/14/10
f 5185/14/3 5197/14/18 5187/14/1
f 5190/6/6 5199/8/15 5189/8/5
f 5185/14/3 5202/9/11 5201/14/10
f 5202/9/11 5185/14/3 5186/9/2
f 5200/6/9 5186/9/2 5188/6/4
f 5198/11/17 5187/15/1 5197/15/18
f 5187/15/1 5198/11/17 5192/11/8
f 5198/11/17 5191/10/7 5192/11/8
f 5200/13/9 5189/12/5 5199/12/15
f 5205/1/1 5204/2/2 5203/1/3
f 5204/2/2 5205/1/1 5206/3/4
f 5206/3/4 5205/1/1 5207/4/5
f 5207/4/5 5205/1/1 5208/5/6
f 5208/5/6 5205/1/1 5209/3/7
f 5209/3/7 5205/1/1 5210/2/8
f 5218/3/9 5219/1/10 5220/2/11
f 5212/6/12 5209/7/7 5214/7/13
f 5209/7/7 5212/6/12 5211/6/14
f 5217/8/15 5208/6/6 5213/6/22
f 5204/9/2 5218/6/9 5220/9/11
f 5209/10/7 5216/11/17 5214/10/13
f 5207/12/5 5218/13/9 5206/13/4
f 5211/5/14 5208/5/6 5209/3/7
f 5213/5/22 5211/5/14 5212/5/12
f 5211/5/14 5213/5/22 5208/5/6
f 5212/5/12 5214/3/13 5213/5/22
f 5215/1/18 5213/5/22 5214/3/13
f 5215/1/18 5214/3/13 5216/2/17
f 5215/1/18 5217/4/15 5213/5/22
f 5215/1/18 5218/3/9 5217/4/15
f 5219/1/10 5218/3/9 5215/1/18
f 5215/14/18 5203/14/3 5219/14/10
f 5203/14/3 5215/14/18 5205/14/1
f 5208/6/6 5217/8/15 5207/8/5
f 5203/14/3 5220/9/11 5219/14/10
f 5220/9/11 5203/14/3 5204/9/2
f 5218/6/9 5204/9/2 5206/6/4
f 5216/11/17 5205/15/1 5215/15/18
f 5205/15/1 5216/11/17 5210/11/8
f 5216/11/17 5209/10/7 5210/11/8
f 5218/13/9 5207/12/5 5217/12/15
f 5223/1/1 5222/2/2 5221/1/3
f 5222/2/2 5223/1/1 5224/3/4
f 5224/3/4 5223/1/1 5225/4/5
f 5225/4/5 5223/1/1 5226/5/6
f 5226/5/6 5223/1/1 5227/3/7
f 5227/3/7 5223/1/1 5228/2/8
f 5236/3/9 5237/1/10 5238/2/11
f 5230/6/12 5227/7/7 5232/7/13
f 5227/7/7 5230/6/12 5229/6/14
f 5235/8/15 5226/6/6 5231/6/22
f 5222/9/2 5236/6/9 5238/9/11
f 5227/10/7 5234/11/17 5232/10/13
f 5225/12/5 5236/13/9 5224/13/4
f 5229/5/14 5226/5/6 5227/3/7
f 5231/5/22 5229/5/14 5230/5/12
f 5229/5/14 5231/5/22 5226/5/6
f 5230/5/12 5232/3/13 5231/5/22
f 5233/1/18 5231/5/22 5232/3/13
f 5233/1/18 5232/3/13 5234/2/17
f 5233/1/18 5235/4/15 5231/5/22
f 5233/1/18 5236/3/9 5235/4/15
f 5237/1/10 5236/3/9 5233/1/18
f 5233/14/18 5221/14/3 5237/14/10
f 5221/14/3 5233/14/18 5223/14/1
f 5226/6/6 5235/8/15 5225/8/5
f 5221/14/3 5238/9/11 5237/14/10
f 5238/9/11 5221/14/3 5222/9/2
f 5236/6/9 5222/9/2 5224/6/4
f 5234/11/17 5223/15/1 5233/15/18
f 5223/15/1 5234/11/17 5228/11/8
f 5234/11/17 5227/10/7 5228/11/8
f 5236/13/9 5225/12/5 5235/12/15
f 5241/1/1 5240/2/2 5239/1/3
f 5240/2/2 5241/1/1 5242/3/19
f 5242/3/19 5241/1/1 5243/4/5
f 5243/4/5 5241/1/1 5244/5/6
f 5244/5/6 5241/1/1 5245/3/7
f 5245/3/7 5241/1/1 5246/2/8
f 5254/3/9 5255/1/10 5256/2/11
f 5248/6/12 5245/7/7 5250/7/13
f 5245/7/7 5248/6/12 5247/6/14
f 5253/8/15 5244/6/6 5249/6/22
f 5240/9/2 5254/6/9 5256/9/11
f 5245/10/7 5252/11/17 5250/10/13
f 5243/12/5 5254/13/9 5242/13/19
f 5247/5/14 5244/5/6 5245/3/7
f 5249/5/22 5247/5/14 5248/5/12
f 5247/5/14 5249/5/22 5244/5/6
f 5248/5/12 5250/3/13 5249/5/22
f 5251/1/18 5249/5/22 5250/3/13
f 5251/1/18 5250/3/13 5252/2/17
f 5251/1/18 5253/4/15 5249/5/22
f 5251/1/18 5254/3/9 5253/4/15
f 5255/1/10 5254/3/9 5251/1/18
f 5251/14/18 5239/14/3 5255/14/10
f 5239/14/3 5251/14/18 5241/14/1
f 5244/6/6 5253/8/15 5243/8/5
f 5239/14/3 5256/9/11 5255/14/10
f 5256/9/11 5239/14/3 5240/9/2
f 5254/6/9 5240/9/2 5242/6/19
f 5252/11/17 5241/15/1 5251/15/18
f 5241/15/1 5252/11/17 5246/11/8
f 5252/11/17 5245/10/7 5246/11/8
f 5254/13/9 5243/12/5 5253/12/15
f 5259/1/1 5258/2/2 5257/1/3
f 5258/2/2 5259/1/1 5260/3/4
f 5260/3/4 5259/1/1 5261/4/5
f 5261/4/5 5259/1/1 5262/5/6
f 5262/5/6 5259/1/1 5263/3/7
f 5263/3/7 5259/1/1 5264/2/8
f 5272/3/9 5273/1/10 5274/2/11
f 5266/6/12 5263/7/7 5268/7/13
f 5263/7/7 5266/6/12 5265/6/14
f 5271/8/15 5262/6/6 5267/6/22
f 5258/9/2 5272/6/9 5274/9/11
f 5263/10/7 5270/11/17 5268/10/13
f 5261/12/5 5272/13/9 5260/13/4
f 5265/5/14 5262/5/6 5263/3/7
f 5267/5/22 5265/5/14 5266/5/12
f 5265/5/14 5267/5/22 5262/5/6
f 5266/5/12 5268/3/13 5267/5/22
f 5269/1/18 5267/5/22 5268/3/13
f 5269/1/18 5268/3/13 5270/2/17
f 5269/1/18 5271/4/15 5267/5/22
f 5269/1/18 5272/3/9 5271/4/15
f 5273/1/10 5272/3/9 5269/1/18
f 5269/14/18 5257/14/3 5273/14/10
f 5257/14/3 5269/14/18 5259/14/1
f 5262/6/6 5271/8/15 5261/8/5
f 5257/14/3 5274/9/11 5273/14/10
f 5274/9/11 5257/14/3 5258/9/2
f 5272/6/9 5258/9/2 5260/6/4
f 5270/11/17 5259/15/1 5269/15/18
f 5259/15/1 5270/11/17 5264/11/8
f 5270/11/17 5263/10/7 5264/11/8
f 5272/13/9 5261/12/5 5271/12/15
f 5277/1/1 5276/2/2 5275/1/3
f 5276/2/2 5277/1/1 5278/3/4
f 5278/3/4 5277/1/1 5279/4/5
f 5279/4/5 5277/1/1 5280/5/6
f 5280/5/6 5277/1/1 5281/3/7
f 5281/3/7 5277/1/1 5282/2/8
f 5290/3/9 5291/1/10 5292/2/11
f 5284/6/12 5281/7/7 5286/7/13
f 5281/7/7 5284/6/12 5283/6/14
f 5289/8/15 5280/6/6 5285/6/22
f 5276/9/2 5290/6/9 5292/9/11
f 5281/10/7 5288/11/17 5286/10/13
f 5279/12/5 5290/13/9 5278/13/4
f 5283/5/14 5280/5/6 5281/3/7
f 5285/5/22 5283/5/14 5284/5/12
f 5283/5/14 5285/5/22 5280/5/6
f 5284/5/12 5286/3/13 5285/5/22
f 5287/1/18 5285/5/22 5286/3/13
f 5287/1/18 5286/3/13 5288/2/17
f 5287/1/18 5289/4/15 5285/5/22
f 5287/1/18 5290/3/9 5289/4/15
f 5291/1/10 5290/3/9 5287/1/18
f 5287/14/18 5275/14/3 5291/14/10
f 5275/14/3 5287/14/18 5277/14/1
f 5280/6/6 5289/8/15 5279/8/5
f 5275/14/3 5292/9/11 5291/14/10
f 5292/9/11 5275/14/3 5276/9/2
f 5290/6/9 5276/9/2 5278/6/4
f 5288/11/17 5277/15/1 5287/15/18
f 5277/15/1 5288/11/17 5282/11/8
f 5288/11/17 5281/10/7 5282/11/8
f 5290/13/9 5279/12/5 5289/12/15
f 5295/1/1 5294/2/2 5293/1/3
f 5294/2/2 5295/1/1 5296/3/4
f 5296/3/4 5295/1/1 5297/4/5
f 5297/4/5 5295/1/1 5298/5/6
f 5298/5/6 5295/1/1 5299/3/7
f 5299/3/7 5295/1/1 5300/2/8
f 5308/3/9 5309/1/10 5310/2/11
f 5302/6/12 5299/7/7 5304/7/13
f 5299/7/7 5302/6/12 5301/6/14
f 5307/8/15 5298/6/6 5303/6/22
f 5294/9/2 5308/6/9 5310/9/11
f 5299/10/7 5306/11/17 5304/10/13
f 5297/12/5 5308/13/9 5296/13/4
f 5301/5/14 5298/5/6 5299/3/7
f 5303/5/22 5301/5/14 5302/5/12
f 5301/5/14 5303/5/22 5298/5/6
f 5302/5/12 5304/3/13 5303/5/22
f 5305/1/18 5303/5/22 5304/3/13
f 5305/1/18 5304/3/13 5306/2/17
f 5305/1/18 5307/4/15 5303/5/22
f 5305/1/18 5308/3/9 5307/4/15
f 5309/1/10 5308/3/9 5305/1/18
f 5305/14/18 5293/14/3 5309/14/10
f 5293/14/3 5305/14/18 5295/14/1
f 5298/6/6 5307/8/15 5297/8/5
f 5293/14/3 5310/9/11 5309/14/10
f 5310/9/11 5293/14/3 5294/9/2
f 5308/6/9 5294/9/2 5296/6/4
f 5306/11/17 5295/15/1 5305/15/18
f 5295/15/1 5306/11/17 5300/11/8
f 5306/11/17 5299/10/7 5300/11/8
f 5308/13/9 5297/12/5 5307/12/15
f 5313/1/1 5312/2/2 5311/1/3
f 5312/2/2 5313/1/1 5314/3/19
f 5314/3/19 5313/1/1 5315/4/5
f 5315/4/5 5313/1/1 5316/5/6
f 5316/5/6 5313/1/1 5317/3/7
f 5317/3/7 5313/1/1 5318/2/8
f 5326/3/9 5327/1/10 5328/2/11
f 5320/6/12 5317/7/7 5322/7/13
f 5317/7/7 5320/6/12 5319/6/14
f 5325/8/15 5316/6/6 5321/6/22
f 5312/9/2 5326/6/9 5328/9/11
f 5317/10/7 5324/11/17 5322/10/13
f 5315/12/5 5326/13/9 5314/13/19
f 5319/5/14 5316/5/6 5317/3/7
f 5321/5/22 5319/5/14 5320/5/12
f 5319/5/14 5321/5/22 5316/5/6
f 5320/5/12 5322/3/13 5321/5/22
f 5323/1/18 5321/5/22 5322/3/13
f 5323/1/18 5322/3/13 5324/2/17
f 5323/1/18 5325/4/15 5321/5/22
f 5323/1/18 5326/3/9 5325/4/15
f 5327/1/10 5326/3/9 5323/1/18
f 5323/14/18 5311/14/3 5327/14/10
f 5311/14/3 5323/14/18 5313/14/1
f 5316/6/6 5325/8/15 5315/8/5
f 5311/14/3 5328/9/11 5327/14/10
f 5328/9/11 5311/14/3 5312/9/2
f 5326/6/9 5312/9/2 5314/6/19
f 5324/11/17 5313/15/1 5323/15/18
f 5313/15/1 5324/11/17 5318/11/8
f 5324/11/17 5317/10/7 5318/11/8
f 5326/13/9 5315/12/5 5325/12/15
f 5331/1/1 5330/2/2 5329/1/3
f 5330/2/2 5331/1/1 5332/3/4
f 5332/3/4 5331/1/1 5333/4/5
f 5333/4/5 5331/1/1 5334/5/6
f 5334/5/6 5331/1/1 5335/3/7
f 5335/3/7 5331/1/1 5336/2/8
f 5344/3/9 5345/1/10 5346/2/11
f 5338/6/12 5335/7/7 5340/7/20
f 5335/7/7 5338/6/12 5337/6/14
f 5343/8/15 5334/6/6 5339/6/16
f 5330/9/2 5344/6/9 5346/9/11
f 5335/10/7 5342/11/17 5340/10/20
f 5333/12/5 5344/13/9 5332/13/4
f 5337/5/14 5334/5/6 5335/3/7
f 5339/5/16 5337/5/14 5338/5/12
f 5337/5/14 5339/5/16 5334/5/6
f 5338/5/12 5340/3/20 5339/5/16
f 5341/1/18 5339/5/16 5340/3/20
f 5341/1/18 5340/3/20 5342/2/17
f 5341/1/18 5343/4/15 5339/5/16
f 5341/1/18 5344/3/9 5343/4/15
f 5345/1/10 5344/3/9 5341/1/18
f 5341/14/18 5329/14/3 5345/14/10
f 5329/14/3 5341/14/18 5331/14/1
f 5334/6/6 5343/8/15 5333/8/5
f 5329/14/3 5346/9/11 5345/14/10
f 5346/9/11 5329/14/3 5330/9/2
f 5344/6/9 5330/9/2 5332/6/4
f 5342/11/17 5331/15/1 5341/15/18
f 5331/15/1 5342/11/17 5336/11/8
f 5342/11/17 5335/10/7 5336/11/8
f 5344/13/9 5333/12/5 5343/12/15
f 5349/1/1 5348/2/2 5347/1/3
f 5348/2/2 5349/1/1 5350/3/4
f 5350/3/4 5349/1/1 5351/4/5
f 5351/4/5 5349/1/1 5352/5/6
f 5352/5/6 5349/1/1 5353/3/7
f 5353/3/7 5349/1/1 5354/2/8
f 5362/3/9 5363/1/10 5364/2/11
f 5356/6/12 5353/7/7 5358/7/13
f 5353/7/7 5356/6/12 5355/6/14
f 5361/8/15 5352/6/6 5357/6/22
f 5348/9/2 5362/6/9 5364/9/11
f 5353/10/7 5360/11/17 5358/10/13
f 5351/12/5 5362/13/9 5350/13/4
f 5355/5/14 5352/5/6 5353/3/7
f 5357/5/22 5355/5/14 5356/5/12
f 5355/5/14 5357/5/22 5352/5/6
f 5356/5/12 5358/3/13 5357/5/22
f 5359/1/18 5357/5/22 5358/3/13
f 5359/1/18 5358/3/13 5360/2/17
f 5359/1/18 5361/4/15 5357/5/22
f 5359/1/18 5362/3/9 5361/4/15
f 5363/1/10 5362/3/9 5359/1/18
f 5359/14/18 5347/14/3 5363/14/10
f 5347/14/3 5359/14/18 5349/14/1
f 5352/6/6 5361/8/15 5351/8/5
f 5347/14/3 5364/9/11 5363/14/10
f 5364/9/11 5347/14/3 5348/9/2
f 5362/6/9 5348/9/2 5350/6/4
f 5360/11/17 5349/15/1 5359/15/18
f 5349/15/1 5360/11/17 5354/11/8
f 5360/11/17 5353/10/7 5354/11/8
f 5362/13/9 5351/12/5 5361/12/15
f 5367/1/1 5366/2/2 5365/1/3
f 5366/2/2 5367/1/1 5368/3/4
f 5368/3/4 5367/1/1 5369/4/5
f 5369/4/5 5367/1/1 5370/5/6
f 5370/5/6 5367/1/1 5371/3/7
f 5371/3/7 5367/1/1 5372/2/8
f 5380/3/9 5381/1/10 5382/2/11
f 5374/6/12 5371/7/7 5376/7/13
f 5371/7/7 5374/6/12 5373/6/14
f 5379/8/15 5370/6/6 5375/6/22
f 5366/9/2 5380/6/9 5382/9/11
f 5371/10/7 5378/11/17 5376/10/13
f 5369/12/5 5380/13/9 5368/13/4
f 5373/5/14 5370/5/6 5371/3/7
f 5375/5/22 5373/5/14 5374/5/12
f 5373/5/14 5375/5/22 5370/5/6
f 5374/5/12 5376/3/13 5375/5/22
f 5377/1/18 5375/5/22 5376/3/13
f 5377/1/18 5376/3/13 5378/2/17
f 5377/1/18 5379/4/15 5375/5/22
f 5377/1/18 5380/3/9 5379/4/15
f 5381/1/10 5380/3/9 5377/1/18
f 5377/14/18 5365/14/3 5381/14/10
f 5365/14/3 5377/14/18 5367/14/1
f 5370/6/6 5379/8/15 5369/8/5
f 5365/14/3 5382/9/11 5381/14/10
f 5382/9/11 5365/14/3 5366/9/2
f 5380/6/9 5366/9/2 5368/6/4
f 5378/11/17 5367/15/1 5377/15/18
f 5367/15/1 5378/11/17 5372/11/8
f 5378/11/17 5371/10/7 5372/11/8
f 5380/13/9 5369/12/5 5379/12/15
f 5385/1/1 5384/2/2 5383/1/3
f 5384/2/2 5385/1/1 5386/3/4
f 5386/3/4 5385/1/1 5387/4/5
f 5387/4/5 5385/1/1 5388/5/6
f 5388/5/6 5385/1/1 5389/3/7
f 5389/3/7 5385/1/1 5390/2/8
f 5398/3/9 5399/1/10 5400/2/11
f 5392/6/12 5389/7/7 5394/7/13
f 5389/7/7 5392/6/12 5391/6/14
f 5397/8/15 5388/6/6 5393/6/22
f 5384/9/2 5398/6/9 5400/9/11
f 5389/10/7 5396/11/17 5394/10/13
f 5387/12/5 5398/13/9 5386/13/4
f 5391/5/14 5388/5/6 5389/3/7
f 5393/5/22 5391/5/14 5392/5/12
f 5391/5/14 5393/5/22 5388/5/6
f 5392/5/12 5394/3/13 5393/5/22
f 5395/1/18 5393/5/22 5394/3/13
f 5395/1/18 5394/3/13 5396/2/17
f 5395/1/18 5397/4/15 5393/5/22
f 5395/1/18 5398/3/9 5397/4/15
f 5399/1/10 5398/3/9 5395/1/18
f 5395/14/18 5383/14/3 5399/14/10
f 5383/14/3 5395/14/18 5385/14/1
f 5388/6/6 5397/8/15 5387/8/5
f 5383/14/3 5400/9/11 5399/14/10
f 5400/9/11 5383/14/3 5384/9/2
f 5398/6/9 5384/9/2 5386/6/4
f 5396/11/17 5385/15/1 5395/15/18
f 5385/15/1 5396/11/17 5390/11/8
f 5396/11/17 5389/10/7 5390/11/8
f 5398/13/9 5387/12/5 5397/12/15
f 5403/1/1 5402/2/2 5401/1/3
f 5402/2/2 5403/1/1 5404/3/19
f 5404/3/19 5403/1/1 5405/4/5
f 5405/4/5 5403/1/1 5406/5/6
f 5406/5/6 5403/1/1 5407/3/7
f 5407/3/7 5403/1/1 5408/2/8
f 5416/3/9 5417/1/10 5418/2/11
f 5410/6/12 5407/7/7 5412/7/13
f 5407/7/7 5410/6/12 5409/6/14
f 5415/8/15 5406/6/6 5411/6/22
f 5402/9/2 5416/6/9 5418/9/11
f 5407/10/7 5414/11/17 5412/10/13
f 5405/12/5 5416/13/9 5404/13/19
f 5409/5/14 5406/5/6 5407/3/7
f 5411/5/22 5409/5/14 5410/5/12
f 5409/5/14 5411/5/22 5406/5/6
f 5410/5/12 5412/3/13 5411/5/22
f 5413/1/18 5411/5/22 5412/3/13
f 5413/1/18 5412/3/13 5414/2/17
f 5413/1/18 5415/4/15 5411/5/22
f 5413/1/18 5416/3/9 5415/4/15
f 5417/1/10 5416/3/9 5413/1/18
f 5413/14/18 5401/14/3 5417/14/10
f 5401/14/3 5413/14/18 5403/14/1
f 5406/6/6 5415/8/15 5405/8/5
f 5401/14/3 5418/9/11 5417/14/10
f 5418/9/11 5401/14/3 5402/9/2
f 5416/6/9 5402/9/2 5404/6/19
f 5414/11/17 5403/15/1 5413/15/18
f 5403/15/1 5414/11/17 5408/11/8
f 5414/11/17 5407/10/7 5408/11/8
f 5416/13/9 5405/12/5 5415/12/15
f 5421/1/1 5420/2/2 5419/1/3
f 5420/2/2 5421/1/1 5422/3/4
f 5422/3/4 5421/1/1 5423/4/5
f 5423/4/5 5421/1/1 5424/5/6
f 5424/5/6 5421/1/1 5425/3/7
f 5425/3/7 5421/1/1 5426/2/8
f 5434/3/9 5435/1/10 5436/2/11
f 5428/6/12 5425/7/7 5430/7/13
f 5425/7/7 5428/6/12 5427/6/14
f 5433/8/15 5424/6/6 5429/6/22
f 5420/9/2 5434/6/9 5436/9/11
f 5425/10/7 5432/11/17 5430/10/13
f 5423/12/5 5434/13/9 5422/13/4
f 5427/5/14 5424/5/6 5425/3/7
f 5429/5/22 5427/5/14 5428/5/12
f 5427/5/14 5429/5/22 5424/5/6
f 5428/5/12 5430/3/13 5429/5/22
f 5431/1/18 5429/5/22 5430/3/13
f 5431/1/18 5430/3/13 5432/2/17
f 5431/1/18 5433/4/15 5429/5/22
f 5431/1/18 5434/3/9 5433/4/15
f 5435/1/10 5434/3/9 5431/1/18
f 5431/14/18 5419/14/3 5435/14/10
f 5419/14/3 5431/14/18 5421/14/1
f 5424/6/6 5433/8/15 5423/8/5
f 5419/14/3 5436/9/11 5435/14/10
f 5436/9/11 5419/14/3 5420/9/2
f 5434/6/9 5420/9/2 5422/6/4
f 5432/11/17 5421/15/1 5431/15/18
f 5421/15/1 5432/11/17 5426/11/8
f 5432/11/17 5425/10/7 5426/11/8
f 5434/13/9 5423/12/5 5433/12/15
f 5439/1/1 5438/2/2 5437/1/3
f 5438/2/2 5439/1/1 5440/3/4
f 5440/3/4 5439/1/1 5441/4/5
f 5441/4/5 5439/1/1 5442/5/6
f 5442/5/6 5439/1/1 5443/3/7
f 5443/3/7 5439/1/1 5444/2/8
f 5452/3/9 5453/1/10 5454/2/11
f 5446/6/12 5443/7/7 5448/7/13
f 5443/7/7 5446/6/12 5445/6/14
f 5451/8/15 5442/6/6 5447/6/22
f 5438/9/2 5452/6/9 5454/9/11
f 5443/10/7 5450/11/17 5448/10/13
f 5441/12/5 5452/13/9 5440/13/4
f 5445/5/14 5442/5/6 5443/3/7
f 5447/5/22 5445/5/14 5446/5/12
f 5445/5/14 5447/5/22 5442/5/6
f 5446/5/12 5448/3/13 5447/5/22
f 5449/1/18 5447/5/22 5448/3/13
f 5449/1/18 5448/3/13 5450/2/17
f 5449/1/18 5451/4/15 5447/5/22
f 5449/1/18 5452/3/9 5451/4/15
f 5453/1/10 5452/3/9 5449/1/18
f 5449/14/18 5437/14/3 5453/14/10
f 5437/14/3 5449/14/18 5439/14/1
f 5442/6/6 5451/8/15 5441/8/5
f 5437/14/3 5454/9/11 5453/14/10
f 5454/9/11 5437/14/3 5438/9/2
f 5452/6/9 5438/9/2 5440/6/4
f 5450/11/17 5439/15/1 5449/15/18
f 5439/15/1 5450/11/17 5444/11/8
f 5450/11/17 5443/10/7 5444/11/8
f 5452/13/9 5441/12/5 5451/12/15
f 5457/1/1 5456/2/2 5455/1/3
f 5456/2/2 5457/1/1 5458/3/4
f 5458/3/4 5457/1/1 5459/4/5
f 5459/4/5 5457/1/1 5460/5/6
f 5460/5/6 5457/1/1 5461/3/7
f 5461/3/7 5457/1/1 5462/2/8
f 5470/3/9 5471/1/10 5472/2/11
f 5464/6/12 5461/7/7 5466/7/13
f 5461/7/7 5464/6/12 5463/6/14
f 5469/8/15 5460/6/6 5465/6/22
f 5456/9/2 5470/6/9 5472/9/11
f 5461/10/7 5468/11/17 5466/10/13
f 5459/12/5 5470/13/9 5458/13/4
f 5463/5/14 5460/5/6 5461/3/7
f 5465/5/22 5463/5/14 5464/5/12
f 5463/5/14 5465/5/22 5460/5/6
f 5464/5/12 5466/3/13 5465/5/22
f 5467/1/18 5465/5/22 5466/3/13
f 5467/1/18 5466/3/13 5468/2/17
f 5467/1/18 5469/4/15 5465/5/22
f 5467/1/18 5470/3/9 5469/4/15
f 5471/1/10 5470/3/9 5467/1/18
f 5467/14/18 5455/14/3 5471/14/10
f 5455/14/3 5467/14/18 5457/14/1
f 5460/6/6 5469/8/15 5459/8/5
f 5455/14/3 5472/9/11 5471/14/10
f 5472/9/11 5455/14/3 5456/9/2
f 5470/6/9 5456/9/2 5458/6/4
f 5468/11/17 5457/15/1 5467/15/18
f 5457/15/1 5468/11/17 5462/11/8
f 5468/11/17 5461/10/7 5462/11/8
f 5470/13/9 5459/12/5 5469/12/15
f 5475/1/1 5474/2/2 5473/1/3
f 5474/2/2 5475/1/1 5476/3/4
f 5476/3/4 5475/1/1 5477/4/5
f 5477/4/5 5475/1/1 5478/5/6
f 5478/5/6 5475/1/1 5479/3/7
f 5479/3/7 5475/1/1 5480/2/8
f 5488/3/9 5489/1/10 5490/2/11
f 5482/6/12 5479/7/7 5484/7/13
f 5479/7/7 5482/6/12 5481/6/14
f 5487/8/15 5478/6/6 5483/6/22
f 5474/9/2 5488/6/9 5490/9/11
f 5479/10/7 5486/11/17 5484/10/13
f 5477/12/5 5488/13/9 5476/13/4
f 5481/5/14 5478/5/6 5479/3/7
f 5483/5/22 5481/5/14 5482/5/12
f 5481/5/14 5483/5/22 5478/5/6
f 5482/5/12 5484/3/13 5483/5/22
f 5485/1/18 5483/5/22 5484/3/13
f 5485/1/18 5484/3/13 5486/2/17
f 5485/1/18 5487/4/15 5483/5/22
f 5485/1/18 5488/3/9 5487/4/15
f 5489/1/10 5488/3/9 5485/1/18
f 5485/14/18 5473/14/3 5489/14/10
f 5473/14/3 5485/14/18 5475/14/1
f 5478/6/6 5487/8/15 5477/8/5
f 5473/14/3 5490/9/11 5489/14/10
f 5490/9/11 5473/14/3 5474/9/2
f 5488/6/9 5474/9/2 5476/6/4
f 5486/11/17 5475/15/1 5485/15/18
f 5475/15/1 5486/11/17 5480/11/8
f 5486/11/17 5479/10/7 5480/11/8
f 5488/13/9 5477/12/5 5487/12/15
f 5493/1/1 5492/2/2 5491/1/3
f 5492/2/2 5493/1/1 5494/3/19
f 5494/3/19 5493/1/1 5495/4/5
f 5495/4/5 5493/1/1 5496/5/6
f 5496/5/6 5493/1/1 5497/3/7
f 5497/3/7 5493/1/1 5498/2/8
f 5506/3/9 5507/1/10 5508/2/11
f 5500/6/12 5497/7/7 5502/7/13
f 5497/7/7 5500/6/12 5499/6/14
f 5505/8/15 5496/6/6 5501/6/22
f 5492/9/2 5506/6/9 5508/9/11
f 5497/10/7 5504/11/17 5502/10/13
f 5495/12/5 5506/13/9 5494/13/19
f 5499/5/14 5496/5/6 5497/3/7
f 5501/5/22 5499/5/14 5500/5/12
f 5499/5/14 5501/5/22 5496/5/6
f 5500/5/12 5502/3/13 5501/5/22
f 5503/1/18 5501/5/22 5502/3/13
f 5503/1/18 5502/3/13 5504/2/17
f 5503/1/18 5505/4/15 5501/5/22
f 5503/1/18 5506/3/9 5505/4/15
f 5507/1/10 5506/3/9 5503/1/18
f 5503/14/18 5491/14/3 5507/14/10
f 5491/14/3 5503/14/18 5493/14/1
f 5496/6/6 5505/8/15 5495/8/5
f 5491/14/3 5508/9/11 5507/14/10
f 5508/9/11 5491/14/3 5492/9/2
f 5506/6/9 5492/9/2 5494/6/19
f 5504/11/17 5493/15/1 5503/15/18
f 5493/15/1 5504/11/17 5498/11/8
f 5504/11/17 5497/10/7 5498/11/8
f 5506/13/9 5495/12/5 5505/12/15
f 5511/1/1 5510/2/2 5509/1/3
f 5510/2/2 5511/1/1 5512/3/4
f 5512/3/4 5511/1/1 5513/4/5
f 5513/4/5 5511/1/1 5514/5/6
f 5514/5/6 5511/1/1 5515/3/7
f 5515/3/7 5511/1/1 5516/2/8
f 5524/3/9 5525/1/10 5526/2/11
f 5518/6/12 5515/7/7 5520/7/13
f 5515/7/7 5518/6/12 5517/6/14
f 5523/8/15 5514/6/6 5519/6/22
f 5510/9/2 5524/6/9 5526/9/11
f 5515/10/7 5522/11/17 5520/10/13
f 5513/12/5 5524/13/9 5512/13/4
f 5517/5/14 5514/5/6 5515/3/7
f 5519/5/22 5517/5/14 5518/5/12
f 5517/5/14 5519/5/22 5514/5/6
f 5518/5/12 5520/3/13 5519/5/22
f 5521/1/18 5519/5/22 5520/3/13
f 5521/1/18 5520/3/13 5522/2/17
f 5521/1/18 5523/4/15 5519/5/22
f 5521/1/18 5524/3/9 5523/4/15
f 5525/1/10 5524/3/9 5521/1/18
f 5521/14/18 5509/14/3 5525/14/10
f 5509/14/3 5521/14/18 5511/14/1
f 5514/6/6 5523/8/15 5513/8/5
f 5509/14/3 5526/9/11 5525/14/10
f 5526/9/11 5509/14/3 5510/9/2
f 5524/6/9 5510/9/2 5512/6/4
f 5522/11/17 5511/15/1 5521/15/18
f 5511/15/1 5522/11/17 5516/11/8
f 5522/11/17 5515/10/7 5516/11/8
f 5524/13/9 5513/12/5 5523/12/15
f 5529/1/1 5528/2/2 5527/1/3
f 5528/2/2 5529/1/1 5530/3/4
f 5530/3/4 5529/1/1 5531/4/5
f 5531/4/5 5529/1/1 5532/5/6
f 5532/5/6 5529/1/1 5533/3/7
f 5533/3/7 5529/1/1 5534/2/8
f 5542/3/9 5543/1/10 5544/2/11
f 5536/6/12 5533/7/7 5538/7/13
f 5533/7/7 5536/6/12 5535/6/14
f 5541/8/15 5532/6/6 5537/6/22
f 5528/9/2 5542/6/9 5544/9/11
f 5533/10/7 5540/11/17 5538/10/13
f 5531/12/5 5542/13/9 5530/13/4
f 5535/5/14 5532/5/6 5533/3/7
f 5537/5/22 5535/5/14 5536/5/12
f 5535/5/14 5537/5/22 5532/5/6
f 5536/5/12 5538/3/13 5537/5/22
f 5539/1/18 5537/5/22 5538/3/13
f 5539/1/18 5538/3/13 5540/2/17
f 5539/1/18 5541/4/15 5537/5/22
f 5539/1/18 5542/3/9 5541/4/15
f 5543/1/10 5542/3/9 5539/1/18
f 5539/14/18 5527/14/3 5543/14/10
f 5527/14/3 5539/14/18 5529/14/1
f 5532/6/6 5541/8/15 5531/8/5
f 5527/14/3 5544/9/11 5543/14/10
f 5544/9/11 5527/14/3 5528/9/2
f 5542/6/9 5528/9/2 5530/6/4
f 5540/11/17 5529/15/1 5539/15/18
f 5529/15/1 5540/11/17 5534/11/8
f 5540/11/17 5533/10/7 5534/11/8
f 5542/13/9 5531/12/5 5541/12/15
f 5547/1/1 5546/2/2 5545/1/3
f 5546/2/2 5547/1/1 5548/3/4
f 5548/3/4 5547/1/1 5549/4/5
f 5549/4/5 5547/1/1 5550/5/6
f 5550/5/6 5547/1/1 5551/3/7
f 5551/3/7 5547/1/1 5552/2/8
f 5560/3/9 5561/1/10 5562/2/11
f 5554/6/12 5551/7/7 5556/7/13
f 5551/7/7 5554/6/12 5553/6/14
f 5559/8/15 5550/6/6 5555/6/22
f 5546/9/2 5560/6/9 5562/9/11
f 5551/10/7 5558/11/17 5556/10/13
f 5549/12/5 5560/13/9 5548/13/4
f 5553/5/14 5550/5/6 5551/3/7
f 5555/5/22 5553/5/14 5554/5/12
f 5553/5/14 5555/5/22 5550/5/6
f 5554/5/12 5556/3/13 5555/5/22
f 5557/1/18 5555/5/22 5556/3/13
f 5557/1/18 5556/3/13 5558/2/17
f 5557/1/18 5559/4/15 5555/5/22
f 5557/1/18 5560/3/9 5559/4/15
f 5561/1/10 5560/3/9 5557/1/18
f 5557/14/18 5545/14/3 5561/14/10
f 5545/14/3 5557/14/18 5547/14/1
f 5550/6/6 5559/8/15 5549/8/5
f 5545/14/3 5562/9/11 5561/14/10
f 5562/9/11 5545/14/3 5546/9/2
f 5560/6/9 5546/9/2 5548/6/4
f 5558/11/17 5547/15/1 5557/15/18
f 5547/15/1 5558/11/17 5552/11/8
f 5558/11/17 5551/10/7 5552/11/8
f 5560/13/9 5549/12/5 5559/12/15
f 5565/1/1 5564/2/2 5563/1/3
f 5564/2/2 5565/1/1 5566/3/4
f 5566/3/4 5565/1/1 5567/4/5
f 5567/4/5 5565/1/1 5568/5/6
f 5568/5/6 5565/1/1 5569/3/7
f 5569/3/7 5565/1/1 5570/2/8
f 5578/3/9 5579/1/10 5580/2/11
f 5572/6/12 5569/7/7 5574/7/13
f 5569/7/7 5572/6/12 5571/6/14
f 5577/8/15 5568/6/6 5573/6/22
f 5564/9/2 5578/6/9 5580/9/11
f 5569/10/7 5576/11/17 5574/10/13
f 5567/12/5 5578/13/9 5566/13/4
f 5571/5/14 5568/5/6 5569/3/7
f 5573/5/22 5571/5/14 5572/5/12
f 5571/5/14 5573/5/22 5568/5/6
f 5572/5/12 5574/3/13 5573/5/22
f 5575/1/18 5573/5/22 5574/3/13
f 5575/1/18 5574/3/13 5576/2/17
f 5575/1/18 5577/4/15 5573/5/22
f 5575/1/18 5578/3/9 5577/4/15
f 5579/1/10 5578/3/9 5575/1/18
f 5575/14/18 5563/14/3 5579/14/10
f 5563/14/3 5575/14/18 5565/14/1
f 5568/6/6 5577/8/15 5567/8/5
f 5563/14/3 5580/9/11 5579/14/10
f 5580/9/11 5563/14/3 5564/9/2
f 5578/6/9 5564/9/2 5566/6/4
f 5576/11/17 5565/15/1 5575/15/18
f 5565/15/1 5576/11/17 5570/11/8
f 5576/11/17 5569/10/7 5570/11/8
f 5578/13/9 5567/12/5 5577/12/15
f 5583/1/1 5582/2/2 5581/1/3
f 5582/2/2 5583/1/1 5584/3/4
f 5584/3/4 5583/1/1 5585/4/5
f 5585/4/5 5583/1/1 5586/5/6
f 5586/5/6 5583/1/1 5587/3/7
f 5587/3/7 5583/1/1 5588/2/8
f 5596/3/9 5597/1/10 5598/2/11
f 5590/6/12 5587/7/7 5592/7/13
f 5587/7/7 5590/6/12 5589/6/14
f 5595/8/15 5586/6/6 5591/6/22
f 5582/9/2 5596/6/9 5598/9/11
f 5587/10/7 5594/11/17 5592/10/13
f 5585/12/5 5596/13/9 5584/13/4
f 5589/5/14 5586/5/6 5587/3/7
f 5591/5/22 5589/5/14 5590/5/12
f 5589/5/14 5591/5/22 5586/5/6
f 5590/5/12 5592/3/13 5591/5/22
f 5593/1/18 5591/5/22 5592/3/13
f 5593/1/18 5592/3/13 5594/2/17
f 5593/1/18 5595/4/15 5591/5/22
f 5593/1/18 5596/3/9 5595/4/15
f 5597/1/10 5596/3/9 5593/1/18
f 5593/14/18 5581/14/3 5597/14/10
f 5581/14/3 5593/14/18 5583/14/1
f 5586/6/6 5595/8/15 5585/8/5
f 5581/14/3 5598/9/11 5597/14/10
f 5598/9/11 5581/14/3 5582/9/2
f 5596/6/9 5582/9/2 5584/6/4
f 5594/11/17 5583/15/1 5593/15/18
f 5583/15/1 5594/11/17 5588/11/8
f 5594/11/17 5587/10/7 5588/11/8
f 5596/13/9 5585/12/5 5595/12/15
f 5601/1/1 5600/2/2 5599/1/3
f 5600/2/2 5601/1/1 5602/3/4
f 5602/3/4 5601/1/1 5603/4/5
f 5603/4/5 5601/1/1 5604/5/6
f 5604/5/6 5601/1/1 5605/3/7
f 5605/3/7 5601/1/1 5606/2/8
f 5614/3/9 5615/1/10 5616/2/11
f 5608/6/12 5605/7/7 5610/7/13
f 5605/7/7 5608/6/12 5607/6/14
f 5613/8/15 5604/6/6 5609/6/22
f 5600/9/2 5614/6/9 5616/9/11
f 5605/10/7 5612/11/17 5610/10/13
f 5603/12/5 5614/13/9 5602/13/4
f 5607/5/14 5604/5/6 5605/3/7
f 5609/5/22 5607/5/14 5608/5/12
f 5607/5/14 5609/5/22 5604/5/6
f 5608/5/12 5610/3/13 5609/5/22
f 5611/1/18 5609/5/22 5610/3/13
f 5611/1/18 5610/3/13 5612/2/17
f 5611/1/18 5613/4/15 5609/5/22
f 5611/1/18 5614/3/9 5613/4/15
f 5615/1/10 5614/3/9 5611/1/18
f 5611/14/18 5599/14/3 5615/14/10
f 5599/14/3 5611/14/18 5601/14/1
f 5604/6/6 5613/8/15 5603/8/5
f 5599/14/3 5616/9/11 5615/14/10
f 5616/9/11 5599/14/3 5600/9/2
f 5614/6/9 5600/9/2 5602/6/4
f 5612/11/17 5601/15/1 5611/15/18
f 5601/15/1 5612/11/17 5606/11/8
f 5612/11/17 5605/10/7 5606/11/8
f 5614/13/9 5603/12/5 5613/12/15
f 5619/1/1 5618/2/2 5617/1/3
f 5618/2/2 5619/1/1 5620/3/19
f 5620/3/19 5619/1/1 5621/4/5
f 5621/4/5 5619/1/1 5622/5/6
f 5622/5/6 5619/1/1 5623/3/7
f 5623/3/7 5619/1/1 5624/2/8
f 5632/3/9 5633/1/10 5634/2/11
f 5626/6/12 5623/7/7 5628/7/13
f 5623/7/7 5626/6/12 5625/6/14
f 5631/8/15 5622/6/6 5627/6/22
f 5618/9/2 5632/6/9 5634/9/11
f 5623/10/7 5630/11/17 5628/10/13
f 5621/12/5 5632/13/9 5620/13/19
f 5625/5/14 5622/5/6 5623/3/7
f 5627/5/22 5625/5/14 5626/5/12
f 5625/5/14 5627/5/22 5622/5/6
f 5626/5/12 5628/3/13 5627/5/22
f 5629/1/18 5627/5/22 5628/3/13
f 5629/1/18 5628/3/13 5630/2/17
f 5629/1/18 5631/4/15 5627/5/22
f 5629/1/18 5632/3/9 5631/4/15
f 5633/1/10 5632/3/9 5629/1/18
f 5629/14/18 5617/14/3 5633/14/10
f 5617/14/3 5629/14/18 5619/14/1
f 5622/6/6 5631/8/15 5621/8/5
f 5617/14/3 5634/9/11 5633/14/10
f 5634/9/11 5617/14/3 5618/9/2
f 5632/6/9 5618/9/2 5620/6/19
f 5630/11/17 5619/15/1 5629/15/18
f 5619/15/1 5630/11/17 5624/11/8
f 5630/11/17 5623/10/7 5624/11/8
f 5632/13/9 5621/12/5 5631/12/15
f 5637/1/1 5636/2/2 5635/1/3
f 5636/2/2 5637/1/1 5638/3/4
f 5638/3/4 5637/1/1 5639/4/5
f 5639/4/5 5637/1/1 5640/5/6
f 5640/5/6 5637/1/1 5641/3/7
f 5641/3/7 5637/1/1 5642/2/8
f 5650/3/9 5651/1/10 5652/2/11
f 5644/6/12 5641/7/7 5646/7/13
f 5641/7/7 5644/6/12 5643/6/14
f 5649/8/15 5640/6/6 5645/6/22
f 5636/9/2 5650/6/9 5652/9/11
f 5641/10/7 5648/11/17 5646/10/13
f 5639/12/5 5650/13/9 5638/13/4
f 5643/5/14 5640/5/6 5641/3/7
f 5645/5/22 5643/5/14 5644/5/12
f 5643/5/14 5645/5/22 5640/5/6
f 5644/5/12 5646/3/13 5645/5/22
f 5647/1/18 5645/5/22 5646/3/13
f 5647/1/18 5646/3/13 5648/2/17
f 5647/1/18 5649/4/15 5645/5/22
f 5647/1/18 5650/3/9 5649/4/15
f 5651/1/10 5650/3/9 5647/1/18
f 5647/14/18 5635/14/3 5651/14/10
f 5635/14/3 5647/14/18 5637/14/1
f 5640/6/6 5649/8/15 5639/8/5
f 5635/14/3 5652/9/11 5651/14/10
f 5652/9/11 5635/14/3 5636/9/2
f 5650/6/9 5636/9/2 5638/6/4
f 5648/11/17 5637/15/1 5647/15/18
f 5637/15/1 5648/11/17 5642/11/8
f 5648/11/17 5641/10/7 5642/11/8
f 5650/13/9 5639/12/5 5649/12/15
f 5655/1/1 5654/2/2 5653/1/3
f 5654/2/2 5655/1/1 5656/3/4
f 5656/3/4 5655/1/1 5657/4/5
f 5657/4/5 5655/1/1 5658/5/6
f 5658/5/6 5655/1/1 5659/3/7
f 5659/3/7 5655/1/1 5660/2/8
f 5668/3/9 5669/1/10 5670/2/11
f 5662/6/12 5659/7/7 5664/7/13
f 5659/7/7 5662/6/12 5661/6/14
f 5667/8/15 5658/6/6 5663/6/22
f 5654/9/2 5668/6/9 5670/9/11
f 5659/10/7 5666/11/17 5664/10/13
f 5657/12/5 5668/13/9 5656/13/4
f 5661/5/14 5658/5/6 5659/3/7
f 5663/5/22 5661/5/14 5662/5/12
f 5661/5/14 5663/5/22 5658/5/6
f 5662/5/12 5664/3/13 5663/5/22
f 5665/1/18 5663/5/22 5664/3/13
f 5665/1/18 5664/3/13 5666/2/17
f 5665/1/18 5667/4/15 5663/5/22
f 5665/1/18 5668/3/9 5667/4/15
f 5669/1/10 5668/3/9 5665/1/18
f 5665/14/18 5653/14/3 5669/14/10
f 5653/14/3 5665/14/18 5655/14/1
f 5658/6/6 5667/8/15 5657/8/5
f 5653/14/3 5670/9/11 5669/14/10
f 5670/9/11 5653/14/3 5654/9/2
f 5668/6/9 5654/9/2 5656/6/4
f 5666/11/17 5655/15/1 5665/15/18
f 5655/15/1 5666/11/17 5660/11/8
f 5666/11/17 5659/10/7 5660/11/8
f 5668/13/9 5657/12/5 5667/12/15
f 5673/1/1 5672/2/2 5671/1/3
f 5672/2/2 5673/1/1 5674/3/4
f 5674/3/4 5673/1/1 5675/4/5
f 5675/4/5 5673/1/1 5676/5/6
f 5676/5/6 5673/1/1 5677/3/7
f 5677/3/7 5673/1/1 5678/2/8
f 5686/3/9 5687/1/10 5688/2/11
f 5680/6/12 5677/7/7 5682/7/13
f 5677/7/7 5680/6/12 5679/6/14
f 5685/8/15 5676/6/6 5681/6/22
f 5672/9/2 5686/6/9 5688/9/11
f 5677/10/7 5684/11/17 5682/10/13
f 5675/12/5 5686/13/9 5674/13/4
f 5679/5/14 5676/5/6 5677/3/7
f 5681/5/22 5679/5/14 5680/5/12
f 5679/5/14 5681/5/22 5676/5/6
f 5680/5/12 5682/3/13 5681/5/22
f 5683/1/18 5681/5/22 5682/3/13
f 5683/1/18 5682/3/13 5684/2/17
f 5683/1/18 5685/4/15 5681/5/22
f 5683/1/18 5686/3/9 5685/4/15
f 5687/1/10 5686/3/9 5683/1/18
f 5683/14/18 5671/14/3 5687/14/10
f 5671/14/3 5683/14/18 5673/14/1
f 5676/6/6 5685/8/15 5675/8/5
f 5671/14/3 5688/9/11 5687/14/10
f 5688/9/11 5671/14/3 5672/9/2
f 5686/6/9 5672/9/2 5674/6/4
f 5684/11/17 5673/15/1 5683/15/18
f 5673/15/1 5684/11/17 5678/11/8
f 5684/11/17 5677/10/7 5678/11/8
f 5686/13/9 5675/12/5 5685/12/15
f 5691/1/1 5690/2/2 5689/1/3
f 5690/2/2 5691/1/1 5692/3/4
f 5692/3/4 5691/1/1 5693/4/5
f 5693/4/5 5691/1/1 5694/5/6
f 5694/5/6 5691/1/1 5695/3/7
f 5695/3/7 5691/1/1 5696/2/8
f 5704/3/9 5705/1/10 5706/2/11
f 5698/6/12 5695/7/7 5700/7/13
f 5695/7/7 5698/6/12 5697/6/14
f 5703/8/15 5694/6/6 5699/6/22
f 5690/9/2 5704/6/9 5706/9/11
f 5695/10/7 5702/11/17 5700/10/13
f 5693/12/5 5704/13/9 5692/13/4
f 5697/5/14 5694/5/6 5695/3/7
f 5699/5/22 5697/5/14 5698/5/12
f 5697/5/14 5699/5/22 5694/5/6
f 5698/5/12 5700/3/13 5699/5/22
f 5701/1/18 5699/5/22 5700/3/13
f 5701/1/18 5700/3/13 5702/2/17
f 5701/1/18 5703/4/15 5699/5/22
f 5701/1/18 5704/3/9 5703/4/15
f 5705/1/10 5704/3/9 5701/1/18
f 5701/14/18 5689/14/3 5705/14/10
f 5689/14/3 5701/14/18 5691/14/1
f 5694/6/6 5703/8/15 5693/8/5
f 5689/14/3 5706/9/11 5705/14/10
f 5706/9/11 5689/14/3 5690/9/2
f 5704/6/9 5690/9/2 5692/6/4
f 5702/11/17 5691/15/1 5701/15/18
f 5691/15/1 5702/11/17 5696/11/8
f 5702/11/17 5695/10/7 5696/11/8
f 5704/13/9 5693/12/5 5703/12/15
f 5709/1/1 5708/2/2 5707/1/3
f 5708/2/2 5709/1/1 5710/3/4
f 5710/3/4 5709/1/1 5711/4/5
f 5711/4/5 5709/1/1 5712/5/6
f 5712/5/6 5709/1/1 5713/3/7
f 5713/3/7 5709/1/1 5714/2/8
f 5722/3/9 5723/1/10 5724/2/11
f 5716/6/12 5713/7/7 5718/7/13
f 5713/7/7 5716/6/12 5715/6/14
f 5721/8/15 5712/6/6 5717/6/22
f 5708/9/2 5722/6/9 5724/9/11
f 5713/10/7 5720/11/17 5718/10/13
f 5711/12/5 5722/13/9 5710/13/4
f 5715/5/14 5712/5/6 5713/3/7
f 5717/5/22 5715/5/14 5716/5/12
f 5715/5/14 5717/5/22 5712/5/6
f 5716/5/12 5718/3/13 5717/5/22
f 5719/1/18 5717/5/22 5718/3/13
f 5719/1/18 5718/3/13 5720/2/17
f 5719/1/18 5721/4/15 5717/5/22
f 5719/1/18 5722/3/9 5721/4/15
f 5723/1/10 5722/3/9 5719/1/18
f 5719/14/18 5707/14/3 5723/14/10
f 5707/14/3 5719/14/18 5709/14/1
f 5712/6/6 5721/8/15 5711/8/5
f 5707/14/3 5724/9/11 5723/14/10
f 5724/9/11 5707/14/3 5708/9/2
f 5722/6/9 5708/9/2 5710/6/4
f 5720/11/17 5709/15/1 5719/15/18
f 5709/15/1 5720/11/17 5714/11/8
f 5720/11/17 5713/10/7 5714/11/8
f 5722/13/9 5711/12/5 5721/12/15
f 5727/1/1 5726/2/2 5725/1/3
f 5726/2/2 5727/1/1 5728/3/4
f 5728/3/4 5727/1/1 5729/4/5
f 5729/4/5 5727/1/1 5730/5/6
f 5730/5/6 5727/1/1 5731/3/7
f 5731/3/7 5727/1/1 5732/2/8
f 5740/3/9 5741/1/10 5742/2/11
f 5734/6/12 5731/7/7 5736/7/13
f 5731/7/7 5734/6/12 5733/6/14
f 5739/8/15 5730/6/6 5735/6/22
f 5726/9/2 5740/6/9 5742/9/11
f 5731/10/7 5738/11/17 5736/10/13
f 5729/12/5 5740/13/9 5728/13/4
f 5733/5/14 5730/5/6 5731/3/7
f 5735/5/22 5733/5/14 5734/5/12
f 5733/5/14 5735/5/22 5730/5/6
f 5734/5/12 5736/3/13 5735/5/22
f 5737/1/18 5735/5/22 5736/3/13
f 5737/1/18 5736/3/13 5738/2/17
f 5737/1/18 5739/4/15 5735/5/22
f 5737/1/18 5740/3/9 5739/4/15
f 5741/1/10 5740/3/9 5737/1/18
f 5737/14/18 5725/14/3 5741/14/10
f 5725/14/3 5737/14/18 5727/14/1
f 5730/6/6 5739/8/15 5729/8/5
f 5725/14/3 5742/9/11 5741/14/10
f 5742/9/11 5725/14/3 5726/9/2
f 5740/6/9 5726/9/2 5728/6/4
f 5738/11/17 5727/15/1 5737/15/18
f 5727/15/1 5738/11/17 5732/11/8
f 5738/11/17 5731/10/7 5732/11/8
f 5740/13/9 5729/12/5 5739/12/15
f 5745/1/1 5744/2/2 5743/1/3
f 5744/2/2 5745/1/1 5746/3/19
f 5746/3/19 5745/1/1 5747/4/5
f 5747/4/5 5745/1/1 5748/5/6
f 5748/5/6 5745/1/1 5749/3/7
f 5749/3/7 5745/1/1 5750/2/8
f 5758/3/9 5759/1/10 5760/2/11
f 5752/6/12 5749/7/7 5754/7/13
f 5749/7/7 5752/6/12 5751/6/14
f 5757/8/15 5748/6/6 5753/6/22
f 5744/9/2 5758/6/9 5760/9/11
f 5749/10/7 5756/11/17 5754/10/13
f 5747/12/5 5758/13/9 5746/13/19
f 5751/5/14 5748/5/6 5749/3/7
f 5753/5/22 5751/5/14 5752/5/12
f 5751/5/14 5753/5/22 5748/5/6
f 5752/5/12 5754/3/13 5753/5/22
f 5755/1/18 5753/5/22 5754/3/13
f 5755/1/18 5754/3/13 5756/2/17
f 5755/1/18 5757/4/15 5753/5/22
f 5755/1/18 5758/3/9 5757/4/15
f 5759/1/10 5758/3/9 5755/1/18
f 5755/14/18 5743/14/3 5759/14/10
f 5743/14/3 5755/14/18 5745/14/1
f 5748/6/6 5757/8/15 5747/8/5
f 5743/14/3 5760/9/11 5759/14/10
f 5760/9/11 5743/14/3 5744/9/2
f 5758/6/9 5744/9/2 5746/6/19
f 5756/11/17 5745/15/1 5755/15/18
f 5745/15/1 5756/11/17 5750/11/8
f 5756/11/17 5749/10/7 5750/11/8
f 5758/13/9 5747/12/5 5757/12/15
f 5763/1/1 5762/2/2 5761/1/3
f 5762/2/2 5763/1/1 5764/3/4
f 5764/3/4 5763/1/1 5765/4/5
f 5765/4/5 5763/1/1 5766/5/6
f 5766/5/6 5763/1/1 5767/3/7
f 5767/3/7 5763/1/1 5768/2/8
f 5776/3/9 5777/1/10 5778/2/11
f 5770/6/12 5767/7/7 5772/7/13
f 5767/7/7 5770/6/12 5769/6/14
f 5775/8/15 5766/6/6 5771/6/22
f 5762/9/2 5776/6/9 5778/9/11
f 5767/10/7 5774/11/17 5772/10/13
f 5765/12/5 5776/13/9 5764/13/4
f 5769/5/14 5766/5/6 5767/3/7
f 5771/5/22 5769/5/14 5770/5/12
f 5769/5/14 5771/5/22 5766/5/6
f 5770/5/12 5772/3/13 5771/5/22
f 5773/1/18 5771/5/22 5772/3/13
f 5773/1/18 5772/3/13 5774/2/17
f 5773/1/18 5775/4/15 5771/5/22
f 5773/1/18 5776/3/9 5775/4/15
f 5777/1/10 5776/3/9 5773/1/18
f 5773/14/18 5761/14/3 5777/14/10
f 5761/14/3 5773/14/18 5763/14/1
f 5766/6/6 5775/8/15 5765/8/5
f 5761/14/3 5778/9/11 5777/14/10
f 5778/9/11 5761/14/3 5762/9/2
f 5776/6/9 5762/9/2 5764/6/4
f 5774/11/17 5763/15/1 5773/15/18
f 5763/15/1 5774/11/17 5768/11/8
f 5774/11/17 5767/10/7 5768/11/8
f 5776/13/9 5765/12/5 5775/12/15
f 5781/1/1 5780/2/2 5779/1/3
f 5780/2/2 5781/1/1 5782/3/4
f 5782/3/4 5781/1/1 5783/4/5
f 5783/4/5 5781/1/1 5784/5/6
f 5784/5/6 5781/1/1 5785/3/7
f 5785/3/7 5781/1/1 5786/2/8
f 5794/3/9 5795/1/10 5796/2/11
f 5788/6/12 5785/7/7 5790/7/13
f 5785/7/7 5788/6/12 5787/6/14
f 5793/8/15 5784/6/6 5789/6/22
f 5780/9/2 5794/6/9 5796/9/11
f 5785/10/7 5792/11/17 5790/10/13
f 5783/12/5 5794/13/9 5782/13/4
f 5787/5/14 5784/5/6 5785/3/7
f 5789/5/22 5787/5/14 5788/5/12
f 5787/5/14 5789/5/22 5784/5/6
f 5788/5/12 5790/3/13 5789/5/22
f 5791/1/18 5789/5/22 5790/3/13
f 5791/1/18 5790/3/13 5792/2/17
f 5791/1/18 5793/4/15 5789/5/22
f 5791/1/18 5794/3/9 5793/4/15
f 5795/1/10 5794/3/9 5791/1/18
f 5791/14/18 5779/14/3 5795/14/10
f 5779/14/3 5791/14/18 5781/14/1
f 5784/6/6 5793/8/15 5783/8/5
f 5779/14/3 5796/9/11 5795/14/10
f 5796/9/11 5779/14/3 5780/9/2
f 5794/6/9 5780/9/2 5782/6/4
f 5792/11/17 5781/15/1 5791/15/18
f 5781/15/1 5792/11/17 5786/11/8
f 5792/11/17 5785/10/7 5786/11/8
f 5794/13/9 5783/12/5 5793/12/15
f 5799/1/1 5798/2/2 5797/1/3
f 5798/2/2 5799/1/1 5800/3/4
f 5800/3/4 5799/1/1 5801/4/5
f 5801/4/5 5799/1/1 5802/5/6
f 5802/5/6 5799/1/1 5803/3/7
f 5803/3/7 5799/1/1 5804/2/8
f 5812/3/9 5813/1/10 5814/2/11
f 5806/6/12 5803/7/7 5808/7/13
f 5803/7/7 5806/6/12 5805/6/14
f 5811/8/15 5802/6/6 5807/6/22
f 5798/9/2 5812/6/9 5814/9/11
f 5803/10/7 5810/11/17 5808/10/13
f 5801/12/5 5812/13/9 5800/13/4
f 5805/5/14 5802/5/6 5803/3/7
f 5807/5/22 5805/5/14 5806/5/12
f 5805/5/14 5807/5/22 5802/5/6
f 5806/5/12 5808/3/13 5807/5/22
f 5809/1/18 5807/5/22 5808/3/13
f 5809/1/18 5808/3/13 5810/2/17
f 5809/1/18 5811/4/15 5807/5/22
f 5809/1/18 5812/3/9 5811/4/15
f 5813/1/10 5812/3/9 5809/1/18
f 5809/14/18 5797/14/3 5813/14/10
f 5797/14/3 5809/14/18 5799/14/1
f 5802/6/6 5811/8/15 5801/8/5
f 5797/14/3 5814/9/11 5813/14/10
f 5814/9/11 5797/14/3 5798/9/2
f 5812/6/9 5798/9/2 5800/6/4
f 5810/11/17 5799/15/1 5809/15/18
f 5799/15/1 5810/11/17 5804/11/8
f 5810/11/17 5803/10/7 5804/11/8
f 5812/13/9 5801/12/5 5811/12/15
f 5817/1/1 5816/2/2 5815/1/3
f 5816/2/2 5817/1/1 5818/3/19
f 5818/3/19 5817/1/1 5819/4/5
f 5819/4/5 5817/1/1 5820/5/6
f 5820/5/6 5817/1/1 5821/3/7
f 5821/3/7 5817/1/1 5822/2/8
f 5830/3/9 5831/1/10 5832/2/11
f 5824/6/12 5821/7/7 5826/7/13
f 5821/7/7 5824/6/12 5823/6/14
f 5829/8/15 5820/6/6 5825/6/22
f 5816/9/2 5830/6/9 5832/9/11
f 5821/10/7 5828/11/17 5826/10/13
f 5819/12/5 5830/13/9 5818/13/19
f 5823/5/14 5820/5/6 5821/3/7
f 5825/5/22 5823/5/14 5824/5/12
f 5823/5/14 5825/5/22 5820/5/6
f 5824/5/12 5826/3/13 5825/5/22
f 5827/1/18 5825/5/22 5826/3/13
f 5827/1/18 5826/3/13 5828/2/17
f 5827/1/18 5829/4/15 5825/5/22
f 5827/1/18 5830/3/9 5829/4/15
f 5831/1/10 5830/3/9 5827/1/18
f 5827/14/18 5815/14/3 5831/14/10
f 5815/14/3 5827/14/18 5817/14/1
f 5820/6/6 5829/8/15 5819/8/5
f 5815/14/3 5832/9/11 5831/14/10
f 5832/9/11 5815/14/3 5816/9/2
f 5830/6/9 5816/9/2 5818/6/19
f 5828/11/17 5817/15/1 5827/15/18
f 5817/15/1 5828/11/17 5822/11/8
f 5828/11/17 5821/10/7 5822/11/8
f 5830/13/9 5819/12/5 5829/12/15
f 5835/1/1 5834/2/2 5833/1/3
f 5834/2/2 5835/1/1 5836/3/4
f 5836/3/4 5835/1/1 5837/4/5
f 5837/4/5 5835/1/1 5838/5/6
f 5838/5/6 5835/1/1 5839/3/7
f 5839/3/7 5835/1/1 5840/2/8
f 5848/3/9 5849/1/10 5850/2/11
f 5842/6/12 5839/7/7 5844/7/20
f 5839/7/7 5842/6/12 5841/6/14
f 5847/8/15 5838/6/6 5843/6/16
f 5834/9/2 5848/6/9 5850/9/11
f 5839/10/7 5846/11/17 5844/10/20
f 5837/12/5 5848/13/9 5836/13/4
f 5841/5/14 5838/5/6 5839/3/7
f 5843/5/16 5841/5/14 5842/5/12
f 5841/5/14 5843/5/16 5838/5/6
f 5842/5/12 5844/3/20 5843/5/16
f 5845/1/18 5843/5/16 5844/3/20
f 5845/1/18 5844/3/20 5846/2/17
f 5845/1/18 5847/4/15 5843/5/16
f 5845/1/18 5848/3/9 5847/4/15
f 5849/1/10 5848/3/9 5845/1/18
f 5845/14/18 5833/14/3 5849/14/10
f 5833/14/3 5845/14/18 5835/14/1
f 5838/6/6 5847/8/15 5837/8/5
f 5833/14/3 5850/9/11 5849/14/10
f 5850/9/11 5833/14/3 5834/9/2
f 5848/6/9 5834/9/2 5836/6/4
f 5846/11/17 5835/15/1 5845/15/18
f 5835/15/1 5846/11/17 5840/11/8
f 5846/11/17 5839/10/7 5840/11/8
f 5848/13/9 5837/12/5 5847/12/15
f 5853/1/1 5852/2/2 5851/1/3
f 5852/2/2 5853/1/1 5854/3/4
f 5854/3/4 5853/1/1 5855/4/5
f 5855/4/5 5853/1/1 5856/5/6
f 5856/5/6 5853/1/1 5857/3/7
f 5857/3/7 5853/1/1 5858/2/8
f 5866/3/9 5867/1/10 5868/2/11
f 5860/6/12 5857/7/7 5862/7/13
f 5857/7/7 5860/6/12 5859/6/14
f 5865/8/15 5856/6/6 5861/6/22
f 5852/9/2 5866/6/9 5868/9/11
f 5857/10/7 5864/11/17 5862/10/13
f 5855/12/5 5866/13/9 5854/13/4
f 5859/5/14 5856/5/6 5857/3/7
f 5861/5/22 5859/5/14 5860/5/12
f 5859/5/14 5861/5/22 5856/5/6
f 5860/5/12 5862/3/13 5861/5/22
f 5863/1/18 5861/5/22 5862/3/13
f 5863/1/18 5862/3/13 5864/2/17
f 5863/1/18 5865/4/15 5861/5/22
f 5863/1/18 5866/3/9 5865/4/15
f 5867/1/10 5866/3/9 5863/1/18
f 5863/14/18 5851/14/3 5867/14/10
f 5851/14/3 5863/14/18 5853/14/1
f 5856/6/6 5865/8/15 5855/8/5
f 5851/14/3 5868/9/11 5867/14/10
f 5868/9/11 5851/14/3 5852/9/2
f 5866/6/9 5852/9/2 5854/6/4
f 5864/11/17 5853/15/1 5863/15/18
f 5853/15/1 5864/11/17 5858/11/8
f 5864/11/17 5857/10/7 5858/11/8
f 5866/13/9 5855/12/5 5865/12/15
f 5871/1/1 5870/2/2 5869/1/3
f 5870/2/2 5871/1/1 5872/3/4
f 5872/3/4 5871/1/1 5873/4/5
f 5873/4/5 5871/1/1 5874/5/6
f 5874/5/6 5871/1/1 5875/3/7
f 5875/3/7 5871/1/1 5876/2/8
f 5884/3/9 5885/1/10 5886/2/11
f 5878/6/12 5875/7/7 5880/7/13
f 5875/7/7 5878/6/12 5877/6/14
f 5883/8/15 5874/6/6 5879/6/22
f 5870/9/2 5884/6/9 5886/9/11
f 5875/10/7 5882/11/17 5880/10/13
f 5873/12/5 5884/13/9 5872/13/4
f 5877/5/14 5874/5/6 5875/3/7
f 5879/5/22 5877/5/14 5878/5/12
f 5877/5/14 5879/5/22 5874/5/6
f 5878/5/12 5880/3/13 5879/5/22
f 5881/1/18 5879/5/22 5880/3/13
f 5881/1/18 5880/3/13 5882/2/17
f 5881/1/18 5883/4/15 5879/5/22
f 5881/1/18 5884/3/9 5883/4/15
f 5885/1/10 5884/3/9 5881/1/18
f 5881/14/18 5869/14/3 5885/14/10
f 5869/14/3 5881/14/18 5871/14/1
f 5874/6/6 5883/8/15 5873/8/5
f 5869/14/3 5886/9/11 5885/14/10
f 5886/9/11 5869/14/3 5870/9/2
f 5884/6/9 5870/9/2 5872/6/4
f 5882/11/17 5871/15/1 5881/15/18
f 5871/15/1 5882/11/17 5876/11/8
f 5882/11/17 5875/10/7 5876/11/8
f 5884/13/9 5873/12/5 5883/12/15
f 5889/1/1 5888/2/2 5887/1/3
f 5888/2/2 5889/1/1 5890/3/4
f 5890/3/4 5889/1/1 5891/4/5
f 5891/4/5 5889/1/1 5892/5/6
f 5892/5/6 5889/1/1 5893/3/7
f 5893/3/7 5889/1/1 5894/2/8
f 5902/3/9 5903/1/10 5904/2/11
f 5896/6/12 5893/7/7 5898/7/13
f 5893/7/7 5896/6/12 5895/6/14
f 5901/8/15 5892/6/6 5897/6/22
f 5888/9/2 5902/6/9 5904/9/11
f 5893/10/7 5900/11/17 5898/10/13
f 5891/12/5 5902/13/9 5890/13/4
f 5895/5/14 5892/5/6 5893/3/7
f 5897/5/22 5895/5/14 5896/5/12
f 5895/5/14 5897/5/22 5892/5/6
f 5896/5/12 5898/3/13 5897/5/22
f 5899/1/18 5897/5/22 5898/3/13
f 5899/1/18 5898/3/13 5900/2/17
f 5899/1/18 5901/4/15 5897/5/22
f 5899/1/18 5902/3/9 5901/4/15
f 5903/1/10 5902/3/9 5899/1/18
f 5899/14/18 5887/14/3 5903/14/10
f 5887/14/3 5899/14/18 5889/14/1
f 5892/6/6 5901/8/15 5891/8/5
f 5887/14/3 5904/9/11 5903/14/10
f 5904/9/11 5887/14/3 5888/9/2
f 5902/6/9 5888/9/2 5890/6/4
f 5900/11/17 5889/15/1 5899/15/18
f 5889/15/1 5900/11/17 5894/11/8
f 5900/11/17 5893/10/7 5894/11/8
f 5902/13/9 5891/12/5 5901/12/15
f 5907/1/1 5906/2/2 5905/1/3
f 5906/2/2 5907/1/1 5908/3/19
f 5908/3/19 5907/1/1 5909/4/5
f 5909/4/5 5907/1/1 5910/5/6
f 5910/5/6 5907/1/1 5911/3/7
f 5911/3/7 5907/1/1 5912/2/8
f 5920/3/9 5921/1/10 5922/2/11
f 5914/6/12 5911/7/7 5916/7/13
f 5911/7/7 5914/6/12 5913/6/14
f 5919/8/15 5910/6/6 5915/6/22
f 5906/9/2 5920/6/9 5922/9/11
f 5911/10/7 5918/11/17 5916/10/13
f 5909/12/5 5920/13/9 5908/13/19
f 5913/5/14 5910/5/6 5911/3/7
f 5915/5/22 5913/5/14 5914/5/12
f 5913/5/14 5915/5/22 5910/5/6
f 5914/5/12 5916/3/13 5915/5/22
f 5917/1/18 5915/5/22 5916/3/13
f 5917/1/18 5916/3/13 5918/2/17
f 5917/1/18 5919/4/15 5915/5/22
f 5917/1/18 5920/3/9 5919/4/15
f 5921/1/10 5920/3/9 5917/1/18
f 5917/14/18 5905/14/3 5921/14/10
f 5905/14/3 5917/14/18 5907/14/1
f 5910/6/6 5919/8/15 5909/8/5
f 5905/14/3 5922/9/11 5921/14/10
f 5922/9/11 5905/14/3 5906/9/2
f 5920/6/9 5906/9/2 5908/6/19
f 5918/11/17 5907/15/1 5917/15/18
f 5907/15/1 5918/11/17 5912/11/8
f 5918/11/17 5911/10/7 5912/11/8
f 5920/13/9 5909/12/5 5919/12/15
f 5925/1/1 5924/2/2 5923/1/3
f 5924/2/2 5925/1/1 5926/3/4
f 5926/3/4 5925/1/1 5927/4/5
f 5927/4/5 5925/1/1 5928/5/6
f 5928/5/6 5925/1/1 5929/3/7
f 5929/3/7 5925/1/1 5930/2/8
f 5938/3/9 5939/1/10 5940/2/11
f 5932/6/12 5929/7/7 5934/7/13
f 5929/7/7 5932/6/12 5931/6/14
f 5937/8/15 5928/6/6 5933/6/22
f 5924/9/2 5938/6/9 5940/9/11
f 5929/10/7 5936/11/17 5934/10/13
f 5927/12/5 5938/13/9 5926/13/4
f 5931/5/14 5928/5/6 5929/3/7
f 5933/5/22 5931/5/14 5932/5/12
f 5931/5/14 5933/5/22 5928/5/6
f 5932/5/12 5934/3/13 5933/5/22
f 5935/1/18 5933/5/22 5934/3/13
f 5935/1/18 5934/3/13 5936/2/17
f 5935/1/18 5937/4/15 5933/5/22
f 5935/1/18 5938/3/9 5937/4/15
f 5939/1/10 5938/3/9 5935/1/18
f 5935/14/18 5923/14/3 5939/14/10
f 5923/14/3 5935/14/18 5925/14/1
f 5928/6/6 5937/8/15 5927/8/5
f 5923/14/3 5940/9/11 5939/14/10
f 5940/9/11 5923/14/3 5924/9/2
f 5938/6/9 5924/9/2 5926/6/4
f 5936/11/17 5925/15/1 5935/15/18
f 5925/15/1 5936/11/17 5930/11/8
f 5936/11/17 5929/10/7 5930/11/8
f 5938/13/9 5927/12/5 5937/12/15
f 5943/1/1 5942/2/2 5941/1/3
f 5942/2/2 5943/1/1 5944/3/4
f 5944/3/4 5943/1/1 5945/4/5
f 5945/4/5 5943/1/1 5946/5/6
f 5946/5/6 5943/1/1 5947/3/7
f 5947/3/7 5943/1/1 5948/2/8
f 5956/3/9 5957/1/10 5958/2/11
f 5950/6/12 5947/7/7 5952/7/13
f 5947/7/7 5950/6/12 5949/6/14
f 5955/8/15 5946/6/6 5951/6/22
f 5942/9/2 5956/6/9 5958/9/11
f 5947/10/7 5954/11/17 5952/10/13
f 5945/12/5 5956/13/9 5944/13/4
f 5949/5/14 5946/5/6 5947/3/7
f 5951/5/22 5949/5/14 5950/5/12
f 5949/5/14 5951/5/22 5946/5/6
f 5950/5/12 5952/3/13 5951/5/22
f 5953/1/18 5951/5/22 5952/3/13
f 5953/1/18 5952/3/13 5954/2/17
f 5953/1/18 5955/4/15 5951/5/22
f 5953/1/18 5956/3/9 5955/4/15
f 5957/1/10 5956/3/9 5953/1/18
f 5953/14/18 5941/14/3 5957/14/10
f 5941/14/3 5953/14/18 5943/14/1
f 5946/6/6 5955/8/15 5945/8/5
f 5941/14/3 5958/9/11 5957/14/10
f 5958/9/11 5941/14/3 5942/9/2
f 5956/6/9 5942/9/2 5944/6/4
f 5954/11/17 5943/15/1 5953/15/18
f 5943/15/1 5954/11/17 5948/11/8
f 5954/11/17 5947/10/7 5948/11/8
f 5956/13/9 5945/12/5 5955/12/15
f 5961/1/1 5960/2/2 5959/1/3
f 5960/2/2 5961/1/1 5962/3/4
f 5962/3/4 5961/1/1 5963/4/5
f 5963/4/5 5961/1/1 5964/5/6
f 5964/5/6 5961/1/1 5965/3/7
f 5965/3/7 5961/1/1 5966/2/8
f 5974/3/9 5975/1/10 5976/2/11
f 5968/6/12 5965/7/7 5970/7/13
f 5965/7/7 5968/6/12 5967/6/14
f 5973/8/15 5964/6/6 5969/6/22
f 5960/9/2 5974/6/9 5976/9/11
f 5965/10/7 5972/11/17 5970/10/13
f 5963/12/5 5974/13/9 5962/13/4
f 5967/5/14 5964/5/6 5965/3/7
f 5969/5/22 5967/5/14 5968/5/12
f 5967/5/14 5969/5/22 5964/5/6
f 5968/5/12 5970/3/13 5969/5/22
f 5971/1/18 5969/5/22 5970/3/13
f 5971/1/18 5970/3/13 5972/2/17
f 5971/1/18 5973/4/15 5969/5/22
f 5971/1/18 5974/3/9 5973/4/15
f 5975/1/10 5974/3/9 5971/1/18
f 5971/14/18 5959/14/3 5975/14/10
f 5959/14/3 5971/14/18 5961/14/1
f 5964/6/6 5973/8/15 5963/8/5
f 5959/14/3 5976/9/11 5975/14/10
f 5976/9/11 5959/14/3 5960/9/2
f 5974/6/9 5960/9/2 5962/6/4
f 5972/11/17 5961/15/1 5971/15/18
f 5961/15/1 5972/11/17 5966/11/8
f 5972/11/17 5965/10/7 5966/11/8
f 5974/13/9 5963/12/5 5973/12/15
f 5979/1/1 5978/2/2 5977/1/3
f 5978/2/2 5979/1/1 5980/3/4
f 5980/3/4 5979/1/1 5981/4/5
f 5981/4/5 5979/1/1 5982/5/6
f 5982/5/6 5979/1/1 5983/3/7
f 5983/3/7 5979/1/1 5984/2/8
f 5992/3/9 5993/1/10 5994/2/11
f 5986/6/12 5983/7/7 5988/7/13
f 5983/7/7 5986/6/12 5985/6/14
f 5991/8/15 5982/6/6 5987/6/22
f 5978/9/2 5992/6/9 5994/9/11
f 5983/10/7 5990/11/17 5988/10/13
f 5981/12/5 5992/13/9 5980/13/4
f 5985/5/14 5982/5/6 5983/3/7
f 5987/5/22 5985/5/14 5986/5/12
f 5985/5/14 5987/5/22 5982/5/6
f 5986/5/12 5988/3/13 5987/5/22
f 5989/1/18 5987/5/22 5988/3/13
f 5989/1/18 5988/3/13 5990/2/17
f 5989/1/18 5991/4/15 5987/5/22
f 5989/1/18 5992/3/9 5991/4/15
f 5993/1/10 5992/3/9 5989/1/18
f 5989/14/18 5977/14/3 5993/14/10
f 5977/14/3 5989/14/18 5979/14/1
f 5982/6/6 5991/8/15 5981/8/5
f 5977/14/3 5994/9/11 5993/14/10
f 5994/9/11 5977/14/3 5978/9/2
f 5992/6/9 5978/9/2 5980/6/4
f 5990/11/17 5979/15/1 5989/15/18
f 5979/15/1 5990/11/17 5984/11/8
f 5990/11/17 5983/10/7 5984/11/8
f 5992/13/9 5981/12/5 5991/12/15
f 5997/1/1 5996/2/2 5995/1/3
f 5996/2/2 5997/1/1 5998/3/19
f 5998/3/19 5997/1/1 5999/4/5
f 5999/4/5 5997/1/1 6000/5/6
f 6000/5/6 5997/1/1 6001/3/7
f 6001/3/7 5997/1/1 6002/2/8
f 6010/3/9 6011/1/10 6012/2/11
f 6004/6/12 6001/7/7 6006/7/13
f 6001/7/7 6004/6/12 6003/6/14
f 6009/8/15 6000/6/6 6005/6/22
f 5996/9/2 6010/6/9 6012/9/11
f 6001/10/7 6008/11/17 6006/10/13
f 5999/12/5 6010/13/9 5998/13/19
f 6003/5/14 6000/5/6 6001/3/7
f 6005/5/22 6003/5/14 6004/5/12
f 6003/5/14 6005/5/22 6000/5/6
f 6004/5/12 6006/3/13 6005/5/22
f 6007/1/18 6005/5/22 6006/3/13
f 6007/1/18 6006/3/13 6008/2/17
f 6007/1/18 6009/4/15 6005/5/22
f 6007/1/18 6010/3/9 6009/4/15
f 6011/1/10 6010/3/9 6007/1/18
f 6007/14/18 5995/14/3 6011/14/10
f 5995/14/3 6007/14/18 5997/14/1
f 6000/6/6 6009/8/15 5999/8/5
f 5995/14/3 6012/9/11 6011/14/10
f 6012/9/11 5995/14/3 5996/9/2
f 6010/6/9 5996/9/2 5998/6/19
f 6008/11/17 5997/15/1 6007/15/18
f 5997/15/1 6008/11/17 6002/11/8
f 6008/11/17 6001/10/7 6002/11/8
f 6010/13/9 5999/12/5 6009/12/15
f 6015/1/1 6014/2/2 6013/1/3
f 6014/2/2 6015/1/1 6016/3/4
f 6016/3/4 6015/1/1 6017/4/5
f 6017/4/5 6015/1/1 6018/5/6
f 6018/5/6 6015/1/1 6019/3/7
f 6019/3/7 6015/1/1 6020/2/8
f 6028/3/9 6029/1/10 6030/2/11
f 6022/6/12 6019/7/7 6024/7/13
f 6019/7/7 6022/6/12 6021/6/14
f 6027/8/15 6018/6/6 6023/6/22
f 6014/9/2 6028/6/9 6030/9/11
f 6019/10/7 6026/11/17 6024/10/13
f 6017/12/5 6028/13/9 6016/13/4
f 6021/5/14 6018/5/6 6019/3/7
f 6023/5/22 6021/5/14 6022/5/12
f 6021/5/14 6023/5/22 6018/5/6
f 6022/5/12 6024/3/13 6023/5/22
f 6025/1/18 6023/5/22 6024/3/13
f 6025/1/18 6024/3/13 6026/2/17
f 6025/1/18 6027/4/15 6023/5/22
f 6025/1/18 6028/3/9 6027/4/15
f 6029/1/10 6028/3/9 6025/1/18
f 6025/14/18 6013/14/3 6029/14/10
f 6013/14/3 6025/14/18 6015/14/1
f 6018/6/6 6027/8/15 6017/8/5
f 6013/14/3 6030/9/11 6029/14/10
f 6030/9/11 6013/14/3 6014/9/2
f 6028/6/9 6014/9/2 6016/6/4
f 6026/11/17 6015/15/1 6025/15/18
f 6015/15/1 6026/11/17 6020/11/8
f 6026/11/17 6019/10/7 6020/11/8
f 6028/13/9 6017/12/5 6027/12/15
f 6033/1/1 6032/2/2 6031/1/3
f 6032/2/2 6033/1/1 6034/3/4
f 6034/3/4 6033/1/1 6035/4/5
f 6035/4/5 6033/1/1 6036/5/6
f 6036/5/6 6033/1/1 6037/3/7
f 6037/3/7 6033/1/1 6038/2/8
f 6046/3/9 6047/1/10 6048/2/11
f 6040/6/12 6037/7/7 6042/7/13
f 6037/7/7 6040/6/12 6039/6/14
f 6045/8/15 6036/6/6 6041/6/22
f 6032/9/2 6046/6/9 6048/9/11
f 6037/10/7 6044/11/17 6042/10/13
f 6035/12/5 6046/13/9 6034/13/4
f 6039/5/14 6036/5/6 6037/3/7
f 6041/5/22 6039/5/14 6040/5/12
f 6039/5/14 6041/5/22 6036/5/6
f 6040/5/12 6042/3/13 6041/5/22
f 6043/1/18 6041/5/22 6042/3/13
f 6043/1/18 6042/3/13 6044/2/17
f 6043/1/18 6045/4/15 6041/5/22
f 6043/1/18 6046/3/9 6045/4/15
f 6047/1/10 6046/3/9 6043/1/18
f 6043/14/18 6031/14/3 6047/14/10
f 6031/14/3 6043/14/18 6033/14/1
f 6036/6/6 6045/8/15 6035/8/5
f 6031/14/3 6048/9/11 6047/14/10
f 6048/9/11 6031/14/3 6032/9/2
f 6046/6/9 6032/9/2 6034/6/4
f 6044/11/17 6033/15/1 6043/15/18
f 6033/15/1 6044/11/17 6038/11/8
f 6044/11/17 6037/10/7 6038/11/8
f 6046/13/9 6035/12/5 6045/12/15
f 6051/1/1 6050/2/2 6049/1/3
f 6050/2/2 6051/1/1 6052/3/4
f 6052/3/4 6051/1/1 6053/4/5
f 6053/4/5 6051/1/1 6054/5/6
f 6054/5/6 6051/1/1 6055/3/7
f 6055/3/7 6051/1/1 6056/2/8
f 6064/3/9 6065/1/10 6066/2/11
f 6058/6/12 6055/7/7 6060/7/13
f 6055/7/7 6058/6/12 6057/6/14
f 6063/8/15 6054/6/6 6059/6/22
f 6050/9/2 6064/6/9 6066/9/11
f 6055/10/7 6062/11/17 6060/10/13
f 6053/12/5 6064/13/9 6052/13/4
f 6057/5/14 6054/5/6 6055/3/7
f 6059/5/22 6057/5/14 6058/5/12
f 6057/5/14 6059/5/22 6054/5/6
f 6058/5/12 6060/3/13 6059/5/22
f 6061/1/18 6059/5/22 6060/3/13
f 6061/1/18 6060/3/13 6062/2/17
f 6061/1/18 6063/4/15 6059/5/22
f 6061/1/18 6064/3/9 6063/4/15
f 6065/1/10 6064/3/9 6061/1/18
f 6061/14/18 6049/14/3 6065/14/10
f 6049/14/3 6061/14/18 6051/14/1
f 6054/6/6 6063/8/15 6053/8/5
f 6049/14/3 6066/9/11 6065/14/10
f 6066/9/11 6049/14/3 6050/9/2
f 6064/6/9 6050/9/2 6052/6/4
f 6062/11/17 6051/15/1 6061/15/18
f 6051/15/1 6062/11/17 6056/11/8
f 6062/11/17 6055/10/7 6056/11/8
f 6064/13/9 6053/12/5 6063/12/15
f 6069/1/1 6068/2/2 6067/1/3
f 6068/2/2 6069/1/1 6070/3/4
f 6070/3/4 6069/1/1 6071/4/5
f 6071/4/5 6069/1/1 6072/5/6
f 6072/5/6 6069/1/1 6073/3/7
f 6073/3/7 6069/1/1 6074/2/8
f 6082/3/9 6083/1/10 6084/2/11
f 6076/6/12 6073/7/7 6078/7/13
f 6073/7/7 6076/6/12 6075/6/14
f 6081/8/15 6072/6/6 6077/6/22
f 6068/9/2 6082/6/9 6084/9/11
f 6073/10/7 6080/11/17 6078/10/13
f 6071/12/5 6082/13/9 6070/13/4
f 6075/5/14 6072/5/6 6073/3/7
f 6077/5/22 6075/5/14 6076/5/12
f 6075/5/14 6077/5/22 6072/5/6
f 6076/5/12 6078/3/13 6077/5/22
f 6079/1/18 6077/5/22 6078/3/13
f 6079/1/18 6078/3/13 6080/2/17
f 6079/1/18 6081/4/15 6077/5/22
f 6079/1/18 6082/3/9 6081/4/15
f 6083/1/10 6082/3/9 6079/1/18
f 6079/14/18 6067/14/3 6083/14/10
f 6067/14/3 6079/14/18 6069/14/1
f 6072/6/6 6081/8/15 6071/8/5
f 6067/14/3 6084/9/11 6083/14/10
f 6084/9/11 6067/14/3 6068/9/2
f 6082/6/9 6068/9/2 6070/6/4
f 6080/11/17 6069/15/1 6079/15/18
f 6069/15/1 6080/11/17 6074/11/8
f 6080/11/17 6073/10/7 6074/11/8
f 6082/13/9 6071/12/5 6081/12/15
f 6087/1/1 6086/2/2 6085/1/3
f 6086/2/2 6087/1/1 6088/3/4
f 6088/3/4 6087/1/1 6089/4/5
f 6089/4/5 6087/1/1 6090/5/6
f 6090/5/6 6087/1/1 6091/3/7
f 6091/3/7 6087/1/1 6092/2/8
f 6100/3/9 6101/1/10 6102/2/11
f 6094/6/12 6091/7/7 6096/7/13
f 6091/7/7 6094/6/12 6093/6/14
f 6099/8/15 6090/6/6 6095/6/22
f 6086/9/2 6100/6/9 6102/9/11
f 6091/10/7 6098/11/17 6096/10/13
f 6089/12/5 6100/13/9 6088/13/4
f 6093/5/14 6090/5/6 6091/3/7
f 6095/5/22 6093/5/14 6094/5/12
f 6093/5/14 6095/5/22 6090/5/6
f 6094/5/12 6096/3/13 6095/5/22
f 6097/1/18 6095/5/22 6096/3/13
f 6097/1/18 6096/3/13 6098/2/17
f 6097/1/18 6099/4/15 6095/5/22
f 6097/1/18 6100/3/9 6099/4/15
f 6101/1/10 6100/3/9 6097/1/18
f 6097/14/18 6085/14/3 6101/14/10
f 6085/14/3 6097/14/18 6087/14/1
f 6090/6/6 6099/8/15 6089/8/5
f 6085/14/3 6102/9/11 6101/14/10
f 6102/9/11 6085/14/3 6086/9/2
f 6100/6/9 6086/9/2 6088/6/4
f 6098/11/17 6087/15/1 6097/15/18
f 6087/15/1 6098/11/17 6092/11/8
f 6098/11/17 6091/10/7 6092/11/8
f 6100/13/9 6089/12/5 6099/12/15
f 6105/1/1 6104/2/2 6103/1/3
f 6104/2/2 6105/1/1 6106/3/4
f 6106/3/4 6105/1/1 6107/4/5
f 6107/4/5 6105/1/1 6108/5/6
f 6108/5/6 6105/1/1 6109/3/7
f 6109/3/7 6105/1/1 6110/2/8
f 6118/3/9 6119/1/10 6120/2/11
f 6112/6/12 6109/7/7 6114/7/13
f 6109/7/7 6112/6/12 6111/6/14
f 6117/8/15 6108/6/6 6113/6/22
f 6104/9/2 6118/6/9 6120/9/11
f 6109/10/7 6116/11/17 6114/10/13
f 6107/12/5 6118/13/9 6106/13/4
f 6111/5/14 6108/5/6 6109/3/7
f 6113/5/22 6111/5/14 6112/5/12
f 6111/5/14 6113/5/22 6108/5/6
f 6112/5/12 6114/3/13 6113/5/22
f 6115/1/18 6113/5/22 6114/3/13
f 6115/1/18 6114/3/13 6116/2/17
f 6115/1/18 6117/4/15 6113/5/22
f 6115/1/18 6118/3/9 6117/4/15
f 6119/1/10 6118/3/9 6115/1/18
f 6115/14/18 6103/14/3 6119/14/10
f 6103/14/3 6115/14/18 6105/14/1
f 6108/6/6 6117/8/15 6107/8/5
f 6103/14/3 6120/9/11 6119/14/10
f 6120/9/11 6103/14/3 6104/9/2
f 6118/6/9 6104/9/2 6106/6/4
f 6116/11/17 6105/15/1 6115/15/18
f 6105/15/1 6116/11/17 6110/11/8
f 6116/11/17 6109/10/7 6110/11/8
f 6118/13/9 6107/12/5 6117/12/15
f 6123/1/1 6122/2/2 6121/1/3
f 6122/2/2 6123/1/1 6124/3/19
f 6124/3/19 6123/1/1 6125/4/5
f 6125/4/5 6123/1/1 6126/5/6
f 6126/5/6 6123/1/1 6127/3/7
f 6127/3/7 6123/1/1 6128/2/8
f 6136/3/9 6137/1/10 6138/2/11
f 6130/6/12 6127/7/7 6132/7/13
f 6127/7/7 6130/6/12 6129/6/14
f 6135/8/15 6126/6/6 6131/6/22
f 6122/9/2 6136/6/9 6138/9/11
f 6127/10/7 6134/11/17 6132/10/13
f 6125/12/5 6136/13/9 6124/13/19
f 6129/5/14 6126/5/6 6127/3/7
f 6131/5/22 6129/5/14 6130/5/12
f 6129/5/14 6131/5/22 6126/5/6
f 6130/5/12 6132/3/13 6131/5/22
f 6133/1/18 6131/5/22 6132/3/13
f 6133/1/18 6132/3/13 6134/2/17
f 6133/1/18 6135/4/15 6131/5/22
f 6133/1/18 6136/3/9 6135/4/15
f 6137/1/10 6136/3/9 6133/1/18
f 6133/14/18 6121/14/3 6137/14/10
f 6121/14/3 6133/14/18 6123/14/1
f 6126/6/6 6135/8/15 6125/8/5
f 6121/14/3 6138/9/11 6137/14/10
f 6138/9/11 6121/14/3 6122/9/2
f 6136/6/9 6122/9/2 6124/6/19
f 6134/11/17 6123/15/1 6133/15/18
f 6123/15/1 6134/11/17 6128/11/8
f 6134/11/17 6127/10/7 6128/11/8
f 6136/13/9 6125/12/5 6135/12/15
f 6141/1/1 6140/2/2 6139/1/3
f 6140/2/2 6141/1/1 6142/3/4
f 6142/3/4 6141/1/1 6143/4/5
f 6143/4/5 6141/1/1 6144/5/6
f 6144/5/6 6141/1/1 6145/3/7
f 6145/3/7 6141/1/1 6146/2/8
f 6154/3/9 6155/1/10 6156/2/11
f 6148/6/12 6145/7/7 6150/7/13
f 6145/7/7 6148/6/12 6147/6/14
f 6153/8/15 6144/6/6 6149/6/22
f 6140/9/2 6154/6/9 6156/9/11
f 6145/10/7 6152/11/17 6150/10/13
f 6143/12/5 6154/13/9 6142/13/4
f 6147/5/14 6144/5/6 6145/3/7
f 6149/5/22 6147/5/14 6148/5/12
f 6147/5/14 6149/5/22 6144/5/6
f 6148/5/12 6150/3/13 6149/5/22
f 6151/1/18 6149/5/22 6150/3/13
f 6151/1/18 6150/3/13 6152/2/17
f 6151/1/18 6153/4/15 6149/5/22
f 6151/1/18 6154/3/9 6153/4/15
f 6155/1/10 6154/3/9 6151/1/18
f 6151/14/18 6139/14/3 6155/14/10
f 6139/14/3 6151/14/18 6141/14/1
f 6144/6/6 6153/8/15 6143/8/5
f 6139/14/3 6156/9/11 6155/14/10
f 6156/9/11 6139/14/3 6140/9/2
f 6154/6/9 6140/9/2 6142/6/4
f 6152/11/17 6141/15/1 6151/15/18
f 6141/15/1 6152/11/17 6146/11/8
f 6152/11/17 6145/10/7 6146/11/8
f 6154/13/9 6143/12/5 6153/12/15
f 6159/1/1 6158/2/2 6157/1/3
f 6158/2/2 6159/1/1 6160/3/4
f 6160/3/4 6159/1/1 6161/4/5
f 6161/4/5 6159/1/1 6162/5/6
f 6162/5/6 6159/1/1 6163/3/7
f 6163/3/7 6159/1/1 6164/2/8
f 6172/3/9 6173/1/10 6174/2/11
f 6166/6/12 6163/7/7 6168/7/13
f 6163/7/7 6166/6/12 6165/6/14
f 6171/8/15 6162/6/6 6167/6/22
f 6158/9/2 6172/6/9 6174/9/11
f 6163/10/7 6170/11/17 6168/10/13
f 6161/12/5 6172/13/9 6160/13/4
f 6165/5/14 6162/5/6 6163/3/7
f 6167/5/22 6165/5/14 6166/5/12
f 6165/5/14 6167/5/22 6162/5/6
f 6166/5/12 6168/3/13 6167/5/22
f 6169/1/18 6167/5/22 6168/3/13
f 6169/1/18 6168/3/13 6170/2/17
f 6169/1/18 6171/4/15 6167/5/22
f 6169/1/18 6172/3/9 6171/4/15
f 6173/1/10 6172/3/9 6169/1/18
f 6169/14/18 6157/14/3 6173/14/10
f 6157/14/3 6169/14/18 6159/14/1
f 6162/6/6 6171/8/15 6161/8/5
f 6157/14/3 6174/9/11 6173/14/10
f 6174/9/11 6157/14/3 6158/9/2
f 6172/6/9 6158/9/2 6160/6/4
f 6170/11/17 6159/15/1 6169/15/18
f 6159/15/1 6170/11/17 6164/11/8
f 6170/11/17 6163/10/7 6164/11/8
f 6172/13/9 6161/12/5 6171/12/15
f 6177/1/1 6176/2/2 6175/1/3
f 6176/2/2 6177/1/1 6178/3/4
f 6178/3/4 6177/1/1 6179/4/5
f 6179/4/5 6177/1/1 6180/5/6
f 6180/5/6 6177/1/1 6181/3/7
f 6181/3/7 6177/1/1 6182/2/8
f 6190/3/9 6191/1/10 6192/2/11
f 6184/6/12 6181/7/7 6186/7/13
f 6181/7/7 6184/6/12 6183/6/14
f 6189/8/15 6180/6/6 6185/6/22
f 6176/9/2 6190/6/9 6192/9/11
f 6181/10/7 6188/11/17 6186/10/13
f 6179/12/5 6190/13/9 6178/13/4
f 6183/5/14 6180/5/6 6181/3/7
f 6185/5/22 6183/5/14 6184/5/12
f 6183/5/14 6185/5/22 6180/5/6
f 6184/5/12 6186/3/13 6185/5/22
f 6187/1/18 6185/5/22 6186/3/13
f 6187/1/18 6186/3/13 6188/2/17
f 6187/1/18 6189/4/15 6185/5/22
f 6187/1/18 6190/3/9 6189/4/15
f 6191/1/10 6190/3/9 6187/1/18
f 6187/14/18 6175/14/3 6191/14/10
f 6175/14/3 6187/14/18 6177/14/1
f 6180/6/6 6189/8/15 6179/8/5
f 6175/14/3 6192/9/11 6191/14/10
f 6192/9/11 6175/14/3 6176/9/2
f 6190/6/9 6176/9/2 6178/6/4
f 6188/11/17 6177/15/1 6187/15/18
f 6177/15/1 6188/11/17 6182/11/8
f 6188/11/17 6181/10/7 6182/11/8
f 6190/13/9 6179/12/5 6189/12/15
f 6195/1/1 6194/2/2 6193/1/3
f 6194/2/2 6195/1/1 6196/3/4
f 6196/3/4 6195/1/1 6197/4/5
f 6197/4/5 6195/1/1 6198/5/6
f 6198/5/6 6195/1/1 6199/3/7
f 6199/3/7 6195/1/1 6200/2/8
f 6208/3/9 6209/1/10 6210/2/11
f 6202/6/12 6199/7/7 6204/7/13
f 6199/7/7 6202/6/12 6201/6/14
f 6207/8/15 6198/6/6 6203/6/22
f 6194/9/2 6208/6/9 6210/9/11
f 6199/10/7 6206/11/17 6204/10/13
f 6197/12/5 6208/13/9 6196/13/4
f 6201/5/14 6198/5/6 6199/3/7
f 6203/5/22 6201/5/14 6202/5/12
f 6201/5/14 6203/5/22 6198/5/6
f 6202/5/12 6204/3/13 6203/5/22
f 6205/1/18 6203/5/22 6204/3/13
f 6205/1/18 6204/3/13 6206/2/17
f 6205/1/18 6207/4/15 6203/5/22
f 6205/1/18 6208/3/9 6207/4/15
f 6209/1/10 6208/3/9 6205/1/18
f 6205/14/18 6193/14/3 6209/14/10
f 6193/14/3 6205/14/18 6195/14/1
f 6198/6/6 6207/8/15 6197/8/5
f 6193/14/3 6210/9/11 6209/14/10
f 6210/9/11 6193/14/3 6194/9/2
f 6208/6/9 6194/9/2 6196/6/4
f 6206/11/17 6195/15/1 6205/15/18
f 6195/15/1 6206/11/17 6200/11/8
f 6206/11/17 6199/10/7 6200/11/8
f 6208/13/9 6197/12/5 6207/12/15
f 6213/1/1 6212/2/2 6211/1/3
f 6212/2/2 6213/1/1 6214/3/4
f 6214/3/4 6213/1/1 6215/4/5
f 6215/4/5 6213/1/1 6216/5/6
f 6216/5/6 6213/1/1 6217/3/7
f 6217/3/7 6213/1/1 6218/2/8
f 6226/3/9 6227/1/10 6228/2/11
f 6220/6/12 6217/7/7 6222/7/13
f 6217/7/7 6220/6/12 6219/6/14
f 6225/8/15 6216/6/6 6221/6/22
f 6212/9/2 6226/6/9 6228/9/11
f 6217/10/7 6224/11/17 6222/10/13
f 6215/12/5 6226/13/9 6214/13/4
f 6219/5/14 6216/5/6 6217/3/7
f 6221/5/22 6219/5/14 6220/5/12
f 6219/5/14 6221/5/22 6216/5/6
f 6220/5/12 6222/3/13 6221/5/22
f 6223/1/18 6221/5/22 6222/3/13
f 6223/1/18 6222/3/13 6224/2/17
f 6223/1/18 6225/4/15 6221/5/22
f 6223/1/18 6226/3/9 6225/4/15
f 6227/1/10 6226/3/9 6223/1/18
f 6223/14/18 6211/14/3 6227/14/10
f 6211/14/3 6223/14/18 6213/14/1
f 6216/6/6 6225/8/15 6215/8/5
f 6211/14/3 6228/9/11 6227/14/10
f 6228/9/11 6211/14/3 6212/9/2
f 6226/6/9 6212/9/2 6214/6/4
f 6224/11/17 6213/15/1 6223/15/18
f 6213/15/1 6224/11/17 6218/11/8
f 6224/11/17 6217/10/7 6218/11/8
f 6226/13/9 6215/12/5 6225/12/15
f 6231/1/1 6230/2/2 6229/1/3
f 6230/2/2 6231/1/1 6232/3/4
f 6232/3/4 6231/1/1 6233/4/5
f 6233/4/5 6231/1/1 6234/5/6
f 6234/5/6 6231/1/1 6235/3/7
f 6235/3/7 6231/1/1 6236/2/8
f 6244/3/9 6245/1/10 6246/2/11
f 6238/6/12 6235/7/7 6240/7/13
f 6235/7/7 6238/6/12 6237/6/14
f 6243/8/15 6234/6/6 6239/6/22
f 6230/9/2 6244/6/9 6246/9/11
f 6235/10/7 6242/11/17 6240/10/13
f 6233/12/5 6244/13/9 6232/13/4
f 6237/5/14 6234/5/6 6235/3/7
f 6239/5/22 6237/5/14 6238/5/12
f 6237/5/14 6239/5/22 6234/5/6
f 6238/5/12 6240/3/13 6239/5/22
f 6241/1/18 6239/5/22 6240/3/13
f 6241/1/18 6240/3/13 6242/2/17
f 6241/1/18 6243/4/15 6239/5/22
f 6241/1/18 6244/3/9 6243/4/15
f 6245/1/10 6244/3/9 6241/1/18
f 6241/14/18 6229/14/3 6245/14/10
f 6229/14/3 6241/14/18 6231/14/1
f 6234/6/6 6243/8/15 6233/8/5
f 6229/14/3 6246/9/11 6245/14/10
f 6246/9/11 6229/14/3 6230/9/2
f 6244/6/9 6230/9/2 6232/6/4
f 6242/11/17 6231/15/1 6241/15/18
f 6231/15/1 6242/11/17 6236/11/8
f 6242/11/17 6235/10/7 6236/11/8
f 6244/13/9 6233/12/5 6243/12/15
f 6249/1/1 6248/2/2 6247/1/3
f 6248/2/2 6249/1/1 6250/3/19
f 6250/3/19 6249/1/1 6251/4/5
f 6251/4/5 6249/1/1 6252/5/6
f 6252/5/6 6249/1/1 6253/3/7
f 6253/3/7 6249/1/1 6254/2/8
f 6262/3/9 6263/1/10 6264/2/11
f 6256/6/12 6253/7/7 6258/7/13
f 6253/7/7 6256/6/12 6255/6/14
f 6261/8/15 6252/6/6 6257/6/22
f 6248/9/2 6262/6/9 6264/9/11
f 6253/10/7 6260/11/17 6258/10/13
f 6251/12/5 6262/13/9 6250/13/19
f 6255/5/14 6252/5/6 6253/3/7
f 6257/5/22 6255/5/14 6256/5/12
f 6255/5/14 6257/5/22 6252/5/6
f 6256/5/12 6258/3/13 6257/5/22
f 6259/1/18 6257/5/22 6258/3/13
f 6259/1/18 6258/3/13 6260/2/17
f 6259/1/18 6261/4/15 6257/5/22
f 6259/1/18 6262/3/9 6261/4/15
f 6263/1/10 6262/3/9 6259/1/18
f 6259/14/18 6247/14/3 6263/14/10
f 6247/14/3 6259/14/18 6249/14/1
f 6252/6/6 6261/8/15 6251/8/5
f 6247/14/3 6264/9/11 6263/14/10
f 6264/9/11 6247/14/3 6248/9/2
f 6262/6/9 6248/9/2 6250/6/19
f 6260/11/17 6249/15/1 6259/15/18
f 6249/15/1 6260/11/17 6254/11/8
f 6260/11/17 6253/10/7 6254/11/8
f 6262/13/9 6251/12/5 6261/12/15
f 6267/1/1 6266/2/2 6265/1/3
f 6266/2/2 6267/1/1 6268/3/4
f 6268/3/4 6267/1/1 6269/4/5
f 6269/4/5 6267/1/1 6270/5/6
f 6270/5/6 6267/1/1 6271/3/7
f 6271/3/7 6267/1/1 6272/2/8
f 6280/3/9 6281/1/10 6282/2/11
f 6274/6/12 6271/7/7 6276/7/13
f 6271/7/7 6274/6/12 6273/6/14
f 6279/8/15 6270/6/6 6275/6/22
f 6266/9/2 6280/6/9 6282/9/11
f 6271/10/7 6278/11/17 6276/10/13
f 6269/12/5 6280/13/9 6268/13/4
f 6273/5/14 6270/5/6 6271/3/7
f 6275/5/22 6273/5/14 6274/5/12
f 6273/5/14 6275/5/22 6270/5/6
f 6274/5/12 6276/3/13 6275/5/22
f 6277/1/18 6275/5/22 6276/3/13
f 6277/1/18 6276/3/13 6278/2/17
f 6277/1/18 6279/4/15 6275/5/22
f 6277/1/18 6280/3/9 6279/4/15
f 6281/1/10 6280/3/9 6277/1/18
f 6277/14/18 6265/14/3 6281/14/10
f 6265/14/3 6277/14/18 6267/14/1
f 6270/6/6 6279/8/15 6269/8/5
f 6265/14/3 6282/9/11 6281/14/10
f 6282/9/11 6265/14/3 6266/9/2
f 6280/6/9 6266/9/2 6268/6/4
f 6278/11/17 6267/15/1 6277/15/18
f 6267/15/1 6278/11/17 6272/11/8
f 6278/11/17 6271/10/7 6272/11/8
f 6280/13/9 6269/12/5 6279/12/15
f 6285/1/1 6284/2/2 6283/1/3
f 6284/2/2 6285/1/1 6286/3/4
f 6286/3/4 6285/1/1 6287/4/5
f 6287/4/5 6285/1/1 6288/5/6
f 6288/5/6 6285/1/1 6289/3/7
f 6289/3/7 6285/1/1 6290/2/8
f 6298/3/9 6299/1/10 6300/2/11
f 6292/6/12 6289/7/7 6294/7/13
f 6289/7/7 6292/6/12 6291/6/14
f 6297/8/15 6288/6/6 6293/6/22
f 6284/9/2 6298/6/9 6300/9/11
f 6289/10/7 6296/11/17 6294/10/13
f 6287/12/5 6298/13/9 6286/13/4
f 6291/5/14 6288/5/6 6289/3/7
f 6293/5/22 6291/5/14 6292/5/12
f 6291/5/14 6293/5/22 6288/5/6
f 6292/5/12 6294/3/13 6293/5/22
f 6295/1/18 6293/5/22 6294/3/13
f 6295/1/18 6294/3/13 6296/2/17
f 6295/1/18 6297/4/15 6293/5/22
f 6295/1/18 6298/3/9 6297/4/15
f 6299/1/10 6298/3/9 6295/1/18
f 6295/14/18 6283/14/3 6299/14/10
f 6283/14/3 6295/14/18 6285/14/1
f 6288/6/6 6297/8/15 6287/8/5
f 6283/14/3 6300/9/11 6299/14/10
f 6300/9/11 6283/14/3 6284/9/2
f 6298/6/9 6284/9/2 6286/6/4
f 6296/11/17 6285/15/1 6295/15/18
f 6285/15/1 6296/11/17 6290/11/8
f 6296/11/17 6289/10/7 6290/11/8
f 6298/13/9 6287/12/5 6297/12/15
f 6303/1/1 6302/2/2 6301/1/3
f 6302/2/2 6303/1/1 6304/3/4
f 6304/3/4 6303/1/1 6305/4/5
f 6305/4/5 6303/1/1 6306/5/6
f 6306/5/6 6303/1/1 6307/3/7
f 6307/3/7 6303/1/1 6308/2/8
f 6316/3/9 6317/1/10 6318/2/11
f 6310/6/12 6307/7/7 6312/7/13
f 6307/7/7 6310/6/12 6309/6/14
f 6315/8/15 6306/6/6 6311/6/22
f 6302/9/2 6316/6/9 6318/9/11
f 6307/10/7 6314/11/17 6312/10/13
f 6305/12/5 6316/13/9 6304/13/4
f 6309/5/14 6306/5/6 6307/3/7
f 6311/5/22 6309/5/14 6310/5/12
f 6309/5/14 6311/5/22 6306/5/6
f 6310/5/12 6312/3/13 6311/5/22
f 6313/1/18 6311/5/22 6312/3/13
f 6313/1/18 6312/3/13 6314/2/17
f 6313/1/18 6315/4/15 6311/5/22
f 6313/1/18 6316/3/9 6315/4/15
f 6317/1/10 6316/3/9 6313/1/18
f 6313/14/18 6301/14/3 6317/14/10
f 6301/14/3 6313/14/18 6303/14/1
f 6306/6/6 6315/8/15 6305/8/5
f 6301/14/3 6318/9/11 6317/14/10
f 6318/9/11 6301/14/3 6302/9/2
f 6316/6/9 6302/9/2 6304/6/4
f 6314/11/17 6303/15/1 6313/15/18
f 6303/15/1 6314/11/17 6308/11/8
f 6314/11/17 6307/10/7 6308/11/8
f 6316/13/9 6305/12/5 6315/12/15
f 6321/1/1 6320/2/2 6319/1/3
f 6320/2/2 6321/1/1 6322/3/19
f 6322/3/19 6321/1/1 6323/4/5
f 6323/4/5 6321/1/1 6324/5/6
f 6324/5/6 6321/1/1 6325/3/7
f 6325/3/7 6321/1/1 6326/2/8
f 6334/3/9 6335/1/10 6336/2/11
f 6328/6/12 6325/7/7 6330/7/13
f 6325/7/7 6328/6/12 6327/6/14
f 6333/8/15 6324/6/6 6329/6/22
f 6320/9/2 6334/6/9 6336/9/11
f 6325/10/7 6332/11/17 6330/10/13
f 6323/12/5 6334/13/9 6322/13/19
f 6327/5/14 6324/5/6 6325/3/7
f 6329/5/22 6327/5/14 6328/5/12
f 6327/5/14 6329/5/22 6324/5/6
f 6328/5/12 6330/3/13 6329/5/22
f 6331/1/18 6329/5/22 6330/3/13
f 6331/1/18 6330/3/13 6332/2/17
f 6331/1/18 6333/4/15 6329/5/22
f 6331/1/18 6334/3/9 6333/4/15
f 6335/1/10 6334/3/9 6331/1/18
f 6331/14/18 6319/14/3 6335/14/10
f 6319/14/3 6331/14/18 6321/14/1
f 6324/6/6 6333/8/15 6323/8/5
f 6319/14/3 6336/9/11 6335/14/10
f 6336/9/11 6319/14/3 6320/9/2
f 6334/6/9 6320/9/2 6322/6/19
f 6332/11/17 6321/15/1 6331/15/18
f 6321/15/1 6332/11/17 6326/11/8
f 6332/11/17 6325/10/7 6326/11/8
f 6334/13/9 6323/12/5 6333/12/15
f 6339/1/1 6338/2/2 6337/1/3
f 6338/2/2 6339/1/1 6340/3/4
f 6340/3/4 6339/1/1 6341/4/5
f 6341/4/5 6339/1/1 6342/5/6
f 6342/5/6 6339/1/1 6343/3/7
f 6343/3/7 6339/1/1 6344/2/8
f 6352/3/9 6353/1/10 6354/2/11
f 6346/6/12 6343/7/7 6348/7/20
f 6343/7/7 6346/6/12 6345/6/14
f 6351/8/15 6342/6/6 6347/6/16
f 6338/9/2 6352/6/9 6354/9/11
f 6343/10/7 6350/11/17 6348/10/20
f 6341/12/5 6352/13/9 6340/13/4
f 6345/5/14 6342/5/6 6343/3/7
f 6347/5/16 6345/5/14 6346/5/12
f 6345/5/14 6347/5/16 6342/5/6
f 6346/5/12 6348/3/20 6347/5/16
f 6349/1/18 6347/5/16 6348/3/20
f 6349/1/18 6348/3/20 6350/2/17
f 6349/1/18 6351/4/15 6347/5/16
f 6349/1/18 6352/3/9 6351/4/15
f 6353/1/10 6352/3/9 6349/1/18
f 6349/14/18 6337/14/3 6353/14/10
f 6337/14/3 6349/14/18 6339/14/1
f 6342/6/6 6351/8/15 6341/8/5
f 6337/14/3 6354/9/11 6353/14/10
f 6354/9/11 6337/14/3 6338/9/2
f 6352/6/9 6338/9/2 6340/6/4
f 6350/11/17 6339/15/1 6349/15/18
f 6339/15/1 6350/11/17 6344/11/8
f 6350/11/17 6343/10/7 6344/11/8
f 6352/13/9 6341/12/5 6351/12/15
f 6357/1/1 6356/2/2 6355/1/3
f 6356/2/2 6357/1/1 6358/3/4
f 6358/3/4 6357/1/1 6359/4/5
f 6359/4/5 6357/1/1 6360/5/6
f 6360/5/6 6357/1/1 6361/3/7
f 6361/3/7 6357/1/1 6362/2/8
f 6370/3/9 6371/1/10 6372/2/11
f 6364/6/12 6361/7/7 6366/7/13
f 6361/7/7 6364/6/12 6363/6/14
f 6369/8/15 6360/6/6 6365/6/22
f 6356/9/2 6370/6/9 6372/9/11
f 6361/10/7 6368/11/17 6366/10/13
f 6359/12/5 6370/13/9 6358/13/4
f 6363/5/14 6360/5/6 6361/3/7
f 6365/5/22 6363/5/14 6364/5/12
f 6363/5/14 6365/5/22 6360/5/6
f 6364/5/12 6366/3/13 6365/5/22
f 6367/1/18 6365/5/22 6366/3/13
f 6367/1/18 6366/3/13 6368/2/17
f 6367/1/18 6369/4/15 6365/5/22
f 6367/1/18 6370/3/9 6369/4/15
f 6371/1/10 6370/3/9 6367/1/18
f 6367/14/18 6355/14/3 6371/14/10
f 6355/14/3 6367/14/18 6357/14/1
f 6360/6/6 6369/8/15 6359/8/5
f 6355/14/3 6372/9/11 6371/14/10
f 6372/9/11 6355/14/3 6356/9/2
f 6370/6/9 6356/9/2 6358/6/4
f 6368/11/17 6357/15/1 6367/15/18
f 6357/15/1 6368/11/17 6362/11/8
f 6368/11/17 6361/10/7 6362/11/8
f 6370/13/9 6359/12/5 6369/12/15
f 6375/1/1 6374/2/2 6373/1/3
f 6374/2/2 6375/1/1 6376/3/4
f 6376/3/4 6375/1/1 6377/4/5
f 6377/4/5 6375/1/1 6378/5/6
f 6378/5/6 6375/1/1 6379/3/7
f 6379/3/7 6375/1/1 6380/2/8
f 6388/3/9 6389/1/10 6390/2/11
f 6382/6/12 6379/7/7 6384/7/13
f 6379/7/7 6382/6/12 6381/6/14
f 6387/8/15 6378/6/6 6383/6/22
f 6374/9/2 6388/6/9 6390/9/11
f 6379/10/7 6386/11/17 6384/10/13
f 6377/12/5 6388/13/9 6376/13/4
f 6381/5/14 6378/5/6 6379/3/7
f 6383/5/22 6381/5/14 6382/5/12
f 6381/5/14 6383/5/22 6378/5/6
f 6382/5/12 6384/3/13 6383/5/22
f 6385/1/18 6383/5/22 6384/3/13
f 6385/1/18 6384/3/13 6386/2/17
f 6385/1/18 6387/4/15 6383/5/22
f 6385/1/18 6388/3/9 6387/4/15
f 6389/1/10 6388/3/9 6385/1/18
f 6385/14/18 6373/14/3 6389/14/10
f 6373/14/3 6385/14/18 6375/14/1
f 6378/6/6 6387/8/15 6377/8/5
f 6373/14/3 6390/9/11 6389/14/10
f 6390/9/11 6373/14/3 6374/9/2
f 6388/6/9 6374/9/2 6376/6/4
f 6386/11/17 6375/15/1 6385/15/18
f 6375/15/1 6386/11/17 6380/11/8
f 6386/11/17 6379/10/7 6380/11/8
f 6388/13/9 6377/12/5 6387/12/15
f 6393/1/1 6392/2/2 6391/1/3
f 6392/2/2 6393/1/1 6394/3/4
f 6394/3/4 6393/1/1 6395/4/5
f 6395/4/5 6393/1/1 6396/5/6
f 6396/5/6 6393/1/1 6397/3/7
f 6397/3/7 6393/1/1 6398/2/8
f 6406/3/9 6407/1/10 6408/2/11
f 6400/6/12 6397/7/7 6402/7/13
f 6397/7/7 6400/6/12 6399/6/14
f 6405/8/15 6396/6/6 6401/6/22
f 6392/9/2 6406/6/9 6408/9/11
f 6397/10/7 6404/11/17 6402/10/13
f 6395/12/5 6406/13/9 6394/13/4
f 6399/5/14 6396/5/6 6397/3/7
f 6401/5/22 6399/5/14 6400/5/12
f 6399/5/14 6401/5/22 6396/5/6
f 6400/5/12 6402/3/13 6401/5/22
f 6403/1/18 6401/5/22 6402/3/13
f 6403/1/18 6402/3/13 6404/2/17
f 6403/1/18 6405/4/15 6401/5/22
f 6403/1/18 6406/3/9 6405/4/15
f 6407/1/10 6406/3/9 6403/1/18
f 6403/14/18 6391/14/3 6407/14/10
f 6391/14/3 6403/14/18 6393/14/1
f 6396/6/6 6405/8/15 6395/8/5
f 6391/14/3 6408/9/11 6407/14/10
f 6408/9/11 6391/14/3 6392/9/2
f 6406/6/9 6392/9/2 6394/6/4
f 6404/11/17 6393/15/1 6403/15/18
f 6393/15/1 6404/11/17 6398/11/8
f 6404/11/17 6397/10/7 6398/11/8
f 6406/13/9 6395/12/5 6405/12/15
f 6411/1/1 6410/2/2 6409/1/3
f 6410/2/2 6411/1/1 6412/3/19
f 6412/3/19 6411/1/1 6413/4/5
f 6413/4/5 6411/1/1 6414/5/6
f 6414/5/6 6411/1/1 6415/3/7
f 6415/3/7 6411/1/1 6416/2/8
f 6424/3/9 6425/1/10 6426/2/11
f 6418/6/12 6415/7/7 6420/7/13
f 6415/7/7 6418/6/12 6417/6/14
f 6423/8/15 6414/6/6 6419/6/22
f 6410/9/2 6424/6/9 6426/9/11
f 6415/10/7 6422/11/17 6420/10/13
f 6413/12/5 6424/13/9 6412/13/19
f 6417/5/14 6414/5/6 6415/3/7
f 6419/5/22 6417/5/14 6418/5/12
f 6417/5/14 6419/5/22 6414/5/6
f 6418/5/12 6420/3/13 6419/5/22
f 6421/1/18 6419/5/22 6420/3/13
f 6421/1/18 6420/3/13 6422/2/17
f 6421/1/18 6423/4/15 6419/5/22
f 6421/1/18 6424/3/9 6423/4/15
f 6425/1/10 6424/3/9 6421/1/18
f 6421/14/18 6409/14/3 6425/14/10
f 6409/14/3 6421/14/18 6411/14/1
f 6414/6/6 6423/8/15 6413/8/5
f 6409/14/3 6426/9/11 6425/14/10
f 6426/9/11 6409/14/3 6410/9/2
f 6424/6/9 6410/9/2 6412/6/19
f 6422/11/17 6411/15/1 6421/15/18
f 6411/15/1 6422/11/17 6416/11/8
f 6422/11/17 6415/10/7 6416/11/8
f 6424/13/9 6413/12/5 6423/12/15
f 6429/1/1 6428/2/2 6427/1/3
f 6428/2/2 6429/1/1 6430/3/4
f 6430/3/4 6429/1/1 6431/4/5
f 6431/4/5 6429/1/1 6432/5/6
f 6432/5/6 6429/1/1 6433/3/7
f 6433/3/7 6429/1/1 6434/2/8
f 6442/3/9 6443/1/10 6444/2/11
f 6436/6/12 6433/7/7 6438/7/13
f 6433/7/7 6436/6/12 6435/6/14
f 6441/8/15 6432/6/6 6437/6/22
f 6428/9/2 6442/6/9 6444/9/11
f 6433/10/7 6440/11/17 6438/10/13
f 6431/12/5 6442/13/9 6430/13/4
f 6435/5/14 6432/5/6 6433/3/7
f 6437/5/22 6435/5/14 6436/5/12
f 6435/5/14 6437/5/22 6432/5/6
f 6436/5/12 6438/3/13 6437/5/22
f 6439/1/18 6437/5/22 6438/3/13
f 6439/1/18 6438/3/13 6440/2/17
f 6439/1/18 6441/4/15 6437/5/22
f 6439/1/18 6442/3/9 6441/4/15
f 6443/1/10 6442/3/9 6439/1/18
f 6439/14/18 6427/14/3 6443/14/10
f 6427/14/3 6439/14/18 6429/14/1
f 6432/6/6 6441/8/15 6431/8/5
f 6427/14/3 6444/9/11 6443/14/10
f 6444/9/11 6427/14/3 6428/9/2
f 6442/6/9 6428/9/2 6430/6/4
f 6440/11/17 6429/15/1 6439/15/18
f 6429/15/1 6440/11/17 6434/11/8
f 6440/11/17 6433/10/7 6434/11/8
f 6442/13/9 6431/12/5 6441/12/15
f 6447/1/1 6446/2/2 6445/1/3
f 6446/2/2 6447/1/1 6448/3/4
f 6448/3/4 6447/1/1 6449/4/5
f 6449/4/5 6447/1/1 6450/5/6
f 6450/5/6 6447/1/1 6451/3/7
f 6451/3/7 6447/1/1 6452/2/8
f 6460/3/9 6461/1/10 6462/2/11
f 6454/6/12 6451/7/7 6456/7/13
f 6451/7/7 6454/6/12 6453/6/14
f 6459/8/15 6450/6/6 6455/6/22
f 6446/9/2 6460/6/9 6462/9/11
f 6451/10/7 6458/11/17 6456/10/13
f 6449/12/5 6460/13/9 6448/13/4
f 6453/5/14 6450/5/6 6451/3/7
f 6455/5/22 6453/5/14 6454/5/12
f 6453/5/14 6455/5/22 6450/5/6
f 6454/5/12 6456/3/13 6455/5/22
f 6457/1/18 6455/5/22 6456/3/13
f 6457/1/18 6456/3/13 6458/2/17
f 6457/1/18 6459/4/15 6455/5/22
f 6457/1/18 6460/3/9 6459/4/15
f 6461/1/10 6460/3/9 6457/1/18
f 6457/14/18 6445/14/3 6461/14/10
f 6445/14/3 6457/14/18 6447/14/1
f 6450/6/6 6459/8/15 6449/8/5
f 6445/14/3 6462/9/11 6461/14/10
f 6462/9/11 6445/14/3 6446/9/2
f 6460/6/9 6446/9/2 6448/6/4
f 6458/11/17 6447/15/1 6457/15/18
f 6447/15/1 6458/11/17 6452/11/8
f 6458/11/17 6451/10/7 6452/11/8
f 6460/13/9 6449/12/5 6459/12/15
f 6465/1/1 6464/2/2 6463/1/3
f 6464/2/2 6465/1/1 6466/3/4
f 6466/3/4 6465/1/1 6467/4/5
f 6467/4/5 6465/1/1 6468/5/6
f 6468/5/6 6465/1/1 6469/3/7
f 6469/3/7 6465/1/1 6470/2/8
f 6478/3/9 6479/1/10 6480/2/11
f 6472/6/12 6469/7/7 6474/7/13
f 6469/7/7 6472/6/12 6471/6/14
f 6477/8/15 6468/6/6 6473/6/22
f 6464/9/2 6478/6/9 6480/9/11
f 6469/10/7 6476/11/17 6474/10/13
f 6467/12/5 6478/13/9 6466/13/4
f 6471/5/14 6468/5/6 6469/3/7
f 6473/5/22 6471/5/14 6472/5/12
f 6471/5/14 6473/5/22 6468/5/6
f 6472/5/12 6474/3/13 6473/5/22
f 6475/1/18 6473/5/22 6474/3/13
f 6475/1/18 6474/3/13 6476/2/17
f 6475/1/18 6477/4/15 6473/5/22
f 6475/1/18 6478/3/9 6477/4/15
f 6479/1/10 6478/3/9 6475/1/18
f 6475/14/18 6463/14/3 6479/14/10
f 6463/14/3 6475/14/18 6465/14/1
f 6468/6/6 6477/8/15 6467/8/5
f 6463/14/3 6480/9/11 6479/14/10
f 6480/9/11 6463/14/3 6464/9/2
f 6478/6/9 6464/9/2 6466/6/4
f 6476/11/17 6465/15/1 6475/15/18
f 6465/15/1 6476/11/17 6470/11/8
f 6476/11/17 6469/10/7 6470/11/8
f 6478/13/9 6467/12/5 6477/12/15
f 6483/1/1 6482/2/2 6481/1/3
f 6482/2/2 6483/1/1 6484/3/4
f 6484/3/4 6483/1/1 6485/4/5
f 6485/4/5 6483/1/1 6486/5/6
f 6486/5/6 6483/1/1 6487/3/7
f 6487/3/7 6483/1/1 6488/2/8
f 6496/3/9 6497/1/10 6498/2/11
f 6490/6/12 6487/7/7 6492/7/13
f 6487/7/7 6490/6/12 6489/6/14
f 6495/8/15 6486/6/6 6491/6/22
f 6482/9/2 6496/6/9 6498/9/11
f 6487/10/7 6494/11/17 6492/10/13
f 6485/12/5 6496/13/9 6484/13/4
f 6489/5/14 6486/5/6 6487/3/7
f 6491/5/22 6489/5/14 6490/5/12
f 6489/5/14 6491/5/22 6486/5/6
f 6490/5/12 6492/3/13 6491/5/22
f 6493/1/18 6491/5/22 6492/3/13
f 6493/1/18 6492/3/13 6494/2/17
f 6493/1/18 6495/4/15 6491/5/22
f 6493/1/18 6496/3/9 6495/4/15
f 6497/1/10 6496/3/9 6493/1/18
f 6493/14/18 6481/14/3 6497/14/10
f 6481/14/3 6493/14/18 6483/14/1
f 6486/6/6 6495/8/15 6485/8/5
f 6481/14/3 6498/9/11 6497/14/10
f 6498/9/11 6481/14/3 6482/9/2
f 6496/6/9 6482/9/2 6484/6/4
f 6494/11/17 6483/15/1 6493/15/18
f 6483/15/1 6494/11/17 6488/11/8
f 6494/11/17 6487/10/7 6488/11/8
f 6496/13/9 6485/12/5 6495/12/15
f 6501/1/1 6500/2/2 6499/1/3
f 6500/2/2 6501/1/1 6502/3/19
f 6502/3/19 6501/1/1 6503/4/5
f 6503/4/5 6501/1/1 6504/5/6
f 6504/5/6 6501/1/1 6505/3/7
f 6505/3/7 6501/1/1 6506/2/8
f 6514/3/9 6515/1/10 6516/2/11
f 6508/6/12 6505/7/7 6510/7/13
f 6505/7/7 6508/6/12 6507/6/14
f 6513/8/15 6504/6/6 6509/6/22
f 6500/9/2 6514/6/9 6516/9/11
f 6505/10/7 6512/11/17 6510/10/13
f 6503/12/5 6514/13/9 6502/13/19
f 6507/5/14 6504/5/6 6505/3/7
f 6509/5/22 6507/5/14 6508/5/12
f 6507/5/14 6509/5/22 6504/5/6
f 6508/5/12 6510/3/13 6509/5/22
f 6511/1/18 6509/5/22 6510/3/13
f 6511/1/18 6510/3/13 6512/2/17
f 6511/1/18 6513/4/15 6509/5/22
f 6511/1/18 6514/3/9 6513/4/15
f 6515/1/10 6514/3/9 6511/1/18
f 6511/14/18 6499/14/3 6515/14/10
f 6499/14/3 6511/14/18 6501/14/1
f 6504/6/6 6513/8/15 6503/8/5
f 6499/14/3 6516/9/11 6515/14/10
f 6516/9/11 6499/14/3 6500/9/2
f 6514/6/9 6500/9/2 6502/6/19
f 6512/11/17 6501/15/1 6511/15/18
f 6501/15/1 6512/11/17 6506/11/8
f 6512/11/17 6505/10/7 6506/11/8
f 6514/13/9 6503/12/5 6513/12/15
f 6519/1/1 6518/2/2 6517/1/3
f 6518/2/2 6519/1/1 6520/3/4
f 6520/3/4 6519/1/1 6521/4/5
f 6521/4/5 6519/1/1 6522/5/6
f 6522/5/6 6519/1/1 6523/3/7
f 6523/3/7 6519/1/1 6524/2/8
f 6532/3/9 6533/1/10 6534/2/11
f 6526/6/12 6523/7/7 6528/7/13
f 6523/7/7 6526/6/12 6525/6/14
f 6531/8/15 6522/6/6 6527/6/22
f 6518/9/2 6532/6/9 6534/9/11
f 6523/10/7 6530/11/17 6528/10/13
f 6521/12/5 6532/13/9 6520/13/4
f 6525/5/14 6522/5/6 6523/3/7
f 6527/5/22 6525/5/14 6526/5/12
f 6525/5/14 6527/5/22 6522/5/6
f 6526/5/12 6528/3/13 6527/5/22
f 6529/1/18 6527/5/22 6528/3/13
f 6529/1/18 6528/3/13 6530/2/17
f 6529/1/18 6531/4/15 6527/5/22
f 6529/1/18 6532/3/9 6531/4/15
f 6533/1/10 6532/3/9 6529/1/18
f 6529/14/18 6517/14/3 6533/14/10
f 6517/14/3 6529/14/18 6519/14/1
f 6522/6/6 6531/8/15 6521/8/5
f 6517/14/3 6534/9/11 6533/14/10
f 6534/9/11 6517/14/3 6518/9/2
f 6532/6/9 6518/9/2 6520/6/4
f 6530/11/17 6519/15/1 6529/15/18
f 6519/15/1 6530/11/17 6524/11/8
f 6530/11/17 6523/10/7 6524/11/8
f 6532/13/9 6521/12/5 6531/12/15
f 6537/1/1 6536/2/2 6535/1/3
f 6536/2/2 6537/1/1 6538/3/4
f 6538/3/4 6537/1/1 6539/4/5
f 6539/4/5 6537/1/1 6540/5/6
f 6540/5/6 6537/1/1 6541/3/7
f 6541/3/7 6537/1/1 6542/2/8
f 6550/3/9 6551/1/10 6552/2/11
f 6544/6/12 6541/7/7 6546/7/13
f 6541/7/7 6544/6/12 6543/6/14
f 6549/8/15 6540/6/6 6545/6/22
f 6536/9/2 6550/6/9 6552/9/11
f 6541/10/7 6548/11/17 6546/10/13
f 6539/12/5 6550/13/9 6538/13/4
f 6543/5/14 6540/5/6 6541/3/7
f 6545/5/22 6543/5/14 6544/5/12
f 6543/5/14 6545/5/22 6540/5/6
f 6544/5/12 6546/3/13 6545/5/22
f 6547/1/18 6545/5/22 6546/3/13
f 6547/1/18 6546/3/13 6548/2/17
f 6547/1/18 6549/4/15 6545/5/22
f 6547/1/18 6550/3/9 6549/4/15
f 6551/1/10 6550/3/9 6547/1/18
f 6547/14/18 6535/14/3 6551/14/10
f 6535/14/3 6547/14/18 6537/14/1
f 6540/6/6 6549/8/15 6539/8/5
f 6535/14/3 6552/9/11 6551/14/10
f 6552/9/11 6535/14/3 6536/9/2
f 6550/6/9 6536/9/2 6538/6/4
f 6548/11/17 6537/15/1 6547/15/18
f 6537/15/1 6548/11/17 6542/11/8
f 6548/11/17 6541/10/7 6542/11/8
f 6550/13/9 6539/12/5 6549/12/15
f 6555/1/1 6554/2/2 6553/1/3
f 6554/2/2 6555/1/1 6556/3/4
f 6556/3/4 6555/1/1 6557/4/5
f 6557/4/5 6555/1/1 6558/5/6
f 6558/5/6 6555/1/1 6559/3/7
f 6559/3/7 6555/1/1 6560/2/8
f 6568/3/9 6569/1/10 6570/2/11
f 6562/6/12 6559/7/7 6564/7/13
f 6559/7/7 6562/6/12 6561/6/14
f 6567/8/15 6558/6/6 6563/6/22
f 6554/9/2 6568/6/9 6570/9/11
f 6559/10/7 6566/11/17 6564/10/13
f 6557/12/5 6568/13/9 6556/13/4
f 6561/5/14 6558/5/6 6559/3/7
f 6563/5/22 6561/5/14 6562/5/12
f 6561/5/14 6563/5/22 6558/5/6
f 6562/5/12 6564/3/13 6563/5/22
f 6565/1/18 6563/5/22 6564/3/13
f 6565/1/18 6564/3/13 6566/2/17
f 6565/1/18 6567/4/15 6563/5/22
f 6565/1/18 6568/3/9 6567/4/15
f 6569/1/10 6568/3/9 6565/1/18
f 6565/14/18 6553/14/3 6569/14/10
f 6553/14/3 6565/14/18 6555/14/1
f 6558/6/6 6567/8/15 6557/8/5
f 6553/14/3 6570/9/11 6569/14/10
f 6570/9/11 6553/14/3 6554/9/2
f 6568/6/9 6554/9/2 6556/6/4
f 6566/11/17 6555/15/1 6565/15/18
f 6555/15/1 6566/11/17 6560/11/8
f 6566/11/17 6559/10/7 6560/11/8
f 6568/13/9 6557/12/5 6567/12/15
f 6573/1/1 6572/2/2 6571/1/3
f 6572/2/2 6573/1/1 6574/3/4
f 6574/3/4 6573/1/1 6575/4/5
f 6575/4/5 6573/1/1 6576/5/6
f 6576/5/6 6573/1/1 6577/3/7
f 6577/3/7 6573/1/1 6578/2/8
f 6586/3/9 6587/1/10 6588/2/11
f 6580/6/12 6577/7/7 6582/7/13
f 6577/7/7 6580/6/12 6579/6/14
f 6585/8/15 6576/6/6 6581/6/22
f 6572/9/2 6586/6/9 6588/9/11
f 6577/10/7 6584/11/17 6582/10/13
f 6575/12/5 6586/13/9 6574/13/4
f 6579/5/14 6576/5/6 6577/3/7
f 6581/5/22 6579/5/14 6580/5/12
f 6579/5/14 6581/5/22 6576/5/6
f 6580/5/12 6582/3/13 6581/5/22
f 6583/1/18 6581/5/22 6582/3/13
f 6583/1/18 6582/3/13 6584/2/17
f 6583/1/18 6585/4/15 6581/5/22
f 6583/1/18 6586/3/9 6585/4/15
f 6587/1/10 6586/3/9 6583/1/18
f 6583/14/18 6571/14/3 6587/14/10
f 6571/14/3 6583/14/18 6573/14/1
f 6576/6/6 6585/8/15 6575/8/5
f 6571/14/3 6588/9/11 6587/14/10
f 6588/9/11 6571/14/3 6572/9/2
f 6586/6/9 6572/9/2 6574/6/4
f 6584/11/17 6573/15/1 6583/15/18
f 6573/15/1 6584/11/17 6578/11/8
f 6584/11/17 6577/10/7 6578/11/8
f 6586/13/9 6575/12/5 6585/12/15
f 6591/1/1 6590/2/2 6589/1/3
f 6590/2/2 6591/1/1 6592/3/4
f 6592/3/4 6591/1/1 6593/4/5
f 6593/4/5 6591/1/1 6594/5/6
f 6594/5/6 6591/1/1 6595/3/7
f 6595/3/7 6591/1/1 6596/2/8
f 6604/3/9 6605/1/10 6606/2/11
f 6598/6/12 6595/7/7 6600/7/13
f 6595/7/7 6598/6/12 6597/6/14
f 6603/8/15 6594/6/6 6599/6/22
f 6590/9/2 6604/6/9 6606/9/11
f 6595/10/7 6602/11/17 6600/10/13
f 6593/12/5 6604/13/9 6592/13/4
f 6597/5/14 6594/5/6 6595/3/7
f 6599/5/22 6597/5/14 6598/5/12
f 6597/5/14 6599/5/22 6594/5/6
f 6598/5/12 6600/3/13 6599/5/22
f 6601/1/18 6599/5/22 6600/3/13
f 6601/1/18 6600/3/13 6602/2/17
f 6601/1/18 6603/4/15 6599/5/22
f 6601/1/18 6604/3/9 6603/4/15
f 6605/1/10 6604/3/9 6601/1/18
f 6601/14/18 6589/14/3 6605/14/10
f 6589/14/3 6601/14/18 6591/14/1
f 6594/6/6 6603/8/15 6593/8/5
f 6589/14/3 6606/9/11 6605/14/10
f 6606/9/11 6589/14/3 6590/9/2
f 6604/6/9 6590/9/2 6592/6/4
f 6602/11/17 6591/15/1 6601/15/18
f 6591/15/1 6602/11/17 6596/11/8
f 6602/11/17 6595/10/7 6596/11/8
f 6604/13/9 6593/12/5 6603/12/15
f 6609/1/1 6608/2/2 6607/1/3
f 6608/2/2 6609/1/1 6610/3/4
f 6610/3/4 6609/1/1 6611/4/5
f 6611/4/5 6609/1/1 6612/5/6
f 6612/5/6 6609/1/1 6613/3/7
f 6613/3/7 6609/1/1 6614/2/8
f 6622/3/9 6623/1/10 6624/2/11
f 6616/6/12 6613/7/7 6618/7/13
f 6613/7/7 6616/6/12 6615/6/14
f 6621/8/15 6612/6/6 6617/6/22
f 6608/9/2 6622/6/9 6624/9/11
f 6613/10/7 6620/11/17 6618/10/13
f 6611/12/5 6622/13/9 6610/13/4
f 6615/5/14 6612/5/6 6613/3/7
f 6617/5/22 6615/5/14 6616/5/12
f 6615/5/14 6617/5/22 6612/5/6
f 6616/5/12 6618/3/13 6617/5/22
f 6619/1/18 6617/5/22 6618/3/13
f 6619/1/18 6618/3/13 6620/2/17
f 6619/1/18 6621/4/15 6617/5/22
f 6619/1/18 6622/3/9 6621/4/15
f 6623/1/10 6622/3/9 6619/1/18
f 6619/14/18 6607/14/3 6623/14/10
f 6607/14/3 6619/14/18 6609/14/1
f 6612/6/6 6621/8/15 6611/8/5
f 6607/14/3 6624/9/11 6623/14/10
f 6624/9/11 6607/14/3 6608/9/2
f 6622/6/9 6608/9/2 6610/6/4
f 6620/11/17 6609/15/1 6619/15/18
f 6609/15/1 6620/11/17 6614/11/8
f 6620/11/17 6613/10/7 6614/11/8
f 6622/13/9 6611/12/5 6621/12/15
f 6627/1/1 6626/2/2 6625/1/3
f 6626/2/2 6627/1/1 6628/3/19
f 6628/3/19 6627/1/1 6629/4/5
f 6629/4/5 6627/1/1 6630/5/6
f 6630/5/6 6627/1/1 6631/3/7
f 6631/3/7 6627/1/1 6632/2/8
f 6640/3/9 6641/1/10 6642/2/11
f 6634/6/12 6631/7/7 6636/7/13
f 6631/7/7 6634/6/12 6633/6/14
f 6639/8/15 6630/6/6 6635/6/22
f 6626/9/2 6640/6/9 6642/9/11
f 6631/10/7 6638/11/17 6636/10/13
f 6629/12/5 6640/13/9 6628/13/19
f 6633/5/14 6630/5/6 6631/3/7
f 6635/5/22 6633/5/14 6634/5/12
f 6633/5/14 6635/5/22 6630/5/6
f 6634/5/12 6636/3/13 6635/5/22
f 6637/1/18 6635/5/22 6636/3/13
f 6637/1/18 6636/3/13 6638/2/17
f 6637/1/18 6639/4/15 6635/5/22
f 6637/1/18 6640/3/9 6639/4/15
f 6641/1/10 6640/3/9 6637/1/18
f 6637/14/18 6625/14/3 6641/14/10
f 6625/14/3 6637/14/18 6627/14/1
f 6630/6/6 6639/8/15 6629/8/5
f 6625/14/3 6642/9/11 6641/14/10
f 6642/9/11 6625/14/3 6626/9/2
f 6640/6/9 6626/9/2 6628/6/19
f 6638/11/17 6627/15/1 6637/15/18
f 6627/15/1 6638/11/17 6632/11/8
f 6638/11/17 6631/10/7 6632/11/8
f 6640/13/9 6629/12/5 6639/12/15
f 6645/1/1 6644/2/2 6643/1/3
f 6644/2/2 6645/1/1 6646/3/4
f 6646/3/4 6645/1/1 6647/4/5
f 6647/4/5 6645/1/1 6648/5/6
f 6648/5/6 6645/1/1 6649/3/7
f 6649/3/7 6645/1/1 6650/2/8
f 6658/3/9 6659/1/10 6660/2/11
f 6652/6/12 6649/7/7 6654/7/13
f 6649/7/7 6652/6/12 6651/6/14
f 6657/8/15 6648/6/6 6653/6/22
f 6644/9/2 6658/6/9 6660/9/11
f 6649/10/7 6656/11/17 6654/10/13
f 6647/12/5 6658/13/9 6646/13/4
f 6651/5/14 6648/5/6 6649/3/7
f 6653/5/22 6651/5/14 6652/5/12
f 6651/5/14 6653/5/22 6648/5/6
f 6652/5/12 6654/3/13 6653/5/22
f 6655/1/18 6653/5/22 6654/3/13
f 6655/1/18 6654/3/13 6656/2/17
f 6655/1/18 6657/4/15 6653/5/22
f 6655/1/18 6658/3/9 6657/4/15
f 6659/1/10 6658/3/9 6655/1/18
f 6655/14/18 6643/14/3 6659/14/10
f 6643/14/3 6655/14/18 6645/14/1
f 6648/6/6 6657/8/15 6647/8/5
f 6643/14/3 6660/9/11 6659/14/10
f 6660/9/11 6643/14/3 6644/9/2
f 6658/6/9 6644/9/2 6646/6/4
f 6656/11/17 6645/15/1 6655/15/18
f 6645/15/1 6656/11/17 6650/11/8
f 6656/11/17 6649/10/7 6650/11/8
f 6658/13/9 6647/12/5 6657/12/15
f 6663/1/1 6662/2/2 6661/1/3
f 6662/2/2 6663/1/1 6664/3/4
f 6664/3/4 6663/1/1 6665/4/5
f 6665/4/5 6663/1/1 6666/5/6
f 6666/5/6 6663/1/1 6667/3/7
f 6667/3/7 6663/1/1 6668/2/8
f 6676/3/9 6677/1/10 6678/2/11
f 6670/6/12 6667/7/7 6672/7/13
f 6667/7/7 6670/6/12 6669/6/14
f 6675/8/15 6666/6/6 6671/6/22
f 6662/9/2 6676/6/9 6678/9/11
f 6667/10/7 6674/11/17 6672/10/13
f 6665/12/5 6676/13/9 6664/13/4
f 6669/5/14 6666/5/6 6667/3/7
f 6671/5/22 6669/5/14 6670/5/12
f 6669/5/14 6671/5/22 6666/5/6
f 6670/5/12 6672/3/13 6671/5/22
f 6673/1/18 6671/5/22 6672/3/13
f 6673/1/18 6672/3/13 6674/2/17
f 6673/1/18 6675/4/15 6671/5/22
f 6673/1/18 6676/3/9 6675/4/15
f 6677/1/10 6676/3/9 6673/1/18
f 6673/14/18 6661/14/3 6677/14/10
f 6661/14/3 6673/14/18 6663/14/1
f 6666/6/6 6675/8/15 6665/8/5
f 6661/14/3 6678/9/11 6677/14/10
f 6678/9/11 6661/14/3 6662/9/2
f 6676/6/9 6662/9/2 6664/6/4
f 6674/11/17 6663/15/1 6673/15/18
f 6663/15/1 6674/11/17 6668/11/8
f 6674/11/17 6667/10/7 6668/11/8
f 6676/13/9 6665/12/5 6675/12/15
f 6681/1/1 6680/2/2 6679/1/3
f 6680/2/2 6681/1/1 6682/3/4
f 6682/3/4 6681/1/1 6683/4/5
f 6683/4/5 6681/1/1 6684/5/6
f 6684/5/6 6681/1/1 6685/3/7
f 6685/3/7 6681/1/1 6686/2/8
f 6694/3/9 6695/1/10 6696/2/11
f 6688/6/12 6685/7/7 6690/7/13
f 6685/7/7 6688/6/12 6687/6/14
f 6693/8/15 6684/6/6 6689/6/22
f 6680/9/2 6694/6/9 6696/9/11
f 6685/10/7 6692/11/17 6690/10/13
f 6683/12/5 6694/13/9 6682/13/4
f 6687/5/14 6684/5/6 6685/3/7
f 6689/5/22 6687/5/14 6688/5/12
f 6687/5/14 6689/5/22 6684/5/6
f 6688/5/12 6690/3/13 6689/5/22
f 6691/1/18 6689/5/22 6690/3/13
f 6691/1/18 6690/3/13 6692/2/17
f 6691/1/18 6693/4/15 6689/5/22
f 6691/1/18 6694/3/9 6693/4/15
f 6695/1/10 6694/3/9 6691/1/18
f 6691/14/18 6679/14/3 6695/14/10
f 6679/14/3 6691/14/18 6681/14/1
f 6684/6/6 6693/8/15 6683/8/5
f 6679/14/3 6696/9/11 6695/14/10
f 6696/9/11 6679/14/3 6680/9/2
f 6694/6/9 6680/9/2 6682/6/4
f 6692/11/17 6681/15/1 6691/15/18
f 6681/15/1 6692/11/17 6686/11/8
f 6692/11/17 6685/10/7 6686/11/8
f 6694/13/9 6683/12/5 6693/12/15
f 6699/1/1 6698/2/2 6697/1/3
f 6698/2/2 6699/1/1 6700/3/4
f 6700/3/4 6699/1/1 6701/4/5
f 6701/4/5 6699/1/1 6702/5/6
f 6702/5/6 6699/1/1 6703/3/7
f 6703/3/7 6699/1/1 6704/2/8
f 6712/3/9 6713/1/10 6714/2/11
f 6706/6/12 6703/7/7 6708/7/13
f 6703/7/7 6706/6/12 6705/6/14
f 6711/8/15 6702/6/6 6707/6/22
f 6698/9/2 6712/6/9 6714/9/11
f 6703/10/7 6710/11/17 6708/10/13
f 6701/12/5 6712/13/9 6700/13/4
f 6705/5/14 6702/5/6 6703/3/7
f 6707/5/22 6705/5/14 6706/5/12
f 6705/5/14 6707/5/22 6702/5/6
f 6706/5/12 6708/3/13 6707/5/22
f 6709/1/18 6707/5/22 6708/3/13
f 6709/1/18 6708/3/13 6710/2/17
f 6709/1/18 6711/4/15 6707/5/22
f 6709/1/18 6712/3/9 6711/4/15
f 6713/1/10 6712/3/9 6709/1/18
f 6709/14/18 6697/14/3 6713/14/10
f 6697/14/3 6709/14/18 6699/14/1
f 6702/6/6 6711/8/15 6701/8/5
f 6697/14/3 6714/9/11 6713/14/10
f 6714/9/11 6697/14/3 6698/9/2
f 6712/6/9 6698/9/2 6700/6/4
f 6710/11/17 6699/15/1 6709/15/18
f 6699/15/1 6710/11/17 6704/11/8
f 6710/11/17 6703/10/7 6704/11/8
f 6712/13/9 6701/12/5 6711/12/15
f 6717/1/1 6716/2/2 6715/1/3
f 6716/2/2 6717/1/1 6718/3/4
f 6718/3/4 6717/1/1 6719/4/5
f 6719/4/5 6717/1/1 6720/5/6
f 6720/5/6 6717/1/1 6721/3/7
f 6721/3/7 6717/1/1 6722/2/8
f 6730/3/9 6731/1/10 6732/2/11
f 6724/6/12 6721/7/7 6726/7/13
f 6721/7/7 6724/6/12 6723/6/14
f 6729/8/15 6720/6/6 6725/6/22
f 6716/9/2 6730/6/9 6732/9/11
f 6721/10/7 6728/11/17 6726/10/13
f 6719/12/5 6730/13/9 6718/13/4
f 6723/5/14 6720/5/6 6721/3/7
f 6725/5/22 6723/5/14 6724/5/12
f 6723/5/14 6725/5/22 6720/5/6
f 6724/5/12 6726/3/13 6725/5/22
f 6727/1/18 6725/5/22 6726/3/13
f 6727/1/18 6726/3/13 6728/2/17
f 6727/1/18 6729/4/15 6725/5/22
f 6727/1/18 6730/3/9 6729/4/15
f 6731/1/10 6730/3/9 6727/1/18
f 6727/14/18 6715/14/3 6731/14/10
f 6715/14/3 6727/14/18 6717/14/1
f 6720/6/6 6729/8/15 6719/8/5
f 6715/14/3 6732/9/11 6731/14/10
f 6732/9/11 6715/14/3 6716/9/2
f 6730/6/9 6716/9/2 6718/6/4
f 6728/11/17 6717/15/1 6727/15/18
f 6717/15/1 6728/11/17 6722/11/8
f 6728/11/17 6721/10/7 6722/11/8
f 6730/13/9 6719/12/5 6729/12/15
f 6735/1/1 6734/2/2 6733/1/3
f 6734/2/2 6735/1/1 6736/3/4
f 6736/3/4 6735/1/1 6737/4/5
f 6737/4/5 6735/1/1 6738/5/6
f 6738/5/6 6735/1/1 6739/3/7
f 6739/3/7 6735/1/1 6740/2/8
f 6748/3/9 6749/1/10 6750/2/11
f 6742/6/12 6739/7/7 6744/7/13
f 6739/7/7 6742/6/12 6741/6/14
f 6747/8/15 6738/6/6 6743/6/22
f 6734/9/2 6748/6/9 6750/9/11
f 6739/10/7 6746/11/17 6744/10/13
f 6737/12/5 6748/13/9 6736/13/4
f 6741/5/14 6738/5/6 6739/3/7
f 6743/5/22 6741/5/14 6742/5/12
f 6741/5/14 6743/5/22 6738/5/6
f 6742/5/12 6744/3/13 6743/5/22
f 6745/1/18 6743/5/22 6744/3/13
f 6745/1/18 6744/3/13 6746/2/17
f 6745/1/18 6747/4/15 6743/5/22
f 6745/1/18 6748/3/9 6747/4/15
f 6749/1/10 6748/3/9 6745/1/18
f 6745/14/18 6733/14/3 6749/14/10
f 6733/14/3 6745/14/18 6735/14/1
f 6738/6/6 6747/8/15 6737/8/5
f 6733/14/3 6750/9/11 6749/14/10
f 6750/9/11 6733/14/3 6734/9/2
f 6748/6/9 6734/9/2 6736/6/4
f 6746/11/17 6735/15/1 6745/15/18
f 6735/15/1 6746/11/17 6740/11/8
f 6746/11/17 6739/10/7 6740/11/8
f 6748/13/9 6737/12/5 6747/12/15
f 6753/1/1 6752/2/2 6751/1/3
f 6752/2/2 6753/1/1 6754/3/19
f 6754/3/19 6753/1/1 6755/4/5
f 6755/4/5 6753/1/1 6756/5/6
f 6756/5/6 6753/1/1 6757/3/7
f 6757/3/7 6753/1/1 6758/2/8
f 6766/3/9 6767/1/10 6768/2/11
f 6760/6/12 6757/7/7 6762/7/13
f 6757/7/7 6760/6/12 6759/6/14
f 6765/8/15 6756/6/6 6761/6/22
f 6752/9/2 6766/6/9 6768/9/11
f 6757/10/7 6764/11/17 6762/10/13
f 6755/12/5 6766/13/9 6754/13/19
f 6759/5/14 6756/5/6 6757/3/7
f 6761/5/22 6759/5/14 6760/5/12
f 6759/5/14 6761/5/22 6756/5/6
f 6760/5/12 6762/3/13 6761/5/22
f 6763/1/18 6761/5/22 6762/3/13
f 6763/1/18 6762/3/13 6764/2/17
f 6763/1/18 6765/4/15 6761/5/22
f 6763/1/18 6766/3/9 6765/4/15
f 6767/1/10 6766/3/9 6763/1/18
f 6763/14/18 6751/14/3 6767/14/10
f 6751/14/3 6763/14/18 6753/14/1
f 6756/6/6 6765/8/15 6755/8/5
f 6751/14/3 6768/9/11 6767/14/10
f 6768/9/11 6751/14/3 6752/9/2
f 6766/6/9 6752/9/2 6754/6/19
f 6764/11/17 6753/15/1 6763/15/18
f 6753/15/1 6764/11/17 6758/11/8
f 6764/11/17 6757/10/7 6758/11/8
f 6766/13/9 6755/12/5 6765/12/15
f 6771/1/1 6770/2/2 6769/1/3
f 6770/2/2 6771/1/1 6772/3/4
f 6772/3/4 6771/1/1 6773/4/5
f 6773/4/5 6771/1/1 6774/5/6
f 6774/5/6 6771/1/1 6775/3/7
f 6775/3/7 6771/1/1 6776/2/8
f 6784/3/9 6785/1/10 6786/2/11
f 6778/6/12 6775/7/7 6780/7/13
f 6775/7/7 6778/6/12 6777/6/14
f 6783/8/15 6774/6/6 6779/6/22
f 6770/9/2 6784/6/9 6786/9/11
f 6775/10/7 6782/11/17 6780/10/13
f 6773/12/5 6784/13/9 6772/13/4
f 6777/5/14 6774/5/6 6775/3/7
f 6779/5/22 6777/5/14 6778/5/12
f 6777/5/14 6779/5/22 6774/5/6
f 6778/5/12 6780/3/13 6779/5/22
f 6781/1/18 6779/5/22 6780/3/13
f 6781/1/18 6780/3/13 6782/2/17
f 6781/1/18 6783/4/15 6779/5/22
f 6781/1/18 6784/3/9 6783/4/15
f 6785/1/10 6784/3/9 6781/1/18
f 6781/14/18 6769/14/3 6785/14/10
f 6769/14/3 6781/14/18 6771/14/1
f 6774/6/6 6783/8/15 6773/8/5
f 6769/14/3 6786/9/11 6785/14/10
f 6786/9/11 6769/14/3 6770/9/2
f 6784/6/9 6770/9/2 6772/6/4
f 6782/11/17 6771/15/1 6781/15/18
f 6771/15/1 6782/11/17 6776/11/8
f 6782/11/17 6775/10/7 6776/11/8
f 6784/13/9 6773/12/5 6783/12/15
f 6789/1/1 6788/2/2 6787/1/3
f 6788/2/2 6789/1/1 6790/3/4
f 6790/3/4 6789/1/1 6791/4/5
f 6791/4/5 6789/1/1 6792/5/6
f 6792/5/6 6789/1/1 6793/3/7
f 6793/3/7 6789/1/1 6794/2/8
f 6802/3/9 6803/1/10 6804/2/11
f 6796/6/12 6793/7/7 6798/7/13
f 6793/7/7 6796/6/12 6795/6/14
f 6801/8/15 6792/6/6 6797/6/22
f 6788/9/2 6802/6/9 6804/9/11
f 6793/10/7 6800/11/17 6798/10/13
f 6791/12/5 6802/13/9 6790/13/4
f 6795/5/14 6792/5/6 6793/3/7
f 6797/5/22 6795/5/14 6796/5/12
f 6795/5/14 6797/5/22 6792/5/6
f 6796/5/12 6798/3/13 6797/5/22
f 6799/1/18 6797/5/22 6798/3/13
f 6799/1/18 6798/3/13 6800/2/17
f 6799/1/18 6801/4/15 6797/5/22
f 6799/1/18 6802/3/9 6801/4/15
f 6803/1/10 6802/3/9 6799/1/18
f 6799/14/18 6787/14/3 6803/14/10
f 6787/14/3 6799/14/18 6789/14/1
f 6792/6/6 6801/8/15 6791/8/5
f 6787/14/3 6804/9/11 6803/14/10
f 6804/9/11 6787/14/3 6788/9/2
f 6802/6/9 6788/9/2 6790/6/4
f 6800/11/17 6789/15/1 6799/15/18
f 6789/15/1 6800/11/17 6794/11/8
f 6800/11/17 6793/10/7 6794/11/8
f 6802/13/9 6791/12/5 6801/12/15
f 6807/1/1 6806/2/2 6805/1/3
f 6806/2/2 6807/1/1 6808/3/4
f 6808/3/4 6807/1/1 6809/4/5
f 6809/4/5 6807/1/1 6810/5/6
f 6810/5/6 6807/1/1 6811/3/7
f 6811/3/7 6807/1/1 6812/2/8
f 6820/3/9 6821/1/10 6822/2/11
f 6814/6/12 6811/7/7 6816/7/13
f 6811/7/7 6814/6/12 6813/6/14
f 6819/8/15 6810/6/6 6815/6/22
f 6806/9/2 6820/6/9 6822/9/11
f 6811/10/7 6818/11/17 6816/10/13
f 6809/12/5 6820/13/9 6808/13/4
f 6813/5/14 6810/5/6 6811/3/7
f 6815/5/22 6813/5/14 6814/5/12
f 6813/5/14 6815/5/22 6810/5/6
f 6814/5/12 6816/3/13 6815/5/22
f 6817/1/18 6815/5/22 6816/3/13
f 6817/1/18 6816/3/13 6818/2/17
f 6817/1/18 6819/4/15 6815/5/22
f 6817/1/18 6820/3/9 6819/4/15
f 6821/1/10 6820/3/9 6817/1/18
f 6817/14/18 6805/14/3 6821/14/10
f 6805/14/3 6817/14/18 6807/14/1
f 6810/6/6 6819/8/15 6809/8/5
f 6805/14/3 6822/9/11 6821/14/10
f 6822/9/11 6805/14/3 6806/9/2
f 6820/6/9 6806/9/2 6808/6/4
f 6818/11/17 6807/15/1 6817/15/18
f 6807/15/1 6818/11/17 6812/11/8
f 6818/11/17 6811/10/7 6812/11/8
f 6820/13/9 6809/12/5 6819/12/15
f 6825/1/1 6824/2/2 6823/1/3
f 6824/2/2 6825/1/1 6826/3/19
f 6826/3/19 6825/1/1 6827/4/5
f 6827/4/5 6825/1/1 6828/5/6
f 6828/5/6 6825/1/1 6829/3/7
f 6829/3/7 6825/1/1 6830/2/8
f 6838/3/9 6839/1/10 6840/2/11
f 6832/6/12 6829/7/7 6834/7/13
f 6829/7/7 6832/6/12 6831/6/14
f 6837/8/15 6828/6/6 6833/6/22
f 6824/9/2 6838/6/9 6840/9/11
f 6829/10/7 6836/11/17 6834/10/13
f 6827/12/5 6838/13/9 6826/13/19
f 6831/5/14 6828/5/6 6829/3/7
f 6833/5/22 6831/5/14 6832/5/12
f 6831/5/14 6833/5/22 6828/5/6
f 6832/5/12 6834/3/13 6833/5/22
f 6835/1/18 6833/5/22 6834/3/13
f 6835/1/18 6834/3/13 6836/2/17
f 6835/1/18 6837/4/15 6833/5/22
f 6835/1/18 6838/3/9 6837/4/15
f 6839/1/10 6838/3/9 6835/1/18
f 6835/14/18 6823/14/3 6839/14/10
f 6823/14/3 6835/14/18 6825/14/1
f 6828/6/6 6837/8/15 6827/8/5
f 6823/14/3 6840/9/11 6839/14/10
f 6840/9/11 6823/14/3 6824/9/2
f 6838/6/9 6824/9/2 6826/6/19
f 6836/11/17 6825/15/1 6835/15/18
f 6825/15/1 6836/11/17 6830/11/8
f 6836/11/17 6829/10/7 6830/11/8
f 6838/13/9 6827/12/5 6837/12/15
f 6843/1/1 6842/2/2 6841/1/3
f 6842/2/2 6843/1/1 6844/3/4
f 6844/3/4 6843/1/1 6845/4/5
f 6845/4/5 6843/1/1 6846/5/6
f 6846/5/6 6843/1/1 6847/3/7
f 6847/3/7 6843/1/1 6848/2/8
f 6856/3/9 6857/1/10 6858/2/11
f 6850/6/12 6847/7/7 6852/7/20
f 6847/7/7 6850/6/12 6849/6/14
f 6855/8/15 6846/6/6 6851/6/16
f 6842/9/2 6856/6/9 6858/9/11
f 6847/10/7 6854/11/17 6852/10/20
f 6845/12/5 6856/13/9 6844/13/4
f 6849/5/14 6846/5/6 6847/3/7
f 6851/5/16 6849/5/14 6850/5/12
f 6849/5/14 6851/5/16 6846/5/6
f 6850/5/12 6852/3/20 6851/5/16
f 6853/1/18 6851/5/16 6852/3/20
f 6853/1/18 6852/3/20 6854/2/17
f 6853/1/18 6855/4/15 6851/5/16
f 6853/1/18 6856/3/9 6855/4/15
f 6857/1/10 6856/3/9 6853/1/18
f 6853/14/18 6841/14/3 6857/14/10
f 6841/14/3 6853/14/18 6843/14/1
f 6846/6/6 6855/8/15 6845/8/5
f 6841/14/3 6858/9/11 6857/14/10
f 6858/9/11 6841/14/3 6842/9/2
f 6856/6/9 6842/9/2 6844/6/4
f 6854/11/17 6843/15/1 6853/15/18
f 6843/15/1 6854/11/17 6848/11/8
f 6854/11/17 6847/10/7 6848/11/8
f 6856/13/9 6845/12/5 6855/12/15
f 6861/1/1 6860/2/2 6859/1/3
f 6860/2/2 6861/1/1 6862/3/4
f 6862/3/4 6861/1/1 6863/4/5
f 6863/4/5 6861/1/1 6864/5/6
f 6864/5/6 6861/1/1 6865/3/7
f 6865/3/7 6861/1/1 6866/2/8
f 6874/3/9 6875/1/10 6876/2/11
f 6868/6/12 6865/7/7 6870/7/13
f 6865/7/7 6868/6/12 6867/6/14
f 6873/8/15 6864/6/6 6869/6/22
f 6860/9/2 6874/6/9 6876/9/11
f 6865/10/7 6872/11/17 6870/10/13
f 6863/12/5 6874/13/9 6862/13/4
f 6867/5/14 6864/5/6 6865/3/7
f 6869/5/22 6867/5/14 6868/5/12
f 6867/5/14 6869/5/22 6864/5/6
f 6868/5/12 6870/3/13 6869/5/22
f 6871/1/18 6869/5/22 6870/3/13
f 6871/1/18 6870/3/13 6872/2/17
f 6871/1/18 6873/4/15 6869/5/22
f 6871/1/18 6874/3/9 6873/4/15
f 6875/1/10 6874/3/9 6871/1/18
f 6871/14/18 6859/14/3 6875/14/10
f 6859/14/3 6871/14/18 6861/14/1
f 6864/6/6 6873/8/15 6863/8/5
f 6859/14/3 6876/9/11 6875/14/10
f 6876/9/11 6859/14/3 6860/9/2
f 6874/6/9 6860/9/2 6862/6/4
f 6872/11/17 6861/15/1 6871/15/18
f 6861/15/1 6872/11/17 6866/11/8
f 6872/11/17 6865/10/7 6866/11/8
f 6874/13/9 6863/12/5 6873/12/15
f 6879/1/1 6878/2/2 6877/1/3
f 6878/2/2 6879/1/1 6880/3/4
f 6880/3/4 6879/1/1 6881/4/5
f 6881/4/5 6879/1/1 6882/5/6
f 6882/5/6 6879/1/1 6883/3/7
f 6883/3/7 6879/1/1 6884/2/8
f 6892/3/9 6893/1/10 6894/2/11
f 6886/6/12 6883/7/7 6888/7/13
f 6883/7/7 6886/6/12 6885/6/14
f 6891/8/15 6882/6/6 6887/6/22
f 6878/9/2 6892/6/9 6894/9/11
f 6883/10/7 6890/11/17 6888/10/13
f 6881/12/5 6892/13/9 6880/13/4
f 6885/5/14 6882/5/6 6883/3/7
f 6887/5/22 6885/5/14 6886/5/12
f 6885/5/14 6887/5/22 6882/5/6
f 6886/5/12 6888/3/13 6887/5/22
f 6889/1/18 6887/5/22 6888/3/13
f 6889/1/18 6888/3/13 6890/2/17
f 6889/1/18 6891/4/15 6887/5/22
f 6889/1/18 6892/3/9 6891/4/15
f 6893/1/10 6892/3/9 6889/1/18
f 6889/14/18 6877/14/3 6893/14/10
f 6877/14/3 6889/14/18 6879/14/1
f 6882/6/6 6891/8/15 6881/8/5
f 6877/14/3 6894/9/11 6893/14/10
f 6894/9/11 6877/14/3 6878/9/2
f 6892/6/9 6878/9/2 6880/6/4
f 6890/11/17 6879/15/1 6889/15/18
f 6879/15/1 6890/11/17 6884/11/8
f 6890/11/17 6883/10/7 6884/11/8
f 6892/13/9 6881/12/5 6891/12/15
f 6897/1/1 6896/2/2 6895/1/3
f 6896/2/2 6897/1/1 6898/3/4
f 6898/3/4 6897/1/1 6899/4/5
f 6899/4/5 6897/1/1 6900/5/6
f 6900/5/6 6897/1/1 6901/3/7
f 6901/3/7 6897/1/1 6902/2/8
f 6910/3/9 6911/1/10 6912/2/11
f 6904/6/12 6901/7/7 6906/7/13
f 6901/7/7 6904/6/12 6903/6/14
f 6909/8/15 6900/6/6 6905/6/22
f 6896/9/2 6910/6/9 6912/9/11
f 6901/10/7 6908/11/17 6906/10/13
f 6899/12/5 6910/13/9 6898/13/4
f 6903/5/14 6900/5/6 6901/3/7
f 6905/5/22 6903/5/14 6904/5/12
f 6903/5/14 6905/5/22 6900/5/6
f 6904/5/12 6906/3/13 6905/5/22
f 6907/1/18 6905/5/22 6906/3/13
f 6907/1/18 6906/3/13 6908/2/17
f 6907/1/18 6909/4/15 6905/5/22
f 6907/1/18 6910/3/9 6909/4/15
f 6911/1/10 6910/3/9 6907/1/18
f 6907/14/18 6895/14/3 6911/14/10
f 6895/14/3 6907/14/18 6897/14/1
f 6900/6/6 6909/8/15 6899/8/5
f 6895/14/3 6912/9/11 6911/14/10
f 6912/9/11 6895/14/3 6896/9/2
f 6910/6/9 6896/9/2 6898/6/4
f 6908/11/17 6897/15/1 6907/15/18
f 6897/15/1 6908/11/17 6902/11/8
f 6908/11/17 6901/10/7 6902/11/8
f 6910/13/9 6899/12/5 6909/12/15
f 6915/1/1 6914/2/2 6913/1/3
f 6914/2/2 6915/1/1 6916/3/19
f 6916/3/19 6915/1/1 6917/4/5
f 6917/4/5 6915/1/1 6918/5/6
f 6918/5/6 6915/1/1 6919/3/7
f 6919/3/7 6915/1/1 6920/2/8
f 6928/3/9 6929/1/10 6930/2/11
f 6922/6/12 6919/7/7 6924/7/13
f 6919/7/7 6922/6/12 6921/6/14
f 6927/8/15 6918/6/6 6923/6/22
f 6914/9/2 6928/6/9 6930/9/11
f 6919/10/7 6926/11/17 6924/10/13
f 6917/12/5 6928/13/9 6916/13/19
f 6921/5/14 6918/5/6 6919/3/7
f 6923/5/22 6921/5/14 6922/5/12
f 6921/5/14 6923/5/22 6918/5/6
f 6922/5/12 6924/3/13 6923/5/22
f 6925/1/18 6923/5/22 6924/3/13
f 6925/1/18 6924/3/13 6926/2/17
f 6925/1/18 6927/4/15 6923/5/22
f 6925/1/18 6928/3/9 6927/4/15
f 6929/1/10 6928/3/9 6925/1/18
f 6925/14/18 6913/14/3 6929/14/10
f 6913/14/3 6925/14/18 6915/14/1
f 6918/6/6 6927/8/15 6917/8/5
f 6913/14/3 6930/9/11 6929/14/10
f 6930/9/11 6913/14/3 6914/9/2
f 6928/6/9 6914/9/2 6916/6/19
f 6926/11/17 6915/15/1 6925/15/18
f 6915/15/1 6926/11/17 6920/11/8
f 6926/11/17 6919/10/7 6920/11/8
f 6928/13/9 6917/12/5 6927/12/15
f 6933/1/1 6932/2/2 6931/1/3
f 6932/2/2 6933/1/1 6934/3/4
f 6934/3/4 6933/1/1 6935/4/5
f 6935/4/5 6933/1/1 6936/5/6
f 6936/5/6 6933/1/1 6937/3/7
f 6937/3/7 6933/1/1 6938/2/8
f 6946/3/9 6947/1/10 6948/2/11
f 6940/6/12 6937/7/7 6942/7/13
f 6937/7/7 6940/6/12 6939/6/14
f 6945/8/15 6936/6/6 6941/6/22
f 6932/9/2 6946/6/9 6948/9/11
f 6937/10/7 6944/11/17 6942/10/13
f 6935/12/5 6946/13/9 6934/13/4
f 6939/5/14 6936/5/6 6937/3/7
f 6941/5/22 6939/5/14 6940/5/12
f 6939/5/14 6941/5/22 6936/5/6
f 6940/5/12 6942/3/13 6941/5/22
f 6943/1/18 6941/5/22 6942/3/13
f 6943/1/18 6942/3/13 6944/2/17
f 6943/1/18 6945/4/15 6941/5/22
f 6943/1/18 6946/3/9 6945/4/15
f 6947/1/10 6946/3/9 6943/1/18
f 6943/14/18 6931/14/3 6947/14/10
f 6931/14/3 6943/14/18 6933/14/1
f 6936/6/6 6945/8/15 6935/8/5
f 6931/14/3 6948/9/11 6947/14/10
f 6948/9/11 6931/14/3 6932/9/2
f 6946/6/9 6932/9/2 6934/6/4
f 6944/11/17 6933/15/1 6943/15/18
f 6933/15/1 6944/11/17 6938/11/8
f 6944/11/17 6937/10/7 6938/11/8
f 6946/13/9 6935/12/5 6945/12/15
f 6951/1/1 6950/2/2 6949/1/3
f 6950/2/2 6951/1/1 6952/3/4
f 6952/3/4 6951/1/1 6953/4/5
f 6953/4/5 6951/1/1 6954/5/6
f 6954/5/6 6951/1/1 6955/3/7
f 6955/3/7 6951/1/1 6956/2/8
f 6964/3/9 6965/1/10 6966/2/11
f 6958/6/12 6955/7/7 6960/7/13
f 6955/7/7 6958/6/12 6957/6/14
f 6963/8/15 6954/6/6 6959/6/22
f 6950/9/2 6964/6/9 6966/9/11
f 6955/10/7 6962/11/17 6960/10/13
f 6953/12/5 6964/13/9 6952/13/4
f 6957/5/14 6954/5/6 6955/3/7
f 6959/5/22 6957/5/14 6958/5/12
f 6957/5/14 6959/5/22 6954/5/6
f 6958/5/12 6960/3/13 6959/5/22
f 6961/1/18 6959/5/22 6960/3/13
f 6961/1/18 6960/3/13 6962/2/17
f 6961/1/18 6963/4/15 6959/5/22
f 6961/1/18 6964/3/9 6963/4/15
f 6965/1/10 6964/3/9 6961/1/18
f 6961/14/18 6949/14/3 6965/14/10
f 6949/14/3 6961/14/18 6951/14/1
f 6954/6/6 6963/8/15 6953/8/5
f 6949/14/3 6966/9/11 6965/14/10
f 6966/9/11 6949/14/3 6950/9/2
f 6964/6/9 6950/9/2 6952/6/4
f 6962/11/17 6951/15/1 6961/15/18
f 6951/15/1 6962/11/17 6956/11/8
f 6962/11/17 6955/10/7 6956/11/8
f 6964/13/9 6953/12/5 6963/12/15
f 6969/1/1 6968/2/2 6967/1/3
f 6968/2/2 6969/1/1 6970/3/4
f 6970/3/4 6969/1/1 6971/4/5
f 6971/4/5 6969/1/1 6972/5/6
f 6972/5/6 6969/1/1 6973/3/7
f 6973/3/7 6969/1/1 6974/2/8
f 6982/3/9 6983/1/10 6984/2/11
f 6976/6/12 6973/7/7 6978/7/13
f 6973/7/7 6976/6/12 6975/6/14
f 6981/8/15 6972/6/6 6977/6/22
f 6968/9/2 6982/6/9 6984/9/11
f 6973/10/7 6980/11/17 6978/10/13
f 6971/12/5 6982/13/9 6970/13/4
f 6975/5/14 6972/5/6 6973/3/7
f 6977/5/22 6975/5/14 6976/5/12
f 6975/5/14 6977/5/22 6972/5/6
f 6976/5/12 6978/3/13 6977/5/22
f 6979/1/18 6977/5/22 6978/3/13
f 6979/1/18 6978/3/13 6980/2/17
f 6979/1/18 6981/4/15 6977/5/22
f 6979/1/18 6982/3/9 6981/4/15
f 6983/1/10 6982/3/9 6979/1/18
f 6979/14/18 6967/14/3 6983/14/10
f 6967/14/3 6979/14/18 6969/14/1
f 6972/6/6 6981/8/15 6971/8/5
f 6967/14/3 6984/9/11 6983/14/10
f 6984/9/11 6967/14/3 6968/9/2
f 6982/6/9 6968/9/2 6970/6/4
f 6980/11/17 6969/15/1 6979/15/18
f 6969/15/1 6980/11/17 6974/11/8
f 6980/11/17 6973/10/7 6974/11/8
f 6982/13/9 6971/12/5 6981/12/15
f 6987/1/1 6986/2/2 6985/1/3
f 6986/2/2 6987/1/1 6988/3/4
f 6988/3/4 6987/1/1 6989/4/5
f 6989/4/5 6987/1/1 6990/5/6
f 6990/5/6 6987/1/1 6991/3/7
f 6991/3/7 6987/1/1 6992/2/8
f 7000/3/9 7001/1/10 7002/2/11
f 6994/6/12 6991/7/7 6996/7/13
f 6991/7/7 6994/6/12 6993/6/14
f 6999/8/15 6990/6/6 6995/6/22
f 6986/9/2 7000/6/9 7002/9/11
f 6991/10/7 6998/11/17 6996/10/13
f 6989/12/5 7000/13/9 6988/13/4
f 6993/5/14 6990/5/6 6991/3/7
f 6995/5/22 6993/5/14 6994/5/12
f 6993/5/14 6995/5/22 6990/5/6
f 6994/5/12 6996/3/13 6995/5/22
f 6997/1/18 6995/5/22 6996/3/13
f 6997/1/18 6996/3/13 6998/2/17
f 6997/1/18 6999/4/15 6995/5/22
f 6997/1/18 7000/3/9 6999/4/15
f 7001/1/10 7000/3/9 6997/1/18
f 6997/14/18 6985/14/3 7001/14/10
f 6985/14/3 6997/14/18 6987/14/1
f 6990/6/6 6999/8/15 6989/8/5
f 6985/14/3 7002/9/11 7001/14/10
f 7002/9/11 6985/14/3 6986/9/2
f 7000/6/9 6986/9/2 6988/6/4
f 6998/11/17 6987/15/1 6997/15/18
f 6987/15/1 6998/11/17 6992/11/8
f 6998/11/17 6991/10/7 6992/11/8
f 7000/13/9 6989/12/5 6999/12/15
f 7005/1/1 7004/2/2 7003/1/3
f 7004/2/2 7005/1/1 7006/3/19
f 7006/3/19 7005/1/1 7007/4/5
f 7007/4/5 7005/1/1 7008/5/6
f 7008/5/6 7005/1/1 7009/3/7
f 7009/3/7 7005/1/1 7010/2/8
f 7018/3/9 7019/1/10 7020/2/11
f 7012/6/12 7009/7/7 7014/7/13
f 7009/7/7 7012/6/12 7011/6/14
f 7017/8/15 7008/6/6 7013/6/22
f 7004/9/2 7018/6/9 7020/9/11
f 7009/10/7 7016/11/17 7014/10/13
f 7007/12/5 7018/13/9 7006/13/19
f 7011/5/14 7008/5/6 7009/3/7
f 7013/5/22 7011/5/14 7012/5/12
f 7011/5/14 7013/5/22 7008/5/6
f 7012/5/12 7014/3/13 7013/5/22
f 7015/1/18 7013/5/22 7014/3/13
f 7015/1/18 7014/3/13 7016/2/17
f 7015/1/18 7017/4/15 7013/5/22
f 7015/1/18 7018/3/9 7017/4/15
f 7019/1/10 7018/3/9 7015/1/18
f 7015/14/18 7003/14/3 7019/14/10
f 7003/14/3 7015/14/18 7005/14/1
f 7008/6/6 7017/8/15 7007/8/5
f 7003/14/3 7020/9/11 7019/14/10
f 7020/9/11 7003/14/3 7004/9/2
f 7018/6/9 7004/9/2 7006/6/19
f 7016/11/17 7005/15/1 7015/15/18
f 7005/15/1 7016/11/17 7010/11/8
f 7016/11/17 7009/10/7 7010/11/8
f 7018/13/9 7007/12/5 7017/12/15
f 7023/1/1 7022/2/2 7021/1/3
f 7022/2/2 7023/1/1 7024/3/4
f 7024/3/4 7023/1/1 7025/4/5
f 7025/4/5 7023/1/1 7026/5/6
f 7026/5/6 7023/1/1 7027/3/7
f 7027/3/7 7023/1/1 7028/2/8
f 7036/3/9 7037/1/10 7038/2/11
f 7030/6/12 7027/7/7 7032/7/13
f 7027/7/7 7030/6/12 7029/6/14
f 7035/8/15 7026/6/6 7031/6/22
f 7022/9/2 7036/6/9 7038/9/11
f 7027/10/7 7034/11/17 7032/10/13
f 7025/12/5 7036/13/9 7024/13/4
f 7029/5/14 7026/5/6 7027/3/7
f 7031/5/22 7029/5/14 7030/5/12
f 7029/5/14 7031/5/22 7026/5/6
f 7030/5/12 7032/3/13 7031/5/22
f 7033/1/18 7031/5/22 7032/3/13
f 7033/1/18 7032/3/13 7034/2/17
f 7033/1/18 7035/4/15 7031/5/22
f 7033/1/18 7036/3/9 7035/4/15
f 7037/1/10 7036/3/9 7033/1/18
f 7033/14/18 7021/14/3 7037/14/10
f 7021/14/3 7033/14/18 7023/14/1
f 7026/6/6 7035/8/15 7025/8/5
f 7021/14/3 7038/9/11 7037/14/10
f 7038/9/11 7021/14/3 7022/9/2
f 7036/6/9 7022/9/2 7024/6/4
f 7034/11/17 7023/15/1 7033/15/18
f 7023/15/1 7034/11/17 7028/11/8
f 7034/11/17 7027/10/7 7028/11/8
f 7036/13/9 7025/12/5 7035/12/15
f 7041/1/1 7040/2/2 7039/1/3
f 7040/2/2 7041/1/1 7042/3/4
f 7042/3/4 7041/1/1 7043/4/5
f 7043/4/5 7041/1/1 7044/5/6
f 7044/5/6 7041/1/1 7045/3/7
f 7045/3/7 7041/1/1 7046/2/8
f 7054/3/9 7055/1/10 7056/2/11
f 7048/6/12 7045/7/7 7050/7/13
f 7045/7/7 7048/6/12 7047/6/14
f 7053/8/15 7044/6/6 7049/6/22
f 7040/9/2 7054/6/9 7056/9/11
f 7045/10/7 7052/11/17 7050/10/13
f 7043/12/5 7054/13/9 7042/13/4
f 7047/5/14 7044/5/6 7045/3/7
f 7049/5/22 7047/5/14 7048/5/12
f 7047/5/14 7049/5/22 7044/5/6
f 7048/5/12 7050/3/13 7049/5/22
f 7051/1/18 7049/5/22 7050/3/13
f 7051/1/18 7050/3/13 7052/2/17
f 7051/1/18 7053/4/15 7049/5/22
f 7051/1/18 7054/3/9 7053/4/15
f 7055/1/10 7054/3/9 7051/1/18
f 7051/14/18 7039/14/3 7055/14/10
f 7039/14/3 7051/14/18 7041/14/1
f 7044/6/6 7053/8/15 7043/8/5
f 7039/14/3 7056/9/11 7055/14/10
f 7056/9/11 7039/14/3 7040/9/2
f 7054/6/9 7040/9/2 7042/6/4
f 7052/11/17 7041/15/1 7051/15/18
f 7041/15/1 7052/11/17 7046/11/8
f 7052/11/17 7045/10/7 7046/11/8
f 7054/13/9 7043/12/5 7053/12/15
f 7059/1/1 7058/2/2 7057/1/3
f 7058/2/2 7059/1/1 7060/3/4
f 7060/3/4 7059/1/1 7061/4/5
f 7061/4/5 7059/1/1 7062/5/6
f 7062/5/6 7059/1/1 7063/3/7
f 7063/3/7 7059/1/1 7064/2/8
f 7072/3/9 7073/1/10 7074/2/11
f 7066/6/12 7063/7/7 7068/7/13
f 7063/7/7 7066/6/12 7065/6/14
f 7071/8/15 7062/6/6 7067/6/22
f 7058/9/2 7072/6/9 7074/9/11
f 7063/10/7 7070/11/17 7068/10/13
f 7061/12/5 7072/13/9 7060/13/4
f 7065/5/14 7062/5/6 7063/3/7
f 7067/5/22 7065/5/14 7066/5/12
f 7065/5/14 7067/5/22 7062/5/6
f 7066/5/12 7068/3/13 7067/5/22
f 7069/1/18 7067/5/22 7068/3/13
f 7069/1/18 7068/3/13 7070/2/17
f 7069/1/18 7071/4/15 7067/5/22
f 7069/1/18 7072/3/9 7071/4/15
f 7073/1/10 7072/3/9 7069/1/18
f 7069/14/18 7057/14/3 7073/14/10
f 7057/14/3 7069/14/18 7059/14/1
f 7062/6/6 7071/8/15 7061/8/5
f 7057/14/3 7074/9/11 7073/14/10
f 7074/9/11 7057/14/3 7058/9/2
f 7072/6/9 7058/9/2 7060/6/4
f 7070/11/17 7059/15/1 7069/15/18
f 7059/15/1 7070/11/17 7064/11/8
f 7070/11/17 7063/10/7 7064/11/8
f 7072/13/9 7061/12/5 7071/12/15
f 7077/1/1 7076/2/2 7075/1/3
f 7076/2/2 7077/1/1 7078/3/4
f 7078/3/4 7077/1/1 7079/4/5
f 7079/4/5 7077/1/1 7080/5/6
f 7080/5/6 7077/1/1 7081/3/7
f 7081/3/7 7077/1/1 7082/2/8
f 7090/3/9 7091/1/10 7092/2/11
f 7084/6/12 7081/7/7 7086/7/13
f 7081/7/7 7084/6/12 7083/6/14
f 7089/8/15 7080/6/6 7085/6/22
f 7076/9/2 7090/6/9 7092/9/11
f 7081/10/7 7088/11/17 7086/10/13
f 7079/12/5 7090/13/9 7078/13/4
f 7083/5/14 7080/5/6 7081/3/7
f 7085/5/22 7083/5/14 7084/5/12
f 7083/5/14 7085/5/22 7080/5/6
f 7084/5/12 7086/3/13 7085/5/22
f 7087/1/18 7085/5/22 7086/3/13
f 7087/1/18 7086/3/13 7088/2/17
f 7087/1/18 7089/4/15 7085/5/22
f 7087/1/18 7090/3/9 7089/4/15
f 7091/1/10 7090/3/9 7087/1/18
f 7087/14/18 7075/14/3 7091/14/10
f 7075/14/3 7087/14/18 7077/14/1
f 7080/6/6 7089/8/15 7079/8/5
f 7075/14/3 7092/9/11 7091/14/10
f 7092/9/11 7075/14/3 7076/9/2
f 7090/6/9 7076/9/2 7078/6/4
f 7088/11/17 7077/15/1 7087/15/18
f 7077/15/1 7088/11/17 7082/11/8
f 7088/11/17 7081/10/7 7082/11/8
f 7090/13/9 7079/12/5 7089/12/15
f 7095/1/1 7094/2/2 7093/1/3
f 7094/2/2 7095/1/1 7096/3/4
f 7096/3/4 7095/1/1 7097/4/5
f 7097/4/5 7095/1/1 7098/5/6
f 7098/5/6 7095/1/1 7099/3/7
f 7099/3/7 7095/1/1 7100/2/8
f 7108/3/9 7109/1/10 7110/2/11
f 7102/6/12 7099/7/7 7104/7/13
f 7099/7/7 7102/6/12 7101/6/14
f 7107/8/15 7098/6/6 7103/6/22
f 7094/9/2 7108/6/9 7110/9/11
f 7099/10/7 7106/11/17 7104/10/13
f 7097/12/5 7108/13/9 7096/13/4
f 7101/5/14 7098/5/6 7099/3/7
f 7103/5/22 7101/5/14 7102/5/12
f 7101/5/14 7103/5/22 7098/5/6
f 7102/5/12 7104/3/13 7103/5/22
f 7105/1/18 7103/5/22 7104/3/13
f 7105/1/18 7104/3/13 7106/2/17
f 7105/1/18 7107/4/15 7103/5/22
f 7105/1/18 7108/3/9 7107/4/15
f 7109/1/10 7108/3/9 7105/1/18
f 7105/14/18 7093/14/3 7109/14/10
f 7093/14/3 7105/14/18 7095/14/1
f 7098/6/6 7107/8/15 7097/8/5
f 7093/14/3 7110/9/11 7109/14/10
f 7110/9/11 7093/14/3 7094/9/2
f 7108/6/9 7094/9/2 7096/6/4
f 7106/11/17 7095/15/1 7105/15/18
f 7095/15/1 7106/11/17 7100/11/8
f 7106/11/17 7099/10/7 7100/11/8
f 7108/13/9 7097/12/5 7107/12/15
f 7113/1/1 7112/2/2 7111/1/3
f 7112/2/2 7113/1/1 7114/3/4
f 7114/3/4 7113/1/1 7115/4/5
f 7115/4/5 7113/1/1 7116/5/6
f 7116/5/6 7113/1/1 7117/3/7
f 7117/3/7 7113/1/1 7118/2/8
f 7126/3/9 7127/1/10 7128/2/11
f 7120/6/12 7117/7/7 7122/7/13
f 7117/7/7 7120/6/12 7119/6/14
f 7125/8/15 7116/6/6 7121/6/22
f 7112/9/2 7126/6/9 7128/9/11
f 7117/10/7 7124/11/17 7122/10/13
f 7115/12/5 7126/13/9 7114/13/4
f 7119/5/14 7116/5/6 7117/3/7
f 7121/5/22 7119/5/14 7120/5/12
f 7119/5/14 7121/5/22 7116/5/6
f 7120/5/12 7122/3/13 7121/5/22
f 7123/1/18 7121/5/22 7122/3/13
f 7123/1/18 7122/3/13 7124/2/17
f 7123/1/18 7125/4/15 7121/5/22
f 7123/1/18 7126/3/9 7125/4/15
f 7127/1/10 7126/3/9 7123/1/18
f 7123/14/18 7111/14/3 7127/14/10
f 7111/14/3 7123/14/18 7113/14/1
f 7116/6/6 7125/8/15 7115/8/5
f 7111/14/3 7128/9/11 7127/14/10
f 7128/9/11 7111/14/3 7112/9/2
f 7126/6/9 7112/9/2 7114/6/4
f 7124/11/17 7113/15/1 7123/15/18
f 7113/15/1 7124/11/17 7118/11/8
f 7124/11/17 7117/10/7 7118/11/8
f 7126/13/9 7115/12/5 7125/12/15
f 7131/1/1 7130/2/2 7129/1/3
f 7130/2/2 7131/1/1 7132/3/19
f 7132/3/19 7131/1/1 7133/4/5
f 7133/4/5 7131/1/1 7134/5/6
f 7134/5/6 7131/1/1 7135/3/7
f 7135/3/7 7131/1/1 7136/2/8
f 7144/3/9 7145/1/10 7146/2/11
f 7138/6/12 7135/7/7 7140/7/13
f 7135/7/7 7138/6/12 7137/6/14
f 7143/8/15 7134/6/6 7139/6/22
f 7130/9/2 7144/6/9 7146/9/11
f 7135/10/7 7142/11/17 7140/10/13
f 7133/12/5 7144/13/9 7132/13/19
f 7137/5/14 7134/5/6 7135/3/7
f 7139/5/22 7137/5/14 7138/5/12
f 7137/5/14 7139/5/22 7134/5/6
f 7138/5/12 7140/3/13 7139/5/22
f 7141/1/18 7139/5/22 7140/3/13
f 7141/1/18 7140/3/13 7142/2/17
f 7141/1/18 7143/4/15 7139/5/22
f 7141/1/18 7144/3/9 7143/4/15
f 7145/1/10 7144/3/9 7141/1/18
f 7141/14/18 7129/14/3 7145/14/10
f 7129/14/3 7141/14/18 7131/14/1
f 7134/6/6 7143/8/15 7133/8/5
f 7129/14/3 7146/9/11 7145/14/10
f 7146/9/11 7129/14/3 7130/9/2
f 7144/6/9 7130/9/2 7132/6/19
f 7142/11/17 7131/15/1 7141/15/18
f 7131/15/1 7142/11/17 7136/11/8
f 7142/11/17 7135/10/7 7136/11/8
f 7144/13/9 7133/12/5 7143/12/15
f 7149/1/1 7148/2/2 7147/1/3
f 7148/2/2 7149/1/1 7150/3/4
f 7150/3/4 7149/1/1 7151/4/5
f 7151/4/5 7149/1/1 7152/5/6
f 7152/5/6 7149/1/1 7153/3/7
f 7153/3/7 7149/1/1 7154/2/8
f 7162/3/9 7163/1/10 7164/2/11
f 7156/6/12 7153/7/7 7158/7/13
f 7153/7/7 7156/6/12 7155/6/14
f 7161/8/15 7152/6/6 7157/6/22
f 7148/9/2 7162/6/9 7164/9/11
f 7153/10/7 7160/11/17 7158/10/13
f 7151/12/5 7162/13/9 7150/13/4
f 7155/5/14 7152/5/6 7153/3/7
f 7157/5/22 7155/5/14 7156/5/12
f 7155/5/14 7157/5/22 7152/5/6
f 7156/5/12 7158/3/13 7157/5/22
f 7159/1/18 7157/5/22 7158/3/13
f 7159/1/18 7158/3/13 7160/2/17
f 7159/1/18 7161/4/15 7157/5/22
f 7159/1/18 7162/3/9 7161/4/15
f 7163/1/10 7162/3/9 7159/1/18
f 7159/14/18 7147/14/3 7163/14/10
f 7147/14/3 7159/14/18 7149/14/1
f 7152/6/6 7161/8/15 7151/8/5
f 7147/14/3 7164/9/11 7163/14/10
f 7164/9/11 7147/14/3 7148/9/2
f 7162/6/9 7148/9/2 7150/6/4
f 7160/11/17 7149/15/1 7159/15/18
f 7149/15/1 7160/11/17 7154/11/8
f 7160/11/17 7153/10/7 7154/11/8
f 7162/13/9 7151/12/5 7161/12/15
f 7167/1/1 7166/2/2 7165/1/3
f 7166/2/2 7167/1/1 7168/3/4
f 7168/3/4 7167/1/1 7169/4/5
f 7169/4/5 7167/1/1 7170/5/6
f 7170/5/6 7167/1/1 7171/3/7
f 7171/3/7 7167/1/1 7172/2/8
f 7180/3/9 7181/1/10 7182/2/11
f 7174/6/12 7171/7/7 7176/7/13
f 7171/7/7 7174/6/12 7173/6/14
f 7179/8/15 7170/6/6 7175/6/22
f 7166/9/2 7180/6/9 7182/9/11
f 7171/10/7 7178/11/17 7176/10/13
f 7169/12/5 7180/13/9 7168/13/4
f 7173/5/14 7170/5/6 7171/3/7
f 7175/5/22 7173/5/14 7174/5/12
f 7173/5/14 7175/5/22 7170/5/6
f 7174/5/12 7176/3/13 7175/5/22
f 7177/1/18 7175/5/22 7176/3/13
f 7177/1/18 7176/3/13 7178/2/17
f 7177/1/18 7179/4/15 7175/5/22
f 7177/1/18 7180/3/9 7179/4/15
f 7181/1/10 7180/3/9 7177/1/18
f 7177/14/18 7165/14/3 7181/14/10
f 7165/14/3 7177/14/18 7167/14/1
f 7170/6/6 7179/8/15 7169/8/5
f 7165/14/3 7182/9/11 7181/14/10
f 7182/9/11 7165/14/3 7166/9/2
f 7180/6/9 7166/9/2 7168/6/4
f 7178/11/17 7167/15/1 7177/15/18
f 7167/15/1 7178/11/17 7172/11/8
f 7178/11/17 7171/10/7 7172/11/8
f 7180/13/9 7169/12/5 7179/12/15
f 7185/1/1 7184/2/2 7183/1/3
f 7184/2/2 7185/1/1 7186/3/4
f 7186/3/4 7185/1/1 7187/4/5
f 7187/4/5 7185/1/1 7188/5/6
f 7188/5/6 7185/1/1 7189/3/7
f 7189/3/7 7185/1/1 7190/2/8
f 7198/3/9 7199/1/10 7200/2/11
f 7192/6/12 7189/7/7 7194/7/13
f 7189/7/7 7192/6/12 7191/6/14
f 7197/8/15 7188/6/6 7193/6/22
f 7184/9/2 7198/6/9 7200/9/11
f 7189/10/7 7196/11/17 7194/10/13
f 7187/12/5 7198/13/9 7186/13/4
f 7191/5/14 7188/5/6 7189/3/7
f 7193/5/22 7191/5/14 7192/5/12
f 7191/5/14 7193/5/22 7188/5/6
f 7192/5/12 7194/3/13 7193/5/22
f 7195/1/18 7193/5/22 7194/3/13
f 7195/1/18 7194/3/13 7196/2/17
f 7195/1/18 7197/4/15 7193/5/22
f 7195/1/18 7198/3/9 7197/4/15
f 7199/1/10 7198/3/9 7195/1/18
f 7195/14/18 7183/14/3 7199/14/10
f 7183/14/3 7195/14/18 7185/14/1
f 7188/6/6 7197/8/15 7187/8/5
f 7183/14/3 7200/9/11 7199/14/10
f 7200/9/11 7183/14/3 7184/9/2
f 7198/6/9 7184/9/2 7186/6/4
f 7196/11/17 7185/15/1 7195/15/18
f 7185/15/1 7196/11/17 7190/11/8
f 7196/11/17 7189/10/7 7190/11/8
f 7198/13/9 7187/12/5 7197/12/15
f 7203/1/1 7202/2/2 7201/1/3
f 7202/2/2 7203/1/1 7204/3/4
f 7204/3/4 7203/1/1 7205/4/5
f 7205/4/5 7203/1/1 7206/5/6
f 7206/5/6 7203/1/1 7207/3/7
f 7207/3/7 7203/1/1 7208/2/8
f 7216/3/9 7217/1/10 7218/2/11
f 7210/6/12 7207/7/7 7212/7/13
f 7207/7/7 7210/6/12 7209/6/14
f 7215/8/15 7206/6/6 7211/6/22
f 7202/9/2 7216/6/9 7218/9/11
f 7207/10/7 7214/11/17 7212/10/13
f 7205/12/5 7216/13/9 7204/13/4
f 7209/5/14 7206/5/6 7207/3/7
f 7211/5/22 7209/5/14 7210/5/12
f 7209/5/14 7211/5/22 7206/5/6
f 7210/5/12 7212/3/13 7211/5/22
f 7213/1/18 7211/5/22 7212/3/13
f 7213/1/18 7212/3/13 7214/2/17
f 7213/1/18 7215/4/15 7211/5/22
f 7213/1/18 7216/3/9 7215/4/15
f 7217/1/10 7216/3/9 7213/1/18
f 7213/14/18 7201/14/3 7217/14/10
f 7201/14/3 7213/14/18 7203/14/1
f 7206/6/6 7215/8/15 7205/8/5
f 7201/14/3 7218/9/11 7217/14/10
f 7218/9/11 7201/14/3 7202/9/2
f 7216/6/9 7202/9/2 7204/6/4
f 7214/11/17 7203/15/1 7213/15/18
f 7203/15/1 7214/11/17 7208/11/8
f 7214/11/17 7207/10/7 7208/11/8
f 7216/13/9 7205/12/5 7215/12/15
f 7221/1/1 7220/2/2 7219/1/3
f 7220/2/2 7221/1/1 7222/3/4
f 7222/3/4 7221/1/1 7223/4/5
f 7223/4/5 7221/1/1 7224/5/6
f 7224/5/6 7221/1/1 7225/3/7
f 7225/3/7 7221/1/1 7226/2/8
f 7234/3/9 7235/1/10 7236/2/11
f 7228/6/12 7225/7/7 7230/7/13
f 7225/7/7 7228/6/12 7227/6/14
f 7233/8/15 7224/6/6 7229/6/22
f 7220/9/2 7234/6/9 7236/9/11
f 7225/10/7 7232/11/17 7230/10/13
f 7223/12/5 7234/13/9 7222/13/4
f 7227/5/14 7224/5/6 7225/3/7
f 7229/5/22 7227/5/14 7228/5/12
f 7227/5/14 7229/5/22 7224/5/6
f 7228/5/12 7230/3/13 7229/5/22
f 7231/1/18 7229/5/22 7230/3/13
f 7231/1/18 7230/3/13 7232/2/17
f 7231/1/18 7233/4/15 7229/5/22
f 7231/1/18 7234/3/9 7233/4/15
f 7235/1/10 7234/3/9 7231/1/18
f 7231/14/18 7219/14/3 7235/14/10
f 7219/14/3 7231/14/18 7221/14/1
f 7224/6/6 7233/8/15 7223/8/5
f 7219/14/3 7236/9/11 7235/14/10
f 7236/9/11 7219/14/3 7220/9/2
f 7234/6/9 7220/9/2 7222/6/4
f 7232/11/17 7221/15/1 7231/15/18
f 7221/15/1 7232/11/17 7226/11/8
f 7232/11/17 7225/10/7 7226/11/8
f 7234/13/9 7223/12/5 7233/12/15
f 7239/1/1 7238/2/2 7237/1/3
f 7238/2/2 7239/1/1 7240/3/4
f 7240/3/4 7239/1/1 7241/4/5
f 7241/4/5 7239/1/1 7242/5/6
f 7242/5/6 7239/1/1 7243/3/7
f 7243/3/7 7239/1/1 7244/2/8
f 7252/3/9 7253/1/10 7254/2/11
f 7246/6/12 7243/7/7 7248/7/13
f 7243/7/7 7246/6/12 7245/6/14
f 7251/8/15 7242/6/6 7247/6/22
f 7238/9/2 7252/6/9 7254/9/11
f 7243/10/7 7250/11/17 7248/10/13
f 7241/12/5 7252/13/9 7240/13/4
f 7245/5/14 7242/5/6 7243/3/7
f 7247/5/22 7245/5/14 7246/5/12
f 7245/5/14 7247/5/22 7242/5/6
f 7246/5/12 7248/3/13 7247/5/22
f 7249/1/18 7247/5/22 7248/3/13
f 7249/1/18 7248/3/13 7250/2/17
f 7249/1/18 7251/4/15 7247/5/22
f 7249/1/18 7252/3/9 7251/4/15
f 7253/1/10 7252/3/9 7249/1/18
f 7249/14/18 7237/14/3 7253/14/10
f 7237/14/3 7249/14/18 7239/14/1
f 7242/6/6 7251/8/15 7241/8/5
f 7237/14/3 7254/9/11 7253/14/10
f 7254/9/11 7237/14/3 7238/9/2
f 7252/6/9 7238/9/2 7240/6/4
f 7250/11/17 7239/15/1 7249/15/18
f 7239/15/1 7250/11/17 7244/11/8
f 7250/11/17 7243/10/7 7244/11/8
f 7252/13/9 7241/12/5 7251/12/15
f 7257/1/1 7256/2/2 7255/1/3
f 7256/2/2 7257/1/1 7258/3/19
f 7258/3/19 7257/1/1 7259/4/5
f 7259/4/5 7257/1/1 7260/5/6
f 7260/5/6 7257/1/1 7261/3/7
f 7261/3/7 7257/1/1 7262/2/8
f 7270/3/9 7271/1/10 7272/2/11
f 7264/6/12 7261/7/7 7266/7/13
f 7261/7/7 7264/6/12 7263/6/14
f 7269/8/15 7260/6/6 7265/6/22
f 7256/9/2 7270/6/9 7272/9/11
f 7261/10/7 7268/11/17 7266/10/13
f 7259/12/5 7270/13/9 7258/13/19
f 7263/5/14 7260/5/6 7261/3/7
f 7265/5/22 7263/5/14 7264/5/12
f 7263/5/14 7265/5/22 7260/5/6
f 7264/5/12 7266/3/13 7265/5/22
f 7267/1/18 7265/5/22 7266/3/13
f 7267/1/18 7266/3/13 7268/2/17
f 7267/1/18 7269/4/15 7265/5/22
f 7267/1/18 7270/3/9 7269/4/15
f 7271/1/10 7270/3/9 7267/1/18
f 7267/14/18 7255/14/3 7271/14/10
f 7255/14/3 7267/14/18 7257/14/1
f 7260/6/6 7269/8/15 7259/8/5
f 7255/14/3 7272/9/11 7271/14/10
f 7272/9/11 7255/14/3 7256/9/2
f 7270/6/9 7256/9/2 7258/6/19
f 7268/11/17 7257/15/1 7267/15/18
f 7257/15/1 7268/11/17 7262/11/8
f 7268/11/17 7261/10/7 7262/11/8
f 7270/13/9 7259/12/5 7269/12/15
f 7275/1/1 7274/2/2 7273/1/3
f 7274/2/2 7275/1/1 7276/3/4
f 7276/3/4 7275/1/1 7277/4/5
f 7277/4/5 7275/1/1 7278/5/6
f 7278/5/6 7275/1/1 7279/3/7
f 7279/3/7 7275/1/1 7280/2/8
f 7288/3/9 7289/1/10 7290/2/11
f 7282/6/12 7279/7/7 7284/7/13
f 7279/7/7 7282/6/12 7281/6/14
f 7287/8/15 7278/6/6 7283/6/22
f 7274/9/2 7288/6/9 7290/9/11
f 7279/10/7 7286/11/17 7284/10/13
f 7277/12/5 7288/13/9 7276/13/4
f 7281/5/14 7278/5/6 7279/3/7
f 7283/5/22 7281/5/14 7282/5/12
f 7281/5/14 7283/5/22 7278/5/6
f 7282/5/12 7284/3/13 7283/5/22
f 7285/1/18 7283/5/22 7284/3/13
f 7285/1/18 7284/3/13 7286/2/17
f 7285/1/18 7287/4/15 7283/5/22
f 7285/1/18 7288/3/9 7287/4/15
f 7289/1/10 7288/3/9 7285/1/18
f 7285/14/18 7273/14/3 7289/14/10
f 7273/14/3 7285/14/18 7275/14/1
f 7278/6/6 7287/8/15 7277/8/5
f 7273/14/3 7290/9/11 7289/14/10
f 7290/9/11 7273/14/3 7274/9/2
f 7288/6/9 7274/9/2 7276/6/4
f 7286/11/17 7275/15/1 7285/15/18
f 7275/15/1 7286/11/17 7280/11/8
f 7286/11/17 7279/10/7 7280/11/8
f 7288/13/9 7277/12/5 7287/12/15
f 7293/1/1 7292/2/2 7291/1/3
f 7292/2/2 7293/1/1 7294/3/4
f 7294/3/4 7293/1/1 7295/4/5
f 7295/4/5 7293/1/1 7296/5/6
f 7296/5/6 7293/1/1 7297/3/7
f 7297/3/7 7293/1/1 7298/2/8
f 7306/3/9 7307/1/10 7308/2/11
f 7300/6/12 7297/7/7 7302/7/13
f 7297/7/7 7300/6/12 7299/6/14
f 7305/8/15 7296/6/6 7301/6/22
f 7292/9/2 7306/6/9 7308/9/11
f 7297/10/7 7304/11/17 7302/10/13
f 7295/12/5 7306/13/9 7294/13/4
f 7299/5/14 7296/5/6 7297/3/7
f 7301/5/22 7299/5/14 7300/5/12
f 7299/5/14 7301/5/22 7296/5/6
f 7300/5/12 7302/3/13 7301/5/22
f 7303/1/18 7301/5/22 7302/3/13
f 7303/1/18 7302/3/13 7304/2/17
f 7303/1/18 7305/4/15 7301/5/22
f 7303/1/18 7306/3/9 7305/4/15
f 7307/1/10 7306/3/9 7303/1/18
f 7303/14/18 7291/14/3 7307/14/10
f 7291/14/3 7303/14/18 7293/14/1
f 7296/6/6 7305/8/15 7295/8/5
f 7291/14/3 7308/9/11 7307/14/10
f 7308/9/11 7291/14/3 7292/9/2
f 7306/6/9 7292/9/2 7294/6/4
f 7304/11/17 7293/15/1 7303/15/18
f 7293/15/1 7304/11/17 7298/11/8
f 7304/11/17 7297/10/7 7298/11/8
f 7306/13/9 7295/12/5 7305/12/15
f 7311/1/1 7310/2/2 7309/1/3
f 7310/2/2 7311/1/1 7312/3/4
f 7312/3/4 7311/1/1 7313/4/5
f 7313/4/5 7311/1/1 7314/5/6
f 7314/5/6 7311/1/1 7315/3/7
f 7315/3/7 7311/1/1 7316/2/8
f 7324/3/9 7325/1/10 7326/2/11
f 7318/6/12 7315/7/7 7320/7/13
f 7315/7/7 7318/6/12 7317/6/14
f 7323/8/15 7314/6/6 7319/6/22
f 7310/9/2 7324/6/9 7326/9/11
f 7315/10/7 7322/11/17 7320/10/13
f 7313/12/5 7324/13/9 7312/13/4
f 7317/5/14 7314/5/6 7315/3/7
f 7319/5/22 7317/5/14 7318/5/12
f 7317/5/14 7319/5/22 7314/5/6
f 7318/5/12 7320/3/13 7319/5/22
f 7321/1/18 7319/5/22 7320/3/13
f 7321/1/18 7320/3/13 7322/2/17
f 7321/1/18 7323/4/15 7319/5/22
f 7321/1/18 7324/3/9 7323/4/15
f 7325/1/10 7324/3/9 7321/1/18
f 7321/14/18 7309/14/3 7325/14/10
f 7309/14/3 7321/14/18 7311/14/1
f 7314/6/6 7323/8/15 7313/8/5
f 7309/14/3 7326/9/11 7325/14/10
f 7326/9/11 7309/14/3 7310/9/2
f 7324/6/9 7310/9/2 7312/6/4
f 7322/11/17 7311/15/1 7321/15/18
f 7311/15/1 7322/11/17 7316/11/8
f 7322/11/17 7315/10/7 7316/11/8
f 7324/13/9 7313/12/5 7323/12/15
f 7329/1/1 7328/2/2 7327/1/3
f 7328/2/2 7329/1/1 7330/3/19
f 7330/3/19 7329/1/1 7331/4/5
f 7331/4/5 7329/1/1 7332/5/6
f 7332/5/6 7329/1/1 7333/3/7
f 7333/3/7 7329/1/1 7334/2/8
f 7342/3/9 7343/1/10 7344/2/11
f 7336/6/12 7333/7/7 7338/7/13
f 7333/7/7 7336/6/12 7335/6/14
f 7341/8/15 7332/6/6 7337/6/22
f 7328/9/2 7342/6/9 7344/9/11
f 7333/10/7 7340/11/17 7338/10/13
f 7331/12/5 7342/13/9 7330/13/19
f 7335/5/14 7332/5/6 7333/3/7
f 7337/5/22 7335/5/14 7336/5/12
f 7335/5/14 7337/5/22 7332/5/6
f 7336/5/12 7338/3/13 7337/5/22
f 7339/1/18 7337/5/22 7338/3/13
f 7339/1/18 7338/3/13 7340/2/17
f 7339/1/18 7341/4/15 7337/5/22
f 7339/1/18 7342/3/9 7341/4/15
f 7343/1/10 7342/3/9 7339/1/18
f 7339/14/18 7327/14/3 7343/14/10
f 7327/14/3 7339/14/18 7329/14/1
f 7332/6/6 7341/8/15 7331/8/5
f 7327/14/3 7344/9/11 7343/14/10
f 7344/9/11 7327/14/3 7328/9/2
f 7342/6/9 7328/9/2 7330/6/19
f 7340/11/17 7329/15/1 7339/15/18
f 7329/15/1 7340/11/17 7334/11/8
f 7340/11/17 7333/10/7 7334/11/8
f 7342/13/9 7331/12/5 7341/12/15
f 7347/1/1 7346/2/2 7345/1/3
f 7346/2/2 7347/1/1 7348/3/4
f 7348/3/4 7347/1/1 7349/4/5
f 7349/4/5 7347/1/1 7350/5/6
f 7350/5/6 7347/1/1 7351/3/7
f 7351/3/7 7347/1/1 7352/2/8
f 7360/3/9 7361/1/10 7362/2/11
f 7354/6/12 7351/7/7 7356/7/20
f 7351/7/7 7354/6/12 7353/6/14
f 7359/8/15 7350/6/6 7355/6/16
f 7346/9/2 7360/6/9 7362/9/11
f 7351/10/7 7358/11/17 7356/10/20
f 7349/12/5 7360/13/9 7348/13/4
f 7353/5/14 7350/5/6 7351/3/7
f 7355/5/16 7353/5/14 7354/5/12
f 7353/5/14 7355/5/16 7350/5/6
f 7354/5/12 7356/3/20 7355/5/16
f 7357/1/18 7355/5/16 7356/3/20
f 7357/1/18 7356/3/20 7358/2/17
f 7357/1/18 7359/4/15 7355/5/16
f 7357/1/18 7360/3/9 7359/4/15
f 7361/1/10 7360/3/9 7357/1/18
f 7357/14/18 7345/14/3 7361/14/10
f 7345/14/3 7357/14/18 7347/14/1
f 7350/6/6 7359/8/15 7349/8/5
f 7345/14/3 7362/9/11 7361/14/10
f 7362/9/11 7345/14/3 7346/9/2
f 7360/6/9 7346/9/2 7348/6/4
f 7358/11/17 7347/15/1 7357/15/18
f 7347/15/1 7358/11/17 7352/11/8
f 7358/11/17 7351/10/7 7352/11/8
f 7360/13/9 7349/12/5 7359/12/15
f 7365/1/1 7364/2/2 7363/1/3
f 7364/2/2 7365/1/1 7366/3/4
f 7366/3/4 7365/1/1 7367/4/5
f 7367/4/5 7365/1/1 7368/5/6
f 7368/5/6 7365/1/1 7369/3/7
f 7369/3/7 7365/1/1 7370/2/8
f 7378/3/9 7379/1/10 7380/2/11
f 7372/6/12 7369/7/7 7374/7/13
f 7369/7/7 7372/6/12 7371/6/14
f 7377/8/15 7368/6/6 7373/6/22
f 7364/9/2 7378/6/9 7380/9/11
f 7369/10/7 7376/11/17 7374/10/13
f 7367/12/5 7378/13/9 7366/13/4
f 7371/5/14 7368/5/6 7369/3/7
f 7373/5/22 7371/5/14 7372/5/12
f 7371/5/14 7373/5/22 7368/5/6
f 7372/5/12 7374/3/13 7373/5/22
f 7375/1/18 7373/5/22 7374/3/13
f 7375/1/18 7374/3/13 7376/2/17
f 7375/1/18 7377/4/15 7373/5/22
f 7375/1/18 7378/3/9 7377/4/15
f 7379/1/10 7378/3/9 7375/1/18
f 7375/14/18 7363/14/3 7379/14/10
f 7363/14/3 7375/14/18 7365/14/1
f 7368/6/6 7377/8/15 7367/8/5
f 7363/14/3 7380/9/11 7379/14/10
f 7380/9/11 7363/14/3 7364/9/2
f 7378/6/9 7364/9/2 7366/6/4
f 7376/11/17 7365/15/1 7375/15/18
f 7365/15/1 7376/11/17 7370/11/8
f 7376/11/17 7369/10/7 7370/11/8
f 7378/13/9 7367/12/5 7377/12/15
f 7383/1/1 7382/2/2 7381/1/3
f 7382/2/2 7383/1/1 7384/3/4
f 7384/3/4 7383/1/1 7385/4/5
f 7385/4/5 7383/1/1 7386/5/6
f 7386/5/6 7383/1/1 7387/3/7
f 7387/3/7 7383/1/1 7388/2/8
f 7396/3/9 7397/1/10 7398/2/11
f 7390/6/12 7387/7/7 7392/7/13
f 7387/7/7 7390/6/12 7389/6/14
f 7395/8/15 7386/6/6 7391/6/22
f 7382/9/2 7396/6/9 7398/9/11
f 7387/10/7 7394/11/17 7392/10/13
f 7385/12/5 7396/13/9 7384/13/4
f 7389/5/14 7386/5/6 7387/3/7
f 7391/5/22 7389/5/14 7390/5/12
f 7389/5/14 7391/5/22 7386/5/6
f 7390/5/12 7392/3/13 7391/5/22
f 7393/1/18 7391/5/22 7392/3/13
f 7393/1/18 7392/3/13 7394/2/17
f 7393/1/18 7395/4/15 7391/5/22
f 7393/1/18 7396/3/9 7395/4/15
f 7397/1/10 7396/3/9 7393/1/18
f 7393/14/18 7381/14/3 7397/14/10
f 7381/14/3 7393/14/18 7383/14/1
f 7386/6/6 7395/8/15 7385/8/5
f 7381/14/3 7398/9/11 7397/14/10
f 7398/9/11 7381/14/3 7382/9/2
f 7396/6/9 7382/9/2 7384/6/4
f 7394/11/17 7383/15/1 7393/15/18
f 7383/15/1 7394/11/17 7388/11/8
f 7394/11/17 7387/10/7 7388/11/8
f 7396/13/9 7385/12/5 7395/12/15
f 7401/1/1 7400/2/2 7399/1/3
f 7400/2/2 7401/1/1 7402/3/4
f 7402/3/4 7401/1/1 7403/4/5
f 7403/4/5 7401/1/1 7404/5/6
f 7404/5/6 7401/1/1 7405/3/7
f 7405/3/7 7401/1/1 7406/2/8
f 7414/3/9 7415/1/10 7416/2/11
f 7408/6/12 7405/7/7 7410/7/13
f 7405/7/7 7408/6/12 7407/6/14
f 7413/8/15 7404/6/6 7409/6/22
f 7400/9/2 7414/6/9 7416/9/11
f 7405/10/7 7412/11/17 7410/10/13
f 7403/12/5 7414/13/9 7402/13/4
f 7407/5/14 7404/5/6 7405/3/7
f 7409/5/22 7407/5/14 7408/5/12
f 7407/5/14 7409/5/22 7404/5/6
f 7408/5/12 7410/3/13 7409/5/22
f 7411/1/18 7409/5/22 7410/3/13
f 7411/1/18 7410/3/13 7412/2/17
f 7411/1/18 7413/4/15 7409/5/22
f 7411/1/18 7414/3/9 7413/4/15
f 7415/1/10 7414/3/9 7411/1/18
f 7411/14/18 7399/14/3 7415/14/10
f 7399/14/3 7411/14/18 7401/14/1
f 7404/6/6 7413/8/15 7403/8/5
f 7399/14/3 7416/9/11 7415/14/10
f 7416/9/11 7399/14/3 7400/9/2
f 7414/6/9 7400/9/2 7402/6/4
f 7412/11/17 7401/15/1 7411/15/18
f 7401/15/1 7412/11/17 7406/11/8
f 7412/11/17 7405/10/7 7406/11/8
f 7414/13/9 7403/12/5 7413/12/15
f 7419/1/1 7418/2/2 7417/1/3
f 7418/2/2 7419/1/1 7420/3/19
f 7420/3/19 7419/1/1 7421/4/5
f 7421/4/5 7419/1/1 7422/5/6
f 7422/5/6 7419/1/1 7423/3/7
f 7423/3/7 7419/1/1 7424/2/8
f 7432/3/9 7433/1/10 7434/2/11
f 7426/6/12 7423/7/7 7428/7/13
f 7423/7/7 7426/6/12 7425/6/14
f 7431/8/15 7422/6/6 7427/6/22
f 7418/9/2 7432/6/9 7434/9/11
f 7423/10/7 7430/11/17 7428/10/13
f 7421/12/5 7432/13/9 7420/13/19
f 7425/5/14 7422/5/6 7423/3/7
f 7427/5/22 7425/5/14 7426/5/12
f 7425/5/14 7427/5/22 7422/5/6
f 7426/5/12 7428/3/13 7427/5/22
f 7429/1/18 7427/5/22 7428/3/13
f 7429/1/18 7428/3/13 7430/2/17
f 7429/1/18 7431/4/15 7427/5/22
f 7429/1/18 7432/3/9 7431/4/15
f 7433/1/10 7432/3/9 7429/1/18
f 7429/14/18 7417/14/3 7433/14/10
f 7417/14/3 7429/14/18 7419/14/1
f 7422/6/6 7431/8/15 7421/8/5
f 7417/14/3 7434/9/11 7433/14/10
f 7434/9/11 7417/14/3 7418/9/2
f 7432/6/9 7418/9/2 7420/6/19
f 7430/11/17 7419/15/1 7429/15/18
f 7419/15/1 7430/11/17 7424/11/8
f 7430/11/17 7423/10/7 7424/11/8
f 7432/13/9 7421/12/5 7431/12/15
f 7437/1/1 7436/2/2 7435/1/3
f 7436/2/2 7437/1/1 7438/3/4
f 7438/3/4 7437/1/1 7439/4/5
f 7439/4/5 7437/1/1 7440/5/6
f 7440/5/6 7437/1/1 7441/3/7
f 7441/3/7 7437/1/1 7442/2/8
f 7450/3/9 7451/1/10 7452/2/11
f 7444/6/12 7441/7/7 7446/7/13
f 7441/7/7 7444/6/12 7443/6/14
f 7449/8/15 7440/6/6 7445/6/22
f 7436/9/2 7450/6/9 7452/9/11
f 7441/10/7 7448/11/17 7446/10/13
f 7439/12/5 7450/13/9 7438/13/4
f 7443/5/14 7440/5/6 7441/3/7
f 7445/5/22 7443/5/14 7444/5/12
f 7443/5/14 7445/5/22 7440/5/6
f 7444/5/12 7446/3/13 7445/5/22
f 7447/1/18 7445/5/22 7446/3/13
f 7447/1/18 7446/3/13 7448/2/17
f 7447/1/18 7449/4/15 7445/5/22
f 7447/1/18 7450/3/9 7449/4/15
f 7451/1/10 7450/3/9 7447/1/18
f 7447/14/18 7435/14/3 7451/14/10
f 7435/14/3 7447/14/18 7437/14/1
f 7440/6/6 7449/8/15 7439/8/5
f 7435/14/3 7452/9/11 7451/14/10
f 7452/9/11 7435/14/3 7436/9/2
f 7450/6/9 7436/9/2 7438/6/4
f 7448/11/17 7437/15/1 7447/15/18
f 7437/15/1 7448/11/17 7442/11/8
f 7448/11/17 7441/10/7 7442/11/8
f 7450/13/9 7439/12/5 7449/12/15
f 7455/1/1 7454/2/2 7453/1/3
f 7454/2/2 7455/1/1 7456/3/4
f 7456/3/4 7455/1/1 7457/4/5
f 7457/4/5 7455/1/1 7458/5/6
f 7458/5/6 7455/1/1 7459/3/7
f 7459/3/7 7455/1/1 7460/2/8
f 7468/3/9 7469/1/10 7470/2/11
f 7462/6/12 7459/7/7 7464/7/13
f 7459/7/7 7462/6/12 7461/6/14
f 7467/8/15 7458/6/6 7463/6/22
f 7454/9/2 7468/6/9 7470/9/11
f 7459/10/7 7466/11/17 7464/10/13
f 7457/12/5 7468/13/9 7456/13/4
f 7461/5/14 7458/5/6 7459/3/7
f 7463/5/22 7461/5/14 7462/5/12
f 7461/5/14 7463/5/22 7458/5/6
f 7462/5/12 7464/3/13 7463/5/22
f 7465/1/18 7463/5/22 7464/3/13
f 7465/1/18 7464/3/13 7466/2/17
f 7465/1/18 7467/4/15 7463/5/22
f 7465/1/18 7468/3/9 7467/4/15
f 7469/1/10 7468/3/9 7465/1/18
f 7465/14/18 7453/14/3 7469/14/10
f 7453/14/3 7465/14/18 7455/14/1
f 7458/6/6 7467/8/15 7457/8/5
f 7453/14/3 7470/9/11 7469/14/10
f 7470/9/11 7453/14/3 7454/9/2
f 7468/6/9 7454/9/2 7456/6/4
f 7466/11/17 7455/15/1 7465/15/18
f 7455/15/1 7466/11/17 7460/11/8
f 7466/11/17 7459/10/7 7460/11/8
f 7468/13/9 7457/12/5 7467/12/15
f 7473/1/1 7472/2/2 7471/1/3
f 7472/2/2 7473/1/1 7474/3/4
f 7474/3/4 7473/1/1 7475/4/5
f 7475/4/5 7473/1/1 7476/5/6
f 7476/5/6 7473/1/1 7477/3/7
f 7477/3/7 7473/1/1 7478/2/8
f 7486/3/9 7487/1/10 7488/2/11
f 7480/6/12 7477/7/7 7482/7/13
f 7477/7/7 7480/6/12 7479/6/14
f 7485/8/15 7476/6/6 7481/6/22
f 7472/9/2 7486/6/9 7488/9/11
f 7477/10/7 7484/11/17 7482/10/13
f 7475/12/5 7486/13/9 7474/13/4
f 7479/5/14 7476/5/6 7477/3/7
f 7481/5/22 7479/5/14 7480/5/12
f 7479/5/14 7481/5/22 7476/5/6
f 7480/5/12 7482/3/13 7481/5/22
f 7483/1/18 7481/5/22 7482/3/13
f 7483/1/18 7482/3/13 7484/2/17
f 7483/1/18 7485/4/15 7481/5/22
f 7483/1/18 7486/3/9 7485/4/15
f 7487/1/10 7486/3/9 7483/1/18
f 7483/14/18 7471/14/3 7487/14/10
f 7471/14/3 7483/14/18 7473/14/1
f 7476/6/6 7485/8/15 7475/8/5
f 7471/14/3 7488/9/11 7487/14/10
f 7488/9/11 7471/14/3 7472/9/2
f 7486/6/9 7472/9/2 7474/6/4
f 7484/11/17 7473/15/1 7483/15/18
f 7473/15/1 7484/11/17 7478/11/8
f 7484/11/17 7477/10/7 7478/11/8
f 7486/13/9 7475/12/5 7485/12/15
f 7491/1/1 7490/2/2 7489/1/3
f 7490/2/2 7491/1/1 7492/3/4
f 7492/3/4 7491/1/1 7493/4/5
f 7493/4/5 7491/1/1 7494/5/6
f 7494/5/6 7491/1/1 7495/3/7
f 7495/3/7 7491/1/1 7496/2/8
f 7504/3/9 7505/1/10 7506/2/11
f 7498/6/12 7495/7/7 7500/7/13
f 7495/7/7 7498/6/12 7497/6/14
f 7503/8/15 7494/6/6 7499/6/22
f 7490/9/2 7504/6/9 7506/9/11
f 7495/10/7 7502/11/17 7500/10/13
f 7493/12/5 7504/13/9 7492/13/4
f 7497/5/14 7494/5/6 7495/3/7
f 7499/5/22 7497/5/14 7498/5/12
f 7497/5/14 7499/5/22 7494/5/6
f 7498/5/12 7500/3/13 7499/5/22
f 7501/1/18 7499/5/22 7500/3/13
f 7501/1/18 7500/3/13 7502/2/17
f 7501/1/18 7503/4/15 7499/5/22
f 7501/1/18 7504/3/9 7503/4/15
f 7505/1/10 7504/3/9 7501/1/18
f 7501/14/18 7489/14/3 7505/14/10
f 7489/14/3 7501/14/18 7491/14/1
f 7494/6/6 7503/8/15 7493/8/5
f 7489/14/3 7506/9/11 7505/14/10
f 7506/9/11 7489/14/3 7490/9/2
f 7504/6/9 7490/9/2 7492/6/4
f 7502/11/17 7491/15/1 7501/15/18
f 7491/15/1 7502/11/17 7496/11/8
f 7502/11/17 7495/10/7 7496/11/8
f 7504/13/9 7493/12/5 7503/12/15
f 7509/1/1 7508/2/2 7507/1/3
f 7508/2/2 7509/1/1 7510/3/19
f 7510/3/19 7509/1/1 7511/4/5
f 7511/4/5 7509/1/1 7512/5/6
f 7512/5/6 7509/1/1 7513/3/7
f 7513/3/7 7509/1/1 7514/2/8
f 7522/3/9 7523/1/10 7524/2/11
f 7516/6/12 7513/7/7 7518/7/13
f 7513/7/7 7516/6/12 7515/6/14
f 7521/8/15 7512/6/6 7517/6/22
f 7508/9/2 7522/6/9 7524/9/11
f 7513/10/7 7520/11/17 7518/10/13
f 7511/12/5 7522/13/9 7510/13/19
f 7515/5/14 7512/5/6 7513/3/7
f 7517/5/22 7515/5/14 7516/5/12
f 7515/5/14 7517/5/22 7512/5/6
f 7516/5/12 7518/3/13 7517/5/22
f 7519/1/18 7517/5/22 7518/3/13
f 7519/1/18 7518/3/13 7520/2/17
f 7519/1/18 7521/4/15 7517/5/22
f 7519/1/18 7522/3/9 7521/4/15
f 7523/1/10 7522/3/9 7519/1/18
f 7519/14/18 7507/14/3 7523/14/10
f 7507/14/3 7519/14/18 7509/14/1
f 7512/6/6 7521/8/15 7511/8/5
f 7507/14/3 7524/9/11 7523/14/10
f 7524/9/11 7507/14/3 7508/9/2
f 7522/6/9 7508/9/2 7510/6/19
f 7520/11/17 7509/15/1 7519/15/18
f 7509/15/1 7520/11/17 7514/11/8
f 7520/11/17 7513/10/7 7514/11/8
f 7522/13/9 7511/12/5 7521/12/15
f 7527/1/1 7526/2/2 7525/1/3
f 7526/2/2 7527/1/1 7528/3/4
f 7528/3/4 7527/1/1 7529/4/5
f 7529/4/5 7527/1/1 7530/5/6
f 7530/5/6 7527/1/1 7531/3/7
f 7531/3/7 7527/1/1 7532/2/8
f 7540/3/9 7541/1/10 7542/2/11
f 7534/6/12 7531/7/7 7536/7/13
f 7531/7/7 7534/6/12 7533/6/14
f 7539/8/15 7530/6/6 7535/6/22
f 7526/9/2 7540/6/9 7542/9/11
f 7531/10/7 7538/11/17 7536/10/13
f 7529/12/5 7540/13/9 7528/13/4
f 7533/5/14 7530/5/6 7531/3/7
f 7535/5/22 7533/5/14 7534/5/12
f 7533/5/14 7535/5/22 7530/5/6
f 7534/5/12 7536/3/13 7535/5/22
f 7537/1/18 7535/5/22 7536/3/13
f 7537/1/18 7536/3/13 7538/2/17
f 7537/1/18 7539/4/15 7535/5/22
f 7537/1/18 7540/3/9 7539/4/15
f 7541/1/10 7540/3/9 7537/1/18
f 7537/14/18 7525/14/3 7541/14/10
f 7525/14/3 7537/14/18 7527/14/1
f 7530/6/6 7539/8/15 7529/8/5
f 7525/14/3 7542/9/11 7541/14/10
f 7542/9/11 7525/14/3 7526/9/2
f 7540/6/9 7526/9/2 7528/6/4
f 7538/11/17 7527/15/1 7537/15/18
f 7527/15/1 7538/11/17 7532/11/8
f 7538/11/17 7531/10/7 7532/11/8
f 7540/13/9 7529/12/5 7539/12/15
f 7545/1/1 7544/2/2 7543/1/3
f 7544/2/2 7545/1/1 7546/3/4
f 7546/3/4 7545/1/1 7547/4/5
f 7547/4/5 7545/1/1 7548/5/6
f 7548/5/6 7545/1/1 7549/3/7
f 7549/3/7 7545/1/1 7550/2/8
f 7558/3/9 7559/1/10 7560/2/11
f 7552/6/12 7549/7/7 7554/7/13
f 7549/7/7 7552/6/12 7551/6/14
f 7557/8/15 7548/6/6 7553/6/22
f 7544/9/2 7558/6/9 7560/9/11
f 7549/10/7 7556/11/17 7554/10/13
f 7547/12/5 7558/13/9 7546/13/4
f 7551/5/14 7548/5/6 7549/3/7
f 7553/5/22 7551/5/14 7552/5/12
f 7551/5/14 7553/5/22 7548/5/6
f 7552/5/12 7554/3/13 7553/5/22
f 7555/1/18 7553/5/22 7554/3/13
f 7555/1/18 7554/3/13 7556/2/17
f 7555/1/18 7557/4/15 7553/5/22
f 7555/1/18 7558/3/9 7557/4/15
f 7559/1/10 7558/3/9 7555/1/18
f 7555/14/18 7543/14/3 7559/14/10
f 7543/14/3 7555/14/18 7545/14/1
f 7548/6/6 7557/8/15 7547/8/5
f 7543/14/3 7560/9/11 7559/14/10
f 7560/9/11 7543/14/3 7544/9/2
f 7558/6/9 7544/9/2 7546/6/4
f 7556/11/17 7545/15/1 7555/15/18
f 7545/15/1 7556/11/17 7550/11/8
f 7556/11/17 7549/10/7 7550/11/8
f 7558/13/9 7547/12/5 7557/12/15
