<?xml version="1.0" encoding="utf-8"?>
<COLLADA xmlns="http://www.collada.org/2005/11/COLLADASchema" version="1.4.1">
  <asset>
    <contributor>
      <author>Mixamo</author>
      <authoring_tool>COLLADA Mixamo exporter</authoring_tool>
      <comments/>
    </contributor>
    <created>2025-03-10T16:16:16Z</created>
    <modified>2025-03-10T16:16:16Z</modified>
    <revision/>
    <title/>
    <unit meter="0.010000"/>
    <up_axis>Y_UP</up_axis>
  </asset>
  <library_geometries>
    <geometry id="characterSmall-lib" name="characterSmallMesh">
      <mesh>
        <source id="characterSmall-lib-Position" name="position">
          <float_array id="characterSmall-lib-Position-array" count="2334"> 0.260855 1.525144 0.132032 0.112144 1.556235 -0.309168 0.112144 1.275454 -0.309168 0.122849 1.202880 0.311400 0.121738 1.516345 0.304658 0.254402 1.230138 0.132519 0.245370 1.253520 -0.130789 0.255470 1.538781 -0.130789 0.119677 1.679761 0.157388 0.119677 1.695405 -0.138482 0.119677 1.066840 -0.138482 0.119677 1.017341 0.183459 0.214930 1.096687 0.134812 0.205511 1.548941 -0.256577 0.205507 1.516843 0.228209 0.214930 1.639711 0.126925 0.214930 1.137227 -0.128458 0.111737 1.131326 -0.274453 0.205507 1.277116 -0.256577 0.122446 1.062824 0.296706 0.204036 1.218601 0.237959 0.214930 1.648084 -0.128458 0.111737 1.639692 -0.267422 0.122446 1.624002 0.264502 0.114430 1.406190 -0.324694 0.125138 1.369886 0.308597 0.259965 1.377647 0.128009 0.256003 1.387918 -0.135044 0.258030 1.237302 0.013343 0.262095 1.531210 0.010628 0.125735 1.692735 0.017351 0.125735 1.020702 0.022785 0.181782 1.148662 -0.243180 0.181782 1.077286 0.237757 0.181782 1.635962 -0.223273 0.190612 1.631151 0.208287 0.224965 1.105236 0.020428 0.204750 1.400531 -0.258239 0.210949 1.375704 0.233354 0.227042 1.647472 0.015671 0.261334 1.382408 0.007944 0.070368 1.007511 -0.067623 0.082118 0.991764 0.004799 0.069672 0.987714 0.075232 0.046761 0.987098 -0.052800 0.066490 0.974873 -0.000137 0.046761 0.970945 0.052260 0.099059 0.969990 -0.054142 0.116749 0.964134 0.003171 0.099059 0.954981 0.056595 0.129020 0.823059 -0.064740 0.152046 0.813826 0.019618 0.129020 0.809214 0.095371 0.127868 0.529692 -0.044385 0.161986 0.517405 0.035726 0.115209 0.512777 0.111000 0.118495 0.611738 0.114924 0.146083 0.615183 0.040346 0.123959 0.623693 -0.038099 0.117415 0.879217 0.077338 0.117415 0.893625 -0.073593 0.065208 0.458517 0.131922 0.008465 0.397123 0.010583 0.065208 0.458517 -0.077890 0.053618 1.558182 -0.314431 0.053618 1.271929 -0.321899 0.053618 1.195009 0.318838 0.053618 1.516383 0.317811 0.057230 1.690461 0.162164 0.057230 1.705322 -0.142703 0.057230 1.054683 -0.142703 0.057230 1.003971 0.187680 0.053424 1.123671 -0.282910 0.053424 1.057497 0.302410 0.053424 1.647445 -0.275879 0.053424 1.625512 0.275039 0.054713 1.408292 -0.330611 0.054713 1.367866 0.320538 0.060131 1.703923 0.017351 0.037894 1.014109 -0.094055 0.033604 0.985364 0.090815 0.022287 0.988718 -0.061896 0.022287 0.969458 0.063740 0.047347 0.971869 -0.063539 0.047347 0.953137 0.069391 0.061706 0.824208 -0.079126 0.061706 0.808404 0.112171 0.065748 0.535449 -0.072669 0.065748 0.510857 0.135869 0.059280 0.624595 -0.054720 0.059280 0.611213 0.131458 0.056146 0.877913 0.093781 0.056146 0.895123 -0.088108 0.044392 0.261505 -0.008332 0.111049 0.257037 0.066425 0.111049 0.283610 -0.073353 0.186905 0.295995 -0.001863 0.056127 0.207545 -0.028725 0.115145 0.192704 0.041635 0.115145 0.219197 -0.086594 0.191510 0.218893 -0.026596 0.066185 0.165260 -0.038825 0.123887 0.155730 0.020778 0.123887 0.172093 -0.092036 0.187992 0.174862 -0.037509 0.089237 0.385673 0.094743 0.177972 0.433925 0.010693 0.026185 0.359903 0.004947 0.093500 0.399222 -0.071456 0.026683 0.419871 -0.050606 0.130165 0.479447 0.095181 0.063523 0.272833 -0.051161 0.160332 0.275955 0.044715 0.074293 0.212671 -0.075601 0.164606 0.202727 0.018888 0.086123 0.166868 -0.077955 0.166986 0.162575 0.000776 0.040217 0.378167 -0.050092 0.146669 0.411486 0.067482 0.025835 0.409018 0.075688 0.131549 0.481021 -0.035935 0.062497 0.255448 0.040920 0.161278 0.293714 -0.049210 0.068166 0.194947 0.017690 0.165545 0.220406 -0.075821 0.082689 0.157700 0.003015 0.166598 0.176135 -0.080848 0.147756 0.420844 -0.050073 0.043879 0.369177 0.063170 0.216493 0.939246 -0.034901 0.220642 0.946368 0.007487 0.213531 0.934663 0.043134 0.206591 0.844670 -0.037825 0.209736 0.826246 0.018462 0.203857 0.835844 0.069007 0.210280 0.882753 0.056975 0.452889 0.901653 -0.003274 0.213120 0.891933 -0.040749 0.283960 0.932971 -0.026444 0.284139 0.935759 0.007704 0.281321 0.924446 0.039407 0.275138 0.844240 -0.032749 0.275526 0.826949 0.017420 0.272704 0.836372 0.053184 0.278423 0.878183 0.056374 0.393651 0.870870 0.055298 0.280956 0.886366 -0.041879 0.452383 0.897051 0.020736 0.450923 0.896051 0.043111 0.444379 0.842738 -0.007716 0.445048 0.829771 0.027622 0.442569 0.837574 0.051545 0.447577 0.865276 0.055697 0.540297 0.884354 -0.017690 0.449459 0.870653 -0.015040 0.388153 0.839605 0.051153 0.390290 0.843422 -0.016686 0.395872 0.877452 -0.023656 0.391465 0.829699 0.024006 0.400120 0.916738 0.016074 0.399264 0.915175 -0.011572 0.396948 0.908315 0.041844 0.153989 0.957107 0.005947 0.145033 0.947520 0.051785 0.149943 0.832284 -0.054249 0.152483 0.893621 -0.062124 0.144201 0.834243 0.079669 0.146927 0.880536 0.069307 0.165579 0.816047 0.019188 0.149946 0.955730 -0.051785 0.488756 0.889092 -0.021265 0.489045 0.886655 0.022036 0.472922 0.887058 0.059629 0.478888 0.840281 -0.029315 0.477804 0.831581 0.034338 0.459563 0.839319 0.074133 0.464913 0.862390 0.081742 0.676166 0.829908 -0.003962 0.487623 0.862884 -0.041780 0.547568 0.880559 0.024900 0.537730 0.879734 0.064600 0.529155 0.835787 -0.025565 0.538343 0.825094 0.037122 0.526786 0.831528 0.079563 0.533342 0.854366 0.086925 0.595960 0.814496 0.032669 0.535810 0.858797 -0.038563 0.683034 0.826318 0.030364 0.673200 0.826999 0.062356 0.660727 0.797277 -0.010309 0.668873 0.788603 0.040213 0.657990 0.794592 0.074414 0.666557 0.809769 0.080350 0.677410 0.808179 0.031729 0.669405 0.812560 -0.020782 0.586773 0.823656 -0.024079 0.590960 0.839578 0.077757 0.584400 0.820006 0.071091 0.605182 0.862025 0.021607 0.597915 0.865276 -0.016949 0.593424 0.843377 -0.035840 0.595344 0.861322 0.057546 0.478192 0.852134 0.111285 0.474199 0.828934 0.105182 0.517173 0.848674 0.105938 0.513180 0.825470 0.099835 0.499430 0.839304 0.137679 0.497027 0.815545 0.133074 0.526741 0.843799 0.109494 0.524334 0.820040 0.104889 0.540206 0.826040 0.167028 0.538518 0.809377 0.163800 0.559356 0.829193 0.147262 0.557671 0.812530 0.144037 0.158822 0.117951 -0.070779 0.105535 0.117228 -0.011362 0.169663 0.117483 -0.018990 0.102664 0.118799 -0.066779 0.167332 0.117430 -0.045636 0.100128 0.117012 -0.040076 0.131256 0.119099 -0.077114 0.149502 -0.000152 0.148129 0.200195 -0.000152 0.139470 0.119050 -0.000152 -0.088575 0.167420 -0.000152 -0.095086 0.110045 -0.000152 0.031764 0.175421 -0.000152 0.148927 0.214018 -0.000152 0.015306 0.147783 -0.000152 -0.099325 0.161590 -0.000152 0.024002 0.106893 -0.000152 0.093686 0.222501 -0.000152 0.074551 0.168933 -0.000152 0.089534 0.198229 -0.000152 -0.050302 0.093804 -0.000152 -0.035365 0.153468 -0.000152 -0.048442 0.120677 -0.000152 0.122583 0.218953 -0.000152 0.106239 0.172607 -0.000152 0.122297 0.185102 -0.000152 -0.082849 0.149049 -0.000152 -0.085115 0.098310 -0.000152 -0.070224 0.103661 -0.000152 0.000548 0.203184 -0.000152 -0.012842 0.157917 -0.000152 -0.008761 0.220779 -0.000152 0.044259 0.165264 -0.000152 0.056770 0.103497 -0.000152 0.063394 0.150293 0.038418 0.147433 0.209778 0.038418 0.138322 0.114916 0.038418 -0.094257 0.168420 0.036091 -0.094500 0.102752 0.038418 0.032380 0.180653 0.038418 0.147908 0.219003 0.038418 0.014754 0.148273 0.038418 -0.102326 0.104512 0.038418 0.098683 0.228954 0.038418 0.078194 0.198845 0.038418 -0.055409 0.088378 0.038418 -0.039616 0.120681 0.038418 0.129625 0.224285 0.038418 0.112251 0.182748 0.034597 -0.076665 0.094789 0.038418 -0.077392 0.096519 0.038418 -0.001046 0.207123 0.038418 -0.015138 0.226935 0.038418 0.045757 0.100527 0.038418 0.066250 0.151490 0.054975 0.144984 0.200187 0.054975 0.139736 0.115190 0.063272 -0.090283 0.162092 0.063953 -0.089560 0.111756 0.063272 0.036867 0.211550 0.063272 0.023246 0.139820 0.063432 -0.096397 0.113373 0.063272 0.092701 0.220444 0.063272 0.076255 0.193072 0.063272 -0.048423 0.095926 0.064193 -0.040749 0.124043 0.063272 0.121255 0.216569 0.063272 0.107881 0.177018 0.063014 -0.071258 0.102345 0.063949 -0.068630 0.105596 0.063272 0.012720 0.205477 0.063272 0.000453 0.218562 0.063272 0.046020 0.109828 0.063272 0.062447 0.155426 0.078822 0.130142 0.186513 0.078822 0.124450 0.114932 0.097447 -0.085754 0.155715 0.090861 -0.086613 0.135531 0.082567 0.034395 0.190411 0.087389 0.028535 0.135789 0.090492 -0.088324 0.124914 0.081917 0.081871 0.203302 0.087400 0.074981 0.180634 0.094850 -0.048028 0.097968 0.091819 -0.039266 0.134344 0.084560 0.110555 0.199130 0.085381 0.101938 0.169831 0.090032 -0.069847 0.103619 0.089944 -0.065885 0.127690 0.090157 0.010454 0.178866 0.097668 0.011032 0.199590 0.086704 0.049469 0.131519 0.083442 0.058439 0.198556 -0.000152 -0.031726 0.155692 -0.000152 -0.028600 0.097603 -0.000152 -0.017256 0.202997 0.038418 -0.035357 0.091009 0.038418 -0.020108 0.198875 0.063272 -0.024341 0.098219 0.063272 -0.011172 0.182699 0.097668 -0.022687 0.103489 0.097668 -0.012161 0.163442 0.109585 -0.069224 0.149129 0.106011 -0.085780 0.132656 0.109669 -0.084176 0.119936 0.111349 -0.078312 0.172010 0.103782 -0.018895 0.171724 0.110220 -0.046149 0.102543 0.107026 -0.065372 0.099481 0.108672 -0.039384 0.102987 0.103782 -0.010419 0.130697 0.104748 0.002761 0.162617 0.103782 0.003514 0.137915 0.116958 -0.000510 -0.261323 1.525144 0.132032 -0.112612 1.556235 -0.309168 -0.112612 1.275454 -0.309168 -0.123320 1.202880 0.311400 -0.122210 1.516345 0.304658 -0.254873 1.230138 0.132519 -0.245838 1.253520 -0.130789 -0.255938 1.538781 -0.130789 -0.120149 1.679761 0.157388 -0.120149 1.695405 -0.138482 -0.120149 1.066840 -0.138482 -0.120149 1.017341 0.183459 -0.215398 1.096687 0.134812 -0.205979 1.548941 -0.256577 -0.205979 1.516843 0.228209 -0.215398 1.639711 0.126925 -0.215398 1.137227 -0.128458 -0.112205 1.131326 -0.274453 -0.205979 1.277116 -0.256577 -0.122913 1.062824 0.296706 -0.204507 1.218601 0.237959 -0.215398 1.648084 -0.128458 -0.112205 1.639692 -0.267422 -0.122913 1.624002 0.264502 -0.114901 1.406190 -0.324694 -0.000236 1.558821 -0.317112 -0.000236 1.268685 -0.324580 -0.125609 1.369886 0.308597 -0.000236 1.192434 0.320545 -0.000236 1.516128 0.319127 -0.260433 1.377647 0.128009 -0.256470 1.387918 -0.135044 -0.258497 1.237302 0.013343 -0.262562 1.531210 0.010628 -0.000236 1.691678 0.163971 -0.000236 1.705048 -0.146585 -0.126206 1.692735 0.017351 -0.126206 1.020702 0.022785 -0.000236 1.050964 -0.146585 -0.000236 0.995886 0.191563 -0.182250 1.148662 -0.243180 -0.182250 1.077286 0.237757 -0.182250 1.635962 -0.223273 -0.191080 1.631151 0.208287 -0.225433 1.105236 0.020428 -0.000236 1.121884 -0.287215 -0.205218 1.400531 -0.258239 -0.000236 1.052839 0.305285 -0.211416 1.375704 0.233354 -0.227513 1.647472 0.015671 -0.000236 1.647388 -0.283660 -0.000236 1.627577 0.277917 -0.000236 1.408574 -0.335265 -0.000236 1.366007 0.320846 -0.261806 1.382408 0.007944 -0.000236 1.706661 0.017351 -0.000236 0.982238 0.104588 -0.000236 1.016322 -0.092542 -0.070840 1.007511 -0.067623 -0.082586 0.991764 0.004799 -0.070140 0.987714 0.075232 -0.000236 0.968089 0.074300 -0.000236 0.990213 -0.072456 -0.047229 0.987098 -0.052800 -0.066957 0.974873 -0.000137 -0.047229 0.970945 0.052260 -0.000236 0.951437 0.081164 -0.000236 0.973599 -0.074376 -0.099527 0.969990 -0.054142 -0.117217 0.964134 0.003171 -0.099527 0.954981 0.056595 -0.000236 0.807658 0.127629 -0.000236 0.825261 -0.092363 -0.129488 0.823059 -0.064740 -0.152517 0.813826 0.019618 -0.129488 0.809214 0.095371 -0.000236 0.510036 0.144653 -0.000236 0.539807 -0.078715 -0.128340 0.529692 -0.044385 -0.162457 0.517405 0.035726 -0.115681 0.512777 0.111000 -0.000236 0.610730 0.146669 -0.118966 0.611738 0.114924 -0.146555 0.615183 0.040346 -0.124427 0.623693 -0.038099 -0.000236 0.625424 -0.070018 -0.117886 0.879217 0.077338 -0.117886 0.893625 -0.073593 -0.000236 0.896500 -0.093903 -0.000236 0.876711 0.108912 -0.065680 0.458517 0.131922 -0.008932 0.397123 0.010583 -0.065680 0.458517 -0.077890 -0.000236 0.397123 0.010583 -0.054085 1.558182 -0.314431 -0.054085 1.271929 -0.321899 -0.054085 1.195009 0.318838 -0.054085 1.516383 0.317811 -0.057698 1.690461 0.162164 -0.057698 1.705322 -0.142703 -0.057698 1.054683 -0.142703 -0.057698 1.003971 0.187680 -0.053891 1.123671 -0.282910 -0.053891 1.057497 0.302410 -0.053891 1.647445 -0.275879 -0.053891 1.625512 0.275039 -0.055184 1.408292 -0.330611 -0.055184 1.367866 0.320538 -0.060599 1.703923 0.017351 -0.038365 1.014109 -0.094055 -0.034072 0.985364 0.090815 -0.022755 0.988718 -0.061896 -0.022755 0.969458 0.063740 -0.047818 0.971869 -0.063539 -0.047818 0.953137 0.069391 -0.062173 0.824208 -0.079126 -0.062173 0.808404 0.112171 -0.066216 0.535449 -0.072669 -0.066216 0.510857 0.135869 -0.059747 0.624595 -0.054720 -0.059747 0.611213 0.131458 -0.056614 0.877913 0.093781 -0.056614 0.895123 -0.088108 -0.000236 0.458517 0.131922 -0.000236 0.458517 -0.077890 -0.044864 0.261505 -0.008332 -0.111517 0.257037 0.066425 -0.111517 0.283610 -0.073353 -0.187372 0.295995 -0.001863 -0.056595 0.207545 -0.028725 -0.115612 0.192704 0.041635 -0.115612 0.219197 -0.086594 -0.191981 0.218893 -0.026596 -0.066653 0.165260 -0.038825 -0.124358 0.155730 0.020778 -0.124358 0.172093 -0.092036 -0.188460 0.174862 -0.037509 -0.089705 0.385673 0.094743 -0.178440 0.433925 0.010693 -0.026653 0.359903 0.004947 -0.093968 0.399222 -0.071456 -0.027151 0.419871 -0.050606 -0.130633 0.479447 0.095181 -0.000236 0.413786 -0.048085 -0.063991 0.272833 -0.051161 -0.160803 0.275955 0.044715 -0.074764 0.212671 -0.075601 -0.165073 0.202727 0.018888 -0.086590 0.166868 -0.077955 -0.167458 0.162575 0.000776 -0.040688 0.378167 -0.050092 -0.147136 0.411486 0.067482 -0.026307 0.409018 0.075688 -0.132021 0.481021 -0.035935 -0.000236 0.402926 0.071969 -0.062968 0.255448 0.040920 -0.161746 0.293714 -0.049210 -0.068634 0.194947 0.017690 -0.166013 0.220406 -0.075821 -0.083160 0.157700 0.003015 -0.167070 0.176135 -0.080848 -0.148224 0.420844 -0.050073 -0.044347 0.369177 0.063170 -0.216961 0.939246 -0.034901 -0.221113 0.946368 0.007487 -0.213999 0.934663 0.043134 -0.207059 0.844670 -0.037825 -0.210207 0.826246 0.018462 -0.204328 0.835844 0.069007 -0.210747 0.882753 0.056975 -0.453357 0.901653 -0.003274 -0.213592 0.891933 -0.040749 -0.284431 0.932971 -0.026444 -0.284606 0.935759 0.007704 -0.281792 0.924446 0.039407 -0.275605 0.844240 -0.032749 -0.275997 0.826949 0.017420 -0.273172 0.836372 0.053184 -0.278895 0.878183 0.056374 -0.394119 0.870870 0.055298 -0.281427 0.886366 -0.041879 -0.452855 0.897051 0.020736 -0.451395 0.896051 0.043111 -0.444847 0.842738 -0.007716 -0.445516 0.829771 0.027622 -0.443037 0.837574 0.051545 -0.448045 0.865276 0.055697 -0.540769 0.884354 -0.017690 -0.449927 0.870653 -0.015040 -0.388624 0.839605 0.051153 -0.390761 0.843422 -0.016686 -0.396344 0.877452 -0.023656 -0.391936 0.829699 0.024006 -0.400591 0.916738 0.016074 -0.399736 0.915175 -0.011572 -0.397420 0.908315 0.041844 -0.154456 0.957107 0.005947 -0.145505 0.947520 0.051785 -0.150414 0.832284 -0.054249 -0.152951 0.893621 -0.062124 -0.144668 0.834243 0.079669 -0.147399 0.880536 0.069307 -0.166047 0.816047 0.019188 -0.150414 0.955730 -0.051785 -0.489227 0.889092 -0.021265 -0.489513 0.886655 0.022036 -0.473389 0.887058 0.059629 -0.479356 0.840281 -0.029315 -0.478272 0.831581 0.034338 -0.460031 0.839319 0.074133 -0.465385 0.862390 0.081742 -0.676638 0.829908 -0.003962 -0.488090 0.862884 -0.041780 -0.548036 0.880559 0.024900 -0.538198 0.879734 0.064600 -0.529627 0.835787 -0.025565 -0.538814 0.825094 0.037122 -0.527254 0.831528 0.079563 -0.533814 0.854366 0.086925 -0.596428 0.814496 0.032669 -0.536278 0.858797 -0.038563 -0.683502 0.826318 0.030364 -0.673672 0.826999 0.062356 -0.661195 0.797277 -0.010309 -0.669340 0.788603 0.040213 -0.658461 0.794592 0.074414 -0.667028 0.809769 0.080350 -0.677877 0.808179 0.031729 -0.669873 0.812560 -0.020782 -0.587241 0.823656 -0.024079 -0.591428 0.839578 0.077757 -0.584872 0.820006 0.071091 -0.605654 0.862025 0.021607 -0.598383 0.865276 -0.016949 -0.593896 0.843377 -0.035840 -0.595812 0.861322 0.057546 -0.478660 0.852134 0.111285 -0.474667 0.828934 0.105182 -0.517645 0.848674 0.105938 -0.513652 0.825470 0.099835 -0.499902 0.839304 0.137679 -0.497494 0.815545 0.133074 -0.527208 0.843799 0.109494 -0.524801 0.820040 0.104889 -0.540674 0.826040 0.167028 -0.538989 0.809377 0.163800 -0.559828 0.829193 0.147266 -0.558139 0.812530 0.144037 -0.159290 0.117951 -0.070779 -0.106003 0.117228 -0.011362 -0.170131 0.117483 -0.018990 -0.103132 0.118799 -0.066779 -0.167800 0.117430 -0.045636 -0.100596 0.117012 -0.040076 -0.131728 0.119099 -0.077114 -0.149969 -0.000152 0.148129 -0.200663 -0.000152 0.139470 -0.119518 -0.000152 -0.088575 -0.167887 -0.000152 -0.095086 -0.110513 -0.000152 0.031764 -0.175892 -0.000152 0.148927 -0.214485 -0.000152 0.015306 -0.148251 -0.000152 -0.099325 -0.162058 -0.000152 0.024002 -0.107361 -0.000152 0.093686 -0.222969 -0.000152 0.074551 -0.169405 -0.000152 0.089534 -0.198697 -0.000152 -0.050302 -0.094272 -0.000152 -0.035365 -0.153935 -0.000152 -0.048442 -0.121145 -0.000152 0.122583 -0.219425 -0.000152 0.106239 -0.173078 -0.000152 0.122297 -0.185570 -0.000152 -0.082849 -0.149521 -0.000152 -0.085115 -0.098778 -0.000152 -0.070224 -0.104132 -0.000152 0.000548 -0.203651 -0.000152 -0.012842 -0.158385 -0.000152 -0.008761 -0.221246 -0.000152 0.044259 -0.165731 -0.000152 0.056770 -0.103965 -0.000152 0.063394 -0.150760 0.038418 0.147433 -0.210245 0.038418 0.138322 -0.115388 0.038418 -0.094257 -0.168888 0.036091 -0.094500 -0.103219 0.038418 0.032380 -0.181121 0.038418 0.147908 -0.219471 0.038418 0.014754 -0.148745 0.038418 -0.102326 -0.104980 0.038418 0.098683 -0.229422 0.038418 0.078194 -0.199316 0.038418 -0.055409 -0.088849 0.038418 -0.039616 -0.121149 0.038418 0.129625 -0.224756 0.038418 0.112251 -0.183216 0.034597 -0.076665 -0.095257 0.038418 -0.077392 -0.096991 0.038418 -0.001046 -0.207595 0.038418 -0.015138 -0.227403 0.038418 0.045757 -0.100999 0.038418 0.066250 -0.151962 0.054975 0.144984 -0.200655 0.054975 0.139736 -0.115658 0.063272 -0.090283 -0.162560 0.063953 -0.089560 -0.112224 0.063272 0.036867 -0.212021 0.063272 0.023246 -0.140288 0.063432 -0.096397 -0.113844 0.063272 0.092701 -0.220916 0.063272 0.076255 -0.193540 0.063272 -0.048423 -0.096394 0.064193 -0.040749 -0.124514 0.063272 0.121255 -0.217037 0.063272 0.107881 -0.177485 0.063014 -0.071258 -0.102813 0.063949 -0.068630 -0.106068 0.063272 0.012720 -0.205944 0.063272 0.000453 -0.219033 0.063272 0.046020 -0.110296 0.063272 0.062447 -0.155894 0.078822 0.130142 -0.186981 0.078822 0.124450 -0.115399 0.097447 -0.085754 -0.156187 0.090861 -0.086613 -0.135998 0.082567 0.034395 -0.190878 0.087389 0.028535 -0.136257 0.090492 -0.088324 -0.125381 0.081917 0.081871 -0.203769 0.087400 0.074981 -0.181102 0.094850 -0.048028 -0.098436 0.091819 -0.039266 -0.134812 0.084560 0.110555 -0.199598 0.085381 0.101938 -0.170298 0.090032 -0.069847 -0.104090 0.089944 -0.065885 -0.128161 0.090157 0.010454 -0.179333 0.097668 0.011032 -0.200058 0.086704 0.049469 -0.131987 0.083442 0.058439 -0.199024 -0.000152 -0.031726 -0.156160 -0.000152 -0.028600 -0.098071 -0.000152 -0.017256 -0.203465 0.038418 -0.035357 -0.091481 0.038418 -0.020108 -0.199343 0.063272 -0.024341 -0.098687 0.063272 -0.011172 -0.183170 0.097668 -0.022687 -0.103957 0.097668 -0.012161 -0.163910 0.109585 -0.069224 -0.149597 0.106011 -0.085780 -0.133124 0.109669 -0.084176 -0.120404 0.111349 -0.078312 -0.172481 0.103782 -0.018895 -0.172192 0.110220 -0.046149 -0.103010 0.107026 -0.065372 -0.099953 0.108672 -0.039384 -0.103455 0.103782 -0.010419 -0.131165 0.104748 0.002761 -0.163085 0.103782 0.003514 -0.138383 0.116958 -0.000510 -0.624218 0.810465 -0.017192 -0.621666 0.807301 0.072752 -0.644578 0.844172 0.025984 -0.632884 0.801548 0.036441 -0.629226 0.824675 0.079053 -0.637508 0.847594 -0.010454 -0.631884 0.827968 -0.028311 -0.634740 0.844160 0.059953 0.623750 0.810465 -0.017192 0.621195 0.807301 0.072752 0.644110 0.844172 0.025984 0.632417 0.801548 0.036441 0.628758 0.824675 0.079053 0.637041 0.847594 -0.010454 0.631416 0.827968 -0.028311 0.634272 0.844160 0.059953 0.567152 0.819793 0.034897 0.562151 0.846974 0.082343 0.569106 0.874813 -0.017317 0.564619 0.851085 -0.037201 0.566536 0.870528 0.061071 0.557964 0.829721 -0.024824 0.555595 0.825767 0.075327 0.576377 0.871292 0.023253 -0.567619 0.819793 0.034897 -0.562619 0.846974 0.082343 -0.569574 0.874813 -0.017317 -0.565087 0.851085 -0.037201 -0.567007 0.870528 0.061071 -0.558432 0.829721 -0.024824 -0.556063 0.825767 0.075327 -0.576845 0.871292 0.023253 0.335992 0.874441 0.056416 0.332562 0.843335 -0.025216 0.331782 0.827641 0.020835 0.341737 0.924655 -0.019428 0.339209 0.916863 0.041023 0.330234 0.837627 0.052568 0.338414 0.881921 -0.033342 0.339376 0.926997 0.011796 -0.336459 0.874441 0.056416 -0.333033 0.843335 -0.025216 -0.332250 0.827641 0.020835 -0.342205 0.924655 -0.019428 -0.339680 0.916863 0.041023 -0.330702 0.837627 0.052568 -0.338885 0.881921 -0.033342 -0.339844 0.926997 0.011796 0.123758 0.710478 0.105147 0.126488 0.723376 -0.051420 -0.000236 0.709196 0.137150 0.149064 0.714505 0.029980 -0.000236 0.725342 -0.081191 0.060493 0.709808 0.121814 0.060493 0.724399 -0.066923 -0.124225 0.710478 0.105147 -0.126959 0.723376 -0.051420 -0.149536 0.714505 0.029980 -0.060960 0.709808 0.121814 -0.060960 0.724399 -0.066923 -0.304319 0.843787 -0.028980 -0.304129 0.827295 0.019127 -0.313316 0.928815 -0.022938 -0.310734 0.920654 0.040217 -0.301935 0.837000 0.052876 -0.310156 0.884141 -0.037612 -0.312225 0.931378 0.009750 0.303852 0.843787 -0.028980 0.303661 0.827295 0.019127 0.312849 0.928815 -0.022938 0.310267 0.920654 0.040217 0.301467 0.837000 0.052876 0.309685 0.884141 -0.037612 0.311757 0.931378 0.009750 0.179280 0.941090 0.047461 0.182801 0.892777 -0.051435 0.174029 0.835045 0.074338 0.183220 0.947486 -0.043343 0.187315 0.951737 0.006719 0.178269 0.838475 -0.046035 0.178603 0.881643 0.063143 0.187657 0.821146 0.018823 -0.179752 0.941090 0.047461 -0.183269 0.892777 -0.051435 -0.174500 0.835045 0.074338 -0.183688 0.947486 -0.043343 -0.187783 0.951737 0.006719 -0.178736 0.838475 -0.046035 -0.179071 0.881643 0.063143 -0.188125 0.821146 0.018823</float_array>
          <technique_common>
            <accessor count="778" source="#characterSmall-lib-Position-array" stride="3">
              <param name="X" type="float"/>
              <param name="Y" type="float"/>
              <param name="Z" type="float"/>
            </accessor>
          </technique_common>
        </source>
        <source id="characterSmall-lib-Normal0" name="normal">
          <float_array id="characterSmall-lib-Normal0-array" count="2289"> 0.955975 0.157196 0.247793 0.999538 -0.021501 -0.021501 0.987816 0.155602 0.002800 0.728107 0.661407 0.180002 0.633894 0.580395 0.511195 0.771847 0.124808 0.623438 0.973617 -0.009200 0.228004 0.298307 0.666915 -0.682816 0.750905 0.214501 -0.624604 0.292696 0.267296 -0.918086 0.342589 -0.020099 -0.939270 0.089702 0.257806 -0.962024 0.000000 0.021899 -0.999760 0.000000 0.238298 -0.971192 0.000000 0.688005 -0.725706 0.141409 0.708746 -0.691145 0.356496 -0.138398 -0.923989 0.777693 -0.013700 -0.628495 0.760999 -0.108600 -0.639599 0.666732 -0.487524 -0.563727 0.315995 -0.587991 -0.744589 0.135200 -0.626999 -0.767199 0.000000 -0.167998 -0.985787 0.137196 -0.156695 -0.978071 0.099200 0.012000 -0.994995 0.416489 -0.053299 0.907577 0.779485 -0.469591 0.414592 0.814082 -0.090298 0.573687 0.433977 0.017599 0.900752 0.070503 -0.061003 0.995645 0.000000 0.001400 0.999999 0.000000 -0.060797 0.998150 0.104298 -0.572588 0.813182 0.425216 0.179407 0.887133 0.802388 0.015900 0.596591 0.339703 0.587705 0.734306 0.095198 0.640086 0.762383 0.000000 0.190401 0.981706 0.102202 0.194705 0.975523 0.084003 0.007800 0.996435 0.963568 -0.143995 0.225393 0.838851 -0.538569 -0.079195 0.989233 -0.139705 -0.043601 0.851245 -0.508127 0.131107 0.967241 -0.155307 -0.200809 0.977704 -0.028100 -0.208101 0.824037 -0.521224 -0.222010 0.963774 0.169795 -0.205694 0.607071 0.627170 -0.487977 0.733506 0.655305 -0.180401 0.753011 0.656710 0.041301 0.297188 0.953561 0.048998 0.279994 0.925379 0.255494 0.099698 0.949785 0.296595 0.000000 0.998764 0.049698 0.000000 0.951027 0.309109 0.293497 0.938591 -0.181398 0.000000 0.976504 -0.215501 0.090799 0.975085 -0.202397 0.107099 0.992888 0.051999 0.600891 -0.792988 -0.100498 0.389891 -0.910778 0.135897 0.632917 -0.766221 -0.111003 0.430088 -0.829378 -0.356590 0.000000 -0.854666 -0.519179 0.155806 -0.846235 -0.509521 0.439594 -0.879688 0.181398 0.400600 -0.525900 0.750300 0.000000 -0.954314 0.298804 0.174400 -0.943699 0.281100 0.447495 -0.800891 -0.397896 0.147506 -0.789831 -0.595323 0.569709 -0.086201 -0.817313 0.193603 -0.939013 0.284204 0.000000 -0.419115 0.907933 0.367587 -0.238192 0.898969 0.000000 -0.965368 0.260891 0.912544 0.407920 0.029401 0.268007 0.786920 -0.555814 0.000000 0.399596 0.916691 0.212390 0.498177 0.840661 0.644725 -0.062802 0.761830 0.295692 -0.268493 -0.916776 0.225193 0.720676 0.655678 0.199500 0.972900 0.116900 0.205796 0.419791 -0.883982 0.217099 -0.975897 -0.022200 0.218290 -0.609471 -0.762164 0.122900 -0.990804 -0.056600 0.257008 0.071902 -0.963731 0.210306 -0.109103 -0.971529 0.176404 0.114603 -0.977624 0.000000 0.306100 0.951999 0.240606 0.178204 0.954124 0.237685 0.295381 0.925341 0.176702 0.232903 0.956312 0.193806 -0.519617 0.832128 0.141395 0.218392 0.965563 0.260994 0.045299 0.964277 0.000000 -0.072199 0.997390 0.296592 -0.007400 0.954975 0.997732 0.022901 0.063302 0.731168 0.047098 -0.680570 0.723603 0.004400 -0.690203 0.654206 -0.003600 0.756307 0.985952 0.141593 0.088596 0.235889 0.103495 -0.966253 0.231998 0.025100 -0.972392 0.688983 -0.109997 -0.716382 0.225099 -0.120999 -0.966794 0.679424 0.042301 0.732526 0.999271 -0.032399 0.020199 0.000000 0.095602 0.995420 0.248909 0.090003 0.964336 0.176698 0.980287 0.088399 0.171487 0.670149 0.722145 0.151795 0.984168 0.091497 0.324613 0.004400 -0.945837 0.339184 -0.613471 -0.713167 0.044801 -0.317410 0.947230 0.691608 -0.126502 0.711109 0.721794 -0.073499 0.688194 0.724512 -0.060401 0.686611 0.725406 0.152101 -0.671306 0.000000 0.137795 -0.990461 0.000000 0.243500 -0.969901 0.244793 0.268093 0.931774 0.665438 -0.003800 0.746443 0.000000 -0.010600 -0.999944 0.000000 -0.115402 -0.993319 0.000000 0.081597 -0.996665 0.634197 0.071100 0.769896 0.000000 -0.090896 -0.995860 0.000000 -0.420985 -0.907068 0.000000 -0.737474 -0.675376 0.200298 -0.346297 0.916493 0.121897 -0.080498 -0.989273 0.000000 -0.923706 0.383102 -0.481977 -0.873959 -0.062397 -0.259514 -0.739741 0.620834 0.000000 -0.282702 -0.959208 0.000000 -0.825344 -0.564630 -0.267208 -0.547316 -0.793124 -0.984841 -0.166307 -0.049302 -0.747102 -0.381401 0.544401 -0.718650 -0.276019 0.638244 -0.950671 -0.309991 -0.011400 -0.694276 -0.372887 0.615578 0.652296 0.175799 -0.737295 0.997993 0.051400 0.037000 0.683076 0.178594 -0.708175 -0.684814 -0.191104 -0.703214 -0.011699 0.149093 -0.988754 -0.743266 -0.005900 -0.668970 0.604889 0.182197 -0.775186 0.987786 -0.144498 -0.058299 0.628587 -0.062999 -0.775184 0.999913 0.004600 -0.012400 -0.662190 0.008500 -0.749288 0.020400 -0.280602 0.959607 0.689007 -0.239303 0.684107 0.042001 -0.466510 0.883518 -0.748141 -0.223312 0.624834 0.079904 0.017601 0.996647 -0.056099 0.139799 -0.988590 -0.612693 -0.230398 -0.755992 0.699095 -0.253998 0.668395 -0.918902 -0.380201 -0.105200 -0.660910 -0.529408 0.531908 0.035901 -0.032301 -0.998833 0.988744 0.147307 -0.026201 -0.977550 -0.174091 -0.118694 -0.964516 -0.261904 0.033401 -0.039799 -0.088498 -0.995281 -0.749384 -0.233795 -0.619487 0.000600 -0.417815 0.908532 0.921782 0.041399 0.385492 0.961297 0.140500 -0.236999 0.000000 -0.516612 0.856220 0.049802 -0.643727 0.763633 0.097800 0.699001 0.708401 0.197394 0.017499 -0.980168 0.155298 0.759089 -0.632191 0.069601 0.046001 -0.996514 0.246292 0.673678 -0.696777 0.209601 0.683404 0.699304 0.327790 0.697078 -0.637680 0.178705 -0.500614 0.847024 0.226508 0.962436 0.149706 0.217204 0.878017 -0.426508 0.242811 0.763733 -0.598126 0.017001 -0.999844 0.004700 -0.102595 -0.746464 -0.657469 0.034798 -0.998853 -0.032898 0.020799 0.110397 0.993670 -0.225798 -0.738093 0.635794 -0.414714 0.247909 0.875530 0.175095 0.036599 -0.983871 0.112398 -0.666387 -0.737086 0.153096 0.979477 0.131097 0.046800 -0.651395 -0.757294 0.014400 0.133899 0.990890 0.015100 -0.999074 -0.040299 -0.096103 0.850928 0.516417 0.095597 0.854077 0.511286 -0.179692 0.115195 -0.976955 -0.007700 0.859192 -0.511595 -0.199602 0.102401 -0.974512 0.190506 0.979130 0.070802 -0.075197 -0.997164 -0.002900 0.144196 0.713478 0.685679 -0.000700 -0.622791 0.782388 0.276890 0.950367 0.141895 0.084199 0.707789 0.701389 0.148902 0.979413 0.136302 0.027900 -0.999588 -0.006800 0.026599 -0.636074 0.771169 0.021200 0.118898 0.992680 0.199197 0.769890 -0.606292 0.158399 0.036700 -0.986693 0.097803 -0.669418 -0.736420 0.755386 -0.654588 0.030099 0.537688 -0.164796 0.826882 0.288595 0.718887 -0.632388 0.205099 0.705296 0.678596 0.315409 0.015700 -0.948826 0.450800 -0.569800 -0.687100 0.527992 -0.219896 -0.820287 0.181907 0.978339 0.098804 0.209607 0.228408 0.950734 0.192094 -0.981071 0.024499 0.184109 0.872644 0.452323 0.220895 0.973280 0.062699 0.173597 -0.895782 0.409192 -0.682014 -0.628113 0.374608 0.312493 0.334492 0.889080 0.077502 0.105203 -0.991426 -0.287499 -0.709496 -0.643397 -0.574717 0.519615 0.632219 0.431991 0.807483 -0.401691 0.606798 -0.182599 -0.773598 0.207708 0.026201 -0.977840 0.408200 0.910899 0.060300 0.809202 0.478801 -0.340501 -0.329504 -0.943712 -0.028900 0.238201 -0.868802 -0.434101 0.441995 -0.896191 0.038500 0.053301 0.212904 0.975618 0.130999 -0.803295 0.580996 0.550995 -0.039100 0.833592 -0.091001 -0.816307 -0.570405 0.528074 0.804260 0.272587 0.237313 -0.854147 -0.462726 -0.151006 -0.988438 -0.013701 0.197007 0.899531 -0.389913 0.937824 -0.347109 -0.001100 0.748178 0.506585 0.428487 0.933244 0.355817 0.049502 0.336598 0.826894 0.450497 -0.287000 -0.744001 0.603401 -0.198402 -0.822910 -0.532406 0.071000 0.077000 -0.994500 -0.164504 -0.802222 -0.573915 -0.156502 -0.811012 -0.563708 0.310096 0.948589 0.063399 0.327804 0.841009 0.430405 0.365412 0.928930 0.059702 -0.184297 -0.982685 -0.019100 -0.165991 -0.778057 0.605867 -0.065497 -0.782362 0.619370 0.319596 0.835389 0.447194 0.134094 0.209091 0.968659 0.197992 0.160593 0.966959 -0.267905 -0.962917 -0.031901 0.352491 0.836778 -0.418989 0.288795 0.863685 -0.413093 0.145000 0.076100 -0.986501 -0.730428 -0.652925 0.200408 -0.417613 0.562317 0.713722 -0.517990 0.637987 0.569789 0.351200 -0.591500 -0.725800 0.026701 -0.722918 0.690417 -0.575714 -0.746319 0.334008 0.599390 0.685688 -0.412993 0.123297 0.369091 0.921178 0.778305 -0.621704 -0.087901 0.870914 0.471308 0.139202 -0.072399 0.208296 -0.975383 0.708928 0.162406 -0.686327 0.000000 -1.000000 0.000000 0.294592 -0.664283 -0.686982 0.635697 -0.611597 -0.470998 -0.333618 -0.724438 -0.603232 -0.636795 -0.699794 -0.323697 -0.583912 -0.811817 0.000500 -0.701461 -0.712560 -0.014499 0.665692 -0.739291 -0.101499 0.651497 -0.730597 0.204399 -0.568590 -0.707387 0.419892 -0.688507 -0.724708 0.027500 -0.641702 -0.747002 0.173800 0.705312 -0.682512 -0.191603 0.631000 -0.771500 -0.081400 -0.253293 -0.644782 0.721179 0.113998 -0.664786 0.738285 0.445787 -0.680381 0.581684 0.619871 -0.760065 -0.195091 0.646886 -0.735485 -0.201496 -0.607701 -0.777902 0.159900 0.665060 -0.746655 0.014199 -0.682277 -0.706377 0.188494 0.152996 0.125097 0.980277 0.567406 0.143101 -0.810908 -0.968993 0.022100 0.246098 0.949997 0.101800 -0.295199 0.983634 0.089103 -0.156605 0.977986 0.082199 -0.191797 -0.949178 0.130097 0.286593 0.798938 0.167808 -0.577528 -0.980023 0.048801 0.192805 -0.996418 0.081601 -0.022200 -0.994782 0.081999 0.060699 -0.876919 0.366708 0.310707 -0.851470 0.524282 -0.011300 -0.989637 0.140005 0.031901 -0.700917 0.448711 0.554413 -0.736180 0.105697 0.668482 0.807791 0.504794 0.304396 0.677804 0.076000 0.731304 0.942796 0.076400 0.324499 0.826453 0.510033 -0.238415 0.771084 0.274994 -0.574288 0.897272 0.119896 -0.424887 0.074002 0.068102 -0.994930 0.552983 0.254492 -0.793375 -0.228508 0.372813 0.899330 -0.276313 0.092104 0.956644 -0.872278 0.069898 -0.483988 -0.535821 0.195308 -0.821432 -0.449195 -0.016000 -0.893290 -0.859368 0.470882 0.199392 -0.982484 0.172497 -0.070499 0.996006 0.081400 0.036700 0.873219 0.439710 -0.210105 0.957634 0.065202 -0.280510 0.920303 0.324701 -0.218201 -0.013000 0.231204 -0.972818 0.886477 0.461588 0.033099 -0.909792 0.221698 -0.350897 -0.962965 0.171694 0.207892 -0.996450 0.083204 -0.012801 0.408307 0.879016 0.246204 0.797462 0.259587 -0.544674 0.427610 0.903921 -0.008800 0.757697 0.652598 0.003300 -0.033099 0.202293 -0.978766 0.866399 0.470100 -0.168400 0.451294 0.891689 0.035000 -0.933548 0.021301 -0.357818 -0.828454 0.553569 0.084995 -0.404185 0.671675 0.620877 -0.378688 0.923971 -0.053598 -0.408115 0.864732 0.292711 0.266501 0.777003 0.570302 0.446693 0.439693 0.779188 0.417919 0.901541 -0.112105 0.862660 0.406181 -0.301386 0.870592 0.321197 -0.372696 0.476007 0.247104 -0.844012 -0.107998 0.754385 0.647487 -0.516781 0.855269 0.038099 -0.520202 0.250101 -0.816603 -0.906910 0.036900 -0.419705 -0.393099 0.499799 -0.771799 0.795100 0.357100 -0.490200 0.299106 0.397208 -0.867618 -0.876556 0.088596 0.473076 -0.239903 0.390005 0.889012 -0.799137 -0.031401 0.600328 0.837014 0.519609 -0.171503 -0.098004 0.448218 -0.888536 0.765414 0.617412 0.181503 0.198301 0.752604 0.627904 -0.345807 0.922518 0.171403 0.391505 0.876412 0.280404 -0.995882 0.085798 0.029299 -0.037500 -0.667007 -0.744107 -0.955975 0.157196 0.247793 -0.999538 -0.021501 -0.021501 -0.973617 -0.009200 0.228004 -0.728107 0.661407 0.180002 -0.987816 0.155602 0.002800 -0.633894 0.580395 0.511195 -0.771847 0.124808 0.623438 -0.750905 0.214501 -0.624604 -0.298307 0.666915 -0.682816 -0.292696 0.267296 -0.918086 -0.342589 -0.020099 -0.939270 -0.089702 0.257806 -0.962024 -0.099200 0.012000 -0.994995 -0.356496 -0.138398 -0.923989 -0.777693 -0.013700 -0.628495 -0.666732 -0.487524 -0.563727 -0.760999 -0.108600 -0.639599 -0.135200 -0.626999 -0.767199 -0.137196 -0.156695 -0.978071 -0.416489 -0.053299 0.907577 -0.779485 -0.469591 0.414592 -0.400600 -0.525900 0.750300 -0.433977 0.017599 0.900752 -0.814082 -0.090298 0.573687 -0.070503 -0.061003 0.995645 -0.084003 0.007800 0.996435 -0.104298 -0.572588 0.813182 -0.425216 0.179407 0.887133 -0.802388 0.015900 0.596591 -0.339703 0.587705 0.734306 -0.095198 0.640086 0.762383 -0.102202 0.194705 0.975523 -0.963568 -0.143995 0.225393 -0.838851 -0.538569 -0.079195 -0.851245 -0.508127 0.131107 -0.989233 -0.139705 -0.043601 -0.967241 -0.155307 -0.200809 -0.824037 -0.521224 -0.222010 -0.977706 -0.028000 -0.208101 -0.963774 0.169795 -0.205694 -0.607071 0.627170 -0.487977 -0.753011 0.656710 0.041301 -0.733506 0.655305 -0.180401 -0.297188 0.953561 0.048998 -0.279994 0.925379 0.255494 -0.099698 0.949785 0.296595 -0.107099 0.992888 0.051999 -0.293497 0.938591 -0.181398 -0.141409 0.708746 -0.691145 -0.090799 0.975085 -0.202397 -0.600891 -0.792988 -0.100498 -0.389891 -0.910778 0.135897 -0.439594 -0.879688 0.181398 -0.430088 -0.829378 -0.356590 -0.315995 -0.587991 -0.744589 -0.155806 -0.846235 -0.509521 -0.174400 -0.943699 0.281100 -0.447495 -0.800891 -0.397896 -0.569709 -0.086201 -0.817313 -0.632924 -0.766229 -0.110904 -0.193603 -0.939013 0.284204 -0.268007 0.786920 -0.555814 -0.912544 0.407920 0.029401 -0.367587 -0.238192 0.898969 -0.644725 -0.062802 0.761830 -0.147506 -0.789831 -0.595323 -0.225098 0.720692 0.655693 -0.205805 0.419911 -0.883923 -0.295692 -0.268493 -0.916776 -0.217099 -0.975897 -0.022200 -0.218290 -0.609471 -0.762164 -0.339208 -0.613515 -0.713118 -0.210306 -0.109103 -0.971529 -0.257008 0.071902 -0.963731 -0.176404 0.114603 -0.977624 -0.240606 0.178204 0.954124 -0.237707 0.295408 0.925327 -0.176702 0.232903 0.956312 -0.193806 -0.519617 0.832128 -0.178705 -0.500614 0.847024 -0.260994 0.045299 0.964277 0.000000 0.037500 0.999297 -0.731168 0.047098 -0.680570 -0.997732 0.022901 0.063302 -0.723603 0.004400 -0.690203 -0.654206 -0.003600 0.756307 -0.665438 -0.003800 0.746443 -0.235889 0.103495 -0.966253 -0.231998 0.025100 -0.972392 -0.688930 -0.110005 -0.716431 -0.225099 -0.120999 -0.966794 -0.679424 0.042301 0.732526 -0.999271 -0.032399 0.020199 -0.249003 0.090001 0.964312 -0.176698 0.980287 0.088399 -0.171498 0.670094 0.722193 -0.209601 0.683404 0.699304 -0.212390 0.498177 0.840661 -0.324613 0.004400 -0.945837 -0.691608 -0.126502 0.711109 -0.044801 -0.317410 0.947230 -0.721794 -0.073499 0.688194 -0.985952 0.141593 0.088596 -0.724512 -0.060401 0.686611 -0.725406 0.152101 -0.671306 -0.244793 0.268093 0.931774 -0.200298 -0.346297 0.916493 -0.296592 -0.007400 0.954975 -0.121898 -0.080398 -0.989281 0.481977 -0.873959 -0.062397 0.000000 -0.995841 -0.091104 0.267208 -0.547316 -0.793124 0.747102 -0.381401 0.544401 0.984841 -0.166307 -0.049302 0.718698 -0.275999 0.638198 0.950671 -0.309991 -0.011400 0.694276 -0.372887 0.615578 -0.652296 0.175799 -0.737295 -0.997993 0.051400 0.037000 -0.988746 0.147307 -0.026101 0.684814 -0.191104 -0.703214 0.011699 0.149093 -0.988754 -0.035901 -0.032301 -0.998833 -0.604889 0.182197 -0.775186 -0.987780 -0.144497 -0.058399 -0.999911 0.004600 -0.012500 -0.683076 0.178594 -0.708175 0.662190 0.008500 -0.749288 0.743266 -0.005900 -0.668970 -0.688908 -0.239303 0.684208 -0.020400 -0.280602 0.959607 -0.042003 -0.466431 0.883560 0.748185 -0.223295 0.624787 0.660910 -0.529408 0.531908 0.612693 -0.230398 -0.755992 0.056099 0.139799 -0.988590 -0.000600 -0.417815 0.908532 0.918902 -0.380201 -0.105200 0.977567 -0.173994 -0.118696 0.259498 -0.739695 0.620896 -0.699192 -0.253997 0.668293 0.964465 -0.262091 0.033399 0.749340 -0.233812 -0.619533 0.039799 -0.088498 -0.995281 -0.921782 0.041399 0.385492 -0.049802 -0.643727 0.763633 -0.122802 -0.990816 -0.056601 -0.097800 0.699001 0.708401 -0.141395 0.218392 0.965563 -0.197394 0.017499 -0.980168 -0.155298 0.759089 -0.632191 -0.246292 0.673678 -0.696777 -0.151795 0.984168 0.091497 -0.327790 0.697078 -0.637680 -0.217195 0.877979 -0.426590 -0.226508 0.962436 0.149706 -0.242811 0.763733 -0.598126 -0.017001 -0.999844 0.004700 0.102595 -0.746464 -0.657469 -0.112398 -0.666387 -0.737086 -0.020799 0.110397 0.993670 0.225798 -0.738093 0.635794 0.000700 -0.622791 0.782388 -0.175095 0.036599 -0.983871 -0.046800 -0.651395 -0.757294 0.096103 0.850928 0.516417 0.414714 0.247909 0.875530 -0.095597 0.854077 0.511286 0.179692 0.115195 -0.976955 0.007700 0.859192 -0.511595 -0.190506 0.979130 0.070802 -0.276890 0.950367 0.141895 0.075197 -0.997164 -0.002900 -0.034798 -0.998853 -0.032898 -0.144196 0.713478 0.685679 -0.084199 0.707789 0.701389 -0.148902 0.979413 0.136302 -0.027900 -0.999588 -0.006800 -0.026599 -0.636074 0.771169 -0.021200 0.118898 0.992680 -0.199197 0.769890 -0.606292 -0.158398 0.036800 -0.986689 -0.097803 -0.669418 -0.736420 -0.537688 -0.164796 0.826882 -0.755436 -0.654531 0.030101 -0.634197 0.071100 0.769896 -0.288595 0.718887 -0.632388 -0.199500 0.972900 0.116900 -0.205099 0.705296 0.678596 -0.450695 -0.569893 -0.687092 -0.527980 -0.219992 -0.820269 -0.184093 0.872668 0.452283 -0.173604 -0.895819 0.409109 0.682031 -0.628029 0.374717 -0.312583 0.334482 0.889052 0.574687 0.519688 0.632186 -0.077502 0.105203 -0.991426 0.199698 0.102399 -0.974492 0.287499 -0.709496 -0.643397 -0.606798 -0.182599 -0.773598 -0.431991 0.807483 -0.401691 -0.207708 0.026201 -0.977840 -0.809241 0.478724 -0.340517 -0.408200 0.910899 0.060300 0.329504 -0.943712 -0.028900 -0.238201 -0.868802 -0.434101 0.198402 -0.822910 -0.532406 -0.053301 0.212904 0.975618 -0.130999 -0.803295 0.580996 0.287000 -0.744001 0.603401 0.090996 -0.816260 -0.570472 -0.528116 0.804225 0.272608 -0.197007 0.899531 -0.389913 -0.441995 -0.896191 0.038500 -0.550995 -0.039100 0.833592 -0.937824 -0.347109 -0.001100 -0.933244 0.355817 0.049502 -0.748216 0.506511 0.428509 -0.336583 0.826857 0.450577 0.164504 -0.802222 -0.573915 -0.071000 0.077000 -0.994500 0.156502 -0.811012 -0.563708 -0.310096 0.948589 0.063399 -0.327804 0.841009 0.430405 -0.319596 0.835389 0.447194 0.165991 -0.778057 0.605867 0.184297 -0.982685 -0.019100 0.065497 -0.782362 0.619370 -0.134097 0.208995 0.968679 -0.197992 0.160593 0.966959 -0.352491 0.836778 -0.418989 -0.288795 0.863685 -0.413093 0.417613 0.562317 0.713722 0.730475 -0.652878 0.200393 0.518096 0.637895 0.569795 -0.237397 -0.854087 -0.462793 -0.026801 -0.722916 0.690416 -0.351200 -0.591500 -0.725800 0.575805 -0.746206 0.334103 -0.599479 0.685676 -0.412885 -0.123203 0.369009 0.921224 -0.778217 -0.621813 -0.087902 -0.870943 0.471223 0.139307 0.072299 0.208298 -0.975390 -0.628587 -0.062999 -0.775184 -0.961297 0.140500 -0.236999 -0.079904 0.017601 0.996647 -0.294592 -0.664283 -0.686982 0.037500 -0.667007 -0.744107 0.333618 -0.724438 -0.603232 0.636795 -0.699794 -0.323697 0.583978 -0.811769 0.000400 0.701512 -0.712512 -0.014400 -0.665692 -0.739291 -0.101499 -0.651497 -0.730597 0.204399 0.568590 -0.707387 0.419892 0.682338 -0.706340 0.188411 0.688507 -0.724708 0.027500 0.641691 -0.746989 0.173897 -0.705312 -0.682512 -0.191603 0.253293 -0.644782 0.721179 -0.445707 -0.680411 0.581709 -0.113998 -0.664786 0.738285 -0.635697 -0.611597 -0.470998 -0.619810 -0.760112 -0.195103 0.607638 -0.777949 0.159910 -0.665005 -0.746706 0.014100 -0.152996 0.125097 0.980277 -0.677804 0.076000 0.731304 -0.567406 0.143101 -0.810908 0.968995 0.022000 0.246099 -0.950025 0.101803 -0.295108 -0.646899 -0.735499 -0.201400 -0.983634 0.089103 -0.156605 -0.977986 0.082199 -0.191797 -0.897272 0.119896 -0.424887 0.949178 0.130097 0.286593 0.736180 0.105697 0.668482 -0.798892 0.167798 -0.577594 0.980023 0.048801 0.192805 0.996426 0.081502 -0.022201 0.994774 0.082098 0.060698 0.876919 0.366708 0.310707 0.828454 0.553569 0.084995 0.851516 0.524210 -0.011200 0.989634 0.140005 0.032001 0.700917 0.448711 0.554413 -0.807715 0.504909 0.304406 -0.942789 0.076499 0.324496 -0.826433 0.510021 -0.238510 -0.771084 0.274994 -0.574288 -0.074102 0.068102 -0.994923 -0.552997 0.254398 -0.793395 0.013100 0.231204 -0.972817 0.228508 0.372813 0.899330 0.276094 0.092398 0.956679 0.872278 0.069898 -0.483988 0.535821 0.195308 -0.821432 0.909804 0.221801 -0.350801 0.859368 0.470882 0.199392 0.982477 0.172496 -0.070598 0.962982 0.171597 0.207896 -0.996014 0.081301 0.036701 -0.886477 0.461588 0.033099 -0.873181 0.439790 -0.210095 -0.957607 0.065200 -0.280602 -0.920303 0.324701 -0.218201 0.449115 -0.016001 -0.893331 -0.866399 0.470100 -0.168400 0.996441 0.083303 -0.012901 0.876556 0.088596 0.473076 -0.408307 0.879016 0.246204 -0.451294 0.891689 0.035000 -0.797526 0.259508 -0.544618 -0.476007 0.247104 -0.844012 -0.427489 0.903978 -0.008800 -0.391505 0.876412 0.280404 -0.757747 0.652540 0.003300 0.033098 0.202389 -0.978746 0.520202 0.250101 -0.816603 -0.417881 0.901560 -0.112095 0.933515 0.021300 -0.357906 0.404185 0.671675 0.620877 0.345807 0.922518 0.171403 0.378688 0.923971 -0.053598 0.408103 0.864707 0.292802 -0.266501 0.777003 0.570302 -0.862660 0.406181 -0.301386 0.108097 0.754377 0.647480 0.516781 0.855269 0.038099 0.906952 0.036802 -0.419624 -0.795100 0.357100 -0.490200 -0.299094 0.397292 -0.867584 0.239997 0.389996 0.888991 0.098004 0.448218 -0.888536 -0.837014 0.519609 -0.171503 -0.198301 0.752604 0.627904 -0.446693 0.439693 0.779188 -0.765367 0.617474 0.181492 0.995887 0.085699 0.029400 -0.870624 0.321209 -0.372610 -0.631000 -0.771500 -0.081400 -0.708928 0.162406 -0.686327 0.393080 0.499874 -0.771760 -0.145000 0.076100 -0.986501 -0.365412 0.928930 0.059702 0.267905 -0.962917 -0.031901 -0.220895 0.973280 0.062699 0.151104 -0.988423 -0.013700 0.142707 0.980251 0.136907 0.187009 0.769837 -0.610229 0.016701 -0.999636 -0.021201 0.013799 -0.638667 0.769360 0.148900 0.038600 -0.988099 0.086905 -0.669137 -0.738040 0.074902 0.706619 0.703619 -0.142707 0.980251 0.136907 -0.187105 0.769822 -0.610218 -0.016701 -0.999636 -0.021201 -0.086899 -0.669192 -0.737991 -0.013799 -0.638667 0.769360 -0.148900 0.038600 -0.988099 -0.074902 0.706619 0.703619 0.000000 0.176095 0.984373 -0.153096 0.979477 0.131097 -0.015100 -0.999074 -0.040299 -0.014400 0.133899 0.990890 -0.069601 0.046001 -0.996514 -0.192191 -0.981052 0.024499 -0.181907 0.978339 0.098804 -0.209607 0.228408 0.950734 -0.315409 0.015700 -0.948826 0.000000 -0.621225 -0.783632 0.000000 -0.580595 0.814193 0.000000 0.648078 0.761574 0.799173 -0.031399 0.600280</float_array>
          <technique_common>
            <accessor count="763" source="#characterSmall-lib-Normal0-array" stride="3">
              <param name="X" type="float"/>
              <param name="Y" type="float"/>
              <param name="Z" type="float"/>
            </accessor>
          </technique_common>
        </source>
        <source id="characterSmall-lib-UV0" name="map1">
          <float_array id="characterSmall-lib-UV0-array" count="1994"> 0.424189 0.840543 0.461125 0.792446 0.464336 0.838546 0.416717 0.891313 0.381879 0.875987 0.388363 0.839070 0.422632 0.794167 0.566789 0.877794 0.547299 0.836224 0.578397 0.842760 0.581898 0.795908 0.597619 0.848015 0.620819 0.793294 0.616772 0.853315 0.600537 0.899719 0.583095 0.888653 0.579292 0.753821 0.549020 0.792867 0.546067 0.756194 0.544645 0.723253 0.574039 0.710092 0.595691 0.703076 0.619721 0.748357 0.597837 0.751342 0.601547 0.796005 0.348695 0.746560 0.370282 0.707710 0.379394 0.748660 0.352067 0.794337 0.329024 0.744340 0.314521 0.794038 0.314430 0.744770 0.328721 0.702267 0.354042 0.840060 0.386191 0.794961 0.357348 0.881251 0.333591 0.885364 0.314618 0.841490 0.331745 0.841868 0.330568 0.794359 0.413924 0.746695 0.448209 0.693178 0.456179 0.745664 0.398831 0.701742 0.504429 0.747971 0.506491 0.792522 0.508008 0.704406 0.507486 0.836775 0.542416 0.864527 0.513779 0.871163 0.468510 0.881365 0.479157 0.922805 0.419565 0.937381 0.424599 0.965218 0.496721 0.973106 0.429012 0.990871 0.314511 0.941935 0.345272 0.936565 0.375354 0.923035 0.533244 0.902573 0.561199 0.940729 0.546777 0.922084 0.487495 0.948280 0.435746 0.653777 0.381262 0.577779 0.445485 0.577770 0.535591 0.655029 0.607121 0.620608 0.561972 0.632999 0.361914 0.644380 0.346644 0.709066 0.313881 0.639752 0.338499 0.642475 0.499833 0.577771 0.555856 0.577771 0.499825 0.533686 0.346813 0.577779 0.313472 0.533689 0.342897 0.533687 0.314240 0.577779 0.334052 0.271301 0.357396 0.300091 0.329014 0.286781 0.322390 0.251659 0.313386 0.238894 0.334027 0.242630 0.379403 0.533687 0.444533 0.533687 0.556533 0.533686 0.357750 0.248681 0.359286 0.273939 0.332089 0.303960 0.321848 0.288750 0.433662 0.354178 0.449266 0.326720 0.449485 0.354250 0.366558 0.325732 0.343994 0.358074 0.338463 0.328531 0.313384 0.207136 0.344557 0.178094 0.341915 0.209838 0.418808 0.228852 0.449323 0.220507 0.449271 0.239104 0.343530 0.090906 0.314626 0.017308 0.347540 0.017308 0.414719 0.446112 0.377733 0.512503 0.375206 0.446113 0.414715 0.091274 0.383767 0.017308 0.419431 0.017308 0.346142 0.512510 0.344101 0.446113 0.375666 0.404281 0.344048 0.404281 0.377258 0.128712 0.416572 0.128622 0.413916 0.404274 0.314033 0.128516 0.344355 0.128615 0.412771 0.274270 0.449197 0.256444 0.449187 0.274815 0.415545 0.317015 0.418053 0.335450 0.764886 0.156253 0.785226 0.107684 0.785902 0.156261 0.799007 0.216144 0.788083 0.231730 0.787603 0.209281 0.806236 0.216144 0.817640 0.209281 0.817160 0.231730 0.313740 0.329149 0.313373 0.306234 0.372191 0.215842 0.374663 0.091035 0.315648 0.446113 0.314837 0.404281 0.314860 0.512509 0.379954 0.180533 0.314468 0.358172 0.313369 0.290182 0.603223 0.533686 0.601924 0.577769 0.331166 0.256618 0.745586 0.200221 0.747370 0.231809 0.859657 0.200221 0.857873 0.231809 0.709669 0.231837 0.709669 0.170960 0.711467 0.163309 0.721847 0.172340 0.895574 0.201072 0.895574 0.231837 0.893776 0.163309 0.895574 0.170960 0.883396 0.172340 0.727815 0.107591 0.746092 0.080597 0.745571 0.107637 0.721819 0.156184 0.741924 0.156224 0.819341 0.156261 0.806946 0.107689 0.820018 0.107684 0.863319 0.156224 0.840570 0.107660 0.859673 0.107637 0.820450 0.080597 0.806937 0.054180 0.822707 0.054203 0.806573 0.080594 0.859151 0.080597 0.764674 0.107660 0.784794 0.080597 0.764428 0.054143 0.749316 0.015651 0.764815 0.015651 0.840985 0.080600 0.856585 0.054132 0.782536 0.054203 0.729421 0.054235 0.748658 0.054132 0.840357 0.156253 0.806497 0.156257 0.798746 0.156257 0.883424 0.156184 0.798670 0.080594 0.798306 0.054180 0.875823 0.054235 0.877532 0.080594 0.729683 0.015651 0.798297 0.107689 0.877428 0.107591 0.840815 0.054143 0.855928 0.015651 0.764259 0.080600 0.783049 0.015663 0.798628 0.015651 0.709669 0.201072 0.449523 0.204607 0.480124 0.220366 0.479999 0.257885 0.449223 0.302051 0.479967 0.285858 0.480002 0.302736 0.449178 0.285334 0.413400 0.253148 0.413721 0.291399 0.434697 0.204330 0.422225 0.207221 0.566295 0.274906 0.595486 0.285901 0.566268 0.285870 0.566418 0.354247 0.595450 0.326418 0.595727 0.354264 0.566331 0.238259 0.595577 0.220463 0.595572 0.238385 0.566261 0.302736 0.566248 0.326375 0.479969 0.274904 0.480017 0.326307 0.480076 0.238202 0.480251 0.354141 0.936043 0.747008 0.923453 0.760350 0.936042 0.768567 0.936038 0.820137 0.916280 0.805196 0.913156 0.821296 0.936042 0.798169 0.915442 0.782105 0.819123 0.316250 0.797225 0.333975 0.797550 0.318382 0.595475 0.302736 0.595521 0.257994 0.566295 0.257912 0.566497 0.203804 0.566331 0.220418 0.595515 0.274908 0.532118 0.257914 0.532117 0.274905 0.532351 0.203915 0.532180 0.220442 0.532164 0.238293 0.532094 0.285856 0.532103 0.302735 0.532102 0.326282 0.532268 0.354131 0.419455 0.177066 0.390478 0.193948 0.377553 0.292302 0.378918 0.250740 0.383620 0.322861 0.389307 0.352126 0.377764 0.356368 0.377725 0.275083 0.386719 0.219392 0.413831 0.374713 0.419551 0.370201 0.886209 0.762623 0.885320 0.783617 0.777659 0.360222 0.775246 0.328194 0.880033 0.743203 0.890829 0.819226 0.782364 0.317118 0.936035 0.782914 0.917158 0.833933 0.936043 0.839292 0.935345 0.733206 0.924802 0.741013 0.850441 0.804389 0.834730 0.811118 0.848924 0.814470 0.845332 0.792443 0.836175 0.803540 0.802891 0.409291 0.825644 0.420676 0.802602 0.427387 0.838707 0.770458 0.818760 0.775581 0.825647 0.779275 0.890980 0.833163 0.869023 0.734549 0.888750 0.727085 0.872363 0.723774 0.827988 0.356680 0.798520 0.363699 0.891034 0.803458 0.812287 0.796118 0.823986 0.796395 0.827928 0.816141 0.830711 0.785266 0.831336 0.794974 0.844701 0.779631 0.786338 0.423044 0.785572 0.404993 0.844285 0.822752 0.876973 0.818524 0.860643 0.829363 0.875811 0.831263 0.872324 0.786765 0.858692 0.773995 0.859328 0.789913 0.800398 0.377537 0.784805 0.386943 0.781503 0.373582 0.872450 0.768309 0.851767 0.761641 0.865900 0.752422 0.846093 0.753734 0.829294 0.383941 0.803179 0.391195 0.864707 0.805239 0.877870 0.804349 0.863117 0.817822 0.925131 0.719445 0.907509 0.711057 0.915383 0.725852 0.767249 0.355598 0.762244 0.337615 0.765097 0.361551 0.738160 0.372496 0.749799 0.350854 0.886180 0.719532 0.872236 0.715844 0.895340 0.694131 0.882537 0.690427 0.887850 0.697470 0.898063 0.686418 0.840361 0.015651 0.806601 0.015663 0.822019 0.015663 0.875560 0.015651 0.766859 0.911082 0.770744 0.901510 0.763760 0.893499 0.770211 0.925627 0.762338 0.936825 0.711596 0.936677 0.696274 0.910932 0.696421 0.941635 0.712570 0.910932 0.699362 0.882974 0.679979 0.910932 0.669017 0.887282 0.663683 0.910932 0.666402 0.936456 0.745465 0.940958 0.738734 0.910931 0.736360 0.940090 0.747051 0.888843 0.737908 0.889706 0.652267 0.923704 0.650448 0.911016 0.653728 0.898328 0.748602 0.910932 0.728378 0.888472 0.713956 0.884701 0.727281 0.938093 0.684388 0.883796 0.681354 0.941635 0.685829 0.695635 0.709035 0.707892 0.708318 0.689391 0.651216 0.838339 0.636815 0.828293 0.636358 0.838542 0.761434 0.786870 0.784626 0.791663 0.781184 0.780586 0.662889 0.772774 0.648575 0.752749 0.644587 0.767637 0.667608 0.758644 0.655645 0.733289 0.636687 0.810221 0.655736 0.797824 0.638034 0.794237 0.751425 0.706855 0.743698 0.740467 0.762160 0.730646 0.651688 0.827846 0.766139 0.797810 0.786770 0.803304 0.770097 0.809706 0.790282 0.816064 0.756045 0.773861 0.746963 0.789506 0.738081 0.763188 0.749903 0.756858 0.727102 0.734129 0.735818 0.718438 0.690493 0.734814 0.692503 0.712229 0.681709 0.721092 0.675902 0.773849 0.663860 0.828975 0.652804 0.811466 0.651984 0.847741 0.662721 0.839648 0.718851 0.717725 0.726702 0.710939 0.775207 0.821851 0.767474 0.837667 0.778828 0.834668 0.733420 0.750248 0.758294 0.814508 0.673889 0.744932 0.671792 0.787590 0.659328 0.785637 0.668594 0.798637 0.769809 0.847741 0.778660 0.847798 0.683588 0.751217 0.763232 0.827184 0.753212 0.799839 0.745139 0.819551 0.696225 0.747399 0.672580 0.831952 0.692294 0.778048 0.684106 0.807013 0.757514 0.847741 0.678758 0.763215 0.691125 0.756638 0.751837 0.830942 0.741140 0.776355 0.724027 0.790583 0.727865 0.767257 0.723221 0.747063 0.702700 0.734670 0.699037 0.717821 0.689960 0.767062 0.676496 0.818660 0.665722 0.812987 0.662628 0.847741 0.671022 0.841116 0.715429 0.734568 0.727865 0.756596 0.753335 0.841094 0.744649 0.834372 0.747224 0.843692 0.679750 0.835250 0.668719 0.847741 0.678439 0.843499 0.736824 0.806172 0.718289 0.798618 0.731506 0.809276 0.680551 0.820931 0.749336 0.847741 0.690572 0.808936 0.702430 0.798724 0.725767 0.778640 0.695283 0.790443 0.739621 0.822169 0.731475 0.694422 0.728866 0.910932 0.685895 0.837050 0.685422 0.848102 0.741032 0.847741 0.676732 0.847741 0.698378 0.813838 0.688192 0.824436 0.733890 0.824390 0.738812 0.836505 0.725362 0.813361 0.710079 0.810501 0.794359 0.834625 0.769187 0.749663 0.775611 0.765710 0.794071 0.847746 0.640929 0.781632 0.667034 0.709545 0.635994 0.847741 0.205075 0.841165 0.167894 0.792612 0.206425 0.794302 0.213092 0.892060 0.164771 0.839372 0.247610 0.876372 0.240912 0.839472 0.081350 0.836963 0.061439 0.878760 0.050009 0.843329 0.046919 0.795987 0.030597 0.848442 0.007910 0.793258 0.027226 0.796032 0.027123 0.900645 0.011233 0.853570 0.049903 0.754191 0.079860 0.793006 0.084560 0.723965 0.083012 0.756778 0.009719 0.748336 0.033980 0.703702 0.031469 0.751533 0.280135 0.746760 0.258394 0.708087 0.281875 0.709276 0.276985 0.794544 0.249421 0.748845 0.299788 0.744428 0.298477 0.794450 0.299865 0.702364 0.275218 0.840274 0.242874 0.795054 0.272086 0.881446 0.295777 0.885443 0.297500 0.841963 0.214966 0.746963 0.180580 0.693943 0.229864 0.702249 0.172761 0.746006 0.124594 0.748679 0.121061 0.705265 0.122463 0.792695 0.121385 0.837636 0.086117 0.865495 0.160724 0.882526 0.114993 0.872283 0.150060 0.924580 0.210795 0.939017 0.205917 0.967651 0.132131 0.975845 0.141589 0.950525 0.284079 0.936417 0.254367 0.923054 0.095251 0.904000 0.066684 0.942564 0.044873 0.889609 0.081443 0.923720 0.193570 0.654851 0.247379 0.577779 0.265733 0.644745 0.093658 0.656259 0.055405 0.710773 0.022813 0.622214 0.067560 0.634447 0.289294 0.642673 0.129023 0.577772 0.129118 0.533691 0.182637 0.577771 0.281709 0.577779 0.268898 0.301442 0.291197 0.271842 0.297011 0.287295 0.305907 0.251701 0.313384 0.246016 0.247387 0.533689 0.073421 0.577772 0.270475 0.248715 0.295323 0.256799 0.295298 0.304572 0.305394 0.289180 0.193938 0.355121 0.176015 0.328031 0.207023 0.335239 0.284512 0.358580 0.260256 0.327132 0.289615 0.328914 0.282865 0.177913 0.285628 0.210190 0.206546 0.229302 0.175926 0.219668 0.203923 0.207845 0.284546 0.090778 0.314613 0.090700 0.253341 0.512512 0.214391 0.446114 0.254895 0.446135 0.214500 0.090826 0.247743 0.017308 0.254392 0.090764 0.285985 0.512515 0.286115 0.446113 0.252155 0.404241 0.285386 0.404280 0.250952 0.128649 0.210862 0.128516 0.213588 0.404272 0.283022 0.128585 0.213024 0.273701 0.176112 0.256466 0.211851 0.254735 0.293270 0.242695 0.210397 0.317612 0.634112 0.107684 0.654452 0.156253 0.633436 0.156261 0.620331 0.216144 0.631735 0.209281 0.631255 0.231730 0.984912 0.216144 0.973988 0.231730 0.973508 0.209281 0.254233 0.215514 0.026664 0.533691 0.027849 0.577770 0.673752 0.200221 0.671968 0.231809 0.931491 0.200221 0.933275 0.231809 0.707871 0.163309 0.709669 0.163423 0.897372 0.163309 0.907752 0.172340 0.673246 0.080597 0.691523 0.107591 0.673767 0.107637 0.697519 0.156184 0.677414 0.156224 0.971807 0.156261 0.984202 0.107689 0.984651 0.156257 0.927829 0.156224 0.950579 0.107660 0.950792 0.156253 0.970699 0.080597 0.984211 0.054180 0.984575 0.080594 0.971131 0.107684 0.931997 0.080597 0.931476 0.107637 0.634545 0.080597 0.654665 0.107660 0.654910 0.054143 0.670023 0.015651 0.670680 0.054132 0.934564 0.054132 0.950164 0.080600 0.655079 0.080600 0.689917 0.054235 0.691627 0.080594 0.697491 0.172340 0.620592 0.156257 0.620668 0.080594 0.636802 0.054203 0.915326 0.054235 0.913617 0.080594 0.689655 0.015651 0.621041 0.107689 0.913720 0.107591 0.907724 0.156184 0.935221 0.015651 0.950334 0.054143 0.621032 0.054180 0.636114 0.015663 0.145397 0.220346 0.175617 0.203610 0.145435 0.257886 0.176002 0.238678 0.176076 0.303006 0.145445 0.285869 0.176141 0.285954 0.176127 0.274825 0.212919 0.292865 0.188960 0.203956 0.030728 0.285918 0.059219 0.274906 0.059234 0.285883 0.059157 0.354297 0.030753 0.326476 0.059246 0.326424 0.059200 0.238244 0.030667 0.220373 0.059200 0.220400 0.059238 0.302736 0.145431 0.326349 0.175682 0.354323 0.923919 0.589915 0.936044 0.576656 0.936043 0.598211 0.936038 0.649765 0.916482 0.634717 0.936043 0.627815 0.915780 0.611622 0.936035 0.612530 0.911203 0.334156 0.933308 0.316285 0.911008 0.319288 0.030704 0.258005 0.059220 0.257916 0.059113 0.203743 0.030707 0.274909 0.093400 0.257917 0.093400 0.274906 0.093392 0.203856 0.093398 0.220424 0.093398 0.238277 0.093401 0.285867 0.093400 0.302736 0.093401 0.326326 0.093395 0.354175 0.238441 0.193212 0.209258 0.175756 0.247444 0.179769 0.248443 0.292318 0.268288 0.274533 0.247863 0.251013 0.238015 0.351967 0.249383 0.358293 0.213559 0.376549 0.886662 0.591967 0.892139 0.360916 0.890318 0.328884 0.880602 0.572511 0.925382 0.570586 0.890949 0.648597 0.913262 0.650799 0.896187 0.317278 0.917190 0.663459 0.936043 0.668939 0.935971 0.562842 0.949700 0.563685 0.834898 0.640157 0.850648 0.633522 0.849072 0.643593 0.836388 0.632588 0.845610 0.621546 0.916752 0.410023 0.939488 0.421443 0.941342 0.403078 0.839115 0.599522 0.819139 0.604527 0.832869 0.593684 0.891017 0.662534 0.869643 0.563793 0.889413 0.556445 0.941931 0.357450 0.942432 0.332580 0.891247 0.632831 0.812557 0.625025 0.826004 0.608262 0.824241 0.625371 0.828067 0.645141 0.831599 0.623994 0.831032 0.614283 0.845055 0.608730 0.900179 0.423750 0.899440 0.405699 0.844385 0.651848 0.860703 0.658556 0.877097 0.647813 0.875860 0.660545 0.872635 0.616027 0.859079 0.603177 0.872871 0.597572 0.898701 0.387647 0.914851 0.378266 0.895420 0.374281 0.852227 0.590782 0.866415 0.581647 0.846599 0.582841 0.858121 0.573317 0.943195 0.384714 0.942563 0.371082 0.864909 0.634456 0.878078 0.633643 0.908267 0.540529 0.925839 0.549020 0.916053 0.555370 0.881194 0.356275 0.852079 0.373128 0.879032 0.362225 0.863751 0.351504 0.876216 0.338284 0.873046 0.553037 0.886888 0.548877 0.896198 0.523531 0.883417 0.519751 0.898967 0.515834 0.888689 0.526826 0.872966 0.545107 0.916937 0.533274 0.950720 0.015651 0.968441 0.054203 0.984533 0.015651 0.654456 0.015651 0.934161 0.917252 0.938046 0.926824 0.941210 0.917411 0.937513 0.902706 0.929640 0.891508 0.863576 0.917402 0.878898 0.891657 0.863722 0.886699 0.866664 0.945360 0.879872 0.917402 0.836319 0.941052 0.847280 0.917402 0.830984 0.917403 0.833704 0.891879 0.848656 0.886699 0.906036 0.917402 0.912766 0.887376 0.903662 0.888244 0.914352 0.939491 0.915904 0.917402 0.819569 0.904630 0.821030 0.930007 0.817749 0.917319 0.931062 0.934835 0.895679 0.939862 0.896167 0.917402 0.894582 0.890240 0.851690 0.944538 0.685814 0.524204 0.708995 0.536481 0.692459 0.540801 0.636616 0.656768 0.650999 0.666836 0.636144 0.667015 0.784478 0.620385 0.761292 0.615540 0.781057 0.609280 0.648490 0.581270 0.662774 0.601310 0.644483 0.596149 0.655594 0.561809 0.667511 0.587189 0.636505 0.638709 0.655582 0.626341 0.652614 0.639978 0.751403 0.535496 0.743618 0.569106 0.735767 0.547060 0.651486 0.656346 0.786609 0.632031 0.765981 0.626507 0.790098 0.644797 0.769925 0.638407 0.755926 0.602520 0.746822 0.618153 0.741017 0.604994 0.737975 0.591822 0.749806 0.585507 0.727024 0.562749 0.690416 0.563389 0.681657 0.549651 0.675784 0.602402 0.663654 0.657494 0.652114 0.676674 0.662500 0.668165 0.662752 0.676708 0.718800 0.546327 0.726660 0.539544 0.775011 0.650560 0.767258 0.666363 0.763034 0.655874 0.733331 0.578876 0.758116 0.643191 0.753055 0.628516 0.673809 0.573487 0.683498 0.579783 0.671659 0.616137 0.659193 0.614164 0.668439 0.627173 0.778933 0.663834 0.769937 0.676706 0.678653 0.591773 0.744954 0.648215 0.736657 0.634822 0.696171 0.575983 0.691057 0.585216 0.672369 0.660489 0.670796 0.669651 0.692169 0.606623 0.695141 0.619022 0.683939 0.635573 0.757642 0.676713 0.753114 0.669767 0.689876 0.595637 0.751633 0.659614 0.723876 0.619202 0.725638 0.607256 0.727778 0.595873 0.723168 0.575675 0.702657 0.563261 0.676296 0.647209 0.668841 0.676706 0.715386 0.563172 0.727795 0.585214 0.744441 0.663032 0.679534 0.663800 0.678209 0.672043 0.718127 0.627230 0.749464 0.676711 0.680347 0.649491 0.702277 0.627311 0.698987 0.546400 0.690403 0.637505 0.739432 0.650821 0.665531 0.641515 0.708305 0.517983 0.905209 0.938628 0.685675 0.665605 0.685544 0.677056 0.741161 0.676709 0.747000 0.672354 0.676854 0.676701 0.698201 0.642414 0.687985 0.653001 0.733697 0.653037 0.738601 0.665157 0.725189 0.641997 0.709911 0.639105 0.731458 0.523035 0.794155 0.663365 0.769102 0.578336 0.778787 0.676788 0.762108 0.559307 0.637891 0.622730 0.667013 0.538078 0.640806 0.610135 0.775505 0.594395 0.636128 0.676671 0.863245 0.647029 0.859621 0.619098 0.917069 0.391927 0.832426 0.764657 0.827469 0.402308 0.828641 0.370310 0.857558 0.744141 0.885650 0.612956 0.912633 0.364605 0.506311 0.274905 0.506321 0.285857 0.506161 0.354136 0.506237 0.220404 0.506307 0.302736 0.506302 0.326295 0.506301 0.257899 0.506088 0.203826 0.117992 0.274905 0.118030 0.285868 0.117555 0.354180 0.117980 0.326337 0.117775 0.220385 0.117990 0.302736 0.117967 0.257902 0.117323 0.203765 0.313385 0.176248 0.145443 0.274905 0.145319 0.203674 0.145411 0.238185 0.145435 0.302736 0.145359 0.354184 0.480375 0.203737 0.427786 0.190023 0.204862 0.190633 0.249191 0.274533 0.239198 0.219570 0.242360 0.323778 0.210098 0.372558 0.616409 0.697945 0.314291 0.702090 0.314669 0.886247 0.416811 0.512496 0.895574 0.163423 0.727712 0.080594 0.828453 0.333255 0.595849 0.203525 0.949078 0.733969 0.916136 0.703752 0.748889 0.379998 0.773908 0.910923 0.013528 0.698485 0.201489 0.994125 0.183319 0.533689 0.284048 0.533689 0.073408 0.533691 0.282118 0.017308 0.213588 0.512510 0.209834 0.017308 0.620696 0.015663 0.030572 0.354320 0.030670 0.238188 0.030736 0.302736 0.030488 0.203604 0.916436 0.428118 0.862796 0.380646 0.968954 0.015663 0.915588 0.015651 0.881258 0.943633 0.731338 0.637921 0.794208 0.676620</float_array>
          <technique_common>
            <accessor count="997" source="#characterSmall-lib-UV0-array" stride="2">
              <param name="S" type="float"/>
              <param name="T" type="float"/>
            </accessor>
          </technique_common>
        </source>
        <vertices id="characterSmall-lib-Vertex">
          <input semantic="POSITION" source="#characterSmall-lib-Position"/>
        </vertices>
        <polylist count="1552">
          <input semantic="VERTEX" offset="0" source="#characterSmall-lib-Vertex"/>
          <input semantic="NORMAL" offset="1" source="#characterSmall-lib-Normal0"/>
          <input semantic="TEXCOORD" offset="2" set="0" source="#characterSmall-lib-UV0"/>
          <vcount> 3 3 3 3 3 3 3 3 3 3 3 3 3 3 3 3 3 3 3 3 3 3 3 3 3 3 3 3 3 3 3 3 3 3 3 3 3 3 3 3 3 3 3 3 3 3 3 3 3 3 3 3 3 3 3 3 3 3 3 3 3 3 3 3 3 3 3 3 3 3 3 3 3 3 3 3 3 3 3 3 3 3 3 3 3 3 3 3 3 3 3 3 3 3 3 3 3 3 3 3 3 3 3 3 3 3 3 3 3 3 3 3 3 3 3 3 3 3 3 3 3 3 3 3 3 3 3 3 3 3 3 3 3 3 3 3 3 3 3 3 3 3 3 3 3 3 3 3 3 3 3 3 3 3 3 3 3 3 3 3 3 3 3 3 3 3 3 3 3 3 3 3 3 3 3 3 3 3 3 3 3 3 3 3 3 3 3 3 3 3 3 3 3 3 3 3 3 3 3 3 3 3 3 3 3 3 3 3 3 3 3 3 3 3 3 3 3 3 3 3 3 3 3 3 3 3 3 3 3 3 3 3 3 3 3 3 3 3 3 3 3 3 3 3 3 3 3 3 3 3 3 3 3 3 3 3 3 3 3 3 3 3 3 3 3 3 3 3 3 3 3 3 3 3 3 3 3 3 3 3 3 3 3 3 3 3 3 3 3 3 3 3 3 3 3 3 3 3 3 3 3 3 3 3 3 3 3 3 3 3 3 3 3 3 3 3 3 3 3 3 3 3 3 3 3 3 3 3 3 3 3 3 3 3 3 3 3 3 3 3 3 3 3 3 3 3 3 3 3 3 3 3 3 3 3 3 3 3 3 3 3 3 3 3 3 3 3 3 3 3 3 3 3 3 3 3 3 3 3 3 3 3 3 3 3 3 3 3 3 3 3 3 3 3 3 3 3 3 3 3 3 3 3 3 3 3 3 3 3 3 3 3 3 3 3 3 3 3 3 3 3 3 3 3 3 3 3 3 3 3 3 3 3 3 3 3 3 3 3 3 3 3 3 3 3 3 3 3 3 3 3 3 3 3 3 3 3 3 3 3 3 3 3 3 3 3 3 3 3 3 3 3 3 3 3 3 3 3 3 3 3 3 3 3 3 3 3 3 3 3 3 3 3 3 3 3 3 3 3 3 3 3 3 3 3 3 3 3 3 3 3 3 3 3 3 3 3 3 3 3 3 3 3 3 3 3 3 3 3 3 3 3 3 3 3 3 3 3 3 3 3 3 3 3 3 3 3 3 3 3 3 3 3 3 3 3 3 3 3 3 3 3 3 3 3 3 3 3 3 3 3 3 3 3 3 3 3 3 3 3 3 3 3 3 3 3 3 3 3 3 3 3 3 3 3 3 3 3 3 3 3 3 3 3 3 3 3 3 3 3 3 3 3 3 3 3 3 3 3 3 3 3 3 3 3 3 3 3 3 3 3 3 3 3 3 3 3 3 3 3 3 3 3 3 3 3 3 3 3 3 3 3 3 3 3 3 3 3 3 3 3 3 3 3 3 3 3 3 3 3 3 3 3 3 3 3 3 3 3 3 3 3 3 3 3 3 3 3 3 3 3 3 3 3 3 3 3 3 3 3 3 3 3 3 3 3 3 3 3 3 3 3 3 3 3 3 3 3 3 3 3 3 3 3 3 3 3 3 3 3 3 3 3 3 3 3 3 3 3 3 3 3 3 3 3 3 3 3 3 3 3 3 3 3 3 3 3 3 3 3 3 3 3 3 3 3 3 3 3 3 3 3 3 3 3 3 3 3 3 3 3 3 3 3 3 3 3 3 3 3 3 3 3 3 3 3 3 3 3 3 3 3 3 3 3 3 3 3 3 3 3 3 3 3 3 3 3 3 3 3 3 3 3 3 3 3 3 3 3 3 3 3 3 3 3 3 3 3 3 3 3 3 3 3 3 3 3 3 3 3 3 3 3 3 3 3 3 3 3 3 3 3 3 3 3 3 3 3 3 3 3 3 3 3 3 3 3 3 3 3 3 3 3 3 3 3 3 3 3 3 3 3 3 3 3 3 3 3 3 3 3 3 3 3 3 3 3 3 3 3 3 3 3 3 3 3 3 3 3 3 3 3 3 3 3 3 3 3 3 3 3 3 3 3 3 3 3 3 3 3 3 3 3 3 3 3 3 3 3 3 3 3 3 3 3 3 3 3 3 3 3 3 3 3 3 3 3 3 3 3 3 3 3 3 3 3 3 3 3 3 3 3 3 3 3 3 3 3 3 3 3 3 3 3 3 3 3 3 3 3 3 3 3 3 3 3 3 3 3 3 3 3 3 3 3 3 3 3 3 3 3 3 3 3 3 3 3 3 3 3 3 3 3 3 3 3 3 3 3 3 3 3 3 3 3 3 3 3 3 3 3 3 3 3 3 3 3 3 3 3 3 3 3 3 3 3 3 3 3 3 3 3 3 3 3 3 3 3 3 3 3 3 3 3 3 3 3 3 3 3 3 3 3 3 3 3 3 3 3 3 3 3 3 3 3 3 3 3 3 3 3 3 3 3 3 3 3 3 3 3 3 3 3 3 3 3 3 3 3 3 3 3 3 3 3 3 3 3 3 3 3 3 3 3 3 3 3 3 3 3 3 3 3 3 3 3 3 3 3 3 3 3 3 3 3 3 3 3 3 3 3 3 3 3 3 3 3 3 3 3 3 3 3 3 3 3 3 3 3 3 3 3 3 3 3 3 3 3 3 3 3 3 3 3 3 3 3 3 3 3 3 3 3 3 3 3 3 3 3 3 3 3 3 3 3 3 3 3 3 3 3 3 3 3 3 3 3 3 3 3 3 3 3 3 3 3 3 3 3 3 3 3 3 3 3 3 3 3 3 3 3 3 3 3 3 3 3 3 3 3 3 3 3 3 3 3 3 3 3 3 3 3 3 3 3 3 3 3 3 3 3 3 3 3 3 3 3 3 3 3 3 3 3 3 3 3 3 3 3 3 3 3 3 3 3 3 3 3 3 3 3 3 3 3 3 3 3 3 3 3 3 3 3 3 3 3 3 3 3 3 3 3 3 3 3 3 3 3 3 3 3 3 3 3 3 3 3 3 3 3 3 3 3 3 3 3 3 3 3 3 3 3 3 3 3 3 3 3 3 3 3 3 3 3 3 3 3 3 3 3 3 3 3 3 3 3 3 3 3 3 3 3 3 3 3 3 3 3 3 3 3 3 3 3 3 3 3 3 3 3 3 3 3 3 3 3 3 3 3 3 3 3 3 3 3 3 3 3 3 3 3 3 3 3 3 3 3 3 3 3 3 3 3 3 3 3 3 3 3 3 3 3 3 3 3 3 3 3 3 3 3 3 3 3 3 3 3 3 3 3 3 3 3 3 3 3 3 3 3 3 3 3 3 3 3 3 3 3 3 3 3 3 3 3 3 3 3 3 3 3 3 3 3 3 3 3 3 3 3 3 3 3 3 3 3 3 3 3 3 3 3 3 3 3 3 3 3 3 3 3 3 3 3 3 3 3 3 3 3 3 3 3</vcount>
          <p> 0 0 0 40 1 1 29 2 2 29 2 2 15 3 3 0 0 0 0 0 0 35 4 4 14 5 5 14 5 5 26 6 6 0 0 0 22 7 7 13 8 8 1 9 9 13 8 8 24 10 10 1 9 9 64 11 11 379 12 12 352 13 13 64 11 11 377 14 14 74 15 15 2 16 16 37 17 17 18 18 18 2 16 16 32 19 19 17 20 20 72 21 21 353 22 22 65 23 23 65 23 23 379 12 12 76 24 24 3 25 25 33 26 26 20 27 27 20 27 27 25 28 28 3 25 25 66 29 29 380 30 30 355 31 31 355 31 31 73 32 32 66 29 29 4 33 33 38 34 34 14 5 5 14 5 5 23 35 35 4 33 33 75 36 36 356 37 37 67 38 38 356 37 37 77 39 39 67 38 38 5 40 40 36 41 41 28 42 42 28 42 42 26 6 6 5 40 40 5 40 40 38 34 34 20 27 27 20 27 27 12 43 43 5 40 40 6 44 44 32 19 19 18 18 18 18 18 18 27 45 45 6 44 44 6 44 44 40 1 1 28 42 42 28 42 42 16 46 46 6 44 44 7 47 47 37 17 17 13 8 8 7 47 47 34 48 48 21 49 49 7 47 47 39 50 50 29 2 2 29 2 2 27 45 45 7 47 47 15 3 3 30 51 51 8 52 52 68 53 53 382 54 54 361 55 55 361 55 56 75 36 36 68 53 57 8 52 58 35 4 4 15 3 3 9 56 59 34 48 48 22 7 7 74 15 15 362 57 60 69 58 61 69 58 61 382 54 54 78 59 62 30 51 51 21 49 49 9 56 59 31 60 63 43 61 64 42 62 65 10 63 66 32 19 19 16 46 46 10 63 66 36 41 41 31 60 63 365 64 67 72 21 21 70 65 68 31 60 63 12 43 43 11 66 69 11 66 69 33 26 26 19 67 70 73 32 32 366 68 71 71 69 72 70 65 68 41 70 73 79 71 74 42 62 65 44 72 75 41 70 73 80 73 76 388 74 77 82 75 78 31 60 63 41 70 73 10 63 66 71 69 72 383 76 79 80 73 76 45 77 80 47 78 81 44 72 82 82 75 83 393 79 84 84 80 85 42 62 65 46 81 86 45 77 87 79 71 74 44 72 75 81 82 88 45 77 80 49 83 89 48 84 90 44 72 82 83 85 91 81 82 92 769 86 93 132 87 94 133 88 95 60 89 96 85 90 97 92 91 98 416 92 99 86 93 100 91 94 101 768 95 102 134 96 103 135 97 104 90 98 105 403 99 106 88 100 107 57 101 108 53 102 109 58 103 110 57 101 111 55 104 112 54 105 113 58 103 110 87 106 114 89 107 115 737 108 116 89 107 115 742 109 117 736 110 118 57 101 111 739 111 119 739 111 120 58 103 110 737 108 116 738 112 121 90 98 105 741 113 122 766 114 123 131 115 124 130 116 125 393 79 84 91 94 101 84 80 85 47 78 81 92 91 98 83 85 91 763 117 126 132 87 94 767 118 127 105 119 128 112 120 129 118 121 130 54 105 131 55 104 132 110 122 133 54 105 134 120 123 135 53 102 136 83 85 91 415 124 137 394 125 138 49 83 89 91 94 101 59 126 139 741 113 122 56 127 140 736 110 118 742 109 117 412 128 141 740 129 142 89 107 115 404 130 143 412 128 141 90 98 105 55 104 112 56 127 140 59 126 139 86 93 100 52 131 144 92 91 98 399 132 145 415 124 137 81 82 92 394 125 138 389 133 146 79 71 74 389 133 147 384 134 148 46 81 149 84 80 85 49 83 89 71 69 72 43 61 64 11 66 69 80 73 76 46 81 86 43 61 64 365 64 67 79 71 74 384 134 148 19 67 70 71 69 72 11 66 69 70 65 68 17 20 20 10 63 66 9 56 59 78 59 62 30 51 51 22 7 7 69 58 61 9 56 59 68 53 57 23 35 35 8 52 58 8 52 52 78 59 62 68 53 53 67 38 38 25 28 28 4 33 33 4 33 33 75 36 36 67 38 38 66 29 29 19 67 70 3 25 25 3 25 25 77 39 39 66 29 29 2 16 16 76 24 24 24 10 10 17 20 20 65 23 23 2 16 16 64 11 11 22 7 7 1 9 9 1 9 9 76 24 24 64 11 11 61 135 150 55 104 132 88 100 151 63 136 152 87 106 153 53 102 136 403 99 154 61 135 150 88 100 151 481 137 155 62 138 156 119 139 157 87 106 153 451 140 158 404 130 159 62 138 160 470 141 161 109 142 162 93 143 163 123 144 164 121 145 165 107 146 166 121 145 165 128 147 167 127 148 168 96 149 169 122 150 170 117 151 171 95 152 172 111 153 173 124 154 174 104 155 175 126 156 176 122 150 170 100 157 177 124 154 174 95 152 172 113 158 178 111 153 173 94 159 179 114 160 180 112 120 129 102 161 181 215 162 182 326 163 183 99 164 184 115 165 185 113 158 178 114 160 180 102 161 181 116 166 186 123 144 164 101 167 187 125 168 188 109 142 162 108 169 189 117 151 171 120 123 135 106 170 190 127 148 168 62 138 156 128 147 167 119 139 157 110 122 133 105 119 128 118 121 130 110 122 133 106 170 191 54 105 131 62 138 160 117 151 171 107 146 192 100 157 193 116 166 186 104 155 194 113 158 178 101 167 195 97 171 196 125 168 188 219 172 197 215 162 182 112 120 129 100 157 193 96 149 198 111 153 173 97 171 196 93 143 199 107 146 192 111 153 173 93 143 199 109 142 162 451 140 158 63 136 152 118 121 130 96 149 198 106 170 191 103 173 200 217 174 201 115 165 185 119 139 157 105 119 128 61 135 150 63 136 152 127 148 168 108 169 189 98 175 202 125 168 188 102 161 181 104 155 194 216 176 203 218 177 204 95 152 172 124 154 174 99 164 184 124 154 174 103 173 200 99 164 184 108 169 189 122 150 170 95 152 172 128 147 167 94 159 179 105 119 128 121 145 165 98 175 202 94 159 179 450 178 205 119 139 157 61 135 150 61 135 150 110 122 133 55 104 132 63 136 152 53 102 136 120 123 135 133 88 206 143 179 207 134 96 103 135 97 104 140 180 208 131 115 124 137 181 209 138 182 210 146 183 211 130 116 125 138 182 210 129 184 212 763 117 126 129 184 212 137 181 209 762 185 213 135 97 104 131 115 124 766 114 123 129 184 212 765 186 214 769 86 215 134 96 103 764 187 216 159 188 217 136 189 218 160 190 219 158 191 220 149 192 221 150 193 222 145 194 223 151 195 224 152 196 225 157 197 226 149 192 221 156 198 227 130 116 125 140 180 208 139 199 228 137 181 209 141 200 229 132 87 94 135 97 104 143 179 207 144 201 230 133 88 95 141 200 229 142 202 231 152 196 232 172 203 233 148 204 234 154 205 235 170 206 236 178 207 237 136 189 238 171 208 239 170 206 236 149 192 240 174 209 241 150 193 242 157 197 226 136 189 218 154 205 243 145 194 223 148 204 244 161 210 245 158 191 246 151 195 224 155 211 247 161 210 245 147 212 248 159 188 217 724 213 249 159 188 217 727 214 250 722 215 251 155 211 247 725 216 252 720 217 253 161 210 245 724 213 249 723 218 254 157 197 226 726 219 255 726 219 255 156 198 227 721 220 256 720 217 253 155 211 247 145 194 223 722 215 257 156 198 227 158 191 220 727 214 250 160 190 219 723 218 254 51 221 258 166 222 259 52 131 144 48 84 90 169 223 260 47 78 81 59 126 139 163 224 261 49 83 89 60 89 96 169 223 260 165 225 262 60 89 96 164 226 263 50 227 264 48 84 90 163 224 261 162 228 265 59 126 139 166 222 259 167 229 266 51 221 267 164 226 263 168 230 268 171 208 239 180 231 269 179 232 270 174 209 241 183 233 271 175 234 272 172 203 233 184 235 273 180 231 269 170 206 236 186 236 274 178 207 237 151 195 275 174 209 241 175 234 272 148 204 234 171 208 239 147 212 276 154 205 235 173 237 277 149 192 278 152 196 232 175 234 279 176 238 280 701 239 281 194 240 282 702 241 283 698 242 284 177 243 285 701 239 281 699 244 286 189 245 287 190 246 288 700 247 289 191 248 290 192 249 291 178 207 237 181 250 292 173 237 277 183 233 293 204 251 294 205 252 295 174 209 241 181 250 296 182 253 297 171 208 239 153 254 298 170 206 236 192 249 291 190 246 299 193 255 300 193 255 300 189 245 301 194 240 282 177 243 285 193 255 300 194 240 282 188 256 302 193 255 300 187 257 303 700 247 289 188 256 302 703 258 304 699 244 286 191 248 305 697 259 306 698 242 284 188 256 302 187 257 303 696 260 307 194 240 282 189 245 301 707 261 308 195 262 309 709 263 310 711 264 311 201 265 312 198 266 313 704 267 314 197 268 315 710 269 316 708 270 317 196 271 318 201 265 312 705 272 319 197 268 320 196 271 318 704 267 314 195 262 321 185 273 322 711 264 311 199 274 323 706 275 324 707 261 308 199 274 323 200 276 325 203 277 326 206 278 327 202 279 328 175 234 272 205 252 329 203 277 330 176 238 280 204 251 294 184 235 273 176 238 280 203 277 326 202 279 328 209 280 331 211 281 332 207 282 333 205 252 329 207 282 333 203 277 330 204 251 294 206 278 327 208 283 334 205 252 295 208 283 334 209 280 335 210 284 336 213 285 337 212 286 338 206 278 327 212 286 338 208 283 334 209 280 335 212 286 338 213 285 337 206 278 327 211 281 339 210 284 336 126 156 176 220 287 340 103 173 200 126 156 176 218 177 341 214 288 342 101 167 195 217 174 201 219 172 343 116 166 186 326 163 183 216 176 203 240 289 344 224 290 345 239 291 346 223 292 347 240 289 344 241 293 348 225 294 349 246 289 350 247 295 351 229 289 352 245 296 353 246 289 350 232 289 354 237 297 355 238 289 356 236 298 357 232 289 354 238 289 356 234 299 358 307 289 359 308 300 360 307 289 359 233 301 361 306 302 362 221 303 363 238 289 356 226 304 364 238 289 356 222 305 365 226 304 364 241 293 348 235 289 366 234 299 358 235 289 366 239 291 346 233 301 361 229 289 352 243 306 367 227 307 368 242 308 369 229 289 352 225 294 349 246 289 350 231 309 370 232 289 354 230 310 371 246 289 350 232 289 354 222 305 372 253 311 373 226 304 374 251 312 375 239 291 376 224 290 377 264 313 378 308 300 379 242 308 380 254 314 381 245 296 382 227 307 383 266 315 384 231 309 385 245 296 382 233 301 386 309 316 387 306 302 388 236 298 389 256 317 390 230 310 391 262 318 392 233 301 386 239 291 376 310 319 393 234 299 394 308 300 379 259 320 395 241 293 396 234 299 394 252 321 397 283 322 398 264 313 378 286 323 399 252 321 397 267 324 400 279 325 401 256 317 390 260 326 402 280 327 403 249 328 404 261 329 405 273 330 406 266 315 384 254 314 381 281 331 407 258 332 408 262 318 392 255 333 409 271 334 410 251 312 375 268 335 411 260 326 402 248 336 412 263 337 413 270 338 414 250 339 415 275 340 416 267 324 400 256 317 390 310 319 393 278 341 417 259 320 395 257 342 418 280 327 403 261 329 405 251 312 375 281 331 407 262 318 392 284 343 419 254 314 381 265 344 420 311 345 421 265 344 420 309 316 387 250 339 415 274 346 422 255 333 423 266 315 384 276 347 424 257 342 418 259 320 395 282 348 425 263 337 413 312 349 426 297 350 427 278 341 417 276 347 424 299 351 428 280 327 403 271 334 410 300 352 429 281 331 407 284 343 419 292 353 430 273 330 406 313 354 431 284 343 419 311 345 421 270 338 414 293 355 432 274 346 422 285 356 433 295 357 434 276 347 424 278 341 417 301 358 435 282 348 425 272 359 436 302 360 437 283 322 398 305 361 438 272 359 436 286 323 399 298 362 439 275 340 416 279 325 401 280 327 403 288 363 440 269 364 441 273 330 406 304 365 442 285 356 433 281 331 407 296 366 443 277 367 444 274 346 445 290 368 446 271 334 410 287 369 447 279 325 401 268 335 411 301 358 435 270 338 414 282 348 425 294 370 448 286 323 399 275 340 416 289 371 449 321 372 450 318 373 451 290 368 446 315 374 452 300 352 429 297 350 427 321 372 450 301 358 435 293 355 453 316 375 454 290 368 446 314 376 455 324 377 456 323 378 457 296 366 443 315 374 452 320 379 458 289 371 449 317 380 459 293 355 432 313 354 431 320 379 458 319 381 460 302 360 437 325 382 461 324 377 456 268 335 411 288 363 440 287 369 447 299 351 428 294 370 448 298 362 439 305 361 438 295 357 434 304 365 442 292 353 430 305 361 438 304 365 442 291 383 462 303 384 463 302 360 437 303 384 463 319 381 460 325 382 461 314 376 455 322 385 464 297 350 427 296 366 443 311 345 421 277 367 444 283 322 398 314 376 455 312 349 426 277 367 444 309 316 387 258 332 408 264 313 378 312 349 426 310 319 393 226 304 374 248 336 412 221 303 465 244 289 466 306 302 362 243 306 367 242 308 369 307 289 359 244 289 466 214 288 467 316 375 454 220 287 468 317 380 459 318 373 451 220 287 469 220 287 468 316 375 454 317 380 470 216 176 471 320 379 458 218 177 472 219 172 473 321 372 450 322 385 464 218 177 472 315 374 452 214 288 467 217 174 474 318 373 451 321 372 450 215 162 475 324 377 456 326 163 476 324 377 456 325 382 461 326 163 476 216 176 471 325 382 461 319 381 460 215 162 475 322 385 464 323 378 457 221 303 465 260 326 402 236 298 389 263 337 413 223 292 477 241 293 396 247 295 478 252 321 397 225 294 479 223 292 477 255 333 423 228 386 480 230 310 391 267 324 400 247 295 478 306 302 388 265 344 420 243 306 481 257 342 418 237 297 482 231 309 385 265 344 420 227 307 383 243 306 481 252 321 397 242 308 380 225 294 479 228 386 483 251 312 375 224 290 377 237 297 482 249 328 404 222 305 372 287 369 447 299 351 428 298 362 439 249 328 404 269 364 441 253 311 373 253 311 373 268 335 411 248 336 412 268 335 411 253 311 373 269 364 441 327 387 484 381 388 485 357 389 486 342 390 487 360 391 488 327 387 484 327 387 484 370 392 489 342 390 487 357 389 486 341 393 490 327 387 484 340 394 491 349 395 492 328 396 493 351 397 494 340 394 491 328 396 493 421 398 495 379 12 496 433 399 497 421 398 495 377 14 498 352 13 499 329 400 500 373 401 501 351 397 494 329 400 500 367 402 502 345 403 503 353 22 504 429 404 505 422 405 506 422 405 506 379 12 496 353 22 504 330 406 507 368 407 508 346 408 509 354 409 510 347 410 511 330 406 507 423 411 512 380 30 30 434 412 513 430 413 514 355 31 31 423 411 512 331 414 515 375 415 516 354 409 510 350 416 517 341 393 490 331 414 515 356 37 37 432 417 518 424 418 519 434 412 513 356 37 37 424 418 519 332 419 520 371 420 521 339 421 522 357 389 486 359 422 523 332 419 520 332 419 520 375 415 516 357 389 486 339 421 522 347 410 511 332 419 520 333 423 524 367 402 502 343 424 525 358 425 526 345 403 503 333 423 524 333 423 524 381 388 485 358 425 526 343 424 525 359 422 523 333 423 524 334 426 527 373 401 501 358 425 526 334 426 527 369 427 528 340 394 491 334 426 527 376 428 529 348 429 530 358 425 526 360 391 488 334 426 527 363 430 531 342 390 487 335 431 532 425 432 533 382 54 534 435 433 535 432 417 518 361 55 56 425 432 536 335 431 537 370 392 489 350 416 517 336 434 538 369 427 528 348 429 530 362 57 539 431 435 540 426 436 541 426 436 541 382 54 534 362 57 539 348 429 530 363 430 531 336 434 538 364 437 542 387 438 543 338 439 544 337 440 545 367 402 502 344 441 546 337 440 545 371 420 521 343 424 525 429 404 505 365 64 547 427 442 548 339 421 522 364 437 542 338 439 544 338 439 544 368 407 508 339 421 522 366 68 71 430 413 514 428 443 549 427 442 548 385 444 550 337 440 545 390 445 551 386 446 552 385 444 550 437 447 553 388 74 77 383 76 79 385 444 550 364 437 542 337 440 545 428 443 549 383 76 79 366 68 71 395 448 554 391 449 555 390 445 556 439 450 557 393 79 84 388 74 558 386 446 552 392 451 559 387 438 543 436 452 560 390 445 551 385 444 550 391 449 555 397 453 561 392 451 562 440 454 563 390 445 556 438 455 564 777 456 565 493 457 566 775 458 567 442 459 568 414 460 569 449 461 570 443 462 571 416 92 99 448 463 572 776 464 573 495 465 574 772 466 575 447 467 576 403 99 106 408 468 577 405 469 578 410 470 579 411 471 580 410 470 581 407 472 582 409 473 583 444 474 584 411 471 580 446 475 585 446 475 585 744 476 586 747 477 587 410 470 581 743 478 588 745 479 589 411 471 580 745 479 590 744 476 586 447 467 576 738 112 121 746 480 591 774 481 592 492 482 593 770 483 594 448 463 572 393 79 84 441 484 595 449 461 570 395 448 554 440 454 563 493 457 566 771 485 596 775 458 567 472 486 597 464 487 598 478 488 599 406 489 600 469 490 601 407 472 602 406 489 603 405 469 604 480 491 605 415 124 137 440 454 563 394 125 138 397 453 561 448 463 572 441 484 595 409 473 583 746 480 591 743 478 588 412 128 141 747 477 587 740 129 142 404 130 143 446 475 585 412 128 141 407 472 582 447 467 576 409 473 583 413 492 606 443 462 571 448 463 572 399 132 145 449 461 570 415 124 137 394 125 138 438 455 564 389 133 146 389 133 607 436 452 560 384 134 608 392 451 562 441 484 595 439 450 557 387 438 543 428 443 549 338 439 544 392 451 559 437 447 553 387 438 543 365 64 547 436 452 560 427 442 548 428 443 549 346 408 509 338 439 544 344 441 546 427 442 548 337 440 545 336 434 538 435 433 535 426 436 541 426 436 541 349 395 492 336 434 538 350 416 517 425 432 536 335 431 537 335 431 532 435 433 535 363 430 531 354 409 510 424 418 519 331 414 515 331 414 515 432 417 518 350 416 517 346 408 509 423 411 512 330 406 507 330 406 507 434 412 513 354 409 510 329 400 500 433 399 497 422 405 506 422 405 506 344 441 546 329 400 500 349 395 492 421 398 495 328 396 493 328 396 493 433 399 497 351 397 494 417 493 609 445 494 610 407 472 602 419 495 611 405 469 604 444 474 612 403 99 154 417 493 609 450 178 205 481 137 155 418 496 613 420 497 614 451 140 158 444 474 612 404 130 159 470 141 161 418 496 615 468 498 616 484 499 617 452 500 618 482 501 619 482 501 619 466 502 620 489 503 621 488 504 622 455 505 623 465 506 624 477 507 625 454 508 626 467 509 627 485 510 628 463 511 629 459 512 630 483 513 631 459 512 630 455 505 623 473 514 632 454 508 626 471 515 633 474 516 634 453 517 635 472 486 597 461 518 636 576 519 637 486 520 638 475 521 639 458 522 640 473 514 632 474 516 634 461 518 636 457 523 641 484 499 617 460 524 642 456 525 643 468 498 616 467 509 627 419 495 611 480 491 605 465 506 624 406 489 603 489 503 621 418 496 613 479 526 644 469 490 601 464 487 598 417 493 609 465 506 645 469 490 601 406 489 600 418 496 615 477 507 625 468 498 616 459 512 646 476 527 647 474 516 634 460 524 648 473 514 632 456 525 649 486 520 638 580 528 650 460 524 642 459 512 646 472 486 597 455 505 651 456 525 649 471 515 633 452 500 652 466 502 653 471 515 633 477 507 625 451 140 158 468 498 616 419 495 611 455 505 651 478 488 599 465 506 645 578 529 654 462 530 655 475 521 639 464 487 598 479 526 644 417 493 609 419 495 611 488 504 622 480 491 605 457 523 641 486 520 638 484 499 617 463 511 656 577 531 657 476 527 647 454 508 626 485 510 628 483 513 631 462 530 655 485 510 628 458 522 640 467 509 627 483 513 631 488 504 622 453 517 635 489 503 621 464 487 598 457 523 641 482 501 619 453 517 635 450 178 205 479 526 644 481 137 155 417 493 609 407 472 602 469 490 601 419 495 611 480 491 605 405 469 604 504 532 658 494 533 659 495 465 574 501 534 660 496 535 661 492 482 593 498 536 662 499 537 663 490 538 664 499 537 663 491 539 665 490 538 664 771 485 596 490 538 664 773 540 666 770 483 594 496 535 661 776 464 573 490 538 664 774 481 592 773 540 666 495 465 574 777 456 667 772 466 575 497 541 668 520 542 669 521 543 670 519 544 671 510 545 672 517 546 673 506 547 674 512 548 675 516 549 676 510 545 672 518 550 677 517 546 673 491 539 665 501 534 660 492 482 593 502 551 678 498 536 662 493 457 566 496 535 661 504 532 658 495 465 574 494 533 679 502 551 678 493 457 566 533 552 680 513 553 681 509 554 682 515 555 683 531 556 684 497 541 685 497 541 685 532 557 686 508 558 687 535 559 688 510 545 689 511 560 690 518 550 677 497 541 668 521 543 670 509 554 691 506 547 674 522 561 692 512 548 675 519 544 693 516 549 676 508 558 694 522 561 692 520 542 669 520 542 669 732 562 695 735 563 696 516 549 676 730 564 697 733 565 698 522 561 692 728 566 699 732 562 695 518 550 677 731 567 700 734 568 701 517 546 673 734 568 701 729 569 702 728 566 699 516 549 676 733 565 698 730 564 703 517 546 673 729 569 702 521 543 670 735 563 696 731 567 700 527 570 704 401 571 705 402 572 706 530 573 707 396 574 708 395 448 554 524 575 709 413 492 606 397 453 561 414 460 569 530 573 707 395 448 554 525 576 710 414 460 569 400 577 711 396 574 708 524 575 709 397 453 561 413 492 606 527 570 704 402 572 706 401 571 712 525 576 710 400 577 711 532 557 686 541 578 713 533 552 680 544 579 714 535 559 688 536 580 715 533 552 680 545 581 716 537 582 717 547 583 718 531 556 684 539 584 719 512 548 720 535 559 688 511 560 690 532 557 686 509 554 682 508 558 687 534 585 721 515 555 683 510 545 722 513 553 681 536 580 723 512 548 724 555 586 725 693 587 726 694 588 727 538 589 728 690 590 729 693 587 726 691 591 730 550 592 731 688 593 732 692 594 733 552 595 734 689 596 735 542 597 736 539 584 719 534 585 721 544 579 737 565 598 738 545 581 716 535 559 688 542 597 739 534 585 740 514 599 741 532 557 686 531 556 684 551 600 742 553 601 743 554 602 744 550 592 745 554 602 744 555 586 725 538 589 728 554 602 744 548 603 746 554 602 744 549 604 747 548 603 746 549 604 747 692 594 733 695 605 748 552 595 749 691 591 730 689 596 750 690 590 729 549 604 747 695 605 748 688 593 751 555 586 725 694 588 727 556 606 752 715 607 753 717 608 754 719 609 755 562 610 756 716 611 757 558 612 758 712 613 759 718 614 760 716 611 757 557 615 761 713 616 762 713 616 762 558 612 763 718 614 764 712 613 759 556 606 765 717 608 766 560 617 767 719 609 755 714 618 768 715 607 753 560 617 767 714 618 768 567 619 769 564 620 770 563 621 771 536 580 715 566 622 772 544 579 714 565 598 738 537 582 717 545 581 716 537 582 717 564 620 770 536 580 723 572 623 773 570 624 774 568 625 775 568 625 775 566 622 772 564 620 776 565 598 738 567 619 769 563 621 771 566 622 777 569 626 778 565 598 738 571 627 779 574 628 780 572 623 781 573 629 782 567 619 769 569 626 778 570 624 783 573 629 782 569 626 778 567 619 769 572 623 781 568 625 784 581 630 785 487 631 786 462 530 655 487 631 786 579 632 787 463 511 629 460 524 648 578 529 654 475 521 639 476 527 647 687 633 788 461 518 636 601 289 789 585 634 790 589 635 791 601 289 789 584 636 792 602 637 793 607 289 794 586 638 795 608 639 796 606 640 797 590 289 798 607 289 794 598 641 799 593 289 800 599 289 801 597 642 802 593 289 800 591 643 803 668 289 804 595 644 805 669 645 806 668 289 804 594 646 807 596 289 808 582 647 809 599 289 801 597 642 802 583 648 810 599 289 801 587 649 811 596 289 808 602 637 793 595 644 805 596 289 808 600 650 812 601 289 789 590 289 798 604 651 813 605 289 814 590 289 798 603 652 815 586 638 795 592 653 816 607 289 794 593 289 800 591 643 803 607 289 794 608 639 796 583 648 817 614 654 818 610 655 819 600 650 820 612 656 821 585 634 822 669 645 823 625 657 824 603 652 825 606 640 826 615 658 827 588 659 828 592 653 829 627 660 830 606 640 826 594 646 831 670 661 832 619 662 833 597 642 834 617 663 835 621 664 836 594 646 831 623 665 837 600 650 820 595 644 838 671 666 839 669 645 823 602 637 840 620 667 841 595 644 838 613 668 842 644 669 843 633 670 844 613 668 842 647 671 845 628 672 846 617 663 835 640 673 847 621 664 836 610 655 819 641 674 848 622 675 849 627 660 830 634 676 850 615 658 827 619 662 833 642 677 851 623 665 837 616 678 852 632 679 853 635 680 854 621 664 836 629 681 855 609 682 856 624 683 857 631 684 858 643 685 859 628 672 846 636 686 860 617 663 835 671 666 839 639 687 861 673 688 862 618 689 863 641 674 848 637 690 864 612 656 821 642 677 851 632 679 853 615 658 827 645 691 865 626 692 866 626 692 866 672 693 867 670 661 832 611 694 868 635 680 869 631 684 858 627 660 830 637 690 864 646 695 870 620 667 841 643 685 859 639 687 861 673 688 862 658 696 871 675 697 872 637 690 864 660 698 873 656 699 874 632 679 853 661 700 875 651 701 876 645 691 865 653 702 877 664 703 878 645 691 865 674 704 879 672 693 867 631 684 858 654 705 880 650 706 881 646 695 870 656 699 874 665 707 882 639 687 861 662 708 883 658 696 871 633 670 844 663 709 884 652 710 885 633 670 844 666 711 886 647 671 845 636 686 860 659 712 887 640 673 847 641 674 848 649 713 888 660 698 873 634 676 850 665 707 882 653 702 877 642 677 851 657 714 889 661 700 875 635 680 854 651 701 876 654 705 890 640 673 847 648 715 891 629 681 855 631 684 858 662 708 883 643 685 859 647 671 845 655 716 892 636 686 860 650 706 881 682 717 893 662 708 883 676 718 894 651 701 876 661 700 875 682 717 893 658 696 871 662 708 883 677 719 895 654 705 890 651 701 876 675 697 872 685 720 896 663 709 884 657 714 889 676 718 894 661 700 875 678 721 897 650 706 881 654 705 880 674 704 879 681 722 898 657 714 889 663 709 884 686 723 899 664 703 878 629 681 855 649 713 888 630 724 900 660 698 873 655 716 892 656 699 874 666 711 886 656 699 874 655 716 892 666 711 886 653 702 877 665 707 882 664 703 878 652 710 885 663 709 884 664 703 878 680 725 901 674 704 879 683 726 902 675 697 872 658 696 871 672 693 867 657 714 889 638 727 903 644 669 843 675 697 872 663 709 884 670 661 832 638 727 903 619 662 833 625 657 824 673 688 862 644 669 843 587 649 904 609 682 856 614 654 818 605 289 814 667 728 905 668 289 804 603 652 815 668 289 804 669 645 806 677 719 895 575 729 906 581 630 907 678 721 897 581 630 908 679 730 909 581 630 907 678 721 910 677 719 895 681 722 898 577 531 911 579 632 912 580 528 913 682 717 893 578 529 914 676 718 894 579 632 912 575 729 906 578 529 914 679 730 909 581 630 908 685 720 896 576 519 915 687 633 916 685 720 896 687 633 916 686 723 899 577 531 911 686 723 899 687 633 916 576 519 915 683 726 902 580 528 913 582 647 917 621 664 836 609 682 856 584 636 918 624 683 857 602 637 840 608 639 919 613 668 842 628 672 846 584 636 918 616 678 920 611 694 868 591 643 921 628 672 846 617 663 835 667 728 922 626 692 866 670 661 832 598 641 923 618 689 863 592 653 829 588 659 828 626 692 866 604 651 924 603 652 825 613 668 842 586 638 925 589 635 926 612 656 821 616 678 852 598 641 923 610 655 819 622 675 849 660 698 873 648 715 891 659 712 887 610 655 819 614 654 818 630 724 900 614 654 818 609 682 856 629 681 855 629 681 855 630 724 900 614 654 818 556 606 752 694 588 727 561 731 927 559 732 928 695 605 748 562 610 756 689 596 750 546 733 929 558 612 758 695 605 748 557 615 761 562 610 756 557 615 761 689 596 735 558 612 763 546 733 929 688 593 732 556 606 765 693 587 726 559 732 928 560 617 767 561 731 927 693 587 726 560 617 767 195 262 309 702 241 283 696 260 307 198 266 313 703 258 304 698 242 284 185 273 322 697 259 306 197 268 315 196 271 318 703 258 304 201 265 312 196 271 318 697 259 930 700 247 289 185 273 322 696 260 931 699 244 286 198 266 313 701 239 281 199 274 323 200 276 325 701 239 281 702 241 283 186 236 274 706 275 324 707 261 308 179 232 270 706 275 324 153 254 298 182 253 297 709 263 932 704 267 314 184 235 273 710 269 933 705 272 319 180 231 269 705 272 319 708 270 317 182 253 297 710 269 316 183 233 271 179 232 270 708 270 317 711 264 311 186 236 274 709 263 310 181 250 292 547 583 718 714 618 768 514 599 741 714 618 768 540 734 934 514 599 741 543 735 935 717 608 766 542 597 739 545 581 716 718 614 764 544 579 737 541 578 713 713 616 762 545 581 716 718 614 760 543 735 935 544 579 714 540 734 934 716 611 757 541 578 713 717 608 754 547 583 718 542 597 736 761 736 936 723 218 254 757 737 937 756 738 938 721 220 256 722 215 257 759 739 939 725 216 252 720 217 253 760 740 940 721 220 256 755 741 941 757 737 937 726 219 255 760 740 940 724 213 249 758 742 942 720 217 253 756 738 943 725 216 252 759 739 939 758 742 942 727 214 250 761 736 936 731 567 700 754 743 944 750 744 945 749 745 946 729 569 702 748 746 947 728 566 699 733 565 698 752 747 948 729 569 702 753 748 949 748 746 947 734 568 701 750 744 945 753 748 949 751 749 950 732 562 695 728 566 699 733 565 698 749 745 951 752 747 948 735 563 696 751 749 950 754 743 944 740 129 142 442 459 568 399 132 145 743 478 588 443 462 571 402 572 706 746 480 591 398 750 952 443 462 571 744 476 586 401 571 712 400 577 711 745 479 589 402 572 706 401 571 705 747 477 587 400 577 711 442 459 568 85 90 97 740 129 142 399 132 145 86 93 100 736 110 118 52 131 144 398 750 952 741 113 122 86 93 100 51 221 267 737 108 116 50 227 264 52 131 144 739 111 119 51 221 258 50 227 264 742 109 117 85 90 97 754 743 944 501 534 660 500 751 953 752 747 948 503 752 954 504 532 658 501 534 660 751 749 950 505 753 955 753 748 949 499 537 663 507 754 956 748 746 947 507 754 956 502 551 678 504 532 658 505 753 955 752 747 948 503 752 957 748 746 947 502 551 678 750 744 945 500 751 953 499 537 663 140 180 208 761 736 936 139 199 228 142 202 958 759 739 939 143 179 207 140 180 208 144 201 230 758 742 942 138 182 210 760 740 940 146 183 211 146 183 211 755 741 941 141 200 229 144 201 230 143 179 207 759 739 939 142 202 231 755 741 941 756 738 938 139 199 228 757 737 937 138 182 210 144 201 230 720 217 253 758 742 942 505 753 955 728 566 699 752 747 948 144 201 230 759 739 939 720 217 253 505 753 955 751 749 950 728 566 699 168 230 959 764 187 216 166 222 259 162 228 265 765 186 214 169 223 260 167 229 266 762 185 213 163 224 261 165 225 262 765 186 214 763 117 126 165 225 262 767 118 127 164 226 263 162 228 265 762 185 213 766 114 123 167 229 266 764 187 216 768 95 102 168 230 268 767 118 127 769 86 93 772 466 575 529 755 960 527 570 704 773 540 666 523 756 961 530 573 707 770 483 594 528 757 962 524 575 709 526 758 963 773 540 666 530 573 707 775 458 567 526 758 963 525 576 710 523 756 961 770 483 594 524 575 709 528 757 962 772 466 575 527 570 704 529 755 964 775 458 567 525 576 710 0 0 0 26 6 6 40 1 1 29 2 2 39 50 50 15 3 3 0 0 0 15 3 3 35 4 4 14 5 5 38 34 34 26 6 6 22 7 7 34 48 48 13 8 8 13 8 8 37 17 17 24 10 10 64 11 11 76 24 24 379 12 12 64 11 11 352 13 13 377 14 14 2 16 16 24 10 10 37 17 17 2 16 16 18 18 18 32 19 19 72 21 21 372 759 965 353 22 22 65 23 23 353 22 22 379 12 12 3 25 25 19 67 70 33 26 26 20 27 27 38 34 34 25 28 28 66 29 29 77 39 39 380 30 30 355 31 31 374 760 966 73 32 32 4 33 33 25 28 28 38 34 34 14 5 5 35 4 4 23 35 35 75 36 36 378 761 967 356 37 37 356 37 37 380 30 30 77 39 39 5 40 40 12 43 43 36 41 41 28 42 42 40 1 1 26 6 6 5 40 40 26 6 6 38 34 34 20 27 27 33 26 26 12 43 43 6 44 44 16 46 46 32 19 19 18 18 18 37 17 17 27 45 45 6 44 44 27 45 45 40 1 1 28 42 42 36 41 41 16 46 46 7 47 47 27 45 45 37 17 17 7 47 47 13 8 8 34 48 48 7 47 47 21 49 49 39 50 50 29 2 2 40 1 1 27 45 45 15 3 3 39 50 50 30 51 51 68 53 53 78 59 62 382 54 54 361 55 56 378 761 967 75 36 36 8 52 58 23 35 35 35 4 4 9 56 59 21 49 49 34 48 48 74 15 15 377 14 14 362 57 60 69 58 61 362 57 60 382 54 54 30 51 51 39 50 50 21 49 49 31 60 63 11 66 69 43 61 64 10 63 66 17 20 20 32 19 19 10 63 66 16 46 46 36 41 41 365 64 67 372 759 965 72 21 21 31 60 63 36 41 41 12 43 43 11 66 69 12 43 43 33 26 26 73 32 32 374 760 966 366 68 71 70 65 68 10 63 66 41 70 73 42 62 65 45 77 87 44 72 75 80 73 76 383 76 79 388 74 77 31 60 63 42 62 65 41 70 73 71 69 72 366 68 71 383 76 79 45 77 80 48 84 90 47 78 81 82 75 83 388 74 558 393 79 84 42 62 65 43 61 64 46 81 86 79 71 74 41 70 73 44 72 75 45 77 80 46 81 149 49 83 89 44 72 82 47 78 81 83 85 91 769 86 93 767 118 127 132 87 94 60 89 96 50 227 264 85 90 97 416 92 99 398 750 952 86 93 100 768 95 102 764 187 216 134 96 103 90 98 105 408 468 577 403 99 106 57 101 108 54 105 968 53 102 109 57 101 111 56 127 140 55 104 112 58 103 110 53 102 109 87 106 114 737 108 116 58 103 110 89 107 115 736 110 118 56 127 140 57 101 111 739 111 120 57 101 108 58 103 110 738 112 121 408 468 577 90 98 105 766 114 123 762 185 213 131 115 124 393 79 84 416 92 99 91 94 101 47 78 81 60 89 96 92 91 98 763 117 126 137 181 209 132 87 94 105 119 128 94 159 179 112 120 129 83 85 91 92 91 98 415 124 137 49 83 89 84 80 85 91 94 101 741 113 122 90 98 105 56 127 140 742 109 117 89 107 115 412 128 141 89 107 115 87 106 114 404 130 143 90 98 105 88 100 107 55 104 112 59 126 139 91 94 101 86 93 100 92 91 98 85 90 97 399 132 145 81 82 92 83 85 91 394 125 138 79 71 74 81 82 88 389 133 147 46 81 149 82 75 83 84 80 85 71 69 72 80 73 76 43 61 64 80 73 76 82 75 78 46 81 86 365 64 67 70 65 68 79 71 74 19 67 70 73 32 32 71 69 72 70 65 68 72 21 21 17 20 20 9 56 59 69 58 61 78 59 62 22 7 7 74 15 15 69 58 61 68 53 57 75 36 36 23 35 35 8 52 52 30 51 51 78 59 62 67 38 38 77 39 39 25 28 28 4 33 33 23 35 35 75 36 36 66 29 29 73 32 32 19 67 70 3 25 25 25 28 28 77 39 39 2 16 16 65 23 23 76 24 24 17 20 20 72 21 21 65 23 23 64 11 11 74 15 15 22 7 7 1 9 9 24 10 10 76 24 24 403 99 154 450 178 205 61 135 150 481 137 155 420 497 614 62 138 156 87 106 153 63 136 152 451 140 158 62 138 160 420 497 969 470 141 161 93 143 163 97 171 970 123 144 164 107 146 166 93 143 163 121 145 165 127 148 168 106 170 190 96 149 169 117 151 171 108 169 189 95 152 172 124 154 174 100 157 177 104 155 175 122 150 170 96 149 169 100 157 177 95 152 172 99 164 184 113 158 178 94 159 179 98 175 202 114 160 180 102 161 181 125 168 188 215 162 182 99 164 184 103 173 200 115 165 185 114 160 180 98 175 202 102 161 181 123 144 164 97 171 970 101 167 187 109 142 162 63 136 152 108 169 189 120 123 135 54 105 134 106 170 190 62 138 156 107 146 166 128 147 167 110 122 133 61 135 150 105 119 128 110 122 133 118 121 130 106 170 191 62 138 160 109 142 162 117 151 171 100 157 193 114 160 180 116 166 186 113 158 178 115 165 185 101 167 195 125 168 188 101 167 187 219 172 197 112 120 129 114 160 180 100 157 193 111 153 173 113 158 178 97 171 196 107 146 192 117 151 171 111 153 173 109 142 162 470 141 161 451 140 158 118 121 130 112 120 129 96 149 198 103 173 200 220 287 340 217 174 201 119 139 157 128 147 167 105 119 128 63 136 152 120 123 135 127 148 168 98 175 202 123 144 164 125 168 188 104 155 194 116 166 186 216 176 203 95 152 172 122 150 170 124 154 174 124 154 174 126 156 176 103 173 200 108 169 189 127 148 168 122 150 170 128 147 167 121 145 165 94 159 179 121 145 165 123 144 164 98 175 202 450 178 205 481 137 155 119 139 157 133 88 206 142 202 958 143 179 207 135 97 104 144 201 230 140 180 208 137 181 209 129 184 212 138 182 210 130 116 125 139 199 228 138 182 210 763 117 126 765 186 214 129 184 212 762 185 213 768 95 102 135 97 104 766 114 123 130 116 125 129 184 212 769 86 215 133 88 206 134 96 103 159 188 217 147 212 248 136 189 218 158 191 220 156 198 227 149 192 221 145 194 223 155 211 247 151 195 224 157 197 226 154 205 243 149 192 221 130 116 125 131 115 124 140 180 208 137 181 209 146 183 211 141 200 229 135 97 104 134 96 103 143 179 207 133 88 95 132 87 94 141 200 229 152 196 232 176 238 280 172 203 233 154 205 235 136 189 238 170 206 236 136 189 238 147 212 276 171 208 239 149 192 240 173 237 971 174 209 241 157 197 226 160 190 219 136 189 218 145 194 223 152 196 225 148 204 244 158 191 246 150 193 972 151 195 224 161 210 245 148 204 244 147 212 248 724 213 249 161 210 245 159 188 217 722 215 251 158 191 246 155 211 247 720 217 253 145 194 223 161 210 245 723 218 254 160 190 219 157 197 226 726 219 255 157 197 226 156 198 227 720 217 253 725 216 252 155 211 247 722 215 257 721 220 256 156 198 227 727 214 250 159 188 217 160 190 219 51 221 258 168 230 959 166 222 259 48 84 90 162 228 265 169 223 260 59 126 139 167 229 266 163 224 261 60 89 96 47 78 81 169 223 260 60 89 96 165 225 262 164 226 263 48 84 90 49 83 89 163 224 261 59 126 139 52 131 144 166 222 259 51 221 267 50 227 264 164 226 263 171 208 239 172 203 233 180 231 269 174 209 241 182 253 297 183 233 271 172 203 233 176 238 280 184 235 273 170 206 236 153 254 298 186 236 274 151 195 275 150 193 242 174 209 241 148 204 234 172 203 233 171 208 239 154 205 235 178 207 237 173 237 277 152 196 232 151 195 973 175 234 279 701 239 281 177 243 285 194 240 282 698 242 284 187 257 303 177 243 285 699 244 286 696 260 931 189 245 287 700 247 289 697 259 930 191 248 290 178 207 237 186 236 274 181 250 292 183 233 293 184 235 273 204 251 294 174 209 241 173 237 971 181 250 296 171 208 239 179 232 270 153 254 298 192 249 291 191 248 290 190 246 299 193 255 300 190 246 299 189 245 301 177 243 285 187 257 303 193 255 300 188 256 302 192 249 291 193 255 300 700 247 289 192 249 291 188 256 302 699 244 286 190 246 288 191 248 305 698 242 284 703 258 304 188 256 302 696 260 307 702 241 283 194 240 282 707 261 308 200 276 325 195 262 309 711 264 311 708 270 317 201 265 312 704 267 314 185 273 322 197 268 315 708 270 317 705 272 319 196 271 318 705 272 319 710 269 933 197 268 320 704 267 314 709 263 932 195 262 321 711 264 311 198 266 313 199 274 323 707 261 308 706 275 324 199 274 323 203 277 326 207 282 974 206 278 327 175 234 272 183 233 271 205 252 329 176 238 280 202 279 328 204 251 294 176 238 280 175 234 279 203 277 326 209 280 331 213 285 975 211 281 332 205 252 329 209 280 331 207 282 333 204 251 294 202 279 328 206 278 327 205 252 295 204 251 294 208 283 334 210 284 336 211 281 339 213 285 337 206 278 327 210 284 336 212 286 338 209 280 335 208 283 334 212 286 338 206 278 327 207 282 974 211 281 339 126 156 176 214 288 342 220 287 340 126 156 176 104 155 175 218 177 341 101 167 195 115 165 185 217 174 201 116 166 186 102 161 181 326 163 183 240 289 344 228 386 976 224 290 345 223 292 347 228 386 976 240 289 344 225 294 349 229 289 352 246 289 350 229 289 352 227 307 368 245 296 353 232 289 354 231 309 370 237 297 355 236 298 357 230 310 371 232 289 354 234 299 358 235 289 366 307 289 359 307 289 359 235 289 366 233 301 361 221 303 363 236 298 357 238 289 356 238 289 356 237 297 355 222 305 365 241 293 348 240 289 344 235 289 366 235 289 366 240 289 344 239 291 346 229 289 352 244 289 466 243 306 367 242 308 369 244 289 466 229 289 352 246 289 350 245 296 353 231 309 370 230 310 371 247 295 351 246 289 350 222 305 372 249 328 404 253 311 373 251 312 375 262 318 392 239 291 376 264 313 378 310 319 393 308 300 379 254 314 381 266 315 384 245 296 382 266 315 384 257 342 418 231 309 385 233 301 386 258 332 408 309 316 387 236 298 389 260 326 402 256 317 390 262 318 392 258 332 408 233 301 386 310 319 393 259 320 395 234 299 394 259 320 395 263 337 413 241 293 396 252 321 397 272 359 436 283 322 398 286 323 399 272 359 436 252 321 397 279 325 401 275 340 416 256 317 390 280 327 403 269 364 441 249 328 404 273 330 406 285 356 433 266 315 384 281 331 407 277 367 444 258 332 408 255 333 409 274 346 445 271 334 410 268 335 411 279 325 401 260 326 402 263 337 413 282 348 425 270 338 414 275 340 416 286 323 399 267 324 400 310 319 393 312 349 426 278 341 417 257 342 418 276 347 424 280 327 403 251 312 375 271 334 410 281 331 407 284 343 419 273 330 406 254 314 381 311 345 421 284 343 419 265 344 420 250 339 415 270 338 414 274 346 422 266 315 384 285 356 433 276 347 424 259 320 395 278 341 417 282 348 425 312 349 426 314 376 455 297 350 427 276 347 424 295 357 434 299 351 428 271 334 410 290 368 446 300 352 429 284 343 419 303 384 463 292 353 430 313 354 431 303 384 463 284 343 419 270 338 414 289 371 449 293 355 432 285 356 433 304 365 442 295 357 434 278 341 417 297 350 427 301 358 435 272 359 436 291 383 462 302 360 437 305 361 438 291 383 462 272 359 436 298 362 439 294 370 448 275 340 416 280 327 403 299 351 428 288 363 440 273 330 406 292 353 430 304 365 442 281 331 407 300 352 429 296 366 443 274 346 445 293 355 453 290 368 446 287 369 447 298 362 439 279 325 401 301 358 435 289 371 449 270 338 414 294 370 448 305 361 438 286 323 399 289 371 449 301 358 435 321 372 450 290 368 446 316 375 454 315 374 452 297 350 427 322 385 464 321 372 450 293 355 453 317 380 470 316 375 454 314 376 455 302 360 437 324 377 456 296 366 443 300 352 429 315 374 452 289 371 449 318 373 451 317 380 459 313 354 431 296 366 443 320 379 458 302 360 437 303 384 463 325 382 461 268 335 411 269 364 441 288 363 440 299 351 428 295 357 434 294 370 448 305 361 438 294 370 448 295 357 434 292 353 430 291 383 462 305 361 438 291 383 462 292 353 430 303 384 463 303 384 463 313 354 431 319 381 460 314 376 455 323 378 457 322 385 464 296 366 443 313 354 431 311 345 421 283 322 398 302 360 437 314 376 455 277 367 444 311 345 421 309 316 387 264 313 378 283 322 398 312 349 426 226 304 374 253 311 373 248 336 412 244 289 466 307 289 359 306 302 362 242 308 369 308 300 360 307 289 359 214 288 467 315 374 452 316 375 454 216 176 471 319 381 460 320 379 458 219 172 473 217 174 474 321 372 450 218 177 472 320 379 458 315 374 452 217 174 474 220 287 469 318 373 451 215 162 475 323 378 457 324 377 456 216 176 471 326 163 476 325 382 461 215 162 475 219 172 473 322 385 464 221 303 465 248 336 412 260 326 402 263 337 413 250 339 415 223 292 477 247 295 478 267 324 400 252 321 397 223 292 477 250 339 415 255 333 423 230 310 391 256 317 390 267 324 400 306 302 388 309 316 387 265 344 420 257 342 418 261 329 405 237 297 482 265 344 420 254 314 381 227 307 383 252 321 397 264 313 378 242 308 380 228 386 483 255 333 409 251 312 375 237 297 482 261 329 405 249 328 404 287 369 447 288 363 440 299 351 428 327 387 484 360 391 488 381 388 485 342 390 487 376 428 529 360 391 488 327 387 484 341 393 490 370 392 489 357 389 486 375 415 516 341 393 490 340 394 491 369 427 528 349 395 492 351 397 494 373 401 501 340 394 491 421 398 495 352 13 499 379 12 496 421 398 495 431 435 540 377 14 498 329 400 500 345 403 503 373 401 501 329 400 500 344 441 546 367 402 502 353 22 504 372 759 977 429 404 505 422 405 506 433 399 497 379 12 496 330 406 507 347 410 511 368 407 508 354 409 510 375 415 516 347 410 511 423 411 512 355 31 31 380 30 30 430 413 514 374 760 966 355 31 31 331 414 515 341 393 490 375 415 516 350 416 517 370 392 489 341 393 490 356 37 37 378 761 967 432 417 518 434 412 513 380 30 30 356 37 37 332 419 520 359 422 523 371 420 521 357 389 486 381 388 485 359 422 523 332 419 520 347 410 511 375 415 516 339 421 522 368 407 508 347 410 511 333 423 524 345 403 503 367 402 502 358 425 526 373 401 501 345 403 503 333 423 524 359 422 523 381 388 485 343 424 525 371 420 521 359 422 523 334 426 527 340 394 491 373 401 501 334 426 527 348 429 530 369 427 528 334 426 527 360 391 488 376 428 529 358 425 526 381 388 485 360 391 488 363 430 531 376 428 529 342 390 487 425 432 533 361 55 978 382 54 534 432 417 518 378 761 967 361 55 56 335 431 537 342 390 487 370 392 489 336 434 538 349 395 492 369 427 528 362 57 539 377 14 498 431 435 540 426 436 541 435 433 535 382 54 534 348 429 530 376 428 529 363 430 531 364 437 542 386 446 552 387 438 543 337 440 545 343 424 525 367 402 502 337 440 545 364 437 542 371 420 521 429 404 505 372 759 977 365 64 547 339 421 522 371 420 521 364 437 542 338 439 544 346 408 509 368 407 508 366 68 71 374 760 966 430 413 514 427 442 548 436 452 560 385 444 550 390 445 551 391 449 979 386 446 552 437 447 553 439 450 980 388 74 77 385 444 550 386 446 552 364 437 542 428 443 549 437 447 553 383 76 79 395 448 554 396 574 708 391 449 555 439 450 557 441 484 595 393 79 84 386 446 552 391 449 979 392 451 559 436 452 560 438 455 981 390 445 551 391 449 555 396 574 708 397 453 561 440 454 563 395 448 554 390 445 556 777 456 565 494 533 679 493 457 566 442 459 568 400 577 711 414 460 569 443 462 571 398 750 952 416 92 99 776 464 573 496 535 661 495 465 574 447 467 576 445 494 982 403 99 106 405 469 578 406 489 983 410 470 579 410 470 581 406 489 984 407 472 582 444 474 584 405 469 578 411 471 580 446 475 585 411 471 580 744 476 586 410 470 581 409 473 583 743 478 588 411 471 580 410 470 579 745 479 590 447 467 576 408 468 577 738 112 121 774 481 592 491 539 665 492 482 593 448 463 572 416 92 99 393 79 84 449 461 570 414 460 569 395 448 554 493 457 566 498 536 662 771 485 596 472 486 597 453 517 635 464 487 598 415 124 137 449 461 570 440 454 563 397 453 561 413 492 606 448 463 572 409 473 583 447 467 576 746 480 591 412 128 141 446 475 585 747 477 587 404 130 143 444 474 584 446 475 585 407 472 582 445 494 982 447 467 576 413 492 606 402 572 706 443 462 571 399 132 145 442 459 568 449 461 570 394 125 138 440 454 563 438 455 564 389 133 607 438 455 981 436 452 560 392 451 562 397 453 561 441 484 595 387 438 543 437 447 553 428 443 549 392 451 559 439 450 980 437 447 553 365 64 547 384 134 608 436 452 560 428 443 549 430 413 514 346 408 509 344 441 546 429 404 505 427 442 548 336 434 538 363 430 531 435 433 535 426 436 541 431 435 540 349 395 492 350 416 517 432 417 518 425 432 536 335 431 532 425 432 533 435 433 535 354 409 510 434 412 513 424 418 519 331 414 515 424 418 519 432 417 518 346 408 509 430 413 514 423 411 512 330 406 507 423 411 512 434 412 513 329 400 500 351 397 494 433 399 497 422 405 506 429 404 505 344 441 546 349 395 492 431 435 540 421 398 495 328 396 493 421 398 495 433 399 497 403 99 154 445 494 610 417 493 609 481 137 155 479 526 644 418 496 613 451 140 158 419 495 611 444 474 612 470 141 161 420 497 969 418 496 615 484 499 617 456 525 643 452 500 618 482 501 619 452 500 618 466 502 620 488 504 622 483 513 631 455 505 623 477 507 625 471 515 633 454 508 626 485 510 628 487 631 786 463 511 629 483 513 631 485 510 628 459 512 630 473 514 632 458 522 640 454 508 626 474 516 634 457 523 641 453 517 635 461 518 636 687 633 788 576 519 637 475 521 639 462 530 655 458 522 640 474 516 634 476 527 647 461 518 636 484 499 617 486 520 638 460 524 642 468 498 616 477 507 625 467 509 627 480 491 605 488 504 622 465 506 624 489 503 621 466 502 620 418 496 613 469 490 601 478 488 599 464 487 598 465 506 645 478 488 599 469 490 601 418 496 615 466 502 653 477 507 625 459 512 646 463 511 656 476 527 647 460 524 648 475 521 639 473 514 632 486 520 638 576 519 637 580 528 650 459 512 646 474 516 634 472 486 597 456 525 649 473 514 632 471 515 633 466 502 653 452 500 652 471 515 633 451 140 158 470 141 161 468 498 616 455 505 651 472 486 597 478 488 599 578 529 654 581 630 785 462 530 655 464 487 598 489 503 621 479 526 644 419 495 611 467 509 627 488 504 622 457 523 641 461 518 636 486 520 638 463 511 656 579 632 985 577 531 657 454 508 626 458 522 640 485 510 628 462 530 655 487 631 786 485 510 628 467 509 627 454 508 626 483 513 631 453 517 635 482 501 619 489 503 621 457 523 641 484 499 617 482 501 619 450 178 205 417 493 609 479 526 644 504 532 658 503 752 954 494 533 659 501 534 660 505 753 955 496 535 661 498 536 662 507 754 956 499 537 663 499 537 663 500 751 953 491 539 665 771 485 596 498 536 662 490 538 664 770 483 594 492 482 593 496 535 661 490 538 664 491 539 665 774 481 592 495 465 574 494 533 659 777 456 667 497 541 668 508 558 694 520 542 669 519 544 671 511 560 986 510 545 672 506 547 674 513 553 987 512 548 675 510 545 672 515 555 988 518 550 677 491 539 665 500 751 953 501 534 660 502 551 678 507 754 956 498 536 662 496 535 661 505 753 955 504 532 658 494 533 679 503 752 957 502 551 678 533 552 680 537 582 717 513 553 681 515 555 683 539 584 719 531 556 684 497 541 685 531 556 684 532 557 686 535 559 688 534 585 740 510 545 689 518 550 677 515 555 988 497 541 668 509 554 691 513 553 987 506 547 674 512 548 675 511 560 989 519 544 693 508 558 694 509 554 691 522 561 692 520 542 669 522 561 692 732 562 695 516 549 676 519 544 693 730 564 697 522 561 692 506 547 674 728 566 699 518 550 677 521 543 670 731 567 700 517 546 673 518 550 677 734 568 701 728 566 699 506 547 674 516 549 676 730 564 703 519 544 671 517 546 673 521 543 670 520 542 669 735 563 696 527 570 704 529 755 960 401 571 705 530 573 707 523 756 961 396 574 708 524 575 709 528 757 962 413 492 606 414 460 569 526 758 963 530 573 707 525 576 710 526 758 963 414 460 569 396 574 708 523 756 961 524 575 709 413 492 606 528 757 962 527 570 704 401 571 712 529 755 964 525 576 710 532 557 686 540 734 934 541 578 713 544 579 714 543 735 935 535 559 688 533 552 680 541 578 713 545 581 716 547 583 718 514 599 741 531 556 684 512 548 720 536 580 715 535 559 688 532 557 686 533 552 680 509 554 682 534 585 721 539 584 719 515 555 683 513 553 681 537 582 717 536 580 723 555 586 725 538 589 728 693 587 726 538 589 728 548 603 746 690 590 729 691 591 730 551 600 990 550 592 731 692 594 733 553 601 743 552 595 734 542 597 736 547 583 718 539 584 719 544 579 737 566 622 777 565 598 738 535 559 688 543 735 935 542 597 739 514 599 741 540 734 934 532 557 686 551 600 742 552 595 734 553 601 743 550 592 745 551 600 742 554 602 744 538 589 728 555 586 725 554 602 744 554 602 744 553 601 743 549 604 747 549 604 747 553 601 743 692 594 733 552 595 749 551 600 990 691 591 730 690 590 729 548 603 746 549 604 747 688 593 751 550 592 745 555 586 725 556 606 752 561 731 927 715 607 753 719 609 755 559 732 928 562 610 756 558 612 758 546 733 929 712 613 759 716 611 757 562 610 756 557 615 761 713 616 762 557 615 761 558 612 763 712 613 759 546 733 929 556 606 765 560 617 767 559 732 928 719 609 755 715 607 753 561 731 927 560 617 767 567 619 769 568 625 784 564 620 770 536 580 715 564 620 776 566 622 772 565 598 738 563 621 771 537 582 717 537 582 717 563 621 771 564 620 770 572 623 773 574 628 991 570 624 774 568 625 775 570 624 774 566 622 772 565 598 738 569 626 778 567 619 769 566 622 777 570 624 783 569 626 778 571 627 779 573 629 782 574 628 780 573 629 782 571 627 779 567 619 769 570 624 783 574 628 780 573 629 782 567 619 769 571 627 779 572 623 781 581 630 785 575 729 992 487 631 786 487 631 786 575 729 992 579 632 787 460 524 648 580 528 993 578 529 654 476 527 647 577 531 657 687 633 788 601 289 789 600 650 812 585 634 790 601 289 789 589 635 791 584 636 792 607 289 794 590 289 798 586 638 795 606 640 797 588 659 994 590 289 798 598 641 799 592 653 816 593 289 800 597 642 802 599 289 801 593 289 800 668 289 804 596 289 808 595 644 805 668 289 804 667 728 905 594 646 807 582 647 809 587 649 811 599 289 801 583 648 810 598 641 799 599 289 801 596 289 808 601 289 789 602 637 793 596 289 808 594 646 807 600 650 812 590 289 798 588 659 994 604 651 813 590 289 798 605 289 814 603 652 815 592 653 816 606 640 797 607 289 794 591 643 803 593 289 800 607 289 794 583 648 817 587 649 904 614 654 818 600 650 820 623 665 837 612 656 821 669 645 823 671 666 839 625 657 824 606 640 826 627 660 830 615 658 827 592 653 829 618 689 863 627 660 830 594 646 831 667 728 922 670 661 832 597 642 834 591 643 921 617 663 835 594 646 831 619 662 833 623 665 837 595 644 838 620 667 841 671 666 839 602 637 840 624 683 857 620 667 841 613 668 842 625 657 824 644 669 843 613 668 842 633 670 844 647 671 845 617 663 835 636 686 860 640 673 847 610 655 819 630 724 900 641 674 848 627 660 830 646 695 870 634 676 850 619 662 833 638 727 903 642 677 851 616 678 852 612 656 821 632 679 853 621 664 836 640 673 847 629 681 855 624 683 857 611 694 868 631 684 858 628 672 846 647 671 845 636 686 860 671 666 839 620 667 841 639 687 861 618 689 863 622 675 849 641 674 848 612 656 821 623 665 837 642 677 851 615 658 827 634 676 850 645 691 865 626 692 866 645 691 865 672 693 867 611 694 868 616 678 920 635 680 869 627 660 830 618 689 863 637 690 864 620 667 841 624 683 857 643 685 859 673 688 862 639 687 861 658 696 871 637 690 864 641 674 848 660 698 873 632 679 853 642 677 851 661 700 875 645 691 865 634 676 850 653 702 877 645 691 865 664 703 878 674 704 879 631 684 858 635 680 869 654 705 880 646 695 870 637 690 864 656 699 874 639 687 861 643 685 859 662 708 883 633 670 844 644 669 843 663 709 884 633 670 844 652 710 885 666 711 886 636 686 860 655 716 892 659 712 887 641 674 848 630 724 900 649 713 888 634 676 850 646 695 870 665 707 882 642 677 851 638 727 903 657 714 889 635 680 854 632 679 853 651 701 876 640 673 847 659 712 887 648 715 891 631 684 858 650 706 881 662 708 883 647 671 845 666 711 886 655 716 892 650 706 881 679 730 909 682 717 893 676 718 894 677 719 895 651 701 876 682 717 893 683 726 902 658 696 871 677 719 895 678 721 910 654 705 890 675 697 872 684 762 995 685 720 896 657 714 889 681 722 898 676 718 894 678 721 897 679 730 909 650 706 881 674 704 879 680 725 901 681 722 898 663 709 884 685 720 896 686 723 899 629 681 855 648 715 891 649 713 888 660 698 873 659 712 887 655 716 892 666 711 886 665 707 882 656 699 874 666 711 886 652 710 885 653 702 877 664 703 878 653 702 877 652 710 885 664 703 878 686 723 899 680 725 901 683 726 902 684 762 995 675 697 872 672 693 867 674 704 879 657 714 889 644 669 843 673 688 862 675 697 872 670 661 832 672 693 867 638 727 903 625 657 824 671 666 839 673 688 862 587 649 904 582 647 917 609 682 856 605 289 814 604 651 813 667 728 905 603 652 815 605 289 814 668 289 804 677 719 895 676 718 894 575 729 906 681 722 898 680 725 901 577 531 911 580 528 913 683 726 902 682 717 893 676 718 894 681 722 898 579 632 912 578 529 914 682 717 893 679 730 909 685 720 896 684 762 995 576 519 915 577 531 911 680 725 901 686 723 899 576 519 915 684 762 995 683 726 902 582 647 917 597 642 834 621 664 836 584 636 918 611 694 868 624 683 857 608 639 919 586 638 925 613 668 842 584 636 918 589 635 996 616 678 920 591 643 921 608 639 919 628 672 846 667 728 922 604 651 924 626 692 866 598 641 923 622 675 849 618 689 863 588 659 828 615 658 827 626 692 866 603 652 825 625 657 824 613 668 842 589 635 926 585 634 822 612 656 821 598 641 923 583 648 817 610 655 819 660 698 873 649 713 888 648 715 891 556 606 752 688 593 751 694 588 727 559 732 928 690 590 729 695 605 748 689 596 750 691 591 730 546 733 929 695 605 748 692 594 733 557 615 761 557 615 761 692 594 733 689 596 735 546 733 929 691 591 730 688 593 732 693 587 726 690 590 729 559 732 928 561 731 927 694 588 727 693 587 726 195 262 309 200 276 325 702 241 283 198 266 313 201 265 312 703 258 304 185 273 322 699 244 286 697 259 306 196 271 318 700 247 289 703 258 304 196 271 318 197 268 320 697 259 930 185 273 322 195 262 321 696 260 931 198 266 313 698 242 284 701 239 281 200 276 325 199 274 323 701 239 281 186 236 274 153 254 298 706 275 324 179 232 270 711 264 311 706 275 324 182 253 297 181 250 296 709 263 932 184 235 273 183 233 293 710 269 933 180 231 269 184 235 273 705 272 319 182 253 297 704 267 314 710 269 316 179 232 270 180 231 269 708 270 317 186 236 274 707 261 308 709 263 310 547 583 718 715 607 753 714 618 768 714 618 768 719 609 755 540 734 934 543 735 935 712 613 759 717 608 766 545 581 716 713 616 762 718 614 764 541 578 713 716 611 757 713 616 762 718 614 760 712 613 759 543 735 935 540 734 934 719 609 755 716 611 757 717 608 754 715 607 753 547 583 718 761 736 936 727 214 250 723 218 254 756 738 938 755 741 941 721 220 256 760 740 940 726 219 255 721 220 256 757 737 937 723 218 254 726 219 255 756 738 943 722 215 251 725 216 252 758 742 942 724 213 249 727 214 250 731 567 700 735 563 696 754 743 944 749 745 946 730 564 703 729 569 702 729 569 702 734 568 701 753 748 949 734 568 701 731 567 700 750 744 945 733 565 698 730 564 697 749 745 951 735 563 696 732 562 695 751 749 950 740 129 142 747 477 587 442 459 568 743 478 588 746 480 591 443 462 571 746 480 591 738 112 121 398 750 952 744 476 586 745 479 590 401 571 712 745 479 589 743 478 588 402 572 706 747 477 587 744 476 586 400 577 711 85 90 97 742 109 117 740 129 142 86 93 100 741 113 122 736 110 118 398 750 952 738 112 121 741 113 122 51 221 267 739 111 120 737 108 116 52 131 144 736 110 118 739 111 119 50 227 264 737 108 116 742 109 117 754 743 944 751 749 950 501 534 660 752 747 948 749 745 951 503 752 954 753 748 949 750 744 945 499 537 663 748 746 947 753 748 949 507 754 956 503 752 957 749 745 946 748 746 947 750 744 945 754 743 944 500 751 953 140 180 208 758 742 942 761 736 936 142 202 958 756 738 943 759 739 939 138 182 210 757 737 937 760 740 940 146 183 211 760 740 940 755 741 941 142 202 231 141 200 229 755 741 941 139 199 228 761 736 936 757 737 937 168 230 959 769 86 215 764 187 216 162 228 265 766 114 123 765 186 214 167 229 266 768 95 102 762 185 213 165 225 262 169 223 260 765 186 214 165 225 262 763 117 126 767 118 127 162 228 265 163 224 261 762 185 213 167 229 266 166 222 259 764 187 216 168 230 268 164 226 263 767 118 127 772 466 575 777 456 667 529 755 960 773 540 666 774 481 592 523 756 961 770 483 594 776 464 573 528 757 962 526 758 963 771 485 596 773 540 666 775 458 567 771 485 596 526 758 963 523 756 961 774 481 592 770 483 594 528 757 962 776 464 573 772 466 575 529 755 964 777 456 565 775 458 567</p>
        </polylist>
      </mesh>
    </geometry>
  </library_geometries>
  <library_controllers>
    <controller id="characterSmallController">
      <skin source="#characterSmall-lib">
        <bind_shape_matrix>1.000000 -0.000000 0.000000 0.000000 0.000000 1.000000 -0.000000 0.000000 0.000000 0.000000 1.000000 0.000000 0.000000 0.000000 0.000000 1.000000
</bind_shape_matrix>
        <source id="characterSmallController-Joints">
          <Name_array id="characterSmallController-Joints-array" count="34">
 mixamorig_Head mixamorig_Neck mixamorig_Spine2 mixamorig_LeftShoulder
mixamorig_LeftArm mixamorig_Spine1 mixamorig_Hips mixamorig_LeftUpLeg mixamorig_Spine
mixamorig_RightUpLeg mixamorig_LeftLeg mixamorig_LeftFoot mixamorig_LeftToeBase
mixamorig_LeftForeArm mixamorig_LeftHand mixamorig_LeftHandIndex1 mixamorig_LeftHandThumb1
mixamorig_LeftHandIndex2 mixamorig_LeftHandThumb2 mixamorig_LeftHandThumb3
mixamorig_LeftHandIndex3 mixamorig_RightShoulder mixamorig_RightArm mixamorig_RightLeg
mixamorig_RightFoot mixamorig_RightToeBase mixamorig_RightForeArm mixamorig_RightHand
mixamorig_RightHandIndex1 mixamorig_RightHandThumb1 mixamorig_RightHandIndex2
mixamorig_RightHandThumb2 mixamorig_RightHandIndex3 mixamorig_RightHandThumb3</Name_array>
          <technique_common>
            <accessor source="#characterSmallController-Joints-array" count="34">
              <param type="name"/>
            </accessor>
          </technique_common>
        </source>
        <source id="characterSmallController-Matrices">
          <float_array id="characterSmallController-Matrices-array" count="544">

1.000000 0.000000 0.000000 0.000234 -0.000000 1.000000 0.000000 -1.021205 0.000000 -0.000000 1.000000 -0.004814 0.000000 0.000000 0.000000 1.000000
1.000000 0.000000 0.000000 0.000234 -0.000000 1.000000 0.000000 -0.946573 0.000000 -0.000000 1.000000 -0.007898 0.000000 0.000000 0.000000 1.000000
1.000000 -0.000000 0.000000 0.000234 -0.000000 0.999856 -0.016963 -0.824350 -0.000000 0.016963 0.999856 -0.023953 0.000000 0.000000 0.000000 1.000000
-0.006114 -0.016967 -0.999837 0.023955 0.941785 -0.336217 -0.000053 0.264776 -0.336161 -0.941632 0.018035 0.891070 0.000000 0.000000 0.000000 1.000000
0.011092 -0.023107 -0.999671 0.026824 0.996513 -0.082426 0.012962 -0.077640 -0.082699 -0.996329 0.022112 0.901417 0.000000 0.000000 0.000000 1.000000
1.000000 -0.000000 0.000000 0.000234 -0.000000 0.999856 -0.016963 -0.715948 -0.000000 0.016963 0.999856 -0.023953 0.000000 0.000000 0.000000 1.000000
1.000000 0.000000 0.000000 0.000234 -0.000000 1.000000 0.000000 -0.540123 0.000000 -0.000000 1.000000 -0.014793 0.000000 0.000000 0.000000 1.000000
-0.994224 -0.107003 -0.008340 0.141007 0.107328 -0.991217 -0.077260 0.482138 0.000000 -0.077709 0.996976 0.025997 0.000000 0.000000 0.000000 1.000000
1.000000 -0.000000 0.000000 0.000234 -0.000000 0.999856 -0.016963 -0.621096 -0.000000 0.016963 0.999856 -0.023953 0.000000 0.000000 0.000000 1.000000
-0.994221 0.107061 0.007959 -0.141502 -0.107357 -0.991484 -0.073710 0.482231 0.000000 -0.074139 0.997248 0.023441 0.000000 0.000000 0.000000 1.000000
-0.988330 -0.151870 -0.011837 0.153055 0.151745 -0.974751 -0.163813 0.258766 0.013340 -0.163698 0.986420 0.048845 0.000000 0.000000 0.000000 1.000000
-0.982035 -0.167488 0.086925 0.157175 0.172159 -0.606612 0.776133 0.062391 -0.077263 0.777155 0.624549 -0.043022 0.000000 0.000000 0.000000 1.000000
-0.985038 -0.112242 0.130771 0.153748 0.131638 -0.000320 0.991298 -0.108316 -0.111223 0.993681 0.015091 0.015263 0.000000 0.000000 0.000000 1.000000
0.089214 -0.029500 -0.995576 0.009376 0.991211 -0.095403 0.091649 -0.209190 -0.097685 -0.995002 0.020730 0.904680 0.000000 0.000000 0.000000 1.000000
0.264941 0.170904 -0.948999 -0.248789 0.939477 -0.267466 0.214115 -0.224033 -0.217231 -0.948290 -0.231423 0.928252 0.000000 0.000000 0.000000 1.000000
0.050633 0.225818 -0.972853 -0.186455 0.993576 -0.110099 0.026155 -0.409614 -0.101204 -0.967928 -0.229942 0.885386 0.000000 0.000000 0.000000 1.000000
0.832801 -0.056383 -0.550693 -0.323581 0.509168 -0.312356 0.801986 -0.035894 -0.217231 -0.948290 -0.231422 0.928252 0.000000 0.000000 0.000000 1.000000
0.050633 0.225818 -0.972853 -0.187751 0.925781 -0.376033 -0.039102 -0.217118 -0.374655 -0.898669 -0.228098 0.985221 0.000000 0.000000 0.000000 1.000000
0.832801 -0.056383 -0.550693 -0.314638 0.509734 -0.309880 0.802587 -0.070804 -0.215901 -0.949102 -0.229328 0.928070 0.000000 0.000000 0.000000 1.000000
0.832801 -0.056383 -0.550693 -0.315784 0.534133 -0.179464 0.826133 -0.239377 -0.145410 -0.982147 -0.119342 0.904095 0.000000 0.000000 0.000000 1.000000
0.050633 0.225818 -0.972853 -0.186763 0.957360 -0.288390 -0.017115 -0.368419 -0.284426 -0.930504 -0.230791 0.954369 0.000000 0.000000 0.000000 1.000000
-0.006001 0.016967 0.999838 -0.023958 -0.941784 -0.336217 0.000053 0.264335 0.336164 -0.941632 0.017997 0.891228 0.000000 0.000000 0.000000 1.000000
0.020472 0.026410 0.999442 -0.028355 -0.996342 -0.082412 0.022586 -0.078169 0.082963 -0.996248 0.024627 0.901403 0.000000 0.000000 0.000000 1.000000
-0.988356 0.151741 0.011281 -0.153504 -0.151228 -0.971418 -0.182969 0.258015 -0.016805 -0.182545 0.983054 0.052258 0.000000 0.000000 0.000000 1.000000
-0.981989 0.168844 -0.084788 -0.157874 -0.170867 -0.602106 0.779919 0.063922 0.080633 0.780359 0.620111 -0.041608 0.000000 0.000000 0.000000 1.000000
-0.985290 0.106743 -0.133454 -0.154099 -0.134267 -0.000437 0.990945 -0.108108 0.105718 0.994287 0.014762 0.014438 0.000000 0.000000 0.000000 1.000000
0.080761 0.031352 0.996240 -0.014864 -0.991931 -0.095473 0.083416 -0.209842 0.097729 -0.994938 0.023388 0.904625 0.000000 0.000000 0.000000 1.000000
0.051514 -0.227761 0.972354 0.195351 -0.975843 -0.218472 0.000525 -0.278448 0.212312 -0.948892 -0.233513 0.926544 0.000000 0.000000 0.000000 1.000000
0.084218 -0.220304 0.971789 0.205981 -0.993919 -0.088006 0.066185 -0.442568 0.070943 -0.971453 -0.226376 0.871496 0.000000 0.000000 0.000000 1.000000
0.840821 0.055625 0.538448 0.329527 -0.497939 -0.310660 0.809658 -0.035522 0.212311 -0.948892 -0.233512 0.926544 0.000000 0.000000 0.000000 1.000000
0.084218 -0.220304 0.971789 0.208042 -0.896663 -0.442140 -0.022526 -0.151611 0.434629 -0.869470 -0.234775 0.999046 0.000000 0.000000 0.000000 1.000000
0.840821 0.055625 0.538448 0.321117 -0.497874 -0.310953 0.809586 -0.070283 0.212465 -0.948796 -0.233761 0.926565 0.000000 0.000000 0.000000 1.000000
0.084218 -0.220304 0.971789 0.206220 -0.957010 -0.289540 0.017298 -0.371866 0.277561 -0.931468 -0.235218 0.950021 0.000000 0.000000 0.000000 1.000000
0.840821 0.055625 0.538448 0.324536 -0.536533 -0.046258 0.842610 -0.356844 0.071778 -0.997380 -0.009050 0.862594 0.000000 0.000000 0.000000 1.000000</float_array>
          <technique_common>
            <accessor source="#characterSmallController-Matrices-array" count="34" stride="16">
              <param type="float4x4"/>
            </accessor>
          </technique_common>
        </source>
        <source id="characterSmallController-Weights">
          <float_array id="characterSmallController-Weights-array" count="2326">

1.000000 1.000000 1.000000 1.000000 1.000000 1.000000 1.000000 1.000000 1.000000 1.000000 1.000000 0.950411 0.049589 0.883988 0.116012 1.000000
1.000000 1.000000 1.000000 1.000000 1.000000 1.000000 1.000000 1.000000 1.000000 1.000000 1.000000 1.000000 1.000000 1.000000 1.000000 1.000000
1.000000 1.000000 0.761212 0.238788 1.000000 1.000000 1.000000 1.000000 1.000000 1.000000 1.000000 1.000000 1.000000 0.459067 0.349014 0.191919
0.287996 0.258496 0.453509 0.272371 0.309327 0.418302 0.181534 0.284918 0.533547 0.900192 0.091383 0.008425 0.007026 0.141989 0.850985 0.617740
0.287004 0.095256 0.404940 0.433035 0.162025 0.697212 0.265425 0.037363 0.436199 0.254567 0.184029 0.125205 0.003609 0.229707 0.766684 0.579041
0.213537 0.077868 0.129554 0.830676 0.169324 0.770183 0.229817 0.820255 0.179745 0.766895 0.233105 0.751186 0.248814 0.000004 0.063399 0.387413
0.549184 0.670704 0.259829 0.069467 0.516954 0.296892 0.186154 0.601391 0.368495 0.030114 0.117940 0.473917 0.408143 0.477523 0.464772 0.057706
1.000000 1.000000 1.000000 1.000000 1.000000 1.000000 0.887007 0.112993 0.803174 0.196826 1.000000 1.000000 1.000000 1.000000 1.000000 1.000000
1.000000 0.499088 0.349893 0.151019 0.204197 0.380220 0.415583 0.196908 0.321942 0.481150 0.063086 0.273108 0.663806 0.047761 0.178449 0.773790
0.085816 0.914184 0.969701 0.030299 0.884819 0.115181 0.906273 0.093727 0.889729 0.110271 0.000147 0.126151 0.306306 0.567396 0.726682 0.273318
1.000000 0.995289 0.004711 0.609119 0.047088 0.329028 0.013543 0.001222 0.646339 0.335878 0.016689 0.001094 0.001981 0.654015 0.340389 0.002790
0.000825 0.012680 0.809954 0.174904 0.002361 0.000101 0.185730 0.743807 0.061418 0.009045 0.151496 0.740280 0.096205 0.012019 0.105812 0.861544
0.024078 0.008566 0.133564 0.827778 0.028669 0.009989 0.061336 0.783681 0.135684 0.019299 0.052424 0.699416 0.213162 0.034998 0.033717 0.866695
0.082093 0.017496 0.039258 0.855374 0.081099 0.024269 0.171387 0.781758 0.046855 0.291446 0.708554 0.076024 0.719993 0.199520 0.004463 0.205139
0.753705 0.039109 0.002046 0.240007 0.530975 0.229017 0.600318 0.399682 0.638337 0.035158 0.318549 0.006990 0.000966 0.002466 0.736537 0.252824
0.007599 0.000574 0.129529 0.823425 0.038125 0.008921 0.139947 0.780975 0.066034 0.013044 0.041499 0.835653 0.105031 0.017817 0.042543 0.761914
0.158878 0.036665 0.127391 0.727273 0.143755 0.001581 0.247907 0.752093 0.225791 0.507286 0.266923 0.546368 0.453632 0.636662 0.030512 0.313674
0.018048 0.001103 0.001230 0.737496 0.258979 0.001934 0.000361 0.178455 0.718049 0.092654 0.010841 0.103787 0.864657 0.022023 0.009532 0.062640
0.718560 0.193071 0.025730 0.033598 0.878063 0.068919 0.019420 0.248746 0.751237 0.000016 0.107546 0.731869 0.160016 0.000569 0.001866 0.109638
0.887601 0.000896 0.000535 0.117048 0.879553 0.002865 0.000097 0.143459 0.850821 0.005623 0.000177 0.082801 0.915100 0.001922 0.000001 0.071507
0.921439 0.007054 0.000009 0.115852 0.873813 0.010326 0.000107 0.142038 0.841815 0.016041 0.036419 0.846370 0.011273 0.105937 0.001470 0.092914
0.903726 0.001890 0.000016 0.023598 0.927411 0.048975 0.000004 0.026016 0.887671 0.086308 0.000000 0.028896 0.861138 0.109966 0.000000 0.000003
0.018132 0.904704 0.077161 0.000000 0.015012 0.851458 0.133530 0.000000 0.024834 0.826015 0.149151 0.000000 0.000000 0.016416 0.803076 0.180508
0.000000 0.078033 0.893039 0.004869 0.013244 0.010815 0.000026 0.020066 0.926546 0.053362 0.028414 0.837909 0.028625 0.105053 0.020834 0.787917
0.067106 0.081994 0.042149 0.038838 0.859034 0.011227 0.090901 0.022903 0.820325 0.042064 0.064422 0.050286 0.014463 0.726602 0.078033 0.030692
0.150210 0.011785 0.660851 0.117802 0.029838 0.179724 0.000909 0.852518 0.146573 0.041642 0.848897 0.005692 0.103768 0.080517 0.908012 0.001178
0.010294 0.115002 0.872376 0.000071 0.012551 0.124413 0.860358 0.000104 0.015125 0.078145 0.909431 0.000326 0.012098 0.092320 0.890673 0.000599
0.016408 0.113781 0.870768 0.000236 0.015215 0.079237 0.904794 0.001143 0.014826 0.148580 0.417604 0.433815 0.272917 0.455307 0.271776 0.128941
0.290569 0.559609 0.020881 0.144821 0.304989 0.550190 0.252211 0.347965 0.384597 0.015226 0.244714 0.405595 0.349691 0.000330 0.168590 0.830573
0.000507 0.187650 0.396395 0.415955 0.008792 0.468517 0.096005 0.419548 0.007138 0.001524 0.322296 0.263751 0.392033 0.010701 0.009694 0.281431
0.427292 0.119656 0.171621 0.005581 0.474219 0.155671 0.362064 0.002465 0.258870 0.396483 0.186109 0.139000 0.019538 0.044267 0.237246 0.002868
0.697595 0.018023 0.000001 0.031986 0.233781 0.001976 0.706588 0.025667 0.000001 0.057193 0.942807 0.005258 0.424575 0.129677 0.437757 0.002733
0.000045 0.842435 0.157520 0.005959 0.853639 0.140402 0.006205 0.828362 0.165433 0.000345 0.791028 0.208627 0.000117 0.222119 0.517022 0.045445
0.137305 0.077992 0.000160 0.190214 0.587948 0.039851 0.132482 0.049346 0.036609 0.945744 0.017646 0.002069 0.841025 0.156905 0.037137 0.962863
0.064747 0.935253 0.045769 0.954231 0.027498 0.972502 0.058268 0.941732 0.052159 0.947841 0.016823 0.983177 0.038701 0.961299 0.000000 0.127361
0.870195 0.002444 0.101123 0.897148 0.001728 0.138758 0.858946 0.002296 0.054838 0.935820 0.009343 0.078195 0.919796 0.002009 0.050067 0.948693
0.001241 0.000000 0.231059 0.767117 0.001823 0.012735 0.559423 0.427837 0.000005 0.015831 0.587662 0.396494 0.000012 0.192737 0.807175 0.000088
0.137240 0.862345 0.000415 0.018513 0.972689 0.008799 0.011573 0.978924 0.009503 0.092473 0.905090 0.002437 0.048660 0.942279 0.009061 0.012121
0.987879 0.010700 0.989300 0.010469 0.989531 0.007385 0.992615 0.004774 0.579882 0.372975 0.042368 0.011258 0.456249 0.462331 0.070162 0.004615
0.446503 0.442524 0.106358 0.009409 0.594566 0.363164 0.032861 0.004894 0.525835 0.399185 0.070086 0.010930 0.515415 0.427994 0.045662 0.006164
0.613104 0.350406 0.030326 0.252445 0.747555 0.209383 0.790617 0.066018 0.893489 0.040493 0.059680 0.897056 0.043264 0.021958 0.702616 0.275426
0.220789 0.779211 0.017234 0.696393 0.286373 0.063883 0.897355 0.038762 0.019401 0.651532 0.329067 0.002367 0.456175 0.541458 0.002318 0.398983
0.598699 0.002741 0.377079 0.620180 0.043397 0.861478 0.095125 0.054164 0.863113 0.082723 0.046171 0.845665 0.108163 0.323435 0.676565 0.260507
0.739493 0.271155 0.728845 0.054048 0.892735 0.053217 0.059118 0.887998 0.052884 0.064419 0.889003 0.046578 0.037452 0.801506 0.161043 0.028690
0.787412 0.183899 0.031287 0.764777 0.203936 0.008771 0.570360 0.420869 0.009098 0.517541 0.473361 0.010323 0.589361 0.400315 0.254754 0.745246
0.218376 0.781624 0.107912 0.866720 0.025367 0.089235 0.877793 0.032972 0.031781 0.733324 0.234896 0.224877 0.775123 0.021472 0.718609 0.259919
0.099720 0.874091 0.026189 0.003099 0.471085 0.525816 0.002405 0.408951 0.588643 0.067816 0.857267 0.074917 0.091886 0.849048 0.059066 0.321174
0.678826 0.258162 0.741838 0.078416 0.874851 0.046733 0.105760 0.862538 0.031702 0.061242 0.813332 0.125426 0.041579 0.799132 0.159289 0.009181
0.585472 0.405347 0.012617 0.613471 0.373912 0.266499 0.733501 0.233480 0.766520 0.172331 0.803744 0.023924 0.152360 0.817078 0.030562 0.039218
0.698579 0.262203 0.024742 0.685658 0.289601 0.163230 0.812769 0.024002 0.005119 0.496157 0.498724 0.004362 0.445486 0.550152 0.105267 0.813730
0.081003 0.156974 0.788067 0.054959 0.000066 0.359938 0.639996 0.000069 0.306155 0.693776 0.135907 0.816891 0.047202 0.176370 0.791790 0.031840
0.074691 0.758904 0.166405 0.046235 0.750552 0.203213 0.012404 0.589954 0.397642 0.016773 0.618563 0.364665 0.310238 0.689762 0.294193 0.705807
0.000419 0.382680 0.588930 0.027970 0.293164 0.674849 0.031987 0.055005 0.653636 0.291359 0.038941 0.650256 0.310803 0.314713 0.658288 0.026999
0.008574 0.525235 0.466191 0.007195 0.475828 0.516977 0.256924 0.663685 0.079391 0.000918 0.306428 0.636599 0.056054 0.002019 0.408154 0.589827
0.001666 0.377227 0.621107 0.271433 0.680809 0.047758 0.000055 0.325306 0.640346 0.034293 0.148228 0.662863 0.188909 0.097854 0.666715 0.235431
0.017867 0.574684 0.407448 0.021616 0.594939 0.383446 0.036538 0.829634 0.133828 0.038793 0.805133 0.156074 0.046547 0.838513 0.114940 0.055656
0.832790 0.111555 0.079243 0.835914 0.084843 0.076851 0.791345 0.131804 0.115533 0.788277 0.096189 0.209096 0.659292 0.131612 0.000673 0.278446
0.630912 0.089969 0.002429 0.475485 0.475164 0.046921 0.001329 0.441433 0.523550 0.033687 0.002947 0.501810 0.465000 0.030243 0.004374 0.538127
0.427515 0.029984 0.000279 0.290247 0.577559 0.131915 0.002478 0.436557 0.485398 0.075567 0.004978 0.482810 0.476989 0.035223 0.007003 0.447061
0.495824 0.050112 0.003601 0.331324 0.579611 0.085464 0.000394 0.269384 0.584656 0.145566 0.187721 0.617064 0.195216 0.006054 0.395186 0.482634
0.116127 1.000000 1.000000 1.000000 1.000000 1.000000 1.000000 1.000000 1.000000 1.000000 1.000000 0.936221 0.063779 0.877001 0.122999 0.998965
0.001035 1.000000 1.000000 1.000000 1.000000 1.000000 1.000000 1.000000 1.000000 1.000000 1.000000 1.000000 1.000000 1.000000 1.000000 1.000000
1.000000 1.000000 1.000000 1.000000 1.000000 1.000000 1.000000 1.000000 1.000000 0.631569 0.320577 0.047853 0.864504 0.135496 0.779378 0.220622
1.000000 1.000000 1.000000 1.000000 0.995005 0.004995 1.000000 1.000000 1.000000 1.000000 1.000000 1.000000 1.000000 1.000000 1.000000 1.000000
1.000000 0.246830 0.414163 0.339007 0.433968 0.375729 0.190302 0.401439 0.375431 0.223130 0.236023 0.282032 0.481946 0.252578 0.342487 0.404935
0.104362 0.337826 0.557812 0.208994 0.345924 0.445083 0.162510 0.290822 0.546667 0.926180 0.060380 0.013440 0.001395 0.179434 0.819172 0.200309
0.799691 0.119500 0.282609 0.597890 0.688665 0.220788 0.090547 0.535292 0.300300 0.164408 0.748240 0.204464 0.047297 0.819524 0.180476 0.955752
0.044248 0.501642 0.118616 0.213303 0.166439 0.010614 0.241860 0.747526 0.584315 0.169256 0.179891 0.066539 0.993002 0.006998 0.987664 0.012337
0.782237 0.217763 0.722649 0.277351 0.785998 0.214002 0.710208 0.289792 0.000716 0.027484 0.635926 0.335874 0.000060 0.012041 0.703858 0.284040
0.000172 0.049127 0.451410 0.499291 0.000209 0.108512 0.398259 0.493020 0.655457 0.254793 0.089749 0.529036 0.290254 0.180710 1.000000 1.000000
0.623412 0.006278 0.370310 0.132047 0.327959 0.539994 0.478262 0.032892 0.488846 0.125835 0.399614 0.474551 1.000000 1.000000 1.000000 1.000000
1.000000 1.000000 0.873179 0.126821 0.797056 0.202944 1.000000 1.000000 1.000000 1.000000 1.000000 1.000000 1.000000 0.462916 0.369237 0.167848
0.213710 0.380106 0.406184 0.186927 0.332782 0.480291 0.055097 0.263772 0.681130 0.054998 0.174982 0.770020 0.033848 0.966152 0.976638 0.023362
0.850420 0.149173 0.000406 0.879886 0.120114 0.869820 0.130180 0.000187 0.097742 0.376892 0.525179 0.709706 0.290294 1.000000 0.988094 0.011906
0.707545 0.123069 0.169385 0.558838 0.210410 0.230752 0.598242 0.390207 0.010299 0.001252 0.649875 0.338419 0.010730 0.000976 0.001073 0.630392
0.365940 0.001703 0.000891 0.012771 0.778011 0.207996 0.001055 0.000166 0.163763 0.778949 0.048217 0.009071 0.185850 0.726728 0.075202 0.012219
0.129436 0.844510 0.017372 0.008682 0.181871 0.792008 0.016744 0.009377 0.054572 0.810232 0.114783 0.020412 0.069253 0.703359 0.189301 0.038087
0.039838 0.879582 0.062730 0.017851 0.062580 0.858154 0.055379 0.023887 0.225548 0.014873 0.759579 0.246376 0.753624 0.119139 0.141423 0.731123
0.008316 0.215807 0.011327 0.772867 0.283929 0.194073 0.521998 0.579931 0.420069 0.249223 0.363176 0.387601 0.614033 0.379541 0.005260 0.001165
0.724996 0.270326 0.004146 0.000532 0.136164 0.825351 0.029320 0.009165 0.192546 0.748499 0.046168 0.012787 0.041374 0.853495 0.086211 0.018921
0.067901 0.759348 0.133609 0.039142 0.174161 0.109553 0.712757 0.003529 0.238018 0.761982 0.265838 0.180343 0.553818 0.479634 0.520367 0.233225
0.333927 0.432848 0.624291 0.361519 0.013079 0.001112 0.011687 0.721806 0.265337 0.000874 0.000297 0.163531 0.751751 0.074058 0.010659 0.133023
0.844382 0.013368 0.009226 0.063361 0.736928 0.171773 0.027938 0.048215 0.882555 0.049867 0.019363 0.221186 0.778814 0.160627 0.100135 0.736936
0.002301 0.000003 0.150675 0.848320 0.001002 0.000002 0.160167 0.837380 0.002451 0.000004 0.179052 0.816493 0.004451 0.000939 0.084361 0.910224
0.004476 0.000074 0.066003 0.916382 0.017541 0.000021 0.106343 0.875708 0.017928 0.000001 0.129899 0.853315 0.016786 0.045202 0.744225 0.017506
0.193067 0.000054 0.117606 0.880344 0.001997 0.000000 0.037770 0.900654 0.061576 0.000000 0.000000 0.038478 0.861819 0.099702 0.000000 0.000000
0.041706 0.829430 0.128862 0.000002 0.000002 0.018299 0.882957 0.098742 0.000000 0.000001 0.014069 0.803991 0.181937 0.000002 0.000000 0.021052
0.780004 0.198939 0.000005 0.000000 0.016189 0.758913 0.224486 0.000006 0.000406 0.071523 0.903019 0.004111 0.021347 0.000000 0.025108 0.885308
0.089583 0.000000 0.037071 0.763580 0.027912 0.171436 0.028738 0.803012 0.044487 0.116655 0.007109 0.028647 0.713134 0.060452 0.197768 0.014445
0.699687 0.130723 0.147878 0.007267 0.010746 0.690731 0.142820 0.078943 0.076761 0.012669 0.690826 0.127161 0.054013 0.115332 0.041291 0.796594
0.162116 0.039876 0.712826 0.030399 0.216898 0.056695 0.918629 0.004158 0.020518 0.094970 0.874872 0.001317 0.028842 0.131176 0.833969 0.000646
0.034209 0.053472 0.914053 0.005018 0.027457 0.119811 0.852210 0.000185 0.027794 0.140006 0.831033 0.000136 0.028825 0.098100 0.878508 0.000409
0.022983 0.212933 0.367719 0.419304 0.000043 0.329303 0.393255 0.277443 0.186589 0.272325 0.541086 0.075826 0.329843 0.594329 0.000002 0.236150
0.021341 0.330044 0.412464 0.173106 0.367171 0.459723 0.002339 0.166137 0.829159 0.002365 0.245962 0.359434 0.394604 0.001592 0.216734 0.228491
0.525682 0.027501 0.220020 0.329727 0.406078 0.044175 0.326436 0.414092 0.118947 0.131866 0.008503 0.000156 0.140708 0.358421 0.454813 0.046058
0.170860 0.466984 0.267850 0.054448 0.036585 0.003273 0.133640 0.356737 0.023389 0.404874 0.000484 0.080876 0.048018 0.220845 0.005740 0.597994
0.127404 0.014482 0.985518 0.086422 0.368199 0.486022 0.059357 0.025210 0.794136 0.180655 0.102608 0.730462 0.166930 0.068681 0.770617 0.160702
0.065393 0.717678 0.216929 0.000029 0.248971 0.478665 0.042802 0.165864 0.063669 0.243783 0.470495 0.050091 0.181056 0.054575 0.208942 0.789846
0.001212 0.047889 0.789367 0.162744 0.003348 0.996652 0.009745 0.990255 0.015760 0.984240 0.003576 0.996424 0.011105 0.988895 0.008297 0.991703
0.001269 0.998731 0.014873 0.985127 0.329497 0.670503 0.000000 0.000931 0.263915 0.735125 0.000030 0.292562 0.707385 0.000054 0.273445 0.726196
0.000359 0.440902 0.559049 0.000049 0.357034 0.642926 0.000040 0.325727 0.674252 0.000021 0.012718 0.533111 0.453219 0.000953 0.030046 0.482546
0.486356 0.001052 0.173604 0.821653 0.004743 0.107310 0.884689 0.008001 0.013107 0.936005 0.050888 0.005758 0.962494 0.031748 0.067049 0.908163
0.024788 0.032856 0.920079 0.047066 0.000554 0.999446 0.001086 0.998914 0.000344 0.999656 0.000502 0.999498 0.005647 0.554871 0.395292 0.044190
0.011911 0.451098 0.452924 0.084067 0.008529 0.419548 0.455793 0.116130 0.008651 0.585194 0.367797 0.038358 0.007660 0.503553 0.413822 0.074965
0.009908 0.515358 0.418484 0.056251 0.006266 0.598572 0.361966 0.033196 0.217804 0.782196 0.257015 0.742985 0.043549 0.908653 0.047798 0.039216
0.913394 0.047389 0.012728 0.686233 0.301039 0.232566 0.767434 0.010672 0.718857 0.270471 0.041932 0.914650 0.043418 0.011303 0.652307 0.336389
0.001081 0.405074 0.593845 0.001475 0.440663 0.557862 0.000485 0.374329 0.625185 0.028768 0.872174 0.099058 0.035225 0.865698 0.099077 0.029689
0.850742 0.119569 0.265235 0.734765 0.320575 0.679425 0.276563 0.723437 0.036409 0.905725 0.057866 0.038503 0.901339 0.060158 0.042869 0.897613
0.059518 0.023057 0.794901 0.182042 0.018398 0.795629 0.185973 0.019588 0.757222 0.223191 0.004891 0.608512 0.386597 0.005177 0.511225 0.483599
0.005778 0.549522 0.444700 0.231349 0.768651 0.265220 0.734780 0.078243 0.889549 0.032207 0.063944 0.900513 0.035542 0.021683 0.702531 0.275786
0.240384 0.759616 0.014923 0.737478 0.247599 0.071489 0.898856 0.029655 0.001973 0.412775 0.585252 0.001127 0.447577 0.551296 0.048642 0.877014
0.074344 0.067347 0.855429 0.077224 0.269235 0.730765 0.312959 0.687041 0.056261 0.894988 0.048751 0.076217 0.882361 0.041422 0.045271 0.798601
0.156128 0.030089 0.813650 0.156262 0.005853 0.612440 0.381706 0.007738 0.563316 0.428946 0.244847 0.755153 0.267128 0.732872 0.132211 0.837999
0.029790 0.117873 0.849617 0.032510 0.028248 0.664548 0.307204 0.018353 0.696891 0.284755 0.124755 0.848429 0.026816 0.003462 0.444187 0.552351
0.002594 0.469218 0.528188 0.082620 0.835987 0.081393 0.130858 0.795213 0.073928 0.000176 0.317186 0.682637 0.338164 0.661836 0.105775 0.846271
0.047954 0.140752 0.816912 0.042336 0.059126 0.734609 0.206264 0.035823 0.761393 0.202784 0.008425 0.610227 0.381348 0.011366 0.569945 0.418690
0.291005 0.708995 0.305300 0.694700 0.324452 0.643995 0.031553 0.245462 0.720801 0.033738 0.040683 0.635652 0.323665 0.029385 0.661604 0.309011
0.263328 0.707984 0.028688 0.005813 0.482894 0.511293 0.004179 0.492486 0.503335 0.220200 0.698424 0.081376 0.000647 0.283179 0.644447 0.071727
0.001159 0.371165 0.627676 0.000583 0.387986 0.611431 0.232945 0.718195 0.048860 0.282461 0.674740 0.042799 0.122617 0.657150 0.220233 0.078876
0.682141 0.238983 0.011621 0.591063 0.397317 0.015122 0.565067 0.419811 0.024048 0.839704 0.136248 0.024858 0.816684 0.158458 0.029486 0.838705
0.131809 0.039707 0.851840 0.108453 0.056859 0.835307 0.107834 0.060022 0.807903 0.132075 0.096298 0.775934 0.127768 0.176380 0.688430 0.135190
0.000218 0.263385 0.622717 0.113680 0.001752 0.431203 0.518943 0.048101 0.000265 0.380876 0.584505 0.034354 0.001969 0.462591 0.502918 0.032522
0.003795 0.507597 0.454846 0.033762 0.243158 0.615488 0.141354 0.003607 0.400598 0.514577 0.081218 0.003846 0.454799 0.499313 0.042041 0.006236
0.438857 0.492233 0.062674 0.003018 0.320323 0.570978 0.105680 0.237571 0.590945 0.171484 0.156299 0.636959 0.206742 0.009044 0.367423 0.487893
0.135641 0.050786 0.823025 0.126190 0.026365 0.934882 0.038752 0.016545 0.607240 0.376216 0.019678 0.562440 0.417881 0.024578 0.893154 0.082268
0.069758 0.893515 0.036728 0.041225 0.843561 0.115215 0.034401 0.939763 0.025836 0.000411 0.787013 0.212576 0.000982 0.876622 0.122396 0.000602
0.611939 0.387459 0.497958 0.502042 0.000818 0.840111 0.159072 0.000953 0.799234 0.199813 0.000142 0.802203 0.197654 0.001425 0.831017 0.167557
0.000001 0.536315 0.462592 0.001093 0.000021 0.736432 0.263534 0.000013 0.000002 0.720082 0.279815 0.000102 0.000003 0.673729 0.326221 0.000046
0.000002 0.750667 0.249331 0.000021 0.694245 0.305596 0.000138 0.000152 0.715877 0.283906 0.000065 0.000000 0.671800 0.327793 0.000407 0.013074
0.604657 0.382204 0.000065 0.042988 0.651834 0.305178 0.006739 0.724290 0.268971 0.006676 0.715053 0.278271 0.000001 0.022251 0.688684 0.289065
0.008980 0.718310 0.272709 0.000000 0.044588 0.667081 0.288331 0.005424 0.659307 0.335246 0.000023 0.296326 0.700561 0.000023 0.003089 0.364612
0.633280 0.000001 0.002108 0.279626 0.718130 0.000001 0.002243 0.368069 0.629246 0.000006 0.002678 0.288380 0.708579 0.000018 0.003023 0.310091
0.687548 0.000004 0.002357 0.386305 0.611193 0.000002 0.002500 0.339392 0.657722 0.000012 0.002874 0.277189 0.716438 0.000145 0.006229 0.307888
0.687176 0.000036 0.004900 0.225463 0.769603 0.000129 0.004805 0.390088 0.604423 0.000002 0.005486 0.317474 0.676617 0.000017 0.005893 0.238489
0.756428 0.000160 0.004922 0.373910 0.620056 0.000020 0.006014 0.370875 0.623525 0.000004 0.005597 0.107444 0.446333 0.000010 0.446213 0.102371
0.030703 0.009120 0.593701 0.264104 0.163135 0.461115 0.000004 0.375746 0.047196 0.025203 0.008977 0.496255 0.000025 0.422345 0.246295 0.580921
0.172785 0.190211 0.439317 0.000020 0.370452 0.154600 0.633472 0.211928 0.127634 0.506662 0.000000 0.365704 0.142253 0.622977 0.207618 0.023663
0.003488 0.033713 0.548959 0.000007 0.409575 0.005992 0.001754 0.167677 0.486387 0.000010 0.345926 0.220923 0.600683 0.178394 0.589650 0.409060
0.000007 0.001283 0.481771 0.516726 0.000028 0.001475 0.649332 0.349256 0.000000 0.001412 0.565871 0.432055 0.000005 0.002068 0.491530 0.506860
0.000038 0.001571 0.622675 0.375622 0.000003 0.001700 0.615812 0.382372 0.000001 0.001815 0.647320 0.352108 0.000000 0.000572 0.535955 0.463344
0.000000 0.000701 0.662689 0.336626 0.000001 0.000685 0.584211 0.414886 0.000004 0.000899 0.576993 0.422447 0.000001 0.000559 0.674666 0.324698
0.000000 0.000636 0.623590 0.375631 0.000002 0.000776 0.007991 0.291702 0.699032 0.001275 0.015480 0.172088 0.812133 0.000299 0.001303 0.215425
0.780374 0.002898 0.022530 0.225898 0.751470 0.000102 0.011300 0.233672 0.754467 0.000560 0.003804 0.158395 0.837475 0.000326 0.009966 0.265892
0.718503 0.005639 0.000011 0.107406 0.889846 0.002737 0.002391 0.320267 0.676555 0.000787 0.001308 0.190977 0.807310 0.000405 0.002148 0.191736
0.800663 0.005453 0.002425 0.268046 0.729421 0.000108 0.002227 0.275005 0.722376 0.000392 0.011744 0.151381 0.835836 0.001039 0.000538 0.219449
0.775653 0.004359 0.000359 0.100893 0.890953 0.007795</float_array>
          <technique_common>
            <accessor source="#characterSmallController-Weights-array" count="2326">
              <param type="float"/>
            </accessor>
          </technique_common>
        </source>
        <joints>
          <input semantic="JOINT" source="#characterSmallController-Joints"/>
          <input semantic="INV_BIND_MATRIX" source="#characterSmallController-Matrices"/>
        </joints>
        <vertex_weights count="778">
          <input semantic="JOINT" offset="0" source="#characterSmallController-Joints"/>
          <input semantic="WEIGHT" offset="1" source="#characterSmallController-Weights"/>
          <vcount>1 1 1 1 1 1 1 1 1 1 2 2 1 1 1 1 1 1 1 1 1 1 1 1 1 1 1 1 1 1 1 2 1 1 1 1 1 1 1 1 1 3 3 3 3 3 3 3 3 3 4 3 4 2 2 2 2 2 4 3 3 3 3 3 1 1 1 1 1 1 2 2 1 1 1 1 1 1 1 3 3 3 3 3 2 2 2 2 2 4 2 1 2 5 4 5 5 4 4 4 4 4 4 4 4 3 2 4 4 3 2 5 5 4 4 4 4 4 2 3 2 5 5 4 4 4 4 3 4 4 4 4 4 4 4 4 4 4 4 4 5 4 4 5 5 5 4 4 5 4 5 5 5 3 4 4 4 4 4 4 4 4 3 3 4 3 4 3 4 3 5 6 4 5 5 6 6 2 5 3 3 3 3 6 6 3 3 2 2 2 2 2 2 2 2 4 3 3 3 3 3 4 4 4 3 3 3 3 3 3 2 2 2 2 4 4 4 4 4 4 4 2 2 3 3 3 2 3 3 3 3 3 3 3 3 3 2 2 2 3 3 3 3 3 3 3 3 3 2 2 3 3 3 2 3 3 3 3 3 3 2 2 3 3 3 3 3 3 2 2 3 3 3 3 3 3 3 3 3 3 3 3 3 3 3 3 3 2 2 4 3 3 3 3 3 3 3 4 3 3 3 4 3 3 3 3 3 3 3 3 3 3 3 3 4 4 4 4 4 4 4 4 4 4 4 3 4 1 1 1 1 1 1 1 1 1 1 2 2 2 1 1 1 1 1 1 1 1 1 1 1 1 1 1 1 1 1 1 1 1 1 1 1 1 3 2 2 1 1 1 1 2 1 1 1 1 1 1 1 1 1 1 1 3 3 3 3 3 3 3 3 3 3 2 3 3 3 3 2 2 4 3 4 2 2 2 2 2 2 4 4 4 4 3 3 1 1 3 3 3 3 1 1 1 1 1 1 2 2 1 1 1 1 1 1 1 3 3 3 3 3 2 2 3 2 2 4 2 1 2 3 3 4 4 5 5 4 4 4 4 4 4 4 4 3 2 4 3 3 2 3 4 4 4 4 4 4 4 2 3 2 3 4 5 4 4 4 4 2 4 4 4 4 4 4 4 4 4 4 5 5 5 5 5 5 6 4 5 4 5 4 5 5 5 3 4 4 4 4 4 4 4 4 4 3 3 4 4 3 4 3 5 4 6 4 6 6 5 2 4 3 3 3 3 6 5 3 3 2 2 2 2 2 2 2 2 3 4 3 3 3 3 3 4 4 3 3 3 3 3 3 2 2 2 2 4 4 4 4 4 4 4 2 2 3 3 3 2 3 3 3 3 3 3 3 3 3 2 2 2 3 3 3 3 3 3 3 3 3 2 2 3 3 3 2 3 3 3 3 3 3 2 2 3 3 3 3 3 3 2 2 3 3 3 3 3 3 3 3 3 3 2 3 3 3 3 3 3 2 2 3 3 3 3 3 3 3 3 4 3 3 3 3 3 3 3 3 3 3 3 3 3 3 3 3 4 4 4 4 4 3 4 4 4 4 3 3 4 3 3 3 3 3 3 3 3 3 3 3 2 3 3 3 3 4 4 4 4 3 4 4 4 4 3 3 4 3 4 3 4 4 4 4 4 4 4 4 4 4 4 4 4 4 4 4 4 4 5 4 6 3 4 3 4 5 6 4 3 4 4 4 4 4 4 4 4 4 4 4 4 4 4 4 4 4 4 4 4 4 4 4 4 4 4 4 4 4 4</vcount>
          <v>0 1 0 2 0 3 0 4 0 5 0 6 0 7 0 8 0 9 0 10 0 11 1 12 0 13 1 14 0 15 0 16 0 17 0 18 0 19 0 20 0 21 0 22 0 23 0 24 0 25 0 26 0 27 0 28 0 29 0 30 0 31 0 32 0 33 0 34 1 35 0 36 0 37 0 38 0 39 0 40 0 41 0 42 0 43 0 44 0 45 1 46 2 47 0 48 1 49 2 50 0 51 1 52 2 53 0 54 1 55 2 56 2 57 3 58 4 59 0 60 1 61 2 62 2 63 3 64 4 65 2 66 3 67 4 68 2 69 3 70 4 71 2 72 3 73 4 74 5 75 2 76 3 77 4 78 2 79 3 80 4 81 5 82 6 83 7 84 6 85 7 86 6 87 7 88 6 89 8 90 6 91 8 92 2 93 5 94 6 95 8 96 2 97 3 98 4 99 2 100 3 101 4 102 6 103 7 104 9 105 6 106 7 107 9 108 6 109 7 110 9 111 0 112 0 113 0 114 0 115 0 116 0 117 0 118 1 119 0 120 1 121 0 122 0 123 0 124 0 125 0 126 0 127 0 128 0 129 1 130 2 131 0 132 1 133 2 134 0 135 1 136 2 137 0 138 1 139 2 140 0 141 1 142 2 143 1 144 2 145 2 146 5 147 2 148 5 149 6 150 7 151 6 152 7 153 2 154 5 155 6 156 8 157 6 158 8 159 2 160 2 161 3 162 7 163 9 164 10 165 11 166 12 167 7 168 10 169 11 170 12 171 6 172 7 173 10 174 11 175 12 176 6 177 7 178 10 179 11 180 12 181 7 182 10 183 11 184 12 185 7 186 10 187 11 188 12 189 7 190 10 191 11 192 12 193 7 194 10 195 11 196 12 197 7 198 10 199 11 200 12 201 7 202 10 203 11 204 12 205 7 206 10 207 11 208 12 209 7 210 10 211 11 212 12 213 6 214 7 215 9 216 6 217 7 218 6 219 7 220 9 221 10 222 6 223 7 224 9 225 10 226 6 227 7 228 9 229 6 230 7 231 7 232 9 233 10 234 11 235 12 236 6 237 7 238 10 239 11 240 12 241 7 242 10 243 11 244 12 245 7 246 10 247 11 248 12 249 7 250 10 251 11 252 12 253 7 254 10 255 11 256 12 257 6 258 7 259 9 260 10 261 6 262 7 263 6 264 7 265 9 266 6 267 7 268 7 269 9 270 10 271 11 272 12 273 6 274 7 275 10 276 11 277 12 278 7 279 10 280 11 281 12 282 7 283 10 284 11 285 12 286 7 287 10 288 11 289 12 290 7 291 10 292 11 293 12 294 6 295 7 296 10 297 6 298 7 299 9 300 10 301 2 302 3 303 4 304 13 305 2 306 3 307 4 308 13 309 2 310 3 311 4 312 13 313 2 314 3 315 4 316 13 317 2 318 3 319 4 320 13 321 2 322 3 323 4 324 13 325 2 326 3 327 4 328 13 329 4 330 13 331 14 332 15 333 2 334 3 335 4 336 13 337 2 338 3 339 4 340 13 341 2 342 3 343 4 344 13 345 2 346 3 347 4 348 13 349 14 350 2 351 3 352 4 353 13 354 2 355 3 356 4 357 13 358 2 359 3 360 4 361 13 362 14 363 2 364 3 365 4 366 13 367 14 368 4 369 13 370 14 371 15 372 16 373 2 374 3 375 4 376 13 377 4 378 13 379 14 380 15 381 4 382 13 383 14 384 15 385 16 386 4 387 13 388 14 389 15 390 4 391 13 392 14 393 15 394 16 395 4 396 13 397 14 398 15 399 16 400 4 401 13 402 14 403 15 404 16 405 14 406 15 407 17 408 4 409 13 410 14 411 15 412 4 413 13 414 14 415 15 416 4 417 13 418 14 419 15 420 4 421 13 422 14 423 15 424 4 425 13 426 14 427 15 428 4 429 13 430 14 431 15 432 4 433 13 434 14 435 15 436 4 437 13 438 14 439 15 440 2 441 3 442 4 443 2 444 3 445 4 446 2 447 3 448 4 449 5 450 2 451 3 452 4 453 2 454 3 455 4 456 5 457 2 458 3 459 4 460 2 461 3 462 4 463 13 464 2 465 3 466 4 467 4 468 13 469 14 470 15 471 17 472 4 473 13 474 14 475 15 476 16 477 17 478 13 479 14 480 15 481 16 482 4 483 13 484 14 485 15 486 17 487 13 488 14 489 15 490 16 491 17 492 13 493 14 494 15 495 16 496 18 497 19 498 13 499 14 500 15 501 16 502 18 503 19 504 17 505 20 506 4 507 13 508 14 509 15 510 17 511 14 512 15 513 17 514 14 515 15 516 17 517 14 518 15 519 17 520 14 521 15 522 17 523 13 524 14 525 15 526 16 527 17 528 18 529 13 530 14 531 15 532 16 533 17 534 18 535 15 536 17 537 20 538 14 539 15 540 17 541 17 542 20 543 17 544 20 545 17 546 20 547 17 548 20 549 17 550 20 551 17 552 20 553 17 554 20 555 17 556 20 557 14 558 15 559 17 560 20 561 15 562 17 563 20 564 15 565 17 566 20 567 15 568 17 569 20 570 15 571 17 572 20 573 15 574 17 575 20 576 14 577 15 578 17 579 20 580 14 581 16 582 18 583 19 584 14 585 16 586 18 587 19 588 16 589 18 590 19 591 16 592 18 593 19 594 16 595 18 596 19 597 16 598 18 599 19 600 16 601 18 602 19 603 16 604 18 605 19 606 18 607 19 608 18 609 19 610 18 611 19 612 18 613 19 614 7 615 10 616 11 617 12 618 7 619 10 620 11 621 12 622 7 623 10 624 11 625 12 626 7 627 10 628 11 629 12 630 7 631 10 632 11 633 12 634 7 635 10 636 11 637 12 638 7 639 10 640 11 641 12 642 11 643 12 644 11 645 12 646 10 647 11 648 12 649 10 650 11 651 12 652 10 653 11 654 12 655 11 656 12 657 10 658 11 659 12 660 10 661 11 662 12 663 10 664 11 665 12 666 10 667 11 668 12 669 10 670 11 671 12 672 10 673 11 674 12 675 10 676 11 677 12 678 10 679 11 680 12 681 10 682 11 683 12 684 11 685 12 686 11 687 12 688 11 689 12 690 10 691 11 692 12 693 10 694 11 695 12 696 10 697 11 698 12 699 10 700 11 701 12 702 10 703 11 704 12 705 10 706 11 707 12 708 10 709 11 710 12 711 10 712 11 713 12 714 10 715 11 716 12 717 11 718 12 719 11 720 12 721 10 722 11 723 12 724 10 725 11 726 12 727 10 728 11 729 12 730 11 731 12 732 10 733 11 734 12 735 10 736 11 737 12 738 10 739 11 740 12 741 10 742 11 743 12 744 10 745 11 746 12 747 10 748 11 749 12 750 11 751 12 752 11 753 12 754 10 755 11 756 12 757 10 758 11 759 12 760 10 761 11 762 12 763 10 764 11 765 12 766 10 767 11 768 12 769 10 770 11 771 12 772 11 773 12 774 11 775 12 776 10 777 11 778 12 779 10 780 11 781 12 782 10 783 11 784 12 785 10 786 11 787 12 788 10 789 11 790 12 791 10 792 11 793 12 794 10 795 11 796 12 797 10 798 11 799 12 800 10 801 11 802 12 803 10 804 11 805 12 806 10 807 11 808 12 809 10 810 11 811 12 812 10 813 11 814 12 815 10 816 11 817 12 818 10 819 11 820 12 821 10 822 11 823 12 824 10 825 11 826 12 827 11 828 12 829 11 830 12 831 7 832 10 833 11 834 12 835 10 836 11 837 12 838 10 839 11 840 12 841 10 842 11 843 12 844 10 845 11 846 12 847 10 848 11 849 12 850 10 851 11 852 12 853 10 854 11 855 12 856 7 857 10 858 11 859 12 860 10 861 11 862 12 863 10 864 11 865 12 866 10 867 11 868 12 869 7 870 10 871 11 872 12 873 10 874 11 875 12 876 10 877 11 878 12 879 10 880 11 881 12 882 10 883 11 884 12 885 10 886 11 887 12 888 10 889 11 890 12 891 10 892 11 893 12 894 10 895 11 896 12 897 10 898 11 899 12 900 10 901 11 902 12 903 10 904 11 905 12 906 10 907 11 908 12 909 7 910 10 911 11 912 12 913 7 914 10 915 11 916 12 917 7 918 10 919 11 920 12 921 7 922 10 923 11 924 12 925 7 926 10 927 11 928 12 929 7 930 10 931 11 932 12 933 7 934 10 935 11 936 12 937 7 938 10 939 11 940 12 941 7 942 10 943 11 944 12 945 7 946 10 947 11 948 12 949 7 950 10 951 11 952 12 953 10 954 11 955 12 956 7 957 10 958 11 959 12 960 0 961 0 962 0 963 0 964 0 965 0 966 0 967 0 968 0 969 0 970 0 971 1 972 0 973 1 974 0 975 1 976 0 977 0 978 0 979 0 980 0 981 0 982 0 983 0 984 0 985 0 986 0 987 0 988 0 989 0 990 0 991 0 992 0 993 0 994 0 995 0 996 0 997 0 998 0 999 0 1000 0 1001 1 1002 2 1003 0 1004 1 1005 0 1006 1 1007 0 1008 0 1009 0 1010 0 1011 0 1012 1 1013 0 1014 0 1015 0 1016 0 1017 0 1018 0 1019 0 1020 0 1021 0 1022 0 1023 0 1024 0 1025 1 1026 2 1027 0 1028 1 1029 2 1030 0 1031 1 1032 2 1033 0 1034 1 1035 2 1036 0 1037 1 1038 2 1039 0 1040 1 1041 2 1042 0 1043 1 1044 2 1045 0 1046 1 1047 2 1048 2 1049 21 1050 22 1051 0 1052 1 1053 2 1054 1 1055 2 1056 0 1057 1 1058 2 1059 2 1060 21 1061 22 1062 2 1063 21 1064 22 1065 2 1066 21 1067 22 1068 2 1069 5 1070 2 1071 5 1072 2 1073 5 1074 21 1075 22 1076 2 1077 21 1078 22 1079 2 1080 5 1081 21 1082 22 1083 6 1084 9 1085 6 1086 9 1087 6 1088 9 1089 6 1090 9 1091 6 1092 9 1093 6 1094 8 1095 2 1096 5 1097 6 1098 8 1099 2 1100 5 1101 6 1102 8 1103 2 1104 5 1105 6 1106 8 1107 2 1108 5 1109 6 1110 8 1111 2 1112 21 1113 22 1114 2 1115 21 1116 22 1117 2 1118 2 1119 6 1120 7 1121 9 1122 6 1123 7 1124 9 1125 6 1126 7 1127 9 1128 6 1129 7 1130 9 1131 0 1132 0 1133 0 1134 0 1135 0 1136 0 1137 0 1138 1 1139 0 1140 1 1141 0 1142 0 1143 0 1144 0 1145 0 1146 0 1147 0 1148 0 1149 1 1150 2 1151 0 1152 1 1153 2 1154 0 1155 1 1156 2 1157 0 1158 1 1159 2 1160 0 1161 1 1162 2 1163 1 1164 2 1165 2 1166 5 1167 2 1168 5 1169 8 1170 6 1171 9 1172 6 1173 9 1174 2 1175 5 1176 6 1177 8 1178 6 1179 8 1180 2 1181 2 1182 21 1183 6 1184 7 1185 9 1186 6 1187 7 1188 9 1189 9 1190 23 1191 24 1192 25 1193 9 1194 23 1195 24 1196 25 1197 6 1198 9 1199 23 1200 24 1201 25 1202 6 1203 9 1204 23 1205 24 1206 25 1207 9 1208 23 1209 24 1210 25 1211 9 1212 23 1213 24 1214 25 1215 9 1216 23 1217 24 1218 25 1219 9 1220 23 1221 24 1222 25 1223 9 1224 23 1225 24 1226 25 1227 9 1228 23 1229 24 1230 25 1231 9 1232 23 1233 24 1234 25 1235 9 1236 23 1237 24 1238 25 1239 6 1240 7 1241 9 1242 6 1243 9 1244 6 1245 7 1246 9 1247 23 1248 6 1249 7 1250 9 1251 6 1252 7 1253 9 1254 6 1255 9 1256 6 1257 7 1258 9 1259 9 1260 23 1261 24 1262 25 1263 9 1264 23 1265 24 1266 25 1267 9 1268 23 1269 24 1270 25 1271 9 1272 23 1273 24 1274 25 1275 9 1276 23 1277 24 1278 25 1279 9 1280 23 1281 24 1282 25 1283 6 1284 7 1285 9 1286 23 1287 6 1288 9 1289 6 1290 7 1291 9 1292 6 1293 9 1294 6 1295 7 1296 9 1297 9 1298 23 1299 24 1300 25 1301 6 1302 9 1303 23 1304 24 1305 25 1306 9 1307 23 1308 24 1309 25 1310 9 1311 23 1312 24 1313 25 1314 9 1315 23 1316 24 1317 25 1318 9 1319 23 1320 24 1321 25 1322 6 1323 9 1324 6 1325 7 1326 9 1327 23 1328 2 1329 21 1330 22 1331 26 1332 2 1333 21 1334 22 1335 26 1336 2 1337 21 1338 22 1339 26 1340 2 1341 21 1342 22 1343 26 1344 2 1345 21 1346 22 1347 26 1348 2 1349 21 1350 22 1351 26 1352 2 1353 21 1354 22 1355 26 1356 22 1357 26 1358 27 1359 28 1360 2 1361 21 1362 22 1363 26 1364 2 1365 21 1366 22 1367 26 1368 27 1369 2 1370 21 1371 22 1372 26 1373 27 1374 2 1375 21 1376 22 1377 26 1378 27 1379 2 1380 21 1381 22 1382 26 1383 27 1384 2 1385 21 1386 22 1387 26 1388 27 1389 2 1390 21 1391 22 1392 26 1393 27 1394 2 1395 21 1396 22 1397 26 1398 27 1399 28 1400 22 1401 26 1402 27 1403 28 1404 2 1405 21 1406 22 1407 26 1408 27 1409 22 1410 26 1411 27 1412 28 1413 22 1414 26 1415 27 1416 28 1417 29 1418 22 1419 26 1420 27 1421 28 1422 22 1423 26 1424 27 1425 28 1426 29 1427 22 1428 26 1429 27 1430 28 1431 29 1432 22 1433 26 1434 27 1435 28 1436 29 1437 27 1438 28 1439 30 1440 22 1441 26 1442 27 1443 28 1444 22 1445 26 1446 27 1447 28 1448 22 1449 26 1450 27 1451 28 1452 22 1453 26 1454 27 1455 28 1456 22 1457 26 1458 27 1459 28 1460 22 1461 26 1462 27 1463 28 1464 22 1465 26 1466 27 1467 28 1468 22 1469 26 1470 27 1471 28 1472 2 1473 21 1474 22 1475 26 1476 2 1477 21 1478 22 1479 2 1480 21 1481 22 1482 2 1483 21 1484 22 1485 26 1486 2 1487 5 1488 21 1489 22 1490 2 1491 21 1492 22 1493 2 1494 21 1495 22 1496 26 1497 2 1498 21 1499 22 1500 22 1501 26 1502 27 1503 28 1504 30 1505 26 1506 27 1507 28 1508 30 1509 26 1510 27 1511 28 1512 29 1513 30 1514 31 1515 26 1516 27 1517 28 1518 30 1519 26 1520 27 1521 28 1522 29 1523 30 1524 31 1525 26 1526 27 1527 28 1528 29 1529 30 1530 31 1531 26 1532 27 1533 28 1534 29 1535 31 1536 30 1537 32 1538 26 1539 27 1540 28 1541 30 1542 27 1543 28 1544 30 1545 27 1546 28 1547 30 1548 27 1549 28 1550 30 1551 27 1552 28 1553 30 1554 26 1555 27 1556 28 1557 29 1558 30 1559 31 1560 27 1561 28 1562 29 1563 30 1564 31 1565 28 1566 30 1567 32 1568 27 1569 28 1570 30 1571 30 1572 32 1573 30 1574 32 1575 30 1576 32 1577 30 1578 32 1579 30 1580 32 1581 30 1582 32 1583 30 1584 32 1585 30 1586 32 1587 28 1588 30 1589 32 1590 27 1591 28 1592 30 1593 32 1594 28 1595 30 1596 32 1597 28 1598 30 1599 32 1600 28 1601 30 1602 32 1603 28 1604 30 1605 32 1606 28 1607 30 1608 32 1609 27 1610 29 1611 31 1612 33 1613 27 1614 29 1615 31 1616 33 1617 29 1618 31 1619 33 1620 29 1621 31 1622 33 1623 29 1624 31 1625 33 1626 29 1627 31 1628 33 1629 29 1630 31 1631 33 1632 29 1633 31 1634 33 1635 31 1636 33 1637 31 1638 33 1639 31 1640 33 1641 31 1642 33 1643 9 1644 23 1645 24 1646 25 1647 9 1648 23 1649 24 1650 25 1651 9 1652 23 1653 24 1654 25 1655 9 1656 23 1657 24 1658 25 1659 9 1660 23 1661 24 1662 25 1663 9 1664 23 1665 24 1666 25 1667 9 1668 23 1669 24 1670 25 1671 24 1672 25 1673 24 1674 25 1675 23 1676 24 1677 25 1678 23 1679 24 1680 25 1681 23 1682 24 1683 25 1684 24 1685 25 1686 23 1687 24 1688 25 1689 23 1690 24 1691 25 1692 23 1693 24 1694 25 1695 23 1696 24 1697 25 1698 23 1699 24 1700 25 1701 23 1702 24 1703 25 1704 23 1705 24 1706 25 1707 23 1708 24 1709 25 1710 23 1711 24 1712 25 1713 24 1714 25 1715 24 1716 25 1717 24 1718 25 1719 23 1720 24 1721 25 1722 23 1723 24 1724 25 1725 23 1726 24 1727 25 1728 23 1729 24 1730 25 1731 23 1732 24 1733 25 1734 23 1735 24 1736 25 1737 23 1738 24 1739 25 1740 23 1741 24 1742 25 1743 23 1744 24 1745 25 1746 24 1747 25 1748 24 1749 25 1750 23 1751 24 1752 25 1753 23 1754 24 1755 25 1756 23 1757 24 1758 25 1759 24 1760 25 1761 23 1762 24 1763 25 1764 23 1765 24 1766 25 1767 23 1768 24 1769 25 1770 23 1771 24 1772 25 1773 23 1774 24 1775 25 1776 23 1777 24 1778 25 1779 24 1780 25 1781 24 1782 25 1783 23 1784 24 1785 25 1786 23 1787 24 1788 25 1789 23 1790 24 1791 25 1792 23 1793 24 1794 25 1795 23 1796 24 1797 25 1798 23 1799 24 1800 25 1801 24 1802 25 1803 24 1804 25 1805 23 1806 24 1807 25 1808 23 1809 24 1810 25 1811 23 1812 24 1813 25 1814 23 1815 24 1816 25 1817 23 1818 24 1819 25 1820 23 1821 24 1822 25 1823 23 1824 24 1825 25 1826 23 1827 24 1828 25 1829 23 1830 24 1831 25 1832 23 1833 24 1834 25 1835 24 1836 25 1837 23 1838 24 1839 25 1840 23 1841 24 1842 25 1843 23 1844 24 1845 25 1846 23 1847 24 1848 25 1849 23 1850 24 1851 25 1852 23 1853 24 1854 25 1855 24 1856 25 1857 24 1858 25 1859 23 1860 24 1861 25 1862 23 1863 24 1864 25 1865 23 1866 24 1867 25 1868 23 1869 24 1870 25 1871 23 1872 24 1873 25 1874 23 1875 24 1876 25 1877 23 1878 24 1879 25 1880 23 1881 24 1882 25 1883 9 1884 23 1885 24 1886 25 1887 23 1888 24 1889 25 1890 23 1891 24 1892 25 1893 23 1894 24 1895 25 1896 23 1897 24 1898 25 1899 23 1900 24 1901 25 1902 23 1903 24 1904 25 1905 23 1906 24 1907 25 1908 23 1909 24 1910 25 1911 23 1912 24 1913 25 1914 23 1915 24 1916 25 1917 23 1918 24 1919 25 1920 23 1921 24 1922 25 1923 23 1924 24 1925 25 1926 23 1927 24 1928 25 1929 23 1930 24 1931 25 1932 23 1933 24 1934 25 1935 9 1936 23 1937 24 1938 25 1939 9 1940 23 1941 24 1942 25 1943 9 1944 23 1945 24 1946 25 1947 9 1948 23 1949 24 1950 25 1951 9 1952 23 1953 24 1954 25 1955 23 1956 24 1957 25 1958 9 1959 23 1960 24 1961 25 1962 9 1963 23 1964 24 1965 25 1966 9 1967 23 1968 24 1969 25 1970 9 1971 23 1972 24 1973 25 1974 23 1975 24 1976 25 1977 23 1978 24 1979 25 1980 9 1981 23 1982 24 1983 25 1984 28 1985 30 1986 32 1987 28 1988 30 1989 32 1990 28 1991 30 1992 32 1993 28 1994 30 1995 32 1996 28 1997 30 1998 32 1999 28 2000 30 2001 32 2002 28 2003 30 2004 32 2005 28 2006 30 2007 32 2008 15 2009 17 2010 20 2011 15 2012 17 2013 20 2014 15 2015 17 2016 20 2017 17 2018 20 2019 15 2020 17 2021 20 2022 15 2023 17 2024 20 2025 15 2026 17 2027 20 2028 15 2029 17 2030 20 2031 14 2032 15 2033 17 2034 20 2035 14 2036 15 2037 17 2038 20 2039 14 2040 15 2041 17 2042 20 2043 14 2044 15 2045 17 2046 20 2047 14 2048 15 2049 17 2050 14 2051 15 2052 17 2053 20 2054 14 2055 15 2056 17 2057 20 2058 14 2059 15 2060 17 2061 20 2062 27 2063 28 2064 30 2065 32 2066 27 2067 28 2068 30 2069 27 2070 28 2071 30 2072 27 2073 28 2074 30 2075 32 2076 27 2077 28 2078 30 2079 27 2080 28 2081 30 2082 32 2083 27 2084 28 2085 30 2086 27 2087 28 2088 30 2089 32 2090 4 2091 13 2092 14 2093 15 2094 4 2095 13 2096 14 2097 15 2098 4 2099 13 2100 14 2101 15 2102 4 2103 13 2104 14 2105 15 2106 4 2107 13 2108 14 2109 15 2110 4 2111 13 2112 14 2113 15 2114 4 2115 13 2116 14 2117 15 2118 4 2119 13 2120 14 2121 15 2122 22 2123 26 2124 27 2125 28 2126 22 2127 26 2128 27 2129 28 2130 22 2131 26 2132 27 2133 28 2134 22 2135 26 2136 27 2137 28 2138 22 2139 26 2140 27 2141 28 2142 22 2143 26 2144 27 2145 28 2146 22 2147 26 2148 27 2149 28 2150 22 2151 26 2152 27 2153 28 2154 2 2155 5 2156 6 2157 8 2158 2 2159 3 2160 4 2161 5 2162 8 2163 2 2164 5 2165 6 2166 8 2167 2 2168 3 2169 4 2170 5 2171 6 2172 8 2173 2 2174 5 2175 8 2176 2 2177 5 2178 6 2179 8 2180 2 2181 5 2182 8 2183 2 2184 5 2185 6 2186 8 2187 2 2188 5 2189 8 2190 21 2191 22 2192 2 2193 5 2194 6 2195 8 2196 21 2197 22 2198 2 2199 5 2200 6 2201 8 2202 2 2203 5 2204 8 2205 22 2206 26 2207 27 2208 28 2209 22 2210 26 2211 27 2212 28 2213 22 2214 26 2215 27 2216 28 2217 22 2218 26 2219 27 2220 28 2221 22 2222 26 2223 27 2224 28 2225 22 2226 26 2227 27 2228 28 2229 22 2230 26 2231 27 2232 28 2233 4 2234 13 2235 14 2236 15 2237 4 2238 13 2239 14 2240 15 2241 4 2242 13 2243 14 2244 15 2245 4 2246 13 2247 14 2248 15 2249 4 2250 13 2251 14 2252 15 2253 4 2254 13 2255 14 2256 15 2257 4 2258 13 2259 14 2260 15 2261 2 2262 3 2263 4 2264 13 2265 2 2266 3 2267 4 2268 13 2269 2 2270 3 2271 4 2272 13 2273 2 2274 3 2275 4 2276 13 2277 2 2278 3 2279 4 2280 13 2281 2 2282 3 2283 4 2284 13 2285 2 2286 3 2287 4 2288 13 2289 2 2290 3 2291 4 2292 13 2293 2 2294 21 2295 22 2296 26 2297 2 2298 21 2299 22 2300 26 2301 2 2302 21 2303 22 2304 26 2305 2 2306 21 2307 22 2308 26 2309 2 2310 21 2311 22 2312 26 2313 2 2314 21 2315 22 2316 26 2317 2 2318 21 2319 22 2320 26 2321 2 2322 21 2323 22 2324 26 2325</v>
        </vertex_weights>
      </skin>
    </controller>
  </library_controllers>
  <library_animations>
    <animation id="mixamorig_Hips-anim" name="mixamorig_Hips">
      <source id="mixamorig_Hips-Matrix-animation-input">
        <float_array id="mixamorig_Hips-Matrix-animation-input-array" count="32">

0.000000 0.033333 0.066667 0.100000 0.133333 0.166667 0.200000 0.233333 0.266667 0.300000 0.333333 0.366667 0.400000 0.433333 0.466667 0.500000
0.533333 0.566667 0.600000 0.633333 0.666667 0.700000 0.733333 0.766667 0.800000 0.833333 0.866667 0.900000 0.933333 0.966667 1.000000 1.033333</float_array>
        <technique_common>
          <accessor source="#mixamorig_Hips-Matrix-animation-input-array" count="32">
            <param name="TIME" type="float"/>
          </accessor>
        </technique_common>
      </source>
      <source id="mixamorig_Hips-Matrix-animation-output-transform">
        <float_array id="mixamorig_Hips-Matrix-animation-output-transform-array" count="512">

0.998572 0.025359 0.047022 0.000927 -0.024547 0.999541 -0.017767 0.535579 -0.047451 0.016587 0.998736 -0.000401 0.000000 0.000000 0.000000 1.000000
0.999412 0.024737 0.023761 0.000274 -0.024317 0.999546 -0.017807 0.539045 -0.024191 0.017219 0.999559 0.031655 0.000000 0.000000 0.000000 1.000000
0.999597 0.028101 0.004112 -0.000098 -0.028034 0.999485 -0.015615 0.538788 -0.004549 0.015493 0.999870 0.063313 0.000000 0.000000 0.000000 1.000000
0.999469 0.031040 -0.009954 -0.000096 -0.031159 0.999442 -0.012045 0.535559 0.009575 0.012349 0.999878 0.096210 0.000000 0.000000 0.000000 1.000000
0.999299 0.031270 -0.020568 -0.000036 -0.031484 0.999453 -0.010145 0.530141 0.020239 0.010785 0.999737 0.128329 0.000000 0.000000 0.000000 1.000000
0.999034 0.029905 -0.032195 0.000371 -0.030285 0.999476 -0.011387 0.523730 0.031838 0.012351 0.999417 0.160071 0.000000 0.000000 0.000000 1.000000
0.998501 0.029229 -0.046274 0.001268 -0.029878 0.999464 -0.013413 0.516989 0.045857 0.014775 0.998839 0.191953 0.000000 0.000000 0.000000 1.000000
0.997768 0.029253 -0.060027 0.002645 -0.030093 0.999461 -0.013128 0.509467 0.059611 0.014906 0.998110 0.225022 0.000000 0.000000 0.000000 1.000000
0.997159 0.027294 -0.070201 0.004960 -0.028217 0.999528 -0.012187 0.501378 0.069836 0.014134 0.997458 0.260334 0.000000 0.000000 0.000000 1.000000
0.996951 0.020236 -0.075360 0.007324 -0.021486 0.999644 -0.015809 0.495716 0.075013 0.017380 0.997031 0.296331 0.000000 0.000000 0.000000 1.000000
0.997181 0.008033 -0.074607 0.009734 -0.009840 0.999666 -0.023882 0.491875 0.074390 0.024548 0.996927 0.330261 0.000000 0.000000 0.000000 1.000000
0.997693 -0.004903 -0.067714 0.011688 0.002949 0.999577 -0.028923 0.491941 0.067828 0.028657 0.997285 0.360525 0.000000 0.000000 0.000000 1.000000
0.998249 -0.010077 -0.058293 0.014080 0.008553 0.999617 -0.026324 0.499027 0.058536 0.025779 0.997952 0.392701 0.000000 0.000000 0.000000 1.000000
0.998765 -0.006050 -0.049306 0.016405 0.005081 0.999792 -0.019753 0.510745 0.049415 0.019478 0.998588 0.426298 0.000000 0.000000 0.000000 1.000000
0.999343 0.004696 -0.035945 0.018110 -0.005238 0.999874 -0.015004 0.522694 0.035870 0.015182 0.999241 0.459883 0.000000 0.000000 0.000000 1.000000
0.999802 0.016089 -0.011700 0.019503 -0.016266 0.999752 -0.015214 0.532912 0.011452 0.015401 0.999816 0.493741 0.000000 0.000000 0.000000 1.000000
0.999557 0.020676 0.021427 0.020343 -0.020241 0.999589 -0.020314 0.538804 -0.021838 0.019871 0.999564 0.525339 0.000000 0.000000 0.000000 1.000000
0.998459 0.015764 0.053211 0.020596 -0.014341 0.999532 -0.027008 0.539859 -0.053612 0.026203 0.998218 0.556310 0.000000 0.000000 0.000000 1.000000
0.997143 0.005429 0.075338 0.020552 -0.003067 0.999501 -0.031423 0.536718 -0.075471 0.031102 0.996663 0.588268 0.000000 0.000000 0.000000 1.000000
0.996098 -0.004882 0.088117 0.020548 0.007777 0.999440 -0.032545 0.530386 -0.087909 0.033103 0.995578 0.620547 0.000000 0.000000 0.000000 1.000000
0.995107 -0.012591 0.097998 0.020334 0.015814 0.999357 -0.032184 0.522961 -0.097530 0.033576 0.994666 0.653090 0.000000 0.000000 0.000000 1.000000
0.993691 -0.018333 0.110647 0.019903 0.022053 0.999229 -0.032490 0.514282 -0.109966 0.034726 0.993329 0.686115 0.000000 0.000000 0.000000 1.000000
0.991736 -0.021303 0.126515 0.019039 0.025845 0.999075 -0.034368 0.505766 -0.125665 0.037354 0.991369 0.718464 0.000000 0.000000 0.000000 1.000000
0.989866 -0.018808 0.140754 0.017087 0.024412 0.998972 -0.038194 0.498384 -0.139891 0.041243 0.989308 0.752023 0.000000 0.000000 0.000000 1.000000
0.989163 -0.008970 0.146548 0.014621 0.015692 0.998874 -0.044781 0.494778 -0.145982 0.046595 0.988189 0.786775 0.000000 0.000000 0.000000 1.000000
0.989962 0.007316 0.141147 0.011827 0.000206 0.998584 -0.053204 0.493519 -0.141336 0.052699 0.988558 0.820899 0.000000 0.000000 0.000000 1.000000
0.991160 0.026597 0.129981 0.009430 -0.019126 0.998110 -0.058395 0.496197 -0.131289 0.055392 0.989795 0.853428 0.000000 0.000000 0.000000 1.000000
0.991750 0.042479 0.120943 0.006398 -0.036034 0.997837 -0.054985 0.502150 -0.123017 0.050173 0.991135 0.884662 0.000000 0.000000 0.000000 1.000000
0.992515 0.046007 0.113126 0.004346 -0.041296 0.998193 -0.043643 0.511947 -0.114930 0.038644 0.992622 0.917303 0.000000 0.000000 0.000000 1.000000
0.994215 0.039792 0.099764 0.002841 -0.036902 0.998849 -0.030648 0.522353 -0.100869 0.026789 0.994539 0.951819 0.000000 0.000000 0.000000 1.000000
0.996510 0.031594 0.077258 0.001739 -0.030011 0.999317 -0.021565 0.530248 -0.077887 0.019171 0.996778 0.985948 0.000000 0.000000 0.000000 1.000000
0.998572 0.025359 0.047022 0.000927 -0.024547 0.999541 -0.017767 0.535579 -0.047451 0.016587 0.998736 1.018539 0.000000 0.000000 0.000000 1.000000</float_array>
        <technique_common>
          <accessor source="#mixamorig_Hips-Matrix-animation-output-transform-array" count="32" stride="16">
            <param type="float4x4"/>
          </accessor>
        </technique_common>
      </source>
      <source id="mixamorig_Hips-Interpolations">
        <Name_array id="mixamorig_Hips-Interpolations-array" count="32">
 LINEAR LINEAR LINEAR LINEAR LINEAR LINEAR LINEAR LINEAR LINEAR LINEAR LINEAR
LINEAR LINEAR LINEAR LINEAR LINEAR LINEAR LINEAR LINEAR LINEAR LINEAR LINEAR LINEAR
LINEAR LINEAR LINEAR LINEAR LINEAR LINEAR LINEAR LINEAR LINEAR</Name_array>
        <technique_common>
          <accessor source="#mixamorig_Hips-Interpolations-array" count="32">
            <param type="name"/>
          </accessor>
        </technique_common>
      </source>
      <sampler id="mixamorig_Hips-Matrix-animation-transform">
        <input semantic="INPUT" source="#mixamorig_Hips-Matrix-animation-input"/>
        <input semantic="OUTPUT" source="#mixamorig_Hips-Matrix-animation-output-transform"/>
        <input semantic="INTERPOLATION" source="#mixamorig_Hips-Interpolations"/>
      </sampler>
      <channel source="#mixamorig_Hips-Matrix-animation-transform" target="mixamorig_Hips/matrix"/>
    </animation>
    <animation id="mixamorig_Spine-anim" name="mixamorig_Spine">
      <source id="mixamorig_Spine-Matrix-animation-input">
        <float_array id="mixamorig_Spine-Matrix-animation-input-array" count="32">

0.000000 0.033333 0.066667 0.100000 0.133333 0.166667 0.200000 0.233333 0.266667 0.300000 0.333333 0.366667 0.400000 0.433333 0.466667 0.500000
0.533333 0.566667 0.600000 0.633333 0.666667 0.700000 0.733333 0.766667 0.800000 0.833333 0.866667 0.900000 0.933333 0.966667 1.000000 1.033333</float_array>
        <technique_common>
          <accessor source="#mixamorig_Spine-Matrix-animation-input-array" count="32">
            <param name="TIME" type="float"/>
          </accessor>
        </technique_common>
      </source>
      <source id="mixamorig_Spine-Matrix-animation-output-transform">
        <float_array id="mixamorig_Spine-Matrix-animation-output-transform-array" count="512">

0.999976 -0.003278 0.006025 0.000000 0.003196 0.999903 0.013589 0.081290 -0.006069 -0.013569 0.999890 -0.001379 0.000000 0.000000 0.000000 1.000000
0.999931 0.000308 0.011731 -0.000000 -0.000463 0.999912 0.013234 0.081290 -0.011726 -0.013239 0.999844 -0.001379 0.000000 0.000000 0.000000 1.000000
0.999858 0.002418 0.016666 -0.000000 -0.002606 0.999933 0.011283 0.081290 -0.016638 -0.011325 0.999797 -0.001379 0.000000 0.000000 0.000000 1.000000
0.999784 0.003339 0.020508 -0.000000 -0.003551 0.999941 0.010312 0.081290 -0.020472 -0.010382 0.999737 -0.001379 0.000000 0.000000 0.000000 1.000000
0.999705 0.004527 0.023872 -0.000000 -0.004742 0.999949 0.008964 0.081290 -0.023831 -0.009074 0.999675 -0.001379 0.000000 0.000000 0.000000 1.000000
0.999598 0.006192 0.027684 -0.000000 -0.006435 0.999942 0.008680 0.081290 -0.027629 -0.008854 0.999579 -0.001379 0.000000 0.000000 0.000000 1.000000
0.999449 0.008022 0.032209 -0.000000 -0.008311 0.999926 0.008849 0.081290 -0.032135 -0.009112 0.999442 -0.001379 0.000000 0.000000 0.000000 1.000000
0.999281 0.009566 0.036686 0.000000 -0.009912 0.999908 0.009242 0.081290 -0.036595 -0.009599 0.999284 -0.001379 0.000000 0.000000 0.000000 1.000000
0.999135 0.011024 0.040087 -0.000000 -0.011447 0.999881 0.010320 0.081290 -0.039969 -0.010770 0.999143 -0.001379 0.000000 0.000000 0.000000 1.000000
0.999035 0.013394 0.041821 -0.000000 -0.013995 0.999803 0.014103 0.081290 -0.041624 -0.014675 0.999026 -0.001379 0.000000 0.000000 0.000000 1.000000
0.998961 0.018516 0.041635 -0.000000 -0.019331 0.999628 0.019257 0.081290 -0.041263 -0.020042 0.998947 -0.001379 0.000000 0.000000 0.000000 1.000000
0.998940 0.024804 0.038774 0.000000 -0.025638 0.999447 0.021183 0.081290 -0.038227 -0.022155 0.999023 -0.001379 0.000000 0.000000 0.000000 1.000000
0.999102 0.026181 0.033304 -0.000000 -0.026844 0.999447 0.019602 0.081290 -0.032772 -0.020479 0.999253 -0.001379 0.000000 0.000000 0.000000 1.000000
0.999355 0.024054 0.026647 0.000000 -0.024519 0.999551 0.017246 0.081290 -0.026220 -0.017889 0.999496 -0.001379 0.000000 0.000000 0.000000 1.000000
0.999644 0.018805 0.018914 0.000000 -0.019099 0.999698 0.015489 0.081290 -0.018617 -0.015845 0.999701 -0.001379 0.000000 0.000000 0.000000 1.000000
0.999872 0.012563 0.009918 0.000000 -0.012712 0.999805 0.015086 0.081290 -0.009727 -0.015210 0.999837 -0.001379 0.000000 0.000000 0.000000 1.000000
0.999966 0.008223 0.000467 0.000000 -0.008229 0.999863 0.014384 0.081290 -0.000349 -0.014387 0.999896 -0.001379 0.000000 0.000000 0.000000 1.000000
0.999954 0.006152 -0.007390 -0.000000 -0.006051 0.999888 0.013676 0.081290 0.007473 -0.013630 0.999879 -0.001379 0.000000 0.000000 0.000000 1.000000
0.999910 0.005060 -0.012399 -0.000000 -0.004898 0.999903 0.013033 0.081290 0.012463 -0.012971 0.999838 -0.001379 0.000000 0.000000 0.000000 1.000000
0.999877 0.003185 -0.015351 0.000000 -0.003011 0.999931 0.011384 0.081290 0.015386 -0.011336 0.999817 -0.001379 0.000000 0.000000 0.000000 1.000000
0.999837 0.001791 -0.017982 0.000000 -0.001616 0.999951 0.009750 0.081290 0.017999 -0.009719 0.999791 -0.001379 0.000000 0.000000 0.000000 1.000000
0.999770 0.000535 -0.021440 -0.000000 -0.000345 0.999961 0.008864 0.081290 0.021444 -0.008855 0.999731 -0.001379 0.000000 0.000000 0.000000 1.000000
0.999671 -0.001027 -0.025610 0.000000 0.001250 0.999961 0.008714 0.081290 0.025600 -0.008743 0.999634 -0.001379 0.000000 0.000000 0.000000 1.000000
0.999575 -0.002573 -0.029023 -0.000000 0.002887 0.999938 0.010776 0.081290 0.028993 -0.010855 0.999521 -0.001379 0.000000 0.000000 0.000000 1.000000
0.999538 -0.004493 -0.030068 0.000000 0.004960 0.999868 0.015458 0.081290 0.029994 -0.015600 0.999428 -0.001379 0.000000 0.000000 0.000000 1.000000
0.999579 -0.006422 -0.028286 0.000000 0.006998 0.999769 0.020308 0.081290 0.028149 -0.020497 0.999394 -0.001379 0.000000 0.000000 0.000000 1.000000
0.999640 -0.010818 -0.024565 0.000000 0.011376 0.999679 0.022653 0.081290 0.024312 -0.022924 0.999442 -0.001379 0.000000 0.000000 0.000000 1.000000
0.999670 -0.015505 -0.020465 0.000000 0.015942 0.999644 0.021393 0.081290 0.020126 -0.021712 0.999562 -0.001379 0.000000 0.000000 0.000000 1.000000
0.999751 -0.015926 -0.015640 0.000000 0.016212 0.999701 0.018306 0.081290 0.015343 -0.018555 0.999710 -0.001379 0.000000 0.000000 0.000000 1.000000
0.999883 -0.012010 -0.009451 0.000000 0.012158 0.999801 0.015789 0.081290 0.009260 -0.015902 0.999831 -0.001379 0.000000 0.000000 0.000000 1.000000
0.999971 -0.007369 -0.002093 -0.000000 0.007399 0.999863 0.014781 0.081290 0.001984 -0.014796 0.999889 -0.001379 0.000000 0.000000 0.000000 1.000000
0.999976 -0.003278 0.006025 -0.000000 0.003196 0.999903 0.013589 0.081290 -0.006069 -0.013569 0.999890 -0.001379 0.000000 0.000000 0.000000 1.000000</float_array>
        <technique_common>
          <accessor source="#mixamorig_Spine-Matrix-animation-output-transform-array" count="32" stride="16">
            <param type="float4x4"/>
          </accessor>
        </technique_common>
      </source>
      <source id="mixamorig_Spine-Interpolations">
        <Name_array id="mixamorig_Spine-Interpolations-array" count="32">
 LINEAR LINEAR LINEAR LINEAR LINEAR LINEAR LINEAR LINEAR LINEAR LINEAR LINEAR
LINEAR LINEAR LINEAR LINEAR LINEAR LINEAR LINEAR LINEAR LINEAR LINEAR LINEAR LINEAR
LINEAR LINEAR LINEAR LINEAR LINEAR LINEAR LINEAR LINEAR LINEAR</Name_array>
        <technique_common>
          <accessor source="#mixamorig_Spine-Interpolations-array" count="32">
            <param type="name"/>
          </accessor>
        </technique_common>
      </source>
      <sampler id="mixamorig_Spine-Matrix-animation-transform">
        <input semantic="INPUT" source="#mixamorig_Spine-Matrix-animation-input"/>
        <input semantic="OUTPUT" source="#mixamorig_Spine-Matrix-animation-output-transform"/>
        <input semantic="INTERPOLATION" source="#mixamorig_Spine-Interpolations"/>
      </sampler>
      <channel source="#mixamorig_Spine-Matrix-animation-transform" target="mixamorig_Spine/matrix"/>
    </animation>
    <animation id="mixamorig_Spine1-anim" name="mixamorig_Spine1">
      <source id="mixamorig_Spine1-Matrix-animation-input">
        <float_array id="mixamorig_Spine1-Matrix-animation-input-array" count="32">

0.000000 0.033333 0.066667 0.100000 0.133333 0.166667 0.200000 0.233333 0.266667 0.300000 0.333333 0.366667 0.400000 0.433333 0.466667 0.500000
0.533333 0.566667 0.600000 0.633333 0.666667 0.700000 0.733333 0.766667 0.800000 0.833333 0.866667 0.900000 0.933333 0.966667 1.000000 1.033333</float_array>
        <technique_common>
          <accessor source="#mixamorig_Spine1-Matrix-animation-input-array" count="32">
            <param name="TIME" type="float"/>
          </accessor>
        </technique_common>
      </source>
      <source id="mixamorig_Spine1-Matrix-animation-output-transform">
        <float_array id="mixamorig_Spine1-Matrix-animation-output-transform-array" count="512">

0.999889 -0.008876 0.011936 0.000000 0.008957 0.999937 -0.006718 0.094852 -0.011875 0.006824 0.999906 -0.000000 0.000000 0.000000 0.000000 1.000000
0.999723 -0.003006 0.023331 0.000000 0.003180 0.999967 -0.007411 0.094852 -0.023308 0.007483 0.999700 -0.000000 0.000000 0.000000 0.000000 1.000000
0.999450 0.000200 0.033165 -0.000000 0.000175 0.999936 -0.011296 0.094852 -0.033165 0.011296 0.999386 -0.000000 0.000000 0.000000 0.000000 1.000000
0.999167 0.001721 0.040779 -0.000000 -0.001183 0.999912 -0.013227 0.094852 -0.040798 0.013168 0.999081 -0.000000 0.000000 0.000000 0.000000 1.000000
0.998865 0.004482 0.047421 0.000000 -0.003729 0.999866 -0.015942 0.094852 -0.047486 0.015747 0.998748 -0.000000 0.000000 0.000000 0.000000 1.000000
0.998454 0.008380 0.054949 0.000000 -0.007480 0.999835 -0.016560 0.094852 -0.055079 0.016123 0.998352 -0.000000 0.000000 0.000000 0.000000 1.000000
0.997879 0.012620 0.063864 0.000000 -0.011602 0.999800 -0.016295 0.094852 -0.064057 0.015520 0.997826 -0.000000 0.000000 0.000000 0.000000 1.000000
0.997228 0.016151 0.072631 0.000000 -0.015056 0.999765 -0.015589 0.094852 -0.072866 0.014452 0.997237 -0.000000 0.000000 0.000000 0.000000 1.000000
0.996679 0.019192 0.079135 -0.000000 -0.018178 0.999743 -0.013509 0.094852 -0.079374 0.012026 0.996772 -0.000000 0.000000 0.000000 0.000000 1.000000
0.996397 0.022795 0.081697 -0.000000 -0.022379 0.999732 -0.005998 0.094852 -0.081812 0.004148 0.996639 -0.000000 0.000000 0.000000 0.000000 1.000000
0.996446 0.028842 0.079144 -0.000000 -0.029276 0.999562 0.004330 0.094852 -0.078985 -0.006632 0.996854 -0.000000 0.000000 0.000000 0.000000 1.000000
0.996911 0.033071 0.071234 0.000000 -0.033754 0.999395 0.008403 0.094852 -0.070913 -0.010781 0.997424 -0.000000 0.000000 0.000000 0.000000 1.000000
0.997703 0.031254 0.060095 -0.000000 -0.031635 0.999485 0.005396 0.094852 -0.059895 -0.007285 0.998178 -0.000000 0.000000 0.000000 0.000000 1.000000
0.998475 0.027111 0.048081 0.000000 -0.027176 0.999630 0.000691 0.094852 -0.048044 -0.001997 0.998843 -0.000000 0.000000 0.000000 0.000000 1.000000
0.999203 0.020016 0.034541 0.000000 -0.019928 0.999797 -0.002874 0.094852 -0.034592 0.002184 0.999399 -0.000000 0.000000 0.000000 0.000000 1.000000
0.999763 0.012024 0.018134 -0.000000 -0.011958 0.999921 -0.003742 0.094852 -0.018178 0.003524 0.999829 -0.000000 0.000000 0.000000 0.000000 1.000000
0.999973 0.007378 0.000364 0.000000 -0.007376 0.999959 -0.005197 0.094852 -0.000402 0.005194 0.999986 -0.000000 0.000000 0.000000 0.000000 1.000000
0.999868 0.006799 -0.014763 0.000000 -0.006897 0.999954 -0.006614 0.094852 0.014718 0.006715 0.999869 -0.000000 0.000000 0.000000 0.000000 1.000000
0.999659 0.008235 -0.024782 0.000000 -0.008431 0.999934 -0.007837 0.094852 0.024715 0.008043 0.999662 -0.000000 0.000000 0.000000 0.000000 1.000000
0.999496 0.006967 -0.030966 0.000000 -0.007314 0.999912 -0.011085 0.094852 0.030886 0.011305 0.999459 -0.000000 0.000000 0.000000 0.000000 1.000000
0.999319 0.005246 -0.036535 0.000000 -0.005773 0.999881 -0.014328 0.094852 0.036456 0.014529 0.999230 -0.000000 0.000000 0.000000 0.000000 1.000000
0.999040 0.002084 -0.043758 0.000000 -0.002792 0.999866 -0.016128 0.094852 0.043719 0.016235 0.998912 -0.000000 0.000000 0.000000 0.000000 1.000000
0.998636 -0.002038 -0.052175 -0.000000 0.001179 0.999863 -0.016496 0.094852 0.052201 0.016412 0.998502 -0.000000 0.000000 0.000000 0.000000 1.000000
0.998240 -0.005534 -0.059039 0.000000 0.004807 0.999911 -0.012438 0.094852 0.059103 0.012133 0.998178 -0.000000 0.000000 0.000000 0.000000 1.000000
0.998082 -0.010024 -0.061083 0.000000 0.009848 0.999946 -0.003180 0.094852 0.061112 0.002573 0.998128 -0.000000 0.000000 0.000000 0.000000 1.000000
0.998264 -0.015407 -0.056855 0.000000 0.015795 0.999855 0.006392 0.094852 0.056748 -0.007279 0.998362 -0.000000 0.000000 0.000000 0.000000 1.000000
0.998541 -0.023440 -0.048649 0.000000 0.024004 0.999651 0.011044 0.094852 0.048373 -0.012196 0.998755 -0.000000 0.000000 0.000000 0.000000 1.000000
0.998840 -0.027459 -0.039544 0.000000 0.027823 0.999575 0.008679 0.094852 0.039289 -0.009769 0.999180 -0.000000 0.000000 0.000000 0.000000 1.000000
0.999166 -0.027550 -0.030131 0.000000 0.027639 0.999615 0.002567 0.094852 0.030049 -0.003398 0.999543 -0.000000 0.000000 0.000000 0.000000 1.000000
0.999563 -0.022930 -0.018631 0.000000 0.022889 0.999735 -0.002438 0.094852 0.018682 0.002010 0.999823 -0.000000 0.000000 0.000000 0.000000 1.000000
0.999866 -0.015816 -0.004238 0.000000 0.015798 0.999866 -0.004388 0.094852 0.004306 0.004321 0.999981 -0.000000 0.000000 0.000000 0.000000 1.000000
0.999889 -0.008876 0.011936 0.000000 0.008957 0.999937 -0.006718 0.094852 -0.011875 0.006824 0.999906 -0.000000 0.000000 0.000000 0.000000 1.000000</float_array>
        <technique_common>
          <accessor source="#mixamorig_Spine1-Matrix-animation-output-transform-array" count="32" stride="16">
            <param type="float4x4"/>
          </accessor>
        </technique_common>
      </source>
      <source id="mixamorig_Spine1-Interpolations">
        <Name_array id="mixamorig_Spine1-Interpolations-array" count="32">
 LINEAR LINEAR LINEAR LINEAR LINEAR LINEAR LINEAR LINEAR LINEAR LINEAR LINEAR
LINEAR LINEAR LINEAR LINEAR LINEAR LINEAR LINEAR LINEAR LINEAR LINEAR LINEAR LINEAR
LINEAR LINEAR LINEAR LINEAR LINEAR LINEAR LINEAR LINEAR LINEAR</Name_array>
        <technique_common>
          <accessor source="#mixamorig_Spine1-Interpolations-array" count="32">
            <param type="name"/>
          </accessor>
        </technique_common>
      </source>
      <sampler id="mixamorig_Spine1-Matrix-animation-transform">
        <input semantic="INPUT" source="#mixamorig_Spine1-Matrix-animation-input"/>
        <input semantic="OUTPUT" source="#mixamorig_Spine1-Matrix-animation-output-transform"/>
        <input semantic="INTERPOLATION" source="#mixamorig_Spine1-Interpolations"/>
      </sampler>
      <channel source="#mixamorig_Spine1-Matrix-animation-transform" target="mixamorig_Spine1/matrix"/>
    </animation>
    <animation id="mixamorig_Spine2-anim" name="mixamorig_Spine2">
      <source id="mixamorig_Spine2-Matrix-animation-input">
        <float_array id="mixamorig_Spine2-Matrix-animation-input-array" count="32">

0.000000 0.033333 0.066667 0.100000 0.133333 0.166667 0.200000 0.233333 0.266667 0.300000 0.333333 0.366667 0.400000 0.433333 0.466667 0.500000
0.533333 0.566667 0.600000 0.633333 0.666667 0.700000 0.733333 0.766667 0.800000 0.833333 0.866667 0.900000 0.933333 0.966667 1.000000 1.033333</float_array>
        <technique_common>
          <accessor source="#mixamorig_Spine2-Matrix-animation-input-array" count="32">
            <param name="TIME" type="float"/>
          </accessor>
        </technique_common>
      </source>
      <source id="mixamorig_Spine2-Matrix-animation-output-transform">
        <float_array id="mixamorig_Spine2-Matrix-animation-output-transform-array" count="512">

0.999889 -0.008876 0.011936 0.000000 0.008957 0.999937 -0.006718 0.108402 -0.011875 0.006824 0.999906 -0.000000 0.000000 0.000000 0.000000 1.000000
0.999723 -0.003006 0.023331 0.000000 0.003180 0.999967 -0.007411 0.108402 -0.023308 0.007483 0.999700 -0.000000 0.000000 0.000000 0.000000 1.000000
0.999450 0.000200 0.033165 0.000000 0.000175 0.999936 -0.011296 0.108402 -0.033165 0.011296 0.999386 -0.000000 0.000000 0.000000 0.000000 1.000000
0.999167 0.001721 0.040779 0.000000 -0.001183 0.999912 -0.013227 0.108402 -0.040798 0.013168 0.999081 -0.000000 0.000000 0.000000 0.000000 1.000000
0.998865 0.004482 0.047421 0.000000 -0.003729 0.999866 -0.015942 0.108402 -0.047486 0.015747 0.998748 -0.000000 0.000000 0.000000 0.000000 1.000000
0.998454 0.008380 0.054949 0.000000 -0.007480 0.999835 -0.016560 0.108402 -0.055079 0.016123 0.998352 -0.000000 0.000000 0.000000 0.000000 1.000000
0.997879 0.012620 0.063864 0.000000 -0.011602 0.999800 -0.016295 0.108402 -0.064057 0.015520 0.997826 -0.000000 0.000000 0.000000 0.000000 1.000000
0.997228 0.016151 0.072631 0.000000 -0.015056 0.999765 -0.015589 0.108402 -0.072866 0.014452 0.997237 -0.000000 0.000000 0.000000 0.000000 1.000000
0.996679 0.019192 0.079136 0.000000 -0.018178 0.999743 -0.013509 0.108402 -0.079374 0.012026 0.996772 -0.000000 0.000000 0.000000 0.000000 1.000000
0.996397 0.022795 0.081697 0.000000 -0.022379 0.999732 -0.005998 0.108402 -0.081812 0.004148 0.996639 -0.000000 0.000000 0.000000 0.000000 1.000000
0.996446 0.028842 0.079144 0.000000 -0.029276 0.999562 0.004330 0.108402 -0.078985 -0.006632 0.996854 -0.000000 0.000000 0.000000 0.000000 1.000000
0.996911 0.033071 0.071234 0.000000 -0.033754 0.999395 0.008403 0.108402 -0.070913 -0.010781 0.997424 -0.000000 0.000000 0.000000 0.000000 1.000000
0.997703 0.031254 0.060095 0.000000 -0.031635 0.999485 0.005396 0.108402 -0.059895 -0.007285 0.998178 -0.000000 0.000000 0.000000 0.000000 1.000000
0.998475 0.027111 0.048081 0.000000 -0.027176 0.999630 0.000691 0.108402 -0.048044 -0.001997 0.998843 -0.000000 0.000000 0.000000 0.000000 1.000000
0.999203 0.020016 0.034541 0.000000 -0.019928 0.999797 -0.002874 0.108402 -0.034592 0.002184 0.999399 -0.000000 0.000000 0.000000 0.000000 1.000000
0.999763 0.012024 0.018134 -0.000000 -0.011958 0.999921 -0.003742 0.108402 -0.018178 0.003524 0.999829 -0.000000 0.000000 0.000000 0.000000 1.000000
0.999973 0.007378 0.000364 0.000000 -0.007376 0.999959 -0.005197 0.108402 -0.000402 0.005194 0.999986 -0.000000 0.000000 0.000000 0.000000 1.000000
0.999868 0.006799 -0.014763 0.000000 -0.006897 0.999954 -0.006614 0.108402 0.014718 0.006715 0.999869 -0.000000 0.000000 0.000000 0.000000 1.000000
0.999659 0.008235 -0.024782 -0.000000 -0.008431 0.999934 -0.007837 0.108402 0.024715 0.008043 0.999662 -0.000000 0.000000 0.000000 0.000000 1.000000
0.999496 0.006967 -0.030966 0.000000 -0.007314 0.999912 -0.011085 0.108402 0.030886 0.011305 0.999459 -0.000000 0.000000 0.000000 0.000000 1.000000
0.999319 0.005246 -0.036535 0.000000 -0.005773 0.999881 -0.014328 0.108402 0.036456 0.014529 0.999230 -0.000000 0.000000 0.000000 0.000000 1.000000
0.999040 0.002084 -0.043758 -0.000000 -0.002792 0.999866 -0.016128 0.108402 0.043719 0.016235 0.998912 -0.000000 0.000000 0.000000 0.000000 1.000000
0.998636 -0.002038 -0.052175 0.000000 0.001179 0.999863 -0.016496 0.108402 0.052201 0.016412 0.998502 -0.000000 0.000000 0.000000 0.000000 1.000000
0.998240 -0.005534 -0.059039 0.000000 0.004807 0.999911 -0.012438 0.108402 0.059103 0.012133 0.998178 -0.000000 0.000000 0.000000 0.000000 1.000000
0.998082 -0.010024 -0.061083 0.000000 0.009848 0.999946 -0.003180 0.108402 0.061112 0.002573 0.998128 -0.000000 0.000000 0.000000 0.000000 1.000000
0.998264 -0.015407 -0.056855 -0.000000 0.015795 0.999855 0.006392 0.108402 0.056748 -0.007279 0.998362 -0.000000 0.000000 0.000000 0.000000 1.000000
0.998541 -0.023440 -0.048649 -0.000000 0.024004 0.999651 0.011044 0.108402 0.048373 -0.012196 0.998755 -0.000000 0.000000 0.000000 0.000000 1.000000
0.998840 -0.027459 -0.039544 0.000000 0.027823 0.999575 0.008679 0.108402 0.039289 -0.009769 0.999180 -0.000000 0.000000 0.000000 0.000000 1.000000
0.999166 -0.027550 -0.030131 0.000000 0.027639 0.999615 0.002567 0.108402 0.030049 -0.003398 0.999543 -0.000000 0.000000 0.000000 0.000000 1.000000
0.999563 -0.022930 -0.018631 0.000000 0.022889 0.999735 -0.002438 0.108402 0.018682 0.002010 0.999823 -0.000000 0.000000 0.000000 0.000000 1.000000
0.999866 -0.015816 -0.004238 0.000000 0.015798 0.999866 -0.004388 0.108402 0.004306 0.004321 0.999981 -0.000000 0.000000 0.000000 0.000000 1.000000
0.999889 -0.008876 0.011936 0.000000 0.008957 0.999937 -0.006718 0.108402 -0.011876 0.006824 0.999906 -0.000000 0.000000 0.000000 0.000000 1.000000</float_array>
        <technique_common>
          <accessor source="#mixamorig_Spine2-Matrix-animation-output-transform-array" count="32" stride="16">
            <param type="float4x4"/>
          </accessor>
        </technique_common>
      </source>
      <source id="mixamorig_Spine2-Interpolations">
        <Name_array id="mixamorig_Spine2-Interpolations-array" count="32">
 LINEAR LINEAR LINEAR LINEAR LINEAR LINEAR LINEAR LINEAR LINEAR LINEAR LINEAR
LINEAR LINEAR LINEAR LINEAR LINEAR LINEAR LINEAR LINEAR LINEAR LINEAR LINEAR LINEAR
LINEAR LINEAR LINEAR LINEAR LINEAR LINEAR LINEAR LINEAR LINEAR</Name_array>
        <technique_common>
          <accessor source="#mixamorig_Spine2-Interpolations-array" count="32">
            <param type="name"/>
          </accessor>
        </technique_common>
      </source>
      <sampler id="mixamorig_Spine2-Matrix-animation-transform">
        <input semantic="INPUT" source="#mixamorig_Spine2-Matrix-animation-input"/>
        <input semantic="OUTPUT" source="#mixamorig_Spine2-Matrix-animation-output-transform"/>
        <input semantic="INTERPOLATION" source="#mixamorig_Spine2-Interpolations"/>
      </sampler>
      <channel source="#mixamorig_Spine2-Matrix-animation-transform" target="mixamorig_Spine2/matrix"/>
    </animation>
    <animation id="mixamorig_Neck-anim" name="mixamorig_Neck">
      <source id="mixamorig_Neck-Matrix-animation-input">
        <float_array id="mixamorig_Neck-Matrix-animation-input-array" count="32">

0.000000 0.033333 0.066667 0.100000 0.133333 0.166667 0.200000 0.233333 0.266667 0.300000 0.333333 0.366667 0.400000 0.433333 0.466667 0.500000
0.533333 0.566667 0.600000 0.633333 0.666667 0.700000 0.733333 0.766667 0.800000 0.833333 0.866667 0.900000 0.933333 0.966667 1.000000 1.033333</float_array>
        <technique_common>
          <accessor source="#mixamorig_Neck-Matrix-animation-input-array" count="32">
            <param name="TIME" type="float"/>
          </accessor>
        </technique_common>
      </source>
      <source id="mixamorig_Neck-Matrix-animation-output-transform">
        <float_array id="mixamorig_Neck-Matrix-animation-output-transform-array" count="512">

0.999746 0.021083 -0.007959 0.000000 -0.021215 0.999632 -0.016887 0.121953 0.007600 0.017052 0.999826 0.000000 0.000000 0.000000 0.000000 1.000000
0.999909 0.008095 -0.010780 0.000000 -0.008377 0.999618 -0.026353 0.121953 0.010563 0.026441 0.999595 0.000000 0.000000 0.000000 0.000000 1.000000
0.999848 -0.009064 -0.014863 0.000000 0.008654 0.999587 -0.027416 0.121953 0.015105 0.027284 0.999514 0.000000 0.000000 0.000000 0.000000 1.000000
0.999628 -0.021022 -0.017352 -0.000000 0.020242 0.998826 -0.044008 0.121953 0.018257 0.043641 0.998880 0.000000 0.000000 0.000000 0.000000 1.000000
0.999162 -0.035487 -0.020381 0.000000 0.034361 0.997994 -0.053176 0.121953 0.022227 0.052431 0.998377 0.000000 0.000000 0.000000 0.000000 1.000000
0.998259 -0.053529 -0.024755 0.000000 0.051910 0.996727 -0.061973 0.121953 0.027992 0.060581 0.997771 0.000000 0.000000 0.000000 0.000000 1.000000
0.996879 -0.072846 -0.030426 0.000000 0.070829 0.995510 -0.062801 0.121953 0.034864 0.060450 0.997562 0.000000 0.000000 0.000000 0.000000 1.000000
0.995707 -0.085504 -0.035456 0.000000 0.083695 0.995251 -0.049715 0.121953 0.039539 0.046534 0.998134 0.000000 0.000000 0.000000 0.000000 1.000000
0.995584 -0.086101 -0.037401 0.000000 0.085155 0.996023 -0.026195 0.121953 0.039508 0.022894 0.998957 0.000000 0.000000 0.000000 0.000000 1.000000
0.996181 -0.079903 -0.035186 0.000000 0.078980 0.996513 -0.026894 0.121953 0.037213 0.024012 0.999019 0.000000 0.000000 0.000000 0.000000 1.000000
0.996334 -0.079391 -0.031871 0.000000 0.078074 0.996119 -0.040633 0.121953 0.034973 0.037996 0.998666 0.000000 0.000000 0.000000 0.000000 1.000000
0.997093 -0.071281 -0.026914 0.000000 0.070268 0.996847 -0.036870 0.121953 0.029457 0.034871 0.998958 0.000000 0.000000 0.000000 0.000000 1.000000
0.998647 -0.048600 -0.018487 0.000000 0.047975 0.998307 -0.032880 0.121953 0.020054 0.031948 0.999288 0.000000 0.000000 0.000000 0.000000 1.000000
0.999337 -0.034501 -0.011603 0.000000 0.034006 0.998602 -0.040456 0.121953 0.012983 0.040034 0.999114 0.000000 0.000000 0.000000 0.000000 1.000000
0.999735 -0.022408 -0.005258 0.000000 0.022114 0.998475 -0.050589 0.121953 0.006384 0.050459 0.998706 0.000000 0.000000 0.000000 0.000000 1.000000
0.999933 -0.011586 0.000595 0.000000 0.011600 0.997565 -0.068769 0.121953 0.000203 0.068771 0.997632 0.000000 0.000000 0.000000 0.000000 1.000000
0.999961 -0.007402 0.004883 0.000000 0.007741 0.997263 -0.073527 0.121953 -0.004325 0.073562 0.997281 0.000000 0.000000 0.000000 0.000000 1.000000
0.999949 -0.006031 0.008138 0.000000 0.006608 0.997328 -0.072750 0.121953 -0.007677 0.072800 0.997317 0.000000 0.000000 0.000000 0.000000 1.000000
0.999937 -0.003519 0.010673 0.000000 0.004308 0.997186 -0.074838 0.121953 -0.010379 0.074879 0.997139 0.000000 0.000000 0.000000 0.000000 1.000000
0.999837 0.011058 0.014284 0.000000 -0.010020 0.997441 -0.070788 0.121953 -0.015030 0.070633 0.997389 0.000000 0.000000 0.000000 0.000000 1.000000
0.999647 0.021207 0.016031 0.000000 -0.020048 0.997398 -0.069245 0.121953 -0.017458 0.068900 0.997471 0.000000 0.000000 0.000000 0.000000 1.000000
0.999268 0.033675 0.018132 0.000000 -0.032510 0.997602 -0.061095 0.121953 -0.020146 0.060461 0.997967 0.000000 0.000000 0.000000 0.000000 1.000000
0.998653 0.047332 0.021257 0.000000 -0.046451 0.998113 -0.040171 0.121953 -0.023118 0.039129 0.998967 0.000000 0.000000 0.000000 0.000000 1.000000
0.998376 0.052244 0.022726 0.000000 -0.051779 0.998447 -0.020567 0.121953 -0.023765 0.019357 0.999530 0.000000 0.000000 0.000000 0.000000 1.000000
0.998295 0.053921 0.022331 -0.000000 -0.053489 0.998378 -0.019497 0.121953 -0.023346 0.018269 0.999560 0.000000 0.000000 0.000000 0.000000 1.000000
0.998775 0.045768 0.018820 0.000000 -0.045463 0.998833 -0.016316 0.121953 -0.019544 0.015440 0.999690 0.000000 0.000000 0.000000 0.000000 1.000000
0.998939 0.043302 0.015679 -0.000000 -0.043201 0.999044 -0.006733 0.121953 -0.015956 0.006048 0.999854 0.000000 0.000000 0.000000 0.000000 1.000000
0.999538 0.028922 0.009387 0.000000 -0.029019 0.999525 0.010419 0.121953 -0.009081 -0.010686 0.999902 0.000000 0.000000 0.000000 0.000000 1.000000
0.999810 0.019126 0.003692 0.000000 -0.019194 0.999627 0.019403 0.121953 -0.003320 -0.019470 0.999805 0.000000 0.000000 0.000000 0.000000 1.000000
0.999933 0.011452 -0.001796 0.000000 -0.011429 0.999856 0.012555 0.121953 0.001940 -0.012534 0.999920 0.000000 0.000000 0.000000 0.000000 1.000000
0.999932 0.009976 -0.006056 0.000000 -0.010010 0.999935 -0.005539 0.121953 0.006000 0.005599 0.999966 0.000000 0.000000 0.000000 0.000000 1.000000
0.999746 0.021083 -0.007959 0.000000 -0.021215 0.999632 -0.016887 0.121953 0.007600 0.017051 0.999826 0.000000 0.000000 0.000000 0.000000 1.000000</float_array>
        <technique_common>
          <accessor source="#mixamorig_Neck-Matrix-animation-output-transform-array" count="32" stride="16">
            <param type="float4x4"/>
          </accessor>
        </technique_common>
      </source>
      <source id="mixamorig_Neck-Interpolations">
        <Name_array id="mixamorig_Neck-Interpolations-array" count="32">
 LINEAR LINEAR LINEAR LINEAR LINEAR LINEAR LINEAR LINEAR LINEAR LINEAR LINEAR
LINEAR LINEAR LINEAR LINEAR LINEAR LINEAR LINEAR LINEAR LINEAR LINEAR LINEAR LINEAR
LINEAR LINEAR LINEAR LINEAR LINEAR LINEAR LINEAR LINEAR LINEAR</Name_array>
        <technique_common>
          <accessor source="#mixamorig_Neck-Interpolations-array" count="32">
            <param type="name"/>
          </accessor>
        </technique_common>
      </source>
      <sampler id="mixamorig_Neck-Matrix-animation-transform">
        <input semantic="INPUT" source="#mixamorig_Neck-Matrix-animation-input"/>
        <input semantic="OUTPUT" source="#mixamorig_Neck-Matrix-animation-output-transform"/>
        <input semantic="INTERPOLATION" source="#mixamorig_Neck-Interpolations"/>
      </sampler>
      <channel source="#mixamorig_Neck-Matrix-animation-transform" target="mixamorig_Neck/matrix"/>
    </animation>
    <animation id="mixamorig_Head-anim" name="mixamorig_Head">
      <source id="mixamorig_Head-Matrix-animation-input">
        <float_array id="mixamorig_Head-Matrix-animation-input-array" count="32">

0.000000 0.033333 0.066667 0.100000 0.133333 0.166667 0.200000 0.233333 0.266667 0.300000 0.333333 0.366667 0.400000 0.433333 0.466667 0.500000
0.533333 0.566667 0.600000 0.633333 0.666667 0.700000 0.733333 0.766667 0.800000 0.833333 0.866667 0.900000 0.933333 0.966667 1.000000 1.033333</float_array>
        <technique_common>
          <accessor source="#mixamorig_Head-Matrix-animation-input-array" count="32">
            <param name="TIME" type="float"/>
          </accessor>
        </technique_common>
      </source>
      <source id="mixamorig_Head-Matrix-animation-output-transform">
        <float_array id="mixamorig_Head-Matrix-animation-output-transform-array" count="512">

0.998050 -0.033250 -0.052817 -0.000000 0.030730 0.998383 -0.047823 0.074631 0.054322 0.046107 0.997458 -0.003084 0.000000 0.000000 0.000000 1.000000
0.998313 -0.027046 -0.051370 -0.000000 0.024995 0.998880 -0.040165 0.074631 0.052399 0.038813 0.997872 -0.003084 0.000000 0.000000 0.000000 1.000000
0.998764 -0.015367 -0.047267 0.000000 0.013615 0.999216 -0.037166 0.074631 0.047802 0.036477 0.998191 -0.003084 0.000000 0.000000 0.000000 1.000000
0.999017 -0.007256 -0.043735 0.000000 0.006089 0.999624 -0.026748 0.074631 0.043913 0.026455 0.998685 -0.003084 0.000000 0.000000 0.000000 1.000000
0.999175 0.000758 -0.040598 0.000000 -0.001576 0.999796 -0.020114 0.074631 0.040575 0.020162 0.998973 -0.003084 0.000000 0.000000 0.000000 1.000000
0.999234 0.008478 -0.038206 0.000000 -0.008978 0.999876 -0.012931 0.074631 0.038092 0.013265 0.999186 -0.003084 0.000000 0.000000 0.000000 1.000000
0.999212 0.013339 -0.037377 0.000000 -0.013677 0.999868 -0.008804 0.074631 0.037255 0.009308 0.999262 -0.003084 0.000000 0.000000 0.000000 1.000000
0.999150 0.010153 -0.039958 0.000000 -0.010711 0.999848 -0.013780 0.074631 0.039812 0.014196 0.999106 -0.003084 0.000000 0.000000 0.000000 1.000000
0.998933 -0.003274 -0.046072 0.000000 0.002056 0.999648 -0.026442 0.074631 0.046142 0.026319 0.998588 -0.003084 0.000000 0.000000 0.000000 1.000000
0.998476 -0.021051 -0.051010 -0.000000 0.019928 0.999550 -0.022423 0.074631 0.051459 0.021372 0.998446 -0.003084 0.000000 0.000000 0.000000 1.000000
0.998235 -0.032220 -0.049890 0.000000 0.031583 0.999410 -0.013522 0.074631 0.050296 0.011923 0.998663 -0.003084 0.000000 0.000000 0.000000 1.000000
0.998225 -0.040334 -0.043820 0.000000 0.039453 0.999005 -0.020803 0.074631 0.044615 0.019037 0.998823 -0.003084 0.000000 0.000000 0.000000 1.000000
0.998204 -0.048961 -0.034508 -0.000000 0.047931 0.998398 -0.030082 0.074631 0.035926 0.028374 0.998952 -0.003084 0.000000 0.000000 0.000000 1.000000
0.998543 -0.049893 -0.020539 0.000000 0.049164 0.998191 -0.034594 0.074631 0.022228 0.033534 0.999190 -0.003084 0.000000 0.000000 0.000000 1.000000
0.998705 -0.050341 -0.007298 0.000000 0.050026 0.998012 -0.038322 0.074631 0.009212 0.037907 0.999239 -0.003084 0.000000 0.000000 0.000000 1.000000
0.998553 -0.053702 0.002758 0.000000 0.053763 0.998061 -0.031377 0.074631 -0.001067 0.031480 0.999504 -0.003084 0.000000 0.000000 0.000000 1.000000
0.998294 -0.057564 0.009730 0.000000 0.057790 0.998021 -0.024769 0.074631 -0.008285 0.025289 0.999646 -0.003084 0.000000 0.000000 0.000000 1.000000
0.997974 -0.062093 0.013902 -0.000000 0.062313 0.997929 -0.015970 0.074631 -0.012882 0.016804 0.999776 -0.003084 0.000000 0.000000 0.000000 1.000000
0.997666 -0.066417 0.015871 0.000000 0.066487 0.997780 -0.003920 0.074631 -0.015576 0.004966 0.999866 -0.003084 0.000000 0.000000 0.000000 1.000000
0.997179 -0.073652 0.014440 0.000000 0.073612 0.997282 0.003239 0.074631 -0.014640 -0.002167 0.999890 -0.003084 0.000000 0.000000 0.000000 1.000000
0.997132 -0.074326 0.014256 -0.000000 0.074194 0.997197 0.009617 0.074631 -0.014931 -0.008532 0.999852 -0.003084 0.000000 0.000000 0.000000 1.000000
0.997315 -0.071916 0.013805 -0.000000 0.071821 0.997391 0.007226 0.074631 -0.014288 -0.006215 0.999879 -0.003084 0.000000 0.000000 0.000000 1.000000
0.997661 -0.067196 0.012520 -0.000000 0.067266 0.997721 -0.005228 0.074631 -0.012140 0.006058 0.999908 -0.003084 0.000000 0.000000 0.000000 1.000000
0.998297 -0.057129 0.011787 0.000000 0.057345 0.998177 -0.018831 0.074631 -0.010689 0.019475 0.999753 -0.003084 0.000000 0.000000 0.000000 1.000000
0.998812 -0.047867 0.009104 0.000000 0.048039 0.998652 -0.019676 0.074631 -0.008150 0.020090 0.999765 -0.003084 0.000000 0.000000 0.000000 1.000000
0.999262 -0.038054 0.005220 -0.000000 0.038161 0.999023 -0.022303 0.074631 -0.004366 0.022486 0.999738 -0.003084 0.000000 0.000000 0.000000 1.000000
0.999308 -0.037080 -0.002826 0.000000 0.036988 0.998930 -0.027761 0.074631 0.003853 0.027637 0.999611 -0.003084 0.000000 0.000000 0.000000 1.000000
0.999355 -0.034233 -0.010818 0.000000 0.033781 0.998646 -0.039549 0.074631 0.012157 0.039158 0.999159 -0.003084 0.000000 0.000000 0.000000 1.000000
0.999168 -0.035088 -0.020776 0.000000 0.034041 0.998230 -0.048762 0.074631 0.022450 0.048014 0.998594 -0.003084 0.000000 0.000000 0.000000 1.000000
0.998901 -0.035036 -0.031144 -0.000000 0.033407 0.998121 -0.051360 0.074631 0.032885 0.050264 0.998194 -0.003084 0.000000 0.000000 0.000000 1.000000
0.998551 -0.034099 -0.041642 0.000000 0.032041 0.998278 -0.049128 0.074631 0.043246 0.047722 0.997924 -0.003084 0.000000 0.000000 0.000000 1.000000
0.998050 -0.033250 -0.052817 -0.000000 0.030730 0.998383 -0.047824 0.074631 0.054322 0.046108 0.997458 -0.003084 0.000000 0.000000 0.000000 1.000000</float_array>
        <technique_common>
          <accessor source="#mixamorig_Head-Matrix-animation-output-transform-array" count="32" stride="16">
            <param type="float4x4"/>
          </accessor>
        </technique_common>
      </source>
      <source id="mixamorig_Head-Interpolations">
        <Name_array id="mixamorig_Head-Interpolations-array" count="32">
 LINEAR LINEAR LINEAR LINEAR LINEAR LINEAR LINEAR LINEAR LINEAR LINEAR LINEAR
LINEAR LINEAR LINEAR LINEAR LINEAR LINEAR LINEAR LINEAR LINEAR LINEAR LINEAR LINEAR
LINEAR LINEAR LINEAR LINEAR LINEAR LINEAR LINEAR LINEAR LINEAR</Name_array>
        <technique_common>
          <accessor source="#mixamorig_Head-Interpolations-array" count="32">
            <param type="name"/>
          </accessor>
        </technique_common>
      </source>
      <sampler id="mixamorig_Head-Matrix-animation-transform">
        <input semantic="INPUT" source="#mixamorig_Head-Matrix-animation-input"/>
        <input semantic="OUTPUT" source="#mixamorig_Head-Matrix-animation-output-transform"/>
        <input semantic="INTERPOLATION" source="#mixamorig_Head-Interpolations"/>
      </sampler>
      <channel source="#mixamorig_Head-Matrix-animation-transform" target="mixamorig_Head/matrix"/>
    </animation>
    <animation id="mixamorig_LeftShoulder-anim" name="mixamorig_LeftShoulder">
      <source id="mixamorig_LeftShoulder-Matrix-animation-input">
        <float_array id="mixamorig_LeftShoulder-Matrix-animation-input-array" count="32">

0.000000 0.033333 0.066667 0.100000 0.133333 0.166667 0.200000 0.233333 0.266667 0.300000 0.333333 0.366667 0.400000 0.433333 0.466667 0.500000
0.533333 0.566667 0.600000 0.633333 0.666667 0.700000 0.733333 0.766667 0.800000 0.833333 0.866667 0.900000 0.933333 0.966667 1.000000 1.033333</float_array>
        <technique_common>
          <accessor source="#mixamorig_LeftShoulder-Matrix-animation-input-array" count="32">
            <param name="TIME" type="float"/>
          </accessor>
        </technique_common>
      </source>
      <source id="mixamorig_LeftShoulder-Matrix-animation-output-transform">
        <float_array id="mixamorig_LeftShoulder-Matrix-animation-output-transform-array" count="512">

0.245294 0.802625 -0.543714 0.050562 0.010748 -0.563065 -0.826343 0.103871 -0.969389 0.196853 -0.146743 -0.000310 0.000000 0.000000 0.000000 1.000000
0.224827 0.814974 -0.534107 0.050562 0.016003 -0.551155 -0.834250 0.103871 -0.974267 0.179014 -0.136956 -0.000310 0.000000 0.000000 0.000000 1.000000
0.215631 0.815556 -0.537003 0.050562 0.017640 -0.553104 -0.832926 0.103871 -0.976315 0.170132 -0.133653 -0.000310 0.000000 0.000000 0.000000 1.000000
0.200104 0.821852 -0.533401 0.050562 0.021106 -0.547901 -0.836277 0.103871 -0.979547 0.156085 -0.126983 -0.000310 0.000000 0.000000 0.000000 1.000000
0.194045 0.829094 -0.524356 0.050562 0.023013 -0.538216 -0.842493 0.103871 -0.980723 0.151415 -0.123518 -0.000310 0.000000 0.000000 0.000000 1.000000
0.198345 0.831376 -0.519108 0.050562 0.022612 -0.533371 -0.845579 0.103871 -0.979871 0.155978 -0.124591 -0.000310 0.000000 0.000000 0.000000 1.000000
0.194338 0.835405 -0.514131 0.050562 0.023799 -0.527985 -0.848920 0.103871 -0.980646 0.152741 -0.122489 -0.000310 0.000000 0.000000 0.000000 1.000000
0.188285 0.835382 -0.516415 0.050562 0.024821 -0.529700 -0.847822 0.103871 -0.981801 0.146814 -0.120470 -0.000310 0.000000 0.000000 0.000000 1.000000
0.193366 0.827120 -0.527714 0.050562 0.023017 -0.541542 -0.840359 0.103871 -0.980857 0.150350 -0.123754 -0.000310 0.000000 0.000000 0.000000 1.000000
0.210234 0.816714 -0.537383 0.050562 0.018791 -0.552941 -0.833008 0.103871 -0.977470 0.165029 -0.131594 -0.000310 0.000000 0.000000 0.000000 1.000000
0.205925 0.820741 -0.532897 0.050562 0.020110 -0.548002 -0.836235 0.103871 -0.978361 0.161485 -0.129353 -0.000310 0.000000 0.000000 0.000000 1.000000
0.217389 0.814675 -0.537630 0.050562 0.017294 -0.553931 -0.832383 0.103871 -0.975932 0.171653 -0.134507 -0.000310 0.000000 0.000000 0.000000 1.000000
0.256638 0.782224 -0.567682 0.050562 0.004973 -0.588415 -0.808544 0.103871 -0.966495 0.204680 -0.154899 -0.000310 0.000000 0.000000 0.000000 1.000000
0.268297 0.778233 -0.567776 0.050562 0.002077 -0.589851 -0.807509 0.103871 -0.963334 0.215474 -0.159872 -0.000310 0.000000 0.000000 0.000000 1.000000
0.261564 0.784918 -0.561683 0.050562 0.004514 -0.582931 -0.812509 0.103871 -0.965176 0.209987 -0.156016 -0.000310 0.000000 0.000000 0.000000 1.000000
0.258677 0.788390 -0.558147 0.050562 0.005652 -0.579039 -0.815281 0.103871 -0.965947 0.207740 -0.154240 -0.000310 0.000000 0.000000 0.000000 1.000000
0.264944 0.795920 -0.544349 0.050562 0.006047 -0.565883 -0.824463 0.103871 -0.964245 0.215145 -0.154741 -0.000310 0.000000 0.000000 0.000000 1.000000
0.273246 0.800655 -0.533187 0.050562 0.005720 -0.555623 -0.831415 0.103871 -0.961927 0.224131 -0.156402 -0.000310 0.000000 0.000000 0.000000 1.000000
0.268778 0.809616 -0.521805 0.050562 0.008324 -0.543672 -0.839257 0.103871 -0.963166 0.221231 -0.152866 -0.000310 0.000000 0.000000 0.000000 1.000000
0.277831 0.807577 -0.520220 0.050562 0.006599 -0.543132 -0.839621 0.103871 -0.960607 0.229840 -0.156228 -0.000310 0.000000 0.000000 0.000000 1.000000
0.276041 0.808254 -0.520123 0.050562 0.007024 -0.542830 -0.839813 0.103871 -0.961120 0.228169 -0.155520 -0.000310 0.000000 0.000000 0.000000 1.000000
0.274597 0.809554 -0.518864 0.050562 0.007542 -0.541403 -0.840729 0.103871 -0.961530 0.226948 -0.154773 -0.000310 0.000000 0.000000 0.000000 1.000000
0.286247 0.801443 -0.525122 0.050562 0.004030 -0.549057 -0.835775 0.103871 -0.958147 0.237121 -0.160396 -0.000310 0.000000 0.000000 0.000000 1.000000
0.289885 0.800209 -0.525007 0.050562 0.003234 -0.549377 -0.835568 0.103871 -0.957056 0.240521 -0.161844 -0.000310 0.000000 0.000000 0.000000 1.000000
0.299436 0.787591 -0.538553 0.050562 -0.001235 -0.564131 -0.825684 0.103871 -0.954116 0.247904 -0.167949 -0.000310 0.000000 0.000000 0.000000 1.000000
0.298425 0.786709 -0.540399 0.050562 -0.001315 -0.565859 -0.824501 0.103871 -0.954432 0.246763 -0.167832 -0.000310 0.000000 0.000000 0.000000 1.000000
0.286657 0.793832 -0.536338 0.050562 0.002168 -0.560368 -0.828241 0.103871 -0.958031 0.236258 -0.162355 -0.000310 0.000000 0.000000 0.000000 1.000000
0.278870 0.796574 -0.536378 0.050562 0.003995 -0.559493 -0.828825 0.103871 -0.960321 0.228991 -0.159208 -0.000310 0.000000 0.000000 0.000000 1.000000
0.278658 0.798409 -0.533754 0.050562 0.004474 -0.556840 -0.830608 0.103871 -0.960380 0.229068 -0.158740 -0.000310 0.000000 0.000000 0.000000 1.000000
0.275916 0.794431 -0.541064 0.050562 0.003955 -0.563849 -0.825868 0.103871 -0.961174 0.225730 -0.158717 -0.000310 0.000000 0.000000 0.000000 1.000000
0.259151 0.798372 -0.543547 0.050562 0.007530 -0.564426 -0.825449 0.103871 -0.965808 0.209823 -0.152283 -0.000310 0.000000 0.000000 0.000000 1.000000
0.245294 0.802625 -0.543713 0.050562 0.010747 -0.563065 -0.826343 0.103871 -0.969389 0.196853 -0.146743 -0.000310 0.000000 0.000000 0.000000 1.000000</float_array>
        <technique_common>
          <accessor source="#mixamorig_LeftShoulder-Matrix-animation-output-transform-array" count="32" stride="16">
            <param type="float4x4"/>
          </accessor>
        </technique_common>
      </source>
      <source id="mixamorig_LeftShoulder-Interpolations">
        <Name_array id="mixamorig_LeftShoulder-Interpolations-array" count="32">
 LINEAR LINEAR LINEAR LINEAR LINEAR LINEAR LINEAR LINEAR LINEAR LINEAR LINEAR
LINEAR LINEAR LINEAR LINEAR LINEAR LINEAR LINEAR LINEAR LINEAR LINEAR LINEAR LINEAR
LINEAR LINEAR LINEAR LINEAR LINEAR LINEAR LINEAR LINEAR LINEAR</Name_array>
        <technique_common>
          <accessor source="#mixamorig_LeftShoulder-Interpolations-array" count="32">
            <param type="name"/>
          </accessor>
        </technique_common>
      </source>
      <sampler id="mixamorig_LeftShoulder-Matrix-animation-transform">
        <input semantic="INPUT" source="#mixamorig_LeftShoulder-Matrix-animation-input"/>
        <input semantic="OUTPUT" source="#mixamorig_LeftShoulder-Matrix-animation-output-transform"/>
        <input semantic="INTERPOLATION" source="#mixamorig_LeftShoulder-Interpolations"/>
      </sampler>
      <channel source="#mixamorig_LeftShoulder-Matrix-animation-transform" target="mixamorig_LeftShoulder/matrix"/>
    </animation>
    <animation id="mixamorig_LeftArm-anim" name="mixamorig_LeftArm">
      <source id="mixamorig_LeftArm-Matrix-animation-input">
        <float_array id="mixamorig_LeftArm-Matrix-animation-input-array" count="32">

0.000000 0.033333 0.066667 0.100000 0.133333 0.166667 0.200000 0.233333 0.266667 0.300000 0.333333 0.366667 0.400000 0.433333 0.466667 0.500000
0.533333 0.566667 0.600000 0.633333 0.666667 0.700000 0.733333 0.766667 0.800000 0.833333 0.866667 0.900000 0.933333 0.966667 1.000000 1.033333</float_array>
        <technique_common>
          <accessor source="#mixamorig_LeftArm-Matrix-animation-input-array" count="32">
            <param name="TIME" type="float"/>
          </accessor>
        </technique_common>
      </source>
      <source id="mixamorig_LeftArm-Matrix-animation-output-transform">
        <float_array id="mixamorig_LeftArm-Matrix-animation-output-transform-array" count="512">

0.985806 0.016911 -0.167035 0.000000 -0.089866 0.893535 -0.439909 0.107551 0.141813 0.448676 0.882371 0.000000 0.000000 0.000000 0.000000 1.000000
0.979328 0.091331 -0.180486 0.000000 -0.167732 0.865379 -0.472214 0.107551 0.113061 0.492725 0.862809 0.000000 0.000000 0.000000 0.000000 1.000000
0.970175 0.173821 -0.168958 0.000000 -0.234768 0.847344 -0.476331 0.107551 0.060369 0.501790 0.862880 0.000000 0.000000 0.000000 0.000000 1.000000
0.959452 0.233456 -0.157957 0.000000 -0.281522 0.821581 -0.495731 0.107551 0.014043 0.520099 0.853991 0.000000 0.000000 0.000000 0.000000 1.000000
0.945954 0.282091 -0.159985 0.000000 -0.323616 0.789071 -0.522150 0.107551 -0.021054 0.545703 0.837714 0.000000 0.000000 0.000000 0.000000 1.000000
0.928010 0.331206 -0.170585 0.000000 -0.369176 0.756012 -0.540513 0.107551 -0.050057 0.564578 0.823861 0.000000 0.000000 0.000000 0.000000 1.000000
0.912268 0.364448 -0.186937 0.000000 -0.404396 0.728937 -0.552372 0.107551 -0.065046 0.579508 0.812367 0.000000 0.000000 0.000000 0.000000 1.000000
0.890652 0.409510 -0.197587 0.000000 -0.446976 0.708876 -0.545625 0.107551 -0.083374 0.574278 0.814403 0.000000 0.000000 0.000000 0.000000 1.000000
0.863233 0.463567 -0.199833 0.000000 -0.493808 0.693268 -0.524913 0.107551 -0.104795 0.551802 0.827365 0.000000 0.000000 0.000000 0.000000 1.000000
0.844699 0.495463 -0.202487 0.000000 -0.522199 0.679859 -0.514878 0.107551 -0.117441 0.540655 0.833006 0.000000 0.000000 0.000000 0.000000 1.000000
0.846092 0.491062 -0.207333 0.000000 -0.521401 0.681616 -0.513362 0.107551 -0.110771 0.542455 0.832750 0.000000 0.000000 0.000000 0.000000 1.000000
0.848224 0.483726 -0.215698 0.000000 -0.521550 0.691959 -0.499178 0.107551 -0.092211 0.535912 0.839223 0.000000 0.000000 0.000000 0.000000 1.000000
0.854844 0.470159 -0.219525 0.000000 -0.514980 0.716944 -0.469879 0.107551 -0.063531 0.514724 0.854999 0.000000 0.000000 0.000000 0.000000 1.000000
0.893006 0.394433 -0.216710 0.000000 -0.449268 0.753014 -0.480758 0.107551 -0.026441 0.526681 0.849652 0.000000 0.000000 0.000000 0.000000 1.000000
0.932978 0.302936 -0.194375 0.000000 -0.359932 0.786728 -0.501505 0.107551 0.000997 0.537855 0.843037 0.000000 0.000000 0.000000 0.000000 1.000000
0.958312 0.233400 -0.164812 0.000000 -0.285322 0.812335 -0.508629 0.107551 0.015168 0.534449 0.845064 0.000000 0.000000 0.000000 0.000000 1.000000
0.972543 0.187417 -0.137967 0.000000 -0.231845 0.831694 -0.504513 0.107551 0.020192 0.522647 0.852310 0.000000 0.000000 0.000000 0.000000 1.000000
0.979899 0.161970 -0.116459 0.000000 -0.198384 0.852615 -0.483417 0.107551 0.020996 0.496803 0.867609 0.000000 0.000000 0.000000 0.000000 1.000000
0.987957 0.119113 -0.098761 0.000000 -0.151606 0.872817 -0.463904 0.107551 0.030944 0.473290 0.880363 0.000000 0.000000 0.000000 0.000000 1.000000
0.991922 0.081809 -0.096939 0.000000 -0.116250 0.892076 -0.436676 0.107551 0.050753 0.444418 0.894381 0.000000 0.000000 0.000000 0.000000 1.000000
0.995031 0.025435 -0.096260 0.000000 -0.063189 0.908476 -0.413132 0.107551 0.076942 0.417161 0.905570 0.000000 0.000000 0.000000 0.000000 1.000000
0.994079 -0.026313 -0.105421 0.000000 -0.017807 0.917664 -0.396957 0.107551 0.107186 0.396484 0.911763 0.000000 0.000000 0.000000 0.000000 1.000000
0.990606 -0.051359 -0.126737 0.000000 0.000421 0.927932 -0.372748 0.107551 0.136748 0.369193 0.919237 0.000000 0.000000 0.000000 0.000000 1.000000
0.987762 -0.062559 -0.142874 0.000000 0.006901 0.932668 -0.360669 0.107551 0.155818 0.355269 0.921686 0.000000 0.000000 0.000000 0.000000 1.000000
0.988175 -0.036759 -0.148857 0.000000 -0.015393 0.942148 -0.334843 0.107551 0.152554 0.333175 0.930442 0.000000 0.000000 0.000000 0.000000 1.000000
0.988464 -0.024766 -0.149418 0.000000 -0.026384 0.943298 -0.330896 0.107551 0.149141 0.331021 0.931763 0.000000 0.000000 0.000000 0.000000 1.000000
0.989148 -0.050286 -0.138050 0.000000 -0.001133 0.936967 -0.349416 0.107551 0.146919 0.345781 0.926742 0.000000 0.000000 0.000000 0.000000 1.000000
0.988836 -0.080770 -0.125217 0.000000 0.030982 0.933423 -0.357436 0.107551 0.145750 0.349567 0.925505 0.000000 0.000000 0.000000 0.000000 1.000000
0.988149 -0.108171 -0.108906 0.000000 0.059426 0.923761 -0.378331 0.107551 0.141528 0.367376 0.919241 0.000000 0.000000 0.000000 0.000000 1.000000
0.987362 -0.103621 -0.119913 0.000000 0.048701 0.918409 -0.392624 0.107551 0.150814 0.381822 0.911848 0.000000 0.000000 0.000000 0.000000 1.000000
0.985963 -0.069907 -0.151622 0.000000 0.000321 0.908916 -0.416978 0.107551 0.166962 0.411077 0.896181 0.000000 0.000000 0.000000 0.000000 1.000000
0.985806 0.016912 -0.167036 0.000000 -0.089868 0.893535 -0.439909 0.107551 0.141812 0.448676 0.882371 0.000000 0.000000 0.000000 0.000000 1.000000</float_array>
        <technique_common>
          <accessor source="#mixamorig_LeftArm-Matrix-animation-output-transform-array" count="32" stride="16">
            <param type="float4x4"/>
          </accessor>
        </technique_common>
      </source>
      <source id="mixamorig_LeftArm-Interpolations">
        <Name_array id="mixamorig_LeftArm-Interpolations-array" count="32">
 LINEAR LINEAR LINEAR LINEAR LINEAR LINEAR LINEAR LINEAR LINEAR LINEAR LINEAR
LINEAR LINEAR LINEAR LINEAR LINEAR LINEAR LINEAR LINEAR LINEAR LINEAR LINEAR LINEAR
LINEAR LINEAR LINEAR LINEAR LINEAR LINEAR LINEAR LINEAR LINEAR</Name_array>
        <technique_common>
          <accessor source="#mixamorig_LeftArm-Interpolations-array" count="32">
            <param type="name"/>
          </accessor>
        </technique_common>
      </source>
      <sampler id="mixamorig_LeftArm-Matrix-animation-transform">
        <input semantic="INPUT" source="#mixamorig_LeftArm-Matrix-animation-input"/>
        <input semantic="OUTPUT" source="#mixamorig_LeftArm-Matrix-animation-output-transform"/>
        <input semantic="INTERPOLATION" source="#mixamorig_LeftArm-Interpolations"/>
      </sampler>
      <channel source="#mixamorig_LeftArm-Matrix-animation-transform" target="mixamorig_LeftArm/matrix"/>
    </animation>
    <animation id="mixamorig_LeftForeArm-anim" name="mixamorig_LeftForeArm">
      <source id="mixamorig_LeftForeArm-Matrix-animation-input">
        <float_array id="mixamorig_LeftForeArm-Matrix-animation-input-array" count="32">

0.000000 0.033333 0.066667 0.100000 0.133333 0.166667 0.200000 0.233333 0.266667 0.300000 0.333333 0.366667 0.400000 0.433333 0.466667 0.500000
0.533333 0.566667 0.600000 0.633333 0.666667 0.700000 0.733333 0.766667 0.800000 0.833333 0.866667 0.900000 0.933333 0.966667 1.000000 1.033333</float_array>
        <technique_common>
          <accessor source="#mixamorig_LeftForeArm-Matrix-animation-input-array" count="32">
            <param name="TIME" type="float"/>
          </accessor>
        </technique_common>
      </source>
      <source id="mixamorig_LeftForeArm-Matrix-animation-output-transform">
        <float_array id="mixamorig_LeftForeArm-Matrix-animation-output-transform-array" count="512">

0.805447 -0.507333 0.306379 0.000000 0.556856 0.824788 -0.098166 0.143772 -0.202895 0.249677 0.946834 0.000000 0.000000 0.000000 0.000000 1.000000
0.822676 -0.490948 0.286661 0.000000 0.533225 0.841218 -0.089574 0.143772 -0.197168 0.226545 0.953835 0.000000 0.000000 0.000000 0.000000 1.000000
0.814000 -0.500490 0.294812 0.000000 0.543174 0.835703 -0.081011 0.143772 -0.205830 0.226077 0.952115 0.000000 0.000000 0.000000 0.000000 1.000000
0.819332 -0.482116 0.310257 0.000000 0.527055 0.846366 -0.076664 0.143772 -0.225630 0.226336 0.947556 0.000000 0.000000 0.000000 0.000000 1.000000
0.830935 -0.454696 0.320622 0.000000 0.498504 0.864362 -0.066128 0.143772 -0.247065 0.214779 0.944896 0.000000 0.000000 0.000000 0.000000 1.000000
0.840164 -0.433935 0.325306 0.000000 0.473862 0.879112 -0.051164 0.143772 -0.263778 0.197136 0.944224 0.000000 0.000000 0.000000 0.000000 1.000000
0.846716 -0.419120 0.327736 0.000000 0.454504 0.890015 -0.036043 0.143772 -0.276583 0.179475 0.944082 0.000000 0.000000 0.000000 0.000000 1.000000
0.826554 -0.456113 0.329801 0.000000 0.490480 0.871108 -0.024514 0.143772 -0.276111 0.182023 0.943732 0.000000 0.000000 0.000000 0.000000 1.000000
0.783043 -0.528990 0.327129 0.000000 0.564681 0.825126 -0.017381 0.143772 -0.260728 0.198333 0.944820 0.000000 0.000000 0.000000 0.000000 1.000000
0.761522 -0.568068 0.312063 0.000000 0.600878 0.799260 -0.011369 0.143772 -0.242961 0.196170 0.949993 0.000000 0.000000 0.000000 0.000000 1.000000
0.756430 -0.579646 0.303024 0.000000 0.612603 0.790193 -0.017686 0.143772 -0.229196 0.199011 0.952819 0.000000 0.000000 0.000000 0.000000 1.000000
0.744841 -0.600475 0.290931 0.000000 0.633087 0.773711 -0.023907 0.143772 -0.210741 0.201991 0.956445 0.000000 0.000000 0.000000 0.000000 1.000000
0.749130 -0.603914 0.272200 0.000000 0.631311 0.775338 -0.017254 0.143772 -0.200627 0.184768 0.962086 0.000000 0.000000 0.000000 0.000000 1.000000
0.804716 -0.532754 0.261927 0.000000 0.556277 0.830773 -0.019271 0.143772 -0.207335 0.161212 0.964895 0.000000 0.000000 0.000000 0.000000 1.000000
0.841307 -0.473360 0.261023 0.000000 0.494424 0.869043 -0.017590 0.143772 -0.218514 0.143855 0.965172 0.000000 0.000000 0.000000 0.000000 1.000000
0.843903 -0.467329 0.263500 0.000000 0.488498 0.872394 -0.017268 0.143772 -0.221806 0.143292 0.964505 0.000000 0.000000 0.000000 0.000000 1.000000
0.813885 -0.518100 0.262989 0.000000 0.542998 0.839300 -0.026987 0.143772 -0.206745 0.164767 0.964421 0.000000 0.000000 0.000000 0.000000 1.000000
0.746762 -0.613461 0.256930 0.000000 0.641451 0.766388 -0.034491 0.143772 -0.175749 0.190565 0.965814 0.000000 0.000000 0.000000 0.000000 1.000000
0.674900 -0.696455 0.243844 0.000000 0.724855 0.687599 -0.042335 0.143772 -0.138182 0.205324 0.968890 0.000000 0.000000 0.000000 0.000000 1.000000
0.604081 -0.765939 0.220051 0.000000 0.790957 0.609972 -0.048177 0.143772 -0.097324 0.203153 0.974298 0.000000 0.000000 0.000000 0.000000 1.000000
0.557666 -0.806682 0.195636 0.000000 0.827116 0.559881 -0.049111 0.143772 -0.069916 0.189201 0.979446 0.000000 0.000000 0.000000 0.000000 1.000000
0.529788 -0.830069 0.174098 0.000000 0.846527 0.530143 -0.048385 0.143772 -0.052134 0.173012 0.983539 0.000000 0.000000 0.000000 0.000000 1.000000
0.514309 -0.842426 0.160641 0.000000 0.856580 0.513758 -0.048203 0.143772 -0.041924 0.162393 0.985835 0.000000 0.000000 0.000000 0.000000 1.000000
0.510185 -0.845726 0.156392 0.000000 0.859244 0.509144 -0.049722 0.143772 -0.037575 0.159746 0.986443 0.000000 0.000000 0.000000 0.000000 1.000000
0.503565 -0.849164 0.159195 0.000000 0.863123 0.502559 -0.049523 0.143772 -0.037951 0.162343 0.986004 0.000000 0.000000 0.000000 0.000000 1.000000
0.526830 -0.831134 0.177951 0.000000 0.848686 0.525882 -0.056392 0.143772 -0.046712 0.180733 0.982422 0.000000 0.000000 0.000000 0.000000 1.000000
0.592778 -0.779231 0.203501 0.000000 0.802390 0.593124 -0.066138 0.143772 -0.069165 0.202493 0.976838 0.000000 0.000000 0.000000 0.000000 1.000000
0.663500 -0.709468 0.237534 0.000000 0.741082 0.666824 -0.078379 0.143772 -0.102786 0.228037 0.968212 0.000000 0.000000 0.000000 0.000000 1.000000
0.739539 -0.617855 0.267091 0.000000 0.656633 0.749475 -0.084386 0.143772 -0.148040 0.237788 0.959969 0.000000 0.000000 0.000000 0.000000 1.000000
0.791590 -0.537149 0.291299 0.000000 0.584245 0.804978 -0.103293 0.143772 -0.179006 0.251956 0.951039 0.000000 0.000000 0.000000 0.000000 1.000000
0.820635 -0.483184 0.305108 0.000000 0.537080 0.834519 -0.122973 0.143772 -0.195200 0.264784 0.944345 0.000000 0.000000 0.000000 0.000000 1.000000
0.805446 -0.507334 0.306380 0.000000 0.556857 0.824787 -0.098165 0.143772 -0.202895 0.249677 0.946834 0.000000 0.000000 0.000000 0.000000 1.000000</float_array>
        <technique_common>
          <accessor source="#mixamorig_LeftForeArm-Matrix-animation-output-transform-array" count="32" stride="16">
            <param type="float4x4"/>
          </accessor>
        </technique_common>
      </source>
      <source id="mixamorig_LeftForeArm-Interpolations">
        <Name_array id="mixamorig_LeftForeArm-Interpolations-array" count="32">
 LINEAR LINEAR LINEAR LINEAR LINEAR LINEAR LINEAR LINEAR LINEAR LINEAR LINEAR
LINEAR LINEAR LINEAR LINEAR LINEAR LINEAR LINEAR LINEAR LINEAR LINEAR LINEAR LINEAR
LINEAR LINEAR LINEAR LINEAR LINEAR LINEAR LINEAR LINEAR LINEAR</Name_array>
        <technique_common>
          <accessor source="#mixamorig_LeftForeArm-Interpolations-array" count="32">
            <param type="name"/>
          </accessor>
        </technique_common>
      </source>
      <sampler id="mixamorig_LeftForeArm-Matrix-animation-transform">
        <input semantic="INPUT" source="#mixamorig_LeftForeArm-Matrix-animation-input"/>
        <input semantic="OUTPUT" source="#mixamorig_LeftForeArm-Matrix-animation-output-transform"/>
        <input semantic="INTERPOLATION" source="#mixamorig_LeftForeArm-Interpolations"/>
      </sampler>
      <channel source="#mixamorig_LeftForeArm-Matrix-animation-transform" target="mixamorig_LeftForeArm/matrix"/>
    </animation>
    <animation id="mixamorig_LeftHand-anim" name="mixamorig_LeftHand">
      <source id="mixamorig_LeftHand-Matrix-animation-input">
        <float_array id="mixamorig_LeftHand-Matrix-animation-input-array" count="32">

0.000000 0.033333 0.066667 0.100000 0.133333 0.166667 0.200000 0.233333 0.266667 0.300000 0.333333 0.366667 0.400000 0.433333 0.466667 0.500000
0.533333 0.566667 0.600000 0.633333 0.666667 0.700000 0.733333 0.766667 0.800000 0.833333 0.866667 0.900000 0.933333 0.966667 1.000000 1.033333</float_array>
        <technique_common>
          <accessor source="#mixamorig_LeftHand-Matrix-animation-input-array" count="32">
            <param name="TIME" type="float"/>
          </accessor>
        </technique_common>
      </source>
      <source id="mixamorig_LeftHand-Matrix-animation-output-transform">
        <float_array id="mixamorig_LeftHand-Matrix-animation-output-transform-array" count="512">

0.843582 -0.265742 0.466637 0.000000 0.128423 0.943590 0.305197 0.184769 -0.521418 -0.197532 0.830123 -0.000000 0.000000 0.000000 0.000000 1.000000
0.821527 -0.286447 0.492993 0.000000 0.149255 0.942532 0.298926 0.184769 -0.550288 -0.171994 0.817069 -0.000000 0.000000 0.000000 0.000000 1.000000
0.833908 -0.276357 0.477728 0.000000 0.143648 0.944450 0.295600 0.184769 -0.532881 -0.177878 0.827283 -0.000000 0.000000 0.000000 0.000000 1.000000
0.836953 -0.283438 0.468159 0.000000 0.151727 0.942078 0.299113 0.184769 -0.525822 -0.179311 0.831480 -0.000000 0.000000 0.000000 0.000000 1.000000
0.825993 -0.305731 0.473566 0.000000 0.174428 0.937528 0.301024 0.184769 -0.536013 -0.166041 0.827720 -0.000000 0.000000 0.000000 0.000000 1.000000
0.805208 -0.331676 0.491559 0.000000 0.200818 0.932486 0.300235 0.184769 -0.557953 -0.143038 0.817452 -0.000000 0.000000 0.000000 0.000000 1.000000
0.782524 -0.318846 0.534784 0.000000 0.198419 0.941848 0.271205 0.184769 -0.590157 -0.106113 0.800284 -0.000000 0.000000 0.000000 0.000000 1.000000
0.776672 -0.220342 0.590110 0.000000 0.130852 0.972824 0.191025 0.184769 -0.616165 -0.071147 0.784397 -0.000000 0.000000 0.000000 0.000000 1.000000
0.782730 -0.088239 0.616075 0.000000 0.035981 0.994658 0.096748 0.184769 -0.621321 -0.053560 0.781723 -0.000000 0.000000 0.000000 0.000000 1.000000
0.787464 0.004852 0.616341 0.000000 -0.032024 0.998940 0.033052 0.184769 -0.615528 -0.045765 0.786785 -0.000000 0.000000 0.000000 0.000000 1.000000
0.775230 0.082844 0.626224 0.000000 -0.088158 0.995850 -0.022608 0.184769 -0.625498 -0.037680 0.779316 -0.000000 0.000000 0.000000 0.000000 1.000000
0.759752 0.146179 0.633568 0.000000 -0.130582 0.988851 -0.071562 0.184769 -0.636966 -0.028363 0.770370 -0.000000 0.000000 0.000000 0.000000 1.000000
0.763753 0.161332 0.625023 0.000000 -0.136961 0.986719 -0.087333 0.184769 -0.630812 -0.018903 0.775706 -0.000000 0.000000 0.000000 0.000000 1.000000
0.771322 0.102057 0.628209 0.000000 -0.092483 0.994556 -0.048021 0.184769 -0.629689 -0.021059 0.776561 -0.000000 0.000000 0.000000 0.000000 1.000000
0.787841 0.035922 0.614831 0.000000 -0.042198 0.999100 -0.004302 0.184769 -0.614432 -0.022556 0.788647 -0.000000 0.000000 0.000000 0.000000 1.000000
0.810574 -0.009930 0.585552 0.000000 -0.003200 0.999766 0.021385 0.184769 -0.585628 -0.019208 0.810352 -0.000000 0.000000 0.000000 0.000000 1.000000
0.835559 -0.029642 0.548600 0.000000 0.016658 0.999451 0.028632 0.184769 -0.549148 -0.014785 0.835594 -0.000000 0.000000 0.000000 0.000000 1.000000
0.861002 -0.021383 0.508153 0.000000 0.013605 0.999727 0.019016 0.184769 -0.508420 -0.009459 0.861057 -0.000000 0.000000 0.000000 0.000000 1.000000
0.880714 -0.010259 0.473538 0.000000 0.003566 0.999881 0.015030 0.184769 -0.473636 -0.011549 0.880645 -0.000000 0.000000 0.000000 0.000000 1.000000
0.896567 -0.003427 0.442896 0.000000 -0.009208 0.999610 0.026375 0.184769 -0.442813 -0.027725 0.896185 -0.000000 0.000000 0.000000 0.000000 1.000000
0.908507 -0.012455 0.417685 0.000000 -0.013002 0.998229 0.058047 0.184769 -0.417668 -0.058166 0.906736 -0.000000 0.000000 0.000000 0.000000 1.000000
0.914245 -0.045387 0.402611 0.000000 -0.001800 0.993241 0.116058 0.184769 -0.405157 -0.106830 0.907984 -0.000000 0.000000 0.000000 0.000000 1.000000
0.915163 -0.098163 0.390947 0.000000 0.022023 0.980621 0.194672 0.184769 -0.402481 -0.169547 0.899590 -0.000000 0.000000 0.000000 0.000000 1.000000
0.911386 -0.152943 0.382079 0.000000 0.049375 0.962312 0.267429 0.184769 -0.408580 -0.224866 0.884589 -0.000000 0.000000 0.000000 0.000000 1.000000
0.909995 -0.190702 0.368160 0.000000 0.068741 0.945051 0.319615 0.184769 -0.408881 -0.265541 0.873101 -0.000000 0.000000 0.000000 0.000000 1.000000
0.908226 -0.217812 0.357329 0.000000 0.084177 0.931506 0.353852 0.184769 -0.409927 -0.291299 0.864352 -0.000000 0.000000 0.000000 0.000000 1.000000
0.907689 -0.235149 0.347572 0.000000 0.097022 0.923408 0.371355 0.184769 -0.408274 -0.303353 0.860981 -0.000000 0.000000 0.000000 0.000000 1.000000
0.910633 -0.232115 0.341864 0.000000 0.096550 0.923943 0.370145 0.184769 -0.401779 -0.304059 0.863783 -0.000000 0.000000 0.000000 0.000000 1.000000
0.912104 -0.233173 0.337190 0.000000 0.102652 0.926194 0.362804 0.184769 -0.396900 -0.296301 0.868721 -0.000000 0.000000 0.000000 0.000000 1.000000
0.896924 -0.240942 0.370774 0.000000 0.107555 0.932200 0.345594 0.184769 -0.428904 -0.270093 0.862027 -0.000000 0.000000 0.000000 0.000000 1.000000
0.863320 -0.259301 0.432946 0.000000 0.117301 0.937510 0.327591 0.184769 -0.490836 -0.232031 0.839787 -0.000000 0.000000 0.000000 0.000000 1.000000
0.843582 -0.265742 0.466637 0.000000 0.128422 0.943590 0.305198 0.184769 -0.521418 -0.197533 0.830123 -0.000000 0.000000 0.000000 0.000000 1.000000</float_array>
        <technique_common>
          <accessor source="#mixamorig_LeftHand-Matrix-animation-output-transform-array" count="32" stride="16">
            <param type="float4x4"/>
          </accessor>
        </technique_common>
      </source>
      <source id="mixamorig_LeftHand-Interpolations">
        <Name_array id="mixamorig_LeftHand-Interpolations-array" count="32">
 LINEAR LINEAR LINEAR LINEAR LINEAR LINEAR LINEAR LINEAR LINEAR LINEAR LINEAR
LINEAR LINEAR LINEAR LINEAR LINEAR LINEAR LINEAR LINEAR LINEAR LINEAR LINEAR LINEAR
LINEAR LINEAR LINEAR LINEAR LINEAR LINEAR LINEAR LINEAR LINEAR</Name_array>
        <technique_common>
          <accessor source="#mixamorig_LeftHand-Interpolations-array" count="32">
            <param type="name"/>
          </accessor>
        </technique_common>
      </source>
      <sampler id="mixamorig_LeftHand-Matrix-animation-transform">
        <input semantic="INPUT" source="#mixamorig_LeftHand-Matrix-animation-input"/>
        <input semantic="OUTPUT" source="#mixamorig_LeftHand-Matrix-animation-output-transform"/>
        <input semantic="INTERPOLATION" source="#mixamorig_LeftHand-Interpolations"/>
      </sampler>
      <channel source="#mixamorig_LeftHand-Matrix-animation-transform" target="mixamorig_LeftHand/matrix"/>
    </animation>
    <animation id="mixamorig_LeftHandThumb1-anim" name="mixamorig_LeftHandThumb1">
      <source id="mixamorig_LeftHandThumb1-Matrix-animation-input">
        <float_array id="mixamorig_LeftHandThumb1-Matrix-animation-input-array" count="32">

0.000000 0.033333 0.066667 0.100000 0.133333 0.166667 0.200000 0.233333 0.266667 0.300000 0.333333 0.366667 0.400000 0.433333 0.466667 0.500000
0.533333 0.566667 0.600000 0.633333 0.666667 0.700000 0.733333 0.766667 0.800000 0.833333 0.866667 0.900000 0.933333 0.966667 1.000000 1.033333</float_array>
        <technique_common>
          <accessor source="#mixamorig_LeftHandThumb1-Matrix-animation-input-array" count="32">
            <param name="TIME" type="float"/>
          </accessor>
        </technique_common>
      </source>
      <source id="mixamorig_LeftHandThumb1-Matrix-animation-output-transform">
        <float_array id="mixamorig_LeftHandThumb1-Matrix-animation-output-transform-array" count="512">

0.961354 -0.209494 0.178634 -0.035798 0.268838 0.854214 -0.445021 0.022194 -0.059362 0.475847 0.877523 0.000000 0.000000 0.000000 0.000000 1.000000
0.961354 -0.209494 0.178635 -0.035798 0.268839 0.854214 -0.445021 0.022194 -0.059363 0.475847 0.877522 0.000000 0.000000 0.000000 0.000000 1.000000
0.961354 -0.209494 0.178635 -0.035798 0.268838 0.854214 -0.445022 0.022194 -0.059363 0.475847 0.877522 0.000000 0.000000 0.000000 0.000000 1.000000
0.961354 -0.209494 0.178635 -0.035798 0.268839 0.854214 -0.445021 0.022194 -0.059363 0.475847 0.877523 0.000000 0.000000 0.000000 0.000000 1.000000
0.961354 -0.209494 0.178635 -0.035798 0.268838 0.854214 -0.445021 0.022194 -0.059363 0.475847 0.877523 0.000000 0.000000 0.000000 0.000000 1.000000
0.961354 -0.209495 0.178635 -0.035798 0.268839 0.854214 -0.445021 0.022194 -0.059363 0.475847 0.877523 0.000000 0.000000 0.000000 0.000000 1.000000
0.961354 -0.209494 0.178634 -0.035798 0.268838 0.854214 -0.445021 0.022194 -0.059362 0.475846 0.877523 0.000000 0.000000 0.000000 0.000000 1.000000
0.961354 -0.209494 0.178634 -0.035798 0.268838 0.854215 -0.445021 0.022194 -0.059363 0.475846 0.877523 0.000000 0.000000 0.000000 0.000000 1.000000
0.961354 -0.209494 0.178635 -0.035798 0.268838 0.854214 -0.445021 0.022194 -0.059363 0.475847 0.877523 0.000000 0.000000 0.000000 0.000000 1.000000
0.961354 -0.209494 0.178634 -0.035798 0.268839 0.854214 -0.445021 0.022194 -0.059362 0.475847 0.877523 0.000000 0.000000 0.000000 0.000000 1.000000
0.961354 -0.209494 0.178635 -0.035798 0.268839 0.854214 -0.445021 0.022194 -0.059363 0.475847 0.877522 0.000000 0.000000 0.000000 0.000000 1.000000
0.961354 -0.209494 0.178635 -0.035798 0.268838 0.854214 -0.445021 0.022194 -0.059363 0.475847 0.877522 0.000000 0.000000 0.000000 0.000000 1.000000
0.961354 -0.209494 0.178635 -0.035798 0.268839 0.854214 -0.445021 0.022194 -0.059363 0.475847 0.877522 0.000000 0.000000 0.000000 0.000000 1.000000
0.961354 -0.209494 0.178634 -0.035798 0.268839 0.854214 -0.445021 0.022194 -0.059362 0.475847 0.877523 0.000000 0.000000 0.000000 0.000000 1.000000
0.961354 -0.209494 0.178634 -0.035798 0.268838 0.854214 -0.445021 0.022194 -0.059363 0.475847 0.877523 0.000000 0.000000 0.000000 0.000000 1.000000
0.961354 -0.209494 0.178635 -0.035798 0.268838 0.854214 -0.445021 0.022194 -0.059363 0.475847 0.877522 0.000000 0.000000 0.000000 0.000000 1.000000
0.961354 -0.209494 0.178635 -0.035798 0.268839 0.854214 -0.445021 0.022194 -0.059363 0.475847 0.877522 0.000000 0.000000 0.000000 0.000000 1.000000
0.961354 -0.209494 0.178635 -0.035798 0.268839 0.854214 -0.445021 0.022194 -0.059363 0.475847 0.877523 0.000000 0.000000 0.000000 0.000000 1.000000
0.961354 -0.209494 0.178635 -0.035798 0.268839 0.854214 -0.445021 0.022194 -0.059363 0.475847 0.877523 0.000000 0.000000 0.000000 0.000000 1.000000
0.961354 -0.209494 0.178635 -0.035798 0.268838 0.854214 -0.445021 0.022194 -0.059363 0.475847 0.877523 0.000000 0.000000 0.000000 0.000000 1.000000
0.961354 -0.209494 0.178635 -0.035798 0.268839 0.854214 -0.445021 0.022194 -0.059363 0.475847 0.877522 0.000000 0.000000 0.000000 0.000000 1.000000
0.961354 -0.209494 0.178634 -0.035798 0.268839 0.854214 -0.445021 0.022194 -0.059363 0.475847 0.877522 0.000000 0.000000 0.000000 0.000000 1.000000
0.961354 -0.209494 0.178635 -0.035798 0.268839 0.854214 -0.445021 0.022194 -0.059363 0.475847 0.877522 0.000000 0.000000 0.000000 0.000000 1.000000
0.961354 -0.209494 0.178635 -0.035798 0.268839 0.854214 -0.445021 0.022194 -0.059363 0.475847 0.877522 0.000000 0.000000 0.000000 0.000000 1.000000
0.961354 -0.209494 0.178635 -0.035798 0.268838 0.854214 -0.445021 0.022194 -0.059363 0.475847 0.877522 0.000000 0.000000 0.000000 0.000000 1.000000
0.961354 -0.209494 0.178635 -0.035798 0.268839 0.854214 -0.445021 0.022194 -0.059363 0.475847 0.877522 0.000000 0.000000 0.000000 0.000000 1.000000
0.961354 -0.209494 0.178635 -0.035798 0.268838 0.854214 -0.445021 0.022194 -0.059363 0.475847 0.877522 0.000000 0.000000 0.000000 0.000000 1.000000
0.961354 -0.209494 0.178634 -0.035798 0.268838 0.854214 -0.445021 0.022194 -0.059363 0.475847 0.877523 0.000000 0.000000 0.000000 0.000000 1.000000
0.961354 -0.209494 0.178635 -0.035798 0.268838 0.854214 -0.445021 0.022194 -0.059363 0.475847 0.877523 0.000000 0.000000 0.000000 0.000000 1.000000
0.961354 -0.209494 0.178634 -0.035798 0.268838 0.854214 -0.445021 0.022194 -0.059363 0.475847 0.877523 0.000000 0.000000 0.000000 0.000000 1.000000
0.961354 -0.209494 0.178634 -0.035798 0.268838 0.854214 -0.445021 0.022194 -0.059363 0.475847 0.877523 0.000000 0.000000 0.000000 0.000000 1.000000
0.961354 -0.209494 0.178634 -0.035798 0.268838 0.854214 -0.445021 0.022194 -0.059363 0.475847 0.877522 0.000000 0.000000 0.000000 0.000000 1.000000</float_array>
        <technique_common>
          <accessor source="#mixamorig_LeftHandThumb1-Matrix-animation-output-transform-array" count="32" stride="16">
            <param type="float4x4"/>
          </accessor>
        </technique_common>
      </source>
      <source id="mixamorig_LeftHandThumb1-Interpolations">
        <Name_array id="mixamorig_LeftHandThumb1-Interpolations-array" count="32">
 LINEAR LINEAR LINEAR LINEAR LINEAR LINEAR LINEAR LINEAR LINEAR LINEAR LINEAR
LINEAR LINEAR LINEAR LINEAR LINEAR LINEAR LINEAR LINEAR LINEAR LINEAR LINEAR LINEAR
LINEAR LINEAR LINEAR LINEAR LINEAR LINEAR LINEAR LINEAR LINEAR</Name_array>
        <technique_common>
          <accessor source="#mixamorig_LeftHandThumb1-Interpolations-array" count="32">
            <param type="name"/>
          </accessor>
        </technique_common>
      </source>
      <sampler id="mixamorig_LeftHandThumb1-Matrix-animation-transform">
        <input semantic="INPUT" source="#mixamorig_LeftHandThumb1-Matrix-animation-input"/>
        <input semantic="OUTPUT" source="#mixamorig_LeftHandThumb1-Matrix-animation-output-transform"/>
        <input semantic="INTERPOLATION" source="#mixamorig_LeftHandThumb1-Interpolations"/>
      </sampler>
      <channel source="#mixamorig_LeftHandThumb1-Matrix-animation-transform" target="mixamorig_LeftHandThumb1/matrix"/>
    </animation>
    <animation id="mixamorig_LeftHandThumb2-anim" name="mixamorig_LeftHandThumb2">
      <source id="mixamorig_LeftHandThumb2-Matrix-animation-input">
        <float_array id="mixamorig_LeftHandThumb2-Matrix-animation-input-array" count="32">

0.000000 0.033333 0.066667 0.100000 0.133333 0.166667 0.200000 0.233333 0.266667 0.300000 0.333333 0.366667 0.400000 0.433333 0.466667 0.500000
0.533333 0.566667 0.600000 0.633333 0.666667 0.700000 0.733333 0.766667 0.800000 0.833333 0.866667 0.900000 0.933333 0.966667 1.000000 1.033333</float_array>
        <technique_common>
          <accessor source="#mixamorig_LeftHandThumb2-Matrix-animation-input-array" count="32">
            <param name="TIME" type="float"/>
          </accessor>
        </technique_common>
      </source>
      <source id="mixamorig_LeftHandThumb2-Matrix-animation-output-transform">
        <float_array id="mixamorig_LeftHandThumb2-Matrix-animation-output-transform-array" count="512">

0.985689 -0.167492 0.019079 -0.008944 0.167996 0.985365 -0.028876 0.032487 -0.013964 0.031668 0.999401 -0.000000 0.000000 0.000000 0.000000 1.000000
0.985689 -0.167492 0.019079 -0.008944 0.167996 0.985365 -0.028876 0.032487 -0.013963 0.031668 0.999401 -0.000000 0.000000 0.000000 0.000000 1.000000
0.985689 -0.167492 0.019079 -0.008944 0.167996 0.985365 -0.028876 0.032487 -0.013963 0.031668 0.999401 -0.000000 0.000000 0.000000 0.000000 1.000000
0.985689 -0.167492 0.019079 -0.008944 0.167996 0.985365 -0.028876 0.032487 -0.013963 0.031668 0.999401 -0.000000 0.000000 0.000000 0.000000 1.000000
0.985689 -0.167492 0.019079 -0.008944 0.167996 0.985365 -0.028876 0.032487 -0.013963 0.031668 0.999401 -0.000000 0.000000 0.000000 0.000000 1.000000
0.985689 -0.167492 0.019079 -0.008944 0.167996 0.985365 -0.028877 0.032487 -0.013963 0.031668 0.999401 -0.000000 0.000000 0.000000 0.000000 1.000000
0.985689 -0.167492 0.019079 -0.008944 0.167996 0.985365 -0.028877 0.032487 -0.013963 0.031669 0.999401 -0.000000 0.000000 0.000000 0.000000 1.000000
0.985689 -0.167492 0.019079 -0.008944 0.167996 0.985365 -0.028877 0.032487 -0.013963 0.031669 0.999401 -0.000000 0.000000 0.000000 0.000000 1.000000
0.985689 -0.167492 0.019079 -0.008944 0.167996 0.985365 -0.028876 0.032487 -0.013963 0.031668 0.999401 -0.000000 0.000000 0.000000 0.000000 1.000000
0.985689 -0.167492 0.019079 -0.008944 0.167996 0.985365 -0.028877 0.032487 -0.013963 0.031669 0.999401 -0.000000 0.000000 0.000000 0.000000 1.000000
0.985689 -0.167492 0.019079 -0.008944 0.167996 0.985365 -0.028876 0.032487 -0.013963 0.031668 0.999401 -0.000000 0.000000 0.000000 0.000000 1.000000
0.985689 -0.167492 0.019079 -0.008944 0.167996 0.985365 -0.028876 0.032487 -0.013963 0.031668 0.999401 -0.000000 0.000000 0.000000 0.000000 1.000000
0.985689 -0.167492 0.019079 -0.008944 0.167996 0.985365 -0.028876 0.032487 -0.013963 0.031668 0.999401 -0.000000 0.000000 0.000000 0.000000 1.000000
0.985689 -0.167492 0.019079 -0.008944 0.167996 0.985365 -0.028876 0.032487 -0.013963 0.031668 0.999401 -0.000000 0.000000 0.000000 0.000000 1.000000
0.985689 -0.167492 0.019079 -0.008944 0.167996 0.985365 -0.028876 0.032487 -0.013963 0.031668 0.999401 -0.000000 0.000000 0.000000 0.000000 1.000000
0.985689 -0.167492 0.019079 -0.008944 0.167996 0.985365 -0.028876 0.032487 -0.013963 0.031668 0.999401 -0.000000 0.000000 0.000000 0.000000 1.000000
0.985689 -0.167492 0.019079 -0.008944 0.167996 0.985365 -0.028876 0.032487 -0.013963 0.031668 0.999401 -0.000000 0.000000 0.000000 0.000000 1.000000
0.985689 -0.167492 0.019079 -0.008944 0.167996 0.985365 -0.028876 0.032487 -0.013963 0.031668 0.999401 -0.000000 0.000000 0.000000 0.000000 1.000000
0.985689 -0.167492 0.019079 -0.008944 0.167996 0.985365 -0.028876 0.032487 -0.013963 0.031668 0.999401 -0.000000 0.000000 0.000000 0.000000 1.000000
0.985689 -0.167492 0.019079 -0.008944 0.167996 0.985365 -0.028876 0.032487 -0.013963 0.031668 0.999401 -0.000000 0.000000 0.000000 0.000000 1.000000
0.985689 -0.167493 0.019079 -0.008944 0.167996 0.985365 -0.028876 0.032487 -0.013963 0.031668 0.999401 -0.000000 0.000000 0.000000 0.000000 1.000000
0.985689 -0.167492 0.019079 -0.008944 0.167996 0.985365 -0.028876 0.032487 -0.013963 0.031668 0.999401 -0.000000 0.000000 0.000000 0.000000 1.000000
0.985689 -0.167492 0.019079 -0.008944 0.167996 0.985365 -0.028876 0.032487 -0.013963 0.031668 0.999401 -0.000000 0.000000 0.000000 0.000000 1.000000
0.985689 -0.167492 0.019079 -0.008944 0.167996 0.985365 -0.028876 0.032487 -0.013963 0.031668 0.999401 -0.000000 0.000000 0.000000 0.000000 1.000000
0.985689 -0.167492 0.019079 -0.008944 0.167996 0.985365 -0.028877 0.032487 -0.013963 0.031668 0.999401 -0.000000 0.000000 0.000000 0.000000 1.000000
0.985689 -0.167492 0.019079 -0.008944 0.167996 0.985365 -0.028876 0.032487 -0.013963 0.031668 0.999401 -0.000000 0.000000 0.000000 0.000000 1.000000
0.985689 -0.167492 0.019079 -0.008944 0.167996 0.985365 -0.028876 0.032487 -0.013963 0.031668 0.999401 -0.000000 0.000000 0.000000 0.000000 1.000000
0.985689 -0.167492 0.019079 -0.008944 0.167996 0.985365 -0.028877 0.032487 -0.013963 0.031668 0.999401 -0.000000 0.000000 0.000000 0.000000 1.000000
0.985689 -0.167493 0.019079 -0.008944 0.167996 0.985365 -0.028877 0.032487 -0.013963 0.031668 0.999401 -0.000000 0.000000 0.000000 0.000000 1.000000
0.985689 -0.167492 0.019079 -0.008944 0.167996 0.985365 -0.028876 0.032487 -0.013963 0.031668 0.999401 -0.000000 0.000000 0.000000 0.000000 1.000000
0.985689 -0.167492 0.019079 -0.008944 0.167996 0.985365 -0.028876 0.032487 -0.013963 0.031668 0.999401 -0.000000 0.000000 0.000000 0.000000 1.000000
0.985689 -0.167492 0.019079 -0.008944 0.167996 0.985365 -0.028877 0.032487 -0.013963 0.031669 0.999401 -0.000000 0.000000 0.000000 0.000000 1.000000</float_array>
        <technique_common>
          <accessor source="#mixamorig_LeftHandThumb2-Matrix-animation-output-transform-array" count="32" stride="16">
            <param type="float4x4"/>
          </accessor>
        </technique_common>
      </source>
      <source id="mixamorig_LeftHandThumb2-Interpolations">
        <Name_array id="mixamorig_LeftHandThumb2-Interpolations-array" count="32">
 LINEAR LINEAR LINEAR LINEAR LINEAR LINEAR LINEAR LINEAR LINEAR LINEAR LINEAR
LINEAR LINEAR LINEAR LINEAR LINEAR LINEAR LINEAR LINEAR LINEAR LINEAR LINEAR LINEAR
LINEAR LINEAR LINEAR LINEAR LINEAR LINEAR LINEAR LINEAR LINEAR</Name_array>
        <technique_common>
          <accessor source="#mixamorig_LeftHandThumb2-Interpolations-array" count="32">
            <param type="name"/>
          </accessor>
        </technique_common>
      </source>
      <sampler id="mixamorig_LeftHandThumb2-Matrix-animation-transform">
        <input semantic="INPUT" source="#mixamorig_LeftHandThumb2-Matrix-animation-input"/>
        <input semantic="OUTPUT" source="#mixamorig_LeftHandThumb2-Matrix-animation-output-transform"/>
        <input semantic="INTERPOLATION" source="#mixamorig_LeftHandThumb2-Interpolations"/>
      </sampler>
      <channel source="#mixamorig_LeftHandThumb2-Matrix-animation-transform" target="mixamorig_LeftHandThumb2/matrix"/>
    </animation>
    <animation id="mixamorig_LeftHandThumb3-anim" name="mixamorig_LeftHandThumb3">
      <source id="mixamorig_LeftHandThumb3-Matrix-animation-input">
        <float_array id="mixamorig_LeftHandThumb3-Matrix-animation-input-array" count="32">

0.000000 0.033333 0.066667 0.100000 0.133333 0.166667 0.200000 0.233333 0.266667 0.300000 0.333333 0.366667 0.400000 0.433333 0.466667 0.500000
0.533333 0.566667 0.600000 0.633333 0.666667 0.700000 0.733333 0.766667 0.800000 0.833333 0.866667 0.900000 0.933333 0.966667 1.000000 1.033333</float_array>
        <technique_common>
          <accessor source="#mixamorig_LeftHandThumb3-Matrix-animation-input-array" count="32">
            <param name="TIME" type="float"/>
          </accessor>
        </technique_common>
      </source>
      <source id="mixamorig_LeftHandThumb3-Matrix-animation-output-transform">
        <float_array id="mixamorig_LeftHandThumb3-Matrix-animation-output-transform-array" count="512">

0.982100 -0.187673 -0.016094 0.001146 0.187703 0.982226 0.000396 0.044848 0.015734 -0.003410 0.999870 -0.000000 0.000000 0.000000 0.000000 1.000000
0.982100 -0.187672 -0.016094 0.001146 0.187703 0.982226 0.000396 0.044848 0.015734 -0.003410 0.999870 -0.000000 0.000000 0.000000 0.000000 1.000000
0.982100 -0.187672 -0.016094 0.001146 0.187703 0.982226 0.000396 0.044848 0.015734 -0.003410 0.999870 -0.000000 0.000000 0.000000 0.000000 1.000000
0.982100 -0.187673 -0.016094 0.001146 0.187703 0.982226 0.000396 0.044848 0.015734 -0.003410 0.999870 -0.000000 0.000000 0.000000 0.000000 1.000000
0.982100 -0.187672 -0.016094 0.001146 0.187703 0.982226 0.000396 0.044848 0.015734 -0.003410 0.999870 -0.000000 0.000000 0.000000 0.000000 1.000000
0.982100 -0.187672 -0.016094 0.001146 0.187703 0.982226 0.000396 0.044848 0.015734 -0.003410 0.999870 -0.000000 0.000000 0.000000 0.000000 1.000000
0.982100 -0.187672 -0.016094 0.001146 0.187703 0.982226 0.000396 0.044848 0.015734 -0.003410 0.999870 -0.000000 0.000000 0.000000 0.000000 1.000000
0.982100 -0.187672 -0.016094 0.001146 0.187703 0.982226 0.000396 0.044848 0.015734 -0.003410 0.999870 -0.000000 0.000000 0.000000 0.000000 1.000000
0.982100 -0.187673 -0.016094 0.001146 0.187703 0.982226 0.000396 0.044848 0.015734 -0.003410 0.999870 -0.000000 0.000000 0.000000 0.000000 1.000000
0.982100 -0.187672 -0.016094 0.001146 0.187703 0.982226 0.000396 0.044848 0.015734 -0.003410 0.999870 -0.000000 0.000000 0.000000 0.000000 1.000000
0.982100 -0.187673 -0.016094 0.001146 0.187703 0.982226 0.000396 0.044848 0.015734 -0.003410 0.999870 -0.000000 0.000000 0.000000 0.000000 1.000000
0.982100 -0.187672 -0.016094 0.001146 0.187703 0.982226 0.000396 0.044848 0.015734 -0.003410 0.999870 -0.000000 0.000000 0.000000 0.000000 1.000000
0.982100 -0.187673 -0.016094 0.001146 0.187703 0.982226 0.000396 0.044848 0.015734 -0.003410 0.999870 -0.000000 0.000000 0.000000 0.000000 1.000000
0.982100 -0.187673 -0.016094 0.001146 0.187703 0.982226 0.000396 0.044848 0.015734 -0.003410 0.999870 -0.000000 0.000000 0.000000 0.000000 1.000000
0.982100 -0.187673 -0.016094 0.001146 0.187703 0.982226 0.000396 0.044848 0.015734 -0.003410 0.999870 -0.000000 0.000000 0.000000 0.000000 1.000000
0.982100 -0.187672 -0.016094 0.001146 0.187703 0.982226 0.000396 0.044848 0.015734 -0.003410 0.999870 -0.000000 0.000000 0.000000 0.000000 1.000000
0.982100 -0.187672 -0.016094 0.001146 0.187703 0.982226 0.000396 0.044848 0.015734 -0.003410 0.999870 -0.000000 0.000000 0.000000 0.000000 1.000000
0.982100 -0.187673 -0.016094 0.001146 0.187703 0.982226 0.000396 0.044848 0.015734 -0.003410 0.999870 -0.000000 0.000000 0.000000 0.000000 1.000000
0.982100 -0.187672 -0.016094 0.001146 0.187703 0.982226 0.000396 0.044848 0.015734 -0.003410 0.999870 -0.000000 0.000000 0.000000 0.000000 1.000000
0.982100 -0.187673 -0.016094 0.001146 0.187703 0.982226 0.000396 0.044848 0.015734 -0.003410 0.999870 -0.000000 0.000000 0.000000 0.000000 1.000000
0.982100 -0.187672 -0.016094 0.001146 0.187703 0.982226 0.000396 0.044848 0.015734 -0.003410 0.999870 -0.000000 0.000000 0.000000 0.000000 1.000000
0.982100 -0.187672 -0.016094 0.001146 0.187703 0.982226 0.000396 0.044848 0.015734 -0.003410 0.999870 -0.000000 0.000000 0.000000 0.000000 1.000000
0.982100 -0.187673 -0.016094 0.001146 0.187703 0.982226 0.000396 0.044848 0.015734 -0.003410 0.999870 -0.000000 0.000000 0.000000 0.000000 1.000000
0.982100 -0.187673 -0.016094 0.001146 0.187703 0.982226 0.000396 0.044848 0.015734 -0.003410 0.999870 -0.000000 0.000000 0.000000 0.000000 1.000000
0.982100 -0.187672 -0.016094 0.001146 0.187703 0.982226 0.000396 0.044848 0.015734 -0.003410 0.999870 -0.000000 0.000000 0.000000 0.000000 1.000000
0.982100 -0.187673 -0.016094 0.001146 0.187703 0.982226 0.000396 0.044848 0.015734 -0.003410 0.999870 -0.000000 0.000000 0.000000 0.000000 1.000000
0.982100 -0.187672 -0.016094 0.001146 0.187703 0.982226 0.000396 0.044848 0.015734 -0.003410 0.999870 -0.000000 0.000000 0.000000 0.000000 1.000000
0.982100 -0.187673 -0.016094 0.001146 0.187703 0.982226 0.000396 0.044848 0.015734 -0.003410 0.999870 -0.000000 0.000000 0.000000 0.000000 1.000000
0.982100 -0.187672 -0.016094 0.001146 0.187703 0.982226 0.000396 0.044848 0.015734 -0.003410 0.999870 -0.000000 0.000000 0.000000 0.000000 1.000000
0.982100 -0.187673 -0.016094 0.001146 0.187703 0.982226 0.000396 0.044848 0.015734 -0.003410 0.999870 -0.000000 0.000000 0.000000 0.000000 1.000000
0.982100 -0.187673 -0.016094 0.001146 0.187703 0.982226 0.000396 0.044848 0.015734 -0.003410 0.999870 -0.000000 0.000000 0.000000 0.000000 1.000000
0.982100 -0.187672 -0.016094 0.001146 0.187703 0.982226 0.000396 0.044848 0.015734 -0.003410 0.999870 -0.000000 0.000000 0.000000 0.000000 1.000000</float_array>
        <technique_common>
          <accessor source="#mixamorig_LeftHandThumb3-Matrix-animation-output-transform-array" count="32" stride="16">
            <param type="float4x4"/>
          </accessor>
        </technique_common>
      </source>
      <source id="mixamorig_LeftHandThumb3-Interpolations">
        <Name_array id="mixamorig_LeftHandThumb3-Interpolations-array" count="32">
 LINEAR LINEAR LINEAR LINEAR LINEAR LINEAR LINEAR LINEAR LINEAR LINEAR LINEAR
LINEAR LINEAR LINEAR LINEAR LINEAR LINEAR LINEAR LINEAR LINEAR LINEAR LINEAR LINEAR
LINEAR LINEAR LINEAR LINEAR LINEAR LINEAR LINEAR LINEAR LINEAR</Name_array>
        <technique_common>
          <accessor source="#mixamorig_LeftHandThumb3-Interpolations-array" count="32">
            <param type="name"/>
          </accessor>
        </technique_common>
      </source>
      <sampler id="mixamorig_LeftHandThumb3-Matrix-animation-transform">
        <input semantic="INPUT" source="#mixamorig_LeftHandThumb3-Matrix-animation-input"/>
        <input semantic="OUTPUT" source="#mixamorig_LeftHandThumb3-Matrix-animation-output-transform"/>
        <input semantic="INTERPOLATION" source="#mixamorig_LeftHandThumb3-Interpolations"/>
      </sampler>
      <channel source="#mixamorig_LeftHandThumb3-Matrix-animation-transform" target="mixamorig_LeftHandThumb3/matrix"/>
    </animation>
    <animation id="mixamorig_LeftHandIndex1-anim" name="mixamorig_LeftHandIndex1">
      <source id="mixamorig_LeftHandIndex1-Matrix-animation-input">
        <float_array id="mixamorig_LeftHandIndex1-Matrix-animation-input-array" count="32">

0.000000 0.033333 0.066667 0.100000 0.133333 0.166667 0.200000 0.233333 0.266667 0.300000 0.333333 0.366667 0.400000 0.433333 0.466667 0.500000
0.533333 0.566667 0.600000 0.633333 0.666667 0.700000 0.733333 0.766667 0.800000 0.833333 0.866667 0.900000 0.933333 0.966667 1.000000 1.033333</float_array>
        <technique_common>
          <accessor source="#mixamorig_LeftHandIndex1-Matrix-animation-input-array" count="32">
            <param name="TIME" type="float"/>
          </accessor>
        </technique_common>
      </source>
      <source id="mixamorig_LeftHandIndex1-Matrix-animation-output-transform">
        <float_array id="mixamorig_LeftHandIndex1-Matrix-animation-output-transform-array" count="512">

0.968702 -0.234533 0.081308 0.000000 0.227028 0.704644 -0.672261 0.030000 0.100375 0.669680 0.735836 0.000874 0.000000 0.000000 0.000000 1.000000
0.969552 -0.232288 0.077531 0.000000 0.225471 0.723222 -0.652773 0.030000 0.095559 0.650378 0.753576 0.000874 0.000000 0.000000 0.000000 1.000000
0.970676 -0.229018 0.073060 0.000000 0.222960 0.744089 -0.629778 0.030000 0.089867 0.627600 0.773332 0.000874 0.000000 0.000000 0.000000 1.000000
0.971889 -0.225240 0.068541 0.000000 0.220004 0.765176 -0.605066 0.030000 0.083839 0.603136 0.793220 0.000874 0.000000 0.000000 0.000000 1.000000
0.973014 -0.221538 0.064535 0.000000 0.217164 0.784658 -0.580648 0.030000 0.077997 0.578993 0.811593 0.000874 0.000000 0.000000 0.000000 1.000000
0.973882 -0.218562 0.061519 0.000000 0.215053 0.800975 -0.558741 0.030000 0.072844 0.557378 0.827057 0.000874 0.000000 0.000000 0.000000 1.000000
0.974331 -0.217005 0.059896 0.000000 0.214326 0.812784 -0.541707 0.030000 0.068870 0.540639 0.838431 0.000874 0.000000 0.000000 0.000000 1.000000
0.974196 -0.217574 0.060031 0.000000 0.215660 0.818851 -0.531953 0.030000 0.066583 0.531173 0.844643 0.000874 0.000000 0.000000 0.000000 1.000000
0.973107 -0.221626 0.062813 0.000000 0.220389 0.816388 -0.533798 0.030000 0.067024 0.533285 0.843276 0.000874 0.000000 0.000000 0.000000 1.000000
0.970140 -0.232051 0.070577 0.000000 0.231394 0.798262 -0.556088 0.030000 0.072702 0.555814 0.828121 0.000874 0.000000 0.000000 0.000000 1.000000
0.966618 -0.243517 0.079686 0.000000 0.243305 0.774860 -0.583433 0.030000 0.080331 0.583345 0.808242 0.000874 0.000000 0.000000 0.000000 1.000000
0.964572 -0.249803 0.084848 0.000000 0.249869 0.761836 -0.597638 0.030000 0.084651 0.597666 0.797263 0.000874 0.000000 0.000000 0.000000 1.000000
0.963590 -0.252771 0.087184 0.000000 0.253064 0.756865 -0.602589 0.030000 0.086330 0.602712 0.793275 0.000874 0.000000 0.000000 0.000000 1.000000
0.963062 -0.254390 0.088307 0.000000 0.254901 0.755488 -0.603542 0.030000 0.086820 0.603758 0.792426 0.000874 0.000000 0.000000 0.000000 1.000000
0.962931 -0.254853 0.088394 0.000000 0.255568 0.757093 -0.601245 0.030000 0.086306 0.601548 0.794161 0.000874 0.000000 0.000000 0.000000 1.000000
0.963136 -0.254341 0.087638 0.000000 0.255236 0.761022 -0.596406 0.030000 0.084996 0.596788 0.797884 0.000874 0.000000 0.000000 0.000000 1.000000
0.963607 -0.253031 0.086232 0.000000 0.254073 0.766599 -0.589722 0.030000 0.083113 0.590170 0.802989 0.000874 0.000000 0.000000 0.000000 1.000000
0.964277 -0.251101 0.084371 0.000000 0.252246 0.773156 -0.581895 0.030000 0.080883 0.582390 0.808876 0.000874 0.000000 0.000000 0.000000 1.000000
0.965074 -0.248734 0.082239 0.000000 0.249928 0.780045 -0.573643 0.030000 0.078535 0.574162 0.814967 0.000874 0.000000 0.000000 0.000000 1.000000
0.965931 -0.246122 0.080012 0.000000 0.247300 0.786648 -0.565710 0.030000 0.076292 0.566224 0.820713 0.000874 0.000000 0.000000 0.000000 1.000000
0.966780 -0.243464 0.077854 0.000000 0.244550 0.792380 -0.558864 0.030000 0.074373 0.559338 0.825597 0.000874 0.000000 0.000000 0.000000 1.000000
0.967560 -0.240965 0.075922 0.000000 0.241871 0.796684 -0.553889 0.030000 0.072982 0.554284 0.829122 0.000874 0.000000 0.000000 0.000000 1.000000
0.968209 -0.238831 0.074369 0.000000 0.239462 0.799011 -0.551579 0.030000 0.072312 0.551852 0.830801 0.000874 0.000000 0.000000 0.000000 1.000000
0.968671 -0.237268 0.073353 0.000000 0.237516 0.798805 -0.552718 0.030000 0.072548 0.552824 0.830134 0.000874 0.000000 0.000000 0.000000 1.000000
0.968894 -0.236451 0.073036 0.000000 0.236184 0.795377 -0.558204 0.030000 0.073897 0.558091 0.826483 0.000874 0.000000 0.000000 0.000000 1.000000
0.968946 -0.236115 0.073437 0.000000 0.234974 0.786713 -0.570850 0.030000 0.077012 0.570379 0.817764 0.000874 0.000000 0.000000 0.000000 1.000000
0.968926 -0.235887 0.074431 0.000000 0.233482 0.772861 -0.590060 0.030000 0.081663 0.589103 0.803921 0.000874 0.000000 0.000000 0.000000 1.000000
0.968869 -0.235650 0.075906 0.000000 0.231805 0.755800 -0.612399 0.030000 0.086942 0.610929 0.786897 0.000874 0.000000 0.000000 0.000000 1.000000
0.968805 -0.235341 0.077664 0.000000 0.230094 0.737772 -0.634625 0.030000 0.092055 0.632698 0.768908 0.000874 0.000000 0.000000 0.000000 1.000000
0.968751 -0.234980 0.079411 0.000000 0.228560 0.721337 -0.653784 0.030000 0.096344 0.651504 0.752503 0.000874 0.000000 0.000000 0.000000 1.000000
0.968715 -0.234666 0.080764 0.000000 0.227454 0.709318 -0.667183 0.030000 0.099278 0.664681 0.740502 0.000874 0.000000 0.000000 0.000000 1.000000
0.968702 -0.234534 0.081308 0.000000 0.227028 0.704644 -0.672261 0.030000 0.100375 0.669680 0.735835 0.000874 0.000000 0.000000 0.000000 1.000000</float_array>
        <technique_common>
          <accessor source="#mixamorig_LeftHandIndex1-Matrix-animation-output-transform-array" count="32" stride="16">
            <param type="float4x4"/>
          </accessor>
        </technique_common>
      </source>
      <source id="mixamorig_LeftHandIndex1-Interpolations">
        <Name_array id="mixamorig_LeftHandIndex1-Interpolations-array" count="32">
 LINEAR LINEAR LINEAR LINEAR LINEAR LINEAR LINEAR LINEAR LINEAR LINEAR LINEAR
LINEAR LINEAR LINEAR LINEAR LINEAR LINEAR LINEAR LINEAR LINEAR LINEAR LINEAR LINEAR
LINEAR LINEAR LINEAR LINEAR LINEAR LINEAR LINEAR LINEAR LINEAR</Name_array>
        <technique_common>
          <accessor source="#mixamorig_LeftHandIndex1-Interpolations-array" count="32">
            <param type="name"/>
          </accessor>
        </technique_common>
      </source>
      <sampler id="mixamorig_LeftHandIndex1-Matrix-animation-transform">
        <input semantic="INPUT" source="#mixamorig_LeftHandIndex1-Matrix-animation-input"/>
        <input semantic="OUTPUT" source="#mixamorig_LeftHandIndex1-Matrix-animation-output-transform"/>
        <input semantic="INTERPOLATION" source="#mixamorig_LeftHandIndex1-Interpolations"/>
      </sampler>
      <channel source="#mixamorig_LeftHandIndex1-Matrix-animation-transform" target="mixamorig_LeftHandIndex1/matrix"/>
    </animation>
    <animation id="mixamorig_LeftHandIndex2-anim" name="mixamorig_LeftHandIndex2">
      <source id="mixamorig_LeftHandIndex2-Matrix-animation-input">
        <float_array id="mixamorig_LeftHandIndex2-Matrix-animation-input-array" count="32">

0.000000 0.033333 0.066667 0.100000 0.133333 0.166667 0.200000 0.233333 0.266667 0.300000 0.333333 0.366667 0.400000 0.433333 0.466667 0.500000
0.533333 0.566667 0.600000 0.633333 0.666667 0.700000 0.733333 0.766667 0.800000 0.833333 0.866667 0.900000 0.933333 0.966667 1.000000 1.033333</float_array>
        <technique_common>
          <accessor source="#mixamorig_LeftHandIndex2-Matrix-animation-input-array" count="32">
            <param name="TIME" type="float"/>
          </accessor>
        </technique_common>
      </source>
      <source id="mixamorig_LeftHandIndex2-Matrix-animation-output-transform">
        <float_array id="mixamorig_LeftHandIndex2-Matrix-animation-output-transform-array" count="512">

0.927101 -0.306336 0.215966 0.001296 0.269351 0.143842 -0.952239 0.074009 0.260640 0.940993 0.215868 0.000000 0.000000 0.000000 0.000000 1.000000
0.932688 -0.299951 0.200306 0.001296 0.265731 0.195932 -0.943927 0.074009 0.243886 0.933616 0.262450 0.000000 0.000000 0.000000 0.000000 1.000000
0.938666 -0.291943 0.183510 0.001296 0.260691 0.252453 -0.931830 0.074009 0.225713 0.922517 0.313076 0.000000 0.000000 0.000000 0.000000 1.000000
0.944641 -0.282616 0.166680 0.001296 0.254344 0.309822 -0.916144 0.074009 0.207276 0.907821 0.364552 0.000000 0.000000 0.000000 0.000000 1.000000
0.950256 -0.272521 0.150820 0.001296 0.247059 0.364618 -0.897783 0.074009 0.189673 0.890385 0.413809 0.000000 0.000000 0.000000 0.000000 1.000000
0.955204 -0.262431 0.136804 0.001296 0.239457 0.413698 -0.878359 0.074009 0.173913 0.871770 0.458007 0.000000 0.000000 0.000000 0.000000 1.000000
0.959230 -0.253299 0.125372 0.001296 0.232358 0.454241 -0.860044 0.074009 0.160900 0.854110 0.494578 0.000000 0.000000 0.000000 0.000000 1.000000
0.962119 -0.246178 0.117147 0.001296 0.226699 0.483719 -0.845354 0.074009 0.151441 0.839888 0.521204 0.000000 0.000000 0.000000 0.000000 1.000000
0.963485 -0.242631 0.113253 0.001296 0.223846 0.497774 -0.837922 0.074009 0.146932 0.832677 0.533910 0.000000 0.000000 0.000000 0.000000 1.000000
0.962426 -0.245391 0.116272 0.001296 0.226068 0.486872 -0.843711 0.074009 0.150430 0.838295 0.524053 0.000000 0.000000 0.000000 0.000000 1.000000
0.960256 -0.250827 0.122453 0.001296 0.230405 0.464670 -0.854983 0.074009 0.157553 0.849216 0.503994 0.000000 0.000000 0.000000 0.000000 1.000000
0.958795 -0.254329 0.126609 0.001296 0.233167 0.449832 -0.862139 0.074009 0.162315 0.856135 0.490598 0.000000 0.000000 0.000000 0.000000 1.000000
0.957948 -0.256301 0.129013 0.001296 0.234712 0.441276 -0.866133 0.074009 0.165061 0.859991 0.482877 0.000000 0.000000 0.000000 0.000000 1.000000
0.957302 -0.257782 0.130851 0.001296 0.235867 0.434750 -0.869114 0.074009 0.167155 0.862868 0.476989 0.000000 0.000000 0.000000 0.000000 1.000000
0.956808 -0.258898 0.132253 0.001296 0.236733 0.429782 -0.871347 0.074009 0.168750 0.865020 0.472508 0.000000 0.000000 0.000000 0.000000 1.000000
0.956421 -0.259763 0.133352 0.001296 0.237403 0.425890 -0.873073 0.074009 0.169999 0.866684 0.468999 0.000000 0.000000 0.000000 0.000000 1.000000
0.956092 -0.260492 0.134286 0.001296 0.237966 0.422589 -0.874523 0.074009 0.171059 0.868080 0.466022 0.000000 0.000000 0.000000 0.000000 1.000000
0.955772 -0.261195 0.135193 0.001296 0.238508 0.419385 -0.875917 0.074009 0.172087 0.869421 0.463133 0.000000 0.000000 0.000000 0.000000 1.000000
0.955412 -0.261980 0.136214 0.001296 0.239111 0.415782 -0.877469 0.074009 0.173244 0.870915 0.459885 0.000000 0.000000 0.000000 0.000000 1.000000
0.954962 -0.262952 0.137490 0.001296 0.239856 0.411282 -0.879384 0.074009 0.174689 0.872756 0.455829 0.000000 0.000000 0.000000 0.000000 1.000000
0.954371 -0.264214 0.139167 0.001296 0.240821 0.405378 -0.881858 0.074009 0.176584 0.875134 0.450509 0.000000 0.000000 0.000000 0.000000 1.000000
0.953586 -0.265862 0.141392 0.001296 0.242074 0.397560 -0.885069 0.074009 0.179094 0.878216 0.443466 0.000000 0.000000 0.000000 0.000000 1.000000
0.952552 -0.267985 0.144319 0.001296 0.243677 0.387300 -0.889168 0.074009 0.182389 0.882147 0.434225 0.000000 0.000000 0.000000 0.000000 1.000000
0.951214 -0.270658 0.148108 0.001296 0.245678 0.374063 -0.894270 0.074009 0.186639 0.887029 0.422309 0.000000 0.000000 0.000000 0.000000 1.000000
0.949481 -0.273996 0.153010 0.001296 0.248146 0.357005 -0.900539 0.074009 0.192118 0.893014 0.406961 0.000000 0.000000 0.000000 0.000000 1.000000
0.946816 -0.278867 0.160542 0.001296 0.251681 0.330939 -0.909470 0.074009 0.200491 0.901506 0.383524 0.000000 0.000000 0.000000 0.000000 1.000000
0.943135 -0.285097 0.170924 0.001296 0.256073 0.295281 -0.920454 0.074009 0.211948 0.911882 0.351496 0.000000 0.000000 0.000000 0.000000 1.000000
0.938901 -0.291601 0.182848 0.001296 0.260466 0.254694 -0.931283 0.074009 0.224992 0.922009 0.315085 0.000000 0.000000 0.000000 0.000000 1.000000
0.934618 -0.297502 0.194887 0.001296 0.264240 0.214091 -0.940395 0.074009 0.238046 0.930407 0.278705 0.000000 0.000000 0.000000 0.000000 1.000000
0.930837 -0.302181 0.205499 0.001296 0.267043 0.178595 -0.946991 0.074009 0.249461 0.936371 0.246938 0.000000 0.000000 0.000000 0.000000 1.000000
0.928136 -0.305230 0.213069 0.001296 0.268756 0.153437 -0.950909 0.074009 0.257553 0.939836 0.224443 0.000000 0.000000 0.000000 0.000000 1.000000
0.927101 -0.306336 0.215966 0.001296 0.269351 0.143842 -0.952239 0.074009 0.260640 0.940993 0.215868 0.000000 0.000000 0.000000 0.000000 1.000000</float_array>
        <technique_common>
          <accessor source="#mixamorig_LeftHandIndex2-Matrix-animation-output-transform-array" count="32" stride="16">
            <param type="float4x4"/>
          </accessor>
        </technique_common>
      </source>
      <source id="mixamorig_LeftHandIndex2-Interpolations">
        <Name_array id="mixamorig_LeftHandIndex2-Interpolations-array" count="32">
 LINEAR LINEAR LINEAR LINEAR LINEAR LINEAR LINEAR LINEAR LINEAR LINEAR LINEAR
LINEAR LINEAR LINEAR LINEAR LINEAR LINEAR LINEAR LINEAR LINEAR LINEAR LINEAR LINEAR
LINEAR LINEAR LINEAR LINEAR LINEAR LINEAR LINEAR LINEAR LINEAR</Name_array>
        <technique_common>
          <accessor source="#mixamorig_LeftHandIndex2-Interpolations-array" count="32">
            <param type="name"/>
          </accessor>
        </technique_common>
      </source>
      <sampler id="mixamorig_LeftHandIndex2-Matrix-animation-transform">
        <input semantic="INPUT" source="#mixamorig_LeftHandIndex2-Matrix-animation-input"/>
        <input semantic="OUTPUT" source="#mixamorig_LeftHandIndex2-Matrix-animation-output-transform"/>
        <input semantic="INTERPOLATION" source="#mixamorig_LeftHandIndex2-Interpolations"/>
      </sampler>
      <channel source="#mixamorig_LeftHandIndex2-Matrix-animation-transform" target="mixamorig_LeftHandIndex2/matrix"/>
    </animation>
    <animation id="mixamorig_LeftHandIndex3-anim" name="mixamorig_LeftHandIndex3">
      <source id="mixamorig_LeftHandIndex3-Matrix-animation-input">
        <float_array id="mixamorig_LeftHandIndex3-Matrix-animation-input-array" count="32">

0.000000 0.033333 0.066667 0.100000 0.133333 0.166667 0.200000 0.233333 0.266667 0.300000 0.333333 0.366667 0.400000 0.433333 0.466667 0.500000
0.533333 0.566667 0.600000 0.633333 0.666667 0.700000 0.733333 0.766667 0.800000 0.833333 0.866667 0.900000 0.933333 0.966667 1.000000 1.033333</float_array>
        <technique_common>
          <accessor source="#mixamorig_LeftHandIndex3-Matrix-animation-input-array" count="32">
            <param name="TIME" type="float"/>
          </accessor>
        </technique_common>
      </source>
      <source id="mixamorig_LeftHandIndex3-Matrix-animation-output-transform">
        <float_array id="mixamorig_LeftHandIndex3-Matrix-animation-output-transform-array" count="512">

0.999944 -0.010557 0.001135 -0.000988 0.010557 0.999944 0.000020 0.058368 -0.001135 -0.000008 0.999999 -0.000000 0.000000 0.000000 0.000000 1.000000
0.999944 -0.010557 0.001135 -0.000988 0.010557 0.999944 0.000020 0.058368 -0.001135 -0.000008 0.999999 -0.000000 0.000000 0.000000 0.000000 1.000000
0.999944 -0.010557 0.001135 -0.000988 0.010557 0.999944 0.000020 0.058368 -0.001135 -0.000008 0.999999 -0.000000 0.000000 0.000000 0.000000 1.000000
0.999944 -0.010557 0.001135 -0.000988 0.010557 0.999944 0.000020 0.058368 -0.001135 -0.000008 0.999999 -0.000000 0.000000 0.000000 0.000000 1.000000
0.999944 -0.010557 0.001135 -0.000988 0.010557 0.999944 0.000020 0.058368 -0.001135 -0.000008 0.999999 -0.000000 0.000000 0.000000 0.000000 1.000000
0.999944 -0.010557 0.001135 -0.000988 0.010557 0.999944 0.000020 0.058368 -0.001135 -0.000008 0.999999 -0.000000 0.000000 0.000000 0.000000 1.000000
0.999944 -0.010557 0.001135 -0.000988 0.010557 0.999944 0.000020 0.058368 -0.001135 -0.000008 0.999999 -0.000000 0.000000 0.000000 0.000000 1.000000
0.999944 -0.010557 0.001135 -0.000988 0.010557 0.999944 0.000020 0.058368 -0.001135 -0.000008 0.999999 -0.000000 0.000000 0.000000 0.000000 1.000000
0.999944 -0.010557 0.001135 -0.000988 0.010557 0.999944 0.000020 0.058368 -0.001135 -0.000008 0.999999 -0.000000 0.000000 0.000000 0.000000 1.000000
0.999944 -0.010557 0.001135 -0.000988 0.010557 0.999944 0.000020 0.058368 -0.001135 -0.000008 0.999999 -0.000000 0.000000 0.000000 0.000000 1.000000
0.999944 -0.010557 0.001135 -0.000988 0.010557 0.999944 0.000020 0.058368 -0.001135 -0.000008 0.999999 -0.000000 0.000000 0.000000 0.000000 1.000000
0.999944 -0.010557 0.001135 -0.000988 0.010557 0.999944 0.000020 0.058368 -0.001135 -0.000008 0.999999 -0.000000 0.000000 0.000000 0.000000 1.000000
0.999944 -0.010557 0.001135 -0.000988 0.010557 0.999944 0.000020 0.058368 -0.001135 -0.000008 0.999999 -0.000000 0.000000 0.000000 0.000000 1.000000
0.999944 -0.010557 0.001135 -0.000988 0.010557 0.999944 0.000020 0.058368 -0.001135 -0.000008 0.999999 -0.000000 0.000000 0.000000 0.000000 1.000000
0.999944 -0.010557 0.001135 -0.000988 0.010557 0.999944 0.000020 0.058368 -0.001135 -0.000008 0.999999 -0.000000 0.000000 0.000000 0.000000 1.000000
0.999944 -0.010557 0.001135 -0.000988 0.010557 0.999944 0.000020 0.058368 -0.001135 -0.000008 0.999999 -0.000000 0.000000 0.000000 0.000000 1.000000
0.999944 -0.010557 0.001135 -0.000988 0.010557 0.999944 0.000020 0.058368 -0.001135 -0.000008 0.999999 -0.000000 0.000000 0.000000 0.000000 1.000000
0.999944 -0.010557 0.001135 -0.000988 0.010557 0.999944 0.000020 0.058368 -0.001135 -0.000008 0.999999 -0.000000 0.000000 0.000000 0.000000 1.000000
0.999944 -0.010557 0.001135 -0.000988 0.010557 0.999944 0.000020 0.058368 -0.001135 -0.000008 0.999999 -0.000000 0.000000 0.000000 0.000000 1.000000
0.999944 -0.010557 0.001135 -0.000988 0.010557 0.999944 0.000020 0.058368 -0.001135 -0.000008 0.999999 -0.000000 0.000000 0.000000 0.000000 1.000000
0.999944 -0.010557 0.001135 -0.000988 0.010557 0.999944 0.000020 0.058368 -0.001135 -0.000008 0.999999 -0.000000 0.000000 0.000000 0.000000 1.000000
0.999944 -0.010557 0.001135 -0.000988 0.010557 0.999944 0.000020 0.058368 -0.001135 -0.000008 0.999999 -0.000000 0.000000 0.000000 0.000000 1.000000
0.999944 -0.010557 0.001135 -0.000988 0.010557 0.999944 0.000020 0.058368 -0.001135 -0.000008 0.999999 -0.000000 0.000000 0.000000 0.000000 1.000000
0.999944 -0.010557 0.001135 -0.000988 0.010557 0.999944 0.000020 0.058368 -0.001135 -0.000008 0.999999 -0.000000 0.000000 0.000000 0.000000 1.000000
0.999944 -0.010557 0.001135 -0.000988 0.010557 0.999944 0.000020 0.058368 -0.001135 -0.000008 0.999999 -0.000000 0.000000 0.000000 0.000000 1.000000
0.999944 -0.010557 0.001135 -0.000988 0.010557 0.999944 0.000020 0.058368 -0.001135 -0.000008 0.999999 -0.000000 0.000000 0.000000 0.000000 1.000000
0.999944 -0.010557 0.001135 -0.000988 0.010557 0.999944 0.000020 0.058368 -0.001135 -0.000008 0.999999 -0.000000 0.000000 0.000000 0.000000 1.000000
0.999944 -0.010557 0.001135 -0.000988 0.010557 0.999944 0.000020 0.058368 -0.001135 -0.000008 0.999999 -0.000000 0.000000 0.000000 0.000000 1.000000
0.999944 -0.010557 0.001135 -0.000988 0.010557 0.999944 0.000020 0.058368 -0.001135 -0.000008 0.999999 -0.000000 0.000000 0.000000 0.000000 1.000000
0.999944 -0.010557 0.001135 -0.000988 0.010557 0.999944 0.000020 0.058368 -0.001135 -0.000008 0.999999 -0.000000 0.000000 0.000000 0.000000 1.000000
0.999944 -0.010557 0.001135 -0.000988 0.010557 0.999944 0.000020 0.058368 -0.001135 -0.000008 0.999999 -0.000000 0.000000 0.000000 0.000000 1.000000
0.999944 -0.010557 0.001135 -0.000988 0.010557 0.999944 0.000020 0.058368 -0.001135 -0.000008 0.999999 -0.000000 0.000000 0.000000 0.000000 1.000000</float_array>
        <technique_common>
          <accessor source="#mixamorig_LeftHandIndex3-Matrix-animation-output-transform-array" count="32" stride="16">
            <param type="float4x4"/>
          </accessor>
        </technique_common>
      </source>
      <source id="mixamorig_LeftHandIndex3-Interpolations">
        <Name_array id="mixamorig_LeftHandIndex3-Interpolations-array" count="32">
 LINEAR LINEAR LINEAR LINEAR LINEAR LINEAR LINEAR LINEAR LINEAR LINEAR LINEAR
LINEAR LINEAR LINEAR LINEAR LINEAR LINEAR LINEAR LINEAR LINEAR LINEAR LINEAR LINEAR
LINEAR LINEAR LINEAR LINEAR LINEAR LINEAR LINEAR LINEAR LINEAR</Name_array>
        <technique_common>
          <accessor source="#mixamorig_LeftHandIndex3-Interpolations-array" count="32">
            <param type="name"/>
          </accessor>
        </technique_common>
      </source>
      <sampler id="mixamorig_LeftHandIndex3-Matrix-animation-transform">
        <input semantic="INPUT" source="#mixamorig_LeftHandIndex3-Matrix-animation-input"/>
        <input semantic="OUTPUT" source="#mixamorig_LeftHandIndex3-Matrix-animation-output-transform"/>
        <input semantic="INTERPOLATION" source="#mixamorig_LeftHandIndex3-Interpolations"/>
      </sampler>
      <channel source="#mixamorig_LeftHandIndex3-Matrix-animation-transform" target="mixamorig_LeftHandIndex3/matrix"/>
    </animation>
    <animation id="mixamorig_RightShoulder-anim" name="mixamorig_RightShoulder">
      <source id="mixamorig_RightShoulder-Matrix-animation-input">
        <float_array id="mixamorig_RightShoulder-Matrix-animation-input-array" count="32">

0.000000 0.033333 0.066667 0.100000 0.133333 0.166667 0.200000 0.233333 0.266667 0.300000 0.333333 0.366667 0.400000 0.433333 0.466667 0.500000
0.533333 0.566667 0.600000 0.633333 0.666667 0.700000 0.733333 0.766667 0.800000 0.833333 0.866667 0.900000 0.933333 0.966667 1.000000 1.033333</float_array>
        <technique_common>
          <accessor source="#mixamorig_RightShoulder-Matrix-animation-input-array" count="32">
            <param name="TIME" type="float"/>
          </accessor>
        </technique_common>
      </source>
      <source id="mixamorig_RightShoulder-Matrix-animation-output-transform">
        <float_array id="mixamorig_RightShoulder-Matrix-animation-output-transform-array" count="512">

0.118915 -0.813010 0.569978 -0.050562 -0.026624 -0.576455 -0.816695 0.103871 0.992547 0.081942 -0.090195 -0.000304 0.000000 0.000000 0.000000 1.000000
0.132252 -0.819022 0.558313 -0.050562 -0.024882 -0.565826 -0.824149 0.103871 0.990904 0.095104 -0.095211 -0.000304 0.000000 0.000000 0.000000 1.000000
0.139906 -0.829446 0.540783 -0.050562 -0.024938 -0.548933 -0.835495 0.103871 0.989851 0.103405 -0.097484 -0.000304 0.000000 0.000000 0.000000 1.000000
0.148010 -0.837788 0.525551 -0.050562 -0.024831 -0.534384 -0.844877 0.103871 0.988674 0.112001 -0.099897 -0.000304 0.000000 0.000000 0.000000 1.000000
0.156497 -0.841071 0.517792 -0.050562 -0.024050 -0.527341 -0.849313 0.103871 0.987386 0.120463 -0.102755 -0.000304 0.000000 0.000000 0.000000 1.000000
0.163136 -0.847084 0.505802 -0.050562 -0.024087 -0.515937 -0.856288 0.103871 0.986309 0.127508 -0.104572 -0.000304 0.000000 0.000000 0.000000 1.000000
0.167924 -0.853022 0.494119 -0.050562 -0.024476 -0.504690 -0.862953 0.103871 0.985496 0.132817 -0.105628 -0.000304 0.000000 0.000000 0.000000 1.000000
0.175482 -0.861660 0.476182 -0.050562 -0.025142 -0.487452 -0.872788 0.103871 0.984162 0.141186 -0.107202 -0.000304 0.000000 0.000000 0.000000 1.000000
0.171562 -0.868464 0.465120 -0.050562 -0.026874 -0.476070 -0.878997 0.103871 0.984807 0.138303 -0.105015 -0.000304 0.000000 0.000000 0.000000 1.000000
0.159654 -0.870170 0.466171 -0.050562 -0.028495 -0.476094 -0.878933 0.103871 0.986762 0.127041 -0.100806 -0.000304 0.000000 0.000000 0.000000 1.000000
0.152550 -0.859679 0.487525 -0.050562 -0.027562 -0.496808 -0.867423 0.103871 0.987911 0.118888 -0.099482 -0.000304 0.000000 0.000000 0.000000 1.000000
0.147519 -0.850424 0.504992 -0.050562 -0.026775 -0.513824 -0.857477 0.103871 0.988697 0.112972 -0.098569 -0.000304 0.000000 0.000000 0.000000 1.000000
0.138501 -0.858520 0.493722 -0.050562 -0.029186 -0.501848 -0.864463 0.103871 0.989932 0.105319 -0.094564 -0.000304 0.000000 0.000000 0.000000 1.000000
0.131359 -0.851074 0.508348 -0.050562 -0.029125 -0.515883 -0.856164 0.103871 0.990907 0.097659 -0.092554 -0.000304 0.000000 0.000000 0.000000 1.000000
0.130844 -0.837785 0.530091 -0.050562 -0.027462 -0.537545 -0.842788 0.103871 0.991023 0.095716 -0.093341 -0.000304 0.000000 0.000000 0.000000 1.000000
0.118152 -0.828170 0.547882 -0.050562 -0.028373 -0.554337 -0.831808 0.103871 0.992590 0.082734 -0.088994 -0.000304 0.000000 0.000000 0.000000 1.000000
0.097041 -0.815985 0.569870 -0.050562 -0.030879 -0.574765 -0.817735 0.103871 0.994801 0.061757 -0.080972 -0.000304 0.000000 0.000000 0.000000 1.000000
0.081088 -0.807789 0.583868 -0.050562 -0.033236 -0.587662 -0.808423 0.103871 0.996153 0.046149 -0.074500 -0.000304 0.000000 0.000000 0.000000 1.000000
0.082583 -0.791799 0.605173 -0.050562 -0.031785 -0.609031 -0.792509 0.103871 0.996077 0.046212 -0.075463 -0.000304 0.000000 0.000000 0.000000 1.000000
0.074892 -0.795112 0.601820 -0.050562 -0.033586 -0.605184 -0.795377 0.103871 0.996626 0.039355 -0.072028 -0.000304 0.000000 0.000000 0.000000 1.000000
0.071315 -0.790420 0.608400 -0.050562 -0.034025 -0.611525 -0.790493 0.103871 0.996873 0.035674 -0.070505 -0.000304 0.000000 0.000000 0.000000 1.000000
0.069703 -0.793230 0.604919 -0.050562 -0.034512 -0.607948 -0.793226 0.103871 0.996971 0.034413 -0.069751 -0.000304 0.000000 0.000000 0.000000 1.000000
0.055264 -0.795262 0.603742 -0.050562 -0.037577 -0.605894 -0.794657 0.103871 0.997764 0.021229 -0.063368 -0.000304 0.000000 0.000000 0.000000 1.000000
0.047963 -0.794595 0.605243 -0.050562 -0.039029 -0.606968 -0.793767 0.103871 0.998086 0.014449 -0.060124 -0.000304 0.000000 0.000000 0.000000 1.000000
0.038988 -0.796786 0.603002 -0.050562 -0.040920 -0.604228 -0.795760 0.103871 0.998401 0.006350 -0.056162 -0.000304 0.000000 0.000000 0.000000 1.000000
0.031528 -0.794445 0.606518 -0.050562 -0.042356 -0.607336 -0.793315 0.103871 0.998605 -0.000678 -0.052798 -0.000304 0.000000 0.000000 0.000000 1.000000
0.045591 -0.792426 0.608263 -0.050562 -0.039364 -0.609848 -0.791540 0.103871 0.998184 0.012144 -0.058996 -0.000304 0.000000 0.000000 0.000000 1.000000
0.069322 -0.787756 0.612074 -0.050562 -0.034208 -0.615066 -0.787733 0.103871 0.997008 0.033670 -0.069585 -0.000304 0.000000 0.000000 0.000000 1.000000
0.084878 -0.785230 0.613360 -0.050562 -0.030811 -0.617355 -0.786081 0.103871 0.995915 0.047823 -0.076594 -0.000304 0.000000 0.000000 0.000000 1.000000
0.092630 -0.789563 0.606638 -0.050562 -0.029530 -0.611168 -0.790950 0.103871 0.995263 0.055351 -0.079928 -0.000304 0.000000 0.000000 0.000000 1.000000
0.106530 -0.798083 0.593055 -0.050562 -0.027484 -0.598585 -0.800588 0.103871 0.993930 0.068987 -0.085702 -0.000304 0.000000 0.000000 0.000000 1.000000
0.118915 -0.813010 0.569977 -0.050562 -0.026624 -0.576455 -0.816695 0.103871 0.992547 0.081942 -0.090195 -0.000304 0.000000 0.000000 0.000000 1.000000</float_array>
        <technique_common>
          <accessor source="#mixamorig_RightShoulder-Matrix-animation-output-transform-array" count="32" stride="16">
            <param type="float4x4"/>
          </accessor>
        </technique_common>
      </source>
      <source id="mixamorig_RightShoulder-Interpolations">
        <Name_array id="mixamorig_RightShoulder-Interpolations-array" count="32">
 LINEAR LINEAR LINEAR LINEAR LINEAR LINEAR LINEAR LINEAR LINEAR LINEAR LINEAR
LINEAR LINEAR LINEAR LINEAR LINEAR LINEAR LINEAR LINEAR LINEAR LINEAR LINEAR LINEAR
LINEAR LINEAR LINEAR LINEAR LINEAR LINEAR LINEAR LINEAR LINEAR</Name_array>
        <technique_common>
          <accessor source="#mixamorig_RightShoulder-Interpolations-array" count="32">
            <param type="name"/>
          </accessor>
        </technique_common>
      </source>
      <sampler id="mixamorig_RightShoulder-Matrix-animation-transform">
        <input semantic="INPUT" source="#mixamorig_RightShoulder-Matrix-animation-input"/>
        <input semantic="OUTPUT" source="#mixamorig_RightShoulder-Matrix-animation-output-transform"/>
        <input semantic="INTERPOLATION" source="#mixamorig_RightShoulder-Interpolations"/>
      </sampler>
      <channel source="#mixamorig_RightShoulder-Matrix-animation-transform" target="mixamorig_RightShoulder/matrix"/>
    </animation>
    <animation id="mixamorig_RightArm-anim" name="mixamorig_RightArm">
      <source id="mixamorig_RightArm-Matrix-animation-input">
        <float_array id="mixamorig_RightArm-Matrix-animation-input-array" count="32">

0.000000 0.033333 0.066667 0.100000 0.133333 0.166667 0.200000 0.233333 0.266667 0.300000 0.333333 0.366667 0.400000 0.433333 0.466667 0.500000
0.533333 0.566667 0.600000 0.633333 0.666667 0.700000 0.733333 0.766667 0.800000 0.833333 0.866667 0.900000 0.933333 0.966667 1.000000 1.033333</float_array>
        <technique_common>
          <accessor source="#mixamorig_RightArm-Matrix-animation-input-array" count="32">
            <param name="TIME" type="float"/>
          </accessor>
        </technique_common>
      </source>
      <source id="mixamorig_RightArm-Matrix-animation-output-transform">
        <float_array id="mixamorig_RightArm-Matrix-animation-output-transform-array" count="512">

0.937979 -0.238770 0.251363 -0.000000 0.332759 0.823509 -0.459461 0.107551 -0.097294 0.514608 0.851888 0.000000 0.000000 0.000000 0.000000 1.000000
0.921624 -0.231607 0.311397 -0.000000 0.356346 0.822849 -0.442647 0.107551 -0.153713 0.518919 0.840890 0.000000 0.000000 0.000000 0.000000 1.000000
0.932314 -0.156103 0.326224 -0.000000 0.297363 0.844281 -0.445831 0.107551 -0.205829 0.512662 0.833554 0.000000 0.000000 0.000000 0.000000 1.000000
0.943452 -0.064577 0.325158 -0.000000 0.214653 0.866463 -0.450740 0.107551 -0.252630 0.495048 0.831328 0.000000 0.000000 0.000000 0.000000 1.000000
0.952774 0.037305 0.301381 -0.000000 0.109785 0.882993 -0.456367 0.107551 -0.283142 0.467902 0.837197 0.000000 0.000000 0.000000 0.000000 1.000000
0.953639 0.137520 0.267696 -0.000000 0.005078 0.882014 -0.471197 0.107551 -0.300911 0.450711 0.840424 0.000000 0.000000 0.000000 0.000000 1.000000
0.947973 0.217034 0.232900 -0.000000 -0.079904 0.870380 -0.485854 0.107551 -0.308159 0.441967 0.842439 0.000000 0.000000 0.000000 0.000000 1.000000
0.947165 0.247295 0.204264 -0.000000 -0.115529 0.857124 -0.501987 0.107551 -0.299219 0.451866 0.840408 0.000000 0.000000 0.000000 0.000000 1.000000
0.956092 0.233102 0.177628 -0.000000 -0.111670 0.850141 -0.514578 0.107551 -0.270958 0.472148 0.838843 0.000000 0.000000 0.000000 0.000000 1.000000
0.971136 0.186408 0.148820 -0.000000 -0.080831 0.844181 -0.529929 0.107551 -0.224414 0.502604 0.834882 0.000000 0.000000 0.000000 0.000000 1.000000
0.987410 0.104337 0.118891 -0.000000 -0.024724 0.844172 -0.535501 0.107551 -0.156237 0.525820 0.836124 0.000000 0.000000 0.000000 0.000000 1.000000
0.995769 0.019890 0.089712 -0.000000 0.032941 0.834140 -0.550568 0.107551 -0.085783 0.551194 0.829956 0.000000 0.000000 0.000000 0.000000 1.000000
0.997496 -0.030095 0.063998 -0.000000 0.062547 0.797751 -0.599735 0.107551 -0.033005 0.602236 0.797636 0.000000 0.000000 0.000000 0.000000 1.000000
0.996274 -0.073620 0.044915 -0.000000 0.085553 0.778129 -0.622250 0.107551 0.010860 0.623775 0.781529 0.000000 0.000000 0.000000 0.000000 1.000000
0.992162 -0.117407 0.042782 -0.000000 0.118123 0.769517 -0.627608 0.107551 0.040765 0.627742 0.777353 0.000000 0.000000 0.000000 0.000000 1.000000
0.989070 -0.136760 0.055113 -0.000000 0.140892 0.766385 -0.626741 0.107551 0.043475 0.627655 0.777276 0.000000 0.000000 0.000000 0.000000 1.000000
0.986319 -0.144388 0.079538 -0.000000 0.162638 0.773647 -0.612388 0.107551 0.026887 0.616946 0.786546 0.000000 0.000000 0.000000 0.000000 1.000000
0.982173 -0.159383 0.099666 -0.000000 0.187192 0.780808 -0.596068 0.107551 0.017183 0.604099 0.796724 0.000000 0.000000 0.000000 0.000000 1.000000
0.967763 -0.227316 0.108456 -0.000000 0.248090 0.786098 -0.566128 0.107551 0.043432 0.574784 0.817151 0.000000 0.000000 0.000000 0.000000 1.000000
0.961424 -0.255687 0.101428 -0.000000 0.267963 0.787310 -0.555282 0.107551 0.062123 0.561041 0.825454 0.000000 0.000000 0.000000 0.000000 1.000000
0.950181 -0.299946 0.084781 -0.000000 0.296068 0.783456 -0.546388 0.107551 0.097465 0.544269 0.833230 0.000000 0.000000 0.000000 0.000000 1.000000
0.935155 -0.347897 0.066720 -0.000000 0.324923 0.767391 -0.552753 0.107551 0.141101 0.538589 0.830670 0.000000 0.000000 0.000000 0.000000 1.000000
0.914158 -0.402044 0.051726 -0.000000 0.361434 0.750666 -0.553051 0.107551 0.183522 0.524272 0.831540 0.000000 0.000000 0.000000 0.000000 1.000000
0.890425 -0.452581 0.048104 -0.000000 0.401632 0.731643 -0.550809 0.107551 0.214090 0.509774 0.833244 0.000000 0.000000 0.000000 0.000000 1.000000
0.878200 -0.474776 0.057898 -0.000000 0.423694 0.716064 -0.554739 0.107551 0.221918 0.511703 0.830008 0.000000 0.000000 0.000000 0.000000 1.000000
0.865340 -0.497845 0.057766 -0.000000 0.443917 0.707853 -0.549438 0.107551 0.232645 0.501094 0.833535 0.000000 0.000000 0.000000 0.000000 1.000000
0.862064 -0.501163 0.075379 -0.000000 0.459726 0.710692 -0.532512 0.107551 0.213304 0.493713 0.843059 0.000000 0.000000 0.000000 0.000000 1.000000
0.867108 -0.483916 0.118106 -0.000000 0.471398 0.720578 -0.508479 0.107551 0.160957 0.496581 0.852936 0.000000 0.000000 0.000000 0.000000 1.000000
0.886162 -0.439769 0.146011 -0.000000 0.450664 0.744650 -0.492341 0.107551 0.107789 0.502095 0.858069 0.000000 0.000000 0.000000 0.000000 1.000000
0.916749 -0.373954 0.140462 -0.000000 0.391916 0.773960 -0.497382 0.107551 0.077285 0.511024 0.856085 0.000000 0.000000 0.000000 0.000000 1.000000
0.937532 -0.311199 0.155530 -0.000000 0.346717 0.798953 -0.491387 0.107551 0.028658 0.514615 0.856942 0.000000 0.000000 0.000000 0.000000 1.000000
0.937979 -0.238770 0.251363 -0.000000 0.332759 0.823509 -0.459461 0.107551 -0.097294 0.514608 0.851888 0.000000 0.000000 0.000000 0.000000 1.000000</float_array>
        <technique_common>
          <accessor source="#mixamorig_RightArm-Matrix-animation-output-transform-array" count="32" stride="16">
            <param type="float4x4"/>
          </accessor>
        </technique_common>
      </source>
      <source id="mixamorig_RightArm-Interpolations">
        <Name_array id="mixamorig_RightArm-Interpolations-array" count="32">
 LINEAR LINEAR LINEAR LINEAR LINEAR LINEAR LINEAR LINEAR LINEAR LINEAR LINEAR
LINEAR LINEAR LINEAR LINEAR LINEAR LINEAR LINEAR LINEAR LINEAR LINEAR LINEAR LINEAR
LINEAR LINEAR LINEAR LINEAR LINEAR LINEAR LINEAR LINEAR LINEAR</Name_array>
        <technique_common>
          <accessor source="#mixamorig_RightArm-Interpolations-array" count="32">
            <param type="name"/>
          </accessor>
        </technique_common>
      </source>
      <sampler id="mixamorig_RightArm-Matrix-animation-transform">
        <input semantic="INPUT" source="#mixamorig_RightArm-Matrix-animation-input"/>
        <input semantic="OUTPUT" source="#mixamorig_RightArm-Matrix-animation-output-transform"/>
        <input semantic="INTERPOLATION" source="#mixamorig_RightArm-Interpolations"/>
      </sampler>
      <channel source="#mixamorig_RightArm-Matrix-animation-transform" target="mixamorig_RightArm/matrix"/>
    </animation>
    <animation id="mixamorig_RightForeArm-anim" name="mixamorig_RightForeArm">
      <source id="mixamorig_RightForeArm-Matrix-animation-input">
        <float_array id="mixamorig_RightForeArm-Matrix-animation-input-array" count="32">

0.000000 0.033333 0.066667 0.100000 0.133333 0.166667 0.200000 0.233333 0.266667 0.300000 0.333333 0.366667 0.400000 0.433333 0.466667 0.500000
0.533333 0.566667 0.600000 0.633333 0.666667 0.700000 0.733333 0.766667 0.800000 0.833333 0.866667 0.900000 0.933333 0.966667 1.000000 1.033333</float_array>
        <technique_common>
          <accessor source="#mixamorig_RightForeArm-Matrix-animation-input-array" count="32">
            <param name="TIME" type="float"/>
          </accessor>
        </technique_common>
      </source>
      <source id="mixamorig_RightForeArm-Matrix-animation-output-transform">
        <float_array id="mixamorig_RightForeArm-Matrix-animation-output-transform-array" count="512">

0.888976 0.389845 -0.240298 0.000000 -0.436430 0.880170 -0.186627 0.143797 0.138747 0.270780 0.952590 -0.000000 0.000000 0.000000 0.000000 1.000000
0.817343 0.535532 -0.212498 0.000000 -0.573813 0.789828 -0.216587 0.143797 0.051848 0.298960 0.952856 -0.000000 0.000000 0.000000 0.000000 1.000000
0.774518 0.599279 -0.202454 0.000000 -0.632494 0.738061 -0.234983 0.143797 0.008603 0.310050 0.950681 -0.000000 0.000000 0.000000 0.000000 1.000000
0.753149 0.631205 -0.185330 0.000000 -0.657703 0.716520 -0.232434 0.143797 -0.013921 0.296950 0.954792 -0.000000 0.000000 0.000000 0.000000 1.000000
0.744165 0.649171 -0.157464 0.000000 -0.667821 0.717607 -0.197625 0.143797 -0.015295 0.252224 0.967548 -0.000000 0.000000 0.000000 0.000000 1.000000
0.757556 0.641507 -0.120738 0.000000 -0.652743 0.742778 -0.149020 0.143797 -0.005916 0.191701 0.981435 -0.000000 0.000000 0.000000 0.000000 1.000000
0.777927 0.622094 -0.088482 0.000000 -0.628326 0.771484 -0.100093 0.143797 0.005995 0.133461 0.991036 -0.000000 0.000000 0.000000 0.000000 1.000000
0.775466 0.627963 -0.065684 0.000000 -0.631275 0.773096 -0.061761 0.143797 0.011996 0.089359 0.995927 -0.000000 0.000000 0.000000 0.000000 1.000000
0.733968 0.676682 -0.058241 0.000000 -0.678967 0.733199 -0.037726 0.143797 0.017174 0.067233 0.997589 -0.000000 0.000000 0.000000 0.000000 1.000000
0.678761 0.731800 -0.061253 0.000000 -0.733802 0.679131 -0.017766 0.143797 0.028598 0.057007 0.997964 -0.000000 0.000000 0.000000 0.000000 1.000000
0.612612 0.787969 -0.061734 0.000000 -0.789114 0.614185 0.008709 0.143797 0.044778 0.043380 0.998055 -0.000000 0.000000 0.000000 0.000000 1.000000
0.561520 0.825742 -0.053342 0.000000 -0.825017 0.563649 0.040584 0.143797 0.063578 0.021219 0.997751 -0.000000 0.000000 0.000000 0.000000 1.000000
0.585630 0.808896 -0.052207 0.000000 -0.805488 0.587950 0.074188 0.143797 0.090705 -0.001395 0.995877 -0.000000 0.000000 0.000000 0.000000 1.000000
0.639068 0.765954 -0.070045 0.000000 -0.758756 0.642733 0.105757 0.143797 0.126026 -0.014439 0.991922 -0.000000 0.000000 0.000000 0.000000 1.000000
0.704818 0.701906 -0.102766 0.000000 -0.691369 0.712112 0.122090 0.143797 0.158877 -0.015002 0.987184 -0.000000 0.000000 0.000000 0.000000 1.000000
0.788985 0.596307 -0.148055 0.000000 -0.585470 0.802752 0.113199 0.143797 0.186353 -0.002631 0.982479 -0.000000 0.000000 0.000000 0.000000 1.000000
0.858788 0.478294 -0.183624 0.000000 -0.470436 0.878123 0.087116 0.143797 0.202911 0.011569 0.979129 -0.000000 0.000000 0.000000 0.000000 1.000000
0.905091 0.370902 -0.207947 0.000000 -0.368577 0.928181 0.051304 0.143797 0.212041 0.030210 0.976794 -0.000000 0.000000 0.000000 0.000000 1.000000
0.910333 0.349765 -0.221263 0.000000 -0.352754 0.935321 0.027201 0.143797 0.216466 0.053290 0.974835 -0.000000 0.000000 0.000000 0.000000 1.000000
0.923700 0.288398 -0.252200 0.000000 -0.302412 0.953011 -0.017807 0.143797 0.235214 0.092716 0.967511 -0.000000 0.000000 0.000000 0.000000 1.000000
0.917947 0.275902 -0.285048 0.000000 -0.295871 0.954798 -0.028639 0.143797 0.264262 0.110627 0.958085 -0.000000 0.000000 0.000000 0.000000 1.000000
0.904416 0.287164 -0.315544 0.000000 -0.310273 0.950333 -0.024447 0.143797 0.292852 0.120015 0.948596 -0.000000 0.000000 0.000000 0.000000 1.000000
0.875070 0.342954 -0.341518 0.000000 -0.368358 0.929627 -0.010308 0.143797 0.313949 0.134821 0.939819 -0.000000 0.000000 0.000000 0.000000 1.000000
0.852880 0.386025 -0.351541 0.000000 -0.411618 0.911354 0.002121 0.143797 0.321197 0.142891 0.936170 -0.000000 0.000000 0.000000 0.000000 1.000000
0.854307 0.381999 -0.352471 0.000000 -0.404365 0.914531 0.011061 0.143797 0.326571 0.133078 0.935757 -0.000000 0.000000 0.000000 0.000000 1.000000
0.839944 0.415373 -0.349228 0.000000 -0.435394 0.899941 0.023205 0.143797 0.323923 0.132561 0.936750 -0.000000 0.000000 0.000000 0.000000 1.000000
0.834749 0.431808 -0.341666 0.000000 -0.455973 0.889929 0.010700 0.143797 0.308679 0.146859 0.939760 -0.000000 0.000000 0.000000 0.000000 1.000000
0.838692 0.438947 -0.322369 0.000000 -0.468296 0.883437 -0.015432 0.143797 0.278018 0.163907 0.946488 -0.000000 0.000000 0.000000 0.000000 1.000000
0.843888 0.441536 -0.304794 0.000000 -0.473580 0.879998 -0.036413 0.143797 0.252140 0.175073 0.951722 -0.000000 0.000000 0.000000 0.000000 1.000000
0.848208 0.440569 -0.294009 0.000000 -0.473469 0.879500 -0.048024 0.143797 0.237423 0.179939 0.954595 -0.000000 0.000000 0.000000 0.000000 1.000000
0.857072 0.434506 -0.276823 0.000000 -0.472562 0.877045 -0.086475 0.143797 0.205212 0.204932 0.957022 -0.000000 0.000000 0.000000 0.000000 1.000000
0.888976 0.389845 -0.240298 0.000000 -0.436430 0.880170 -0.186628 0.143797 0.138747 0.270781 0.952590 -0.000000 0.000000 0.000000 0.000000 1.000000</float_array>
        <technique_common>
          <accessor source="#mixamorig_RightForeArm-Matrix-animation-output-transform-array" count="32" stride="16">
            <param type="float4x4"/>
          </accessor>
        </technique_common>
      </source>
      <source id="mixamorig_RightForeArm-Interpolations">
        <Name_array id="mixamorig_RightForeArm-Interpolations-array" count="32">
 LINEAR LINEAR LINEAR LINEAR LINEAR LINEAR LINEAR LINEAR LINEAR LINEAR LINEAR
LINEAR LINEAR LINEAR LINEAR LINEAR LINEAR LINEAR LINEAR LINEAR LINEAR LINEAR LINEAR
LINEAR LINEAR LINEAR LINEAR LINEAR LINEAR LINEAR LINEAR LINEAR</Name_array>
        <technique_common>
          <accessor source="#mixamorig_RightForeArm-Interpolations-array" count="32">
            <param type="name"/>
          </accessor>
        </technique_common>
      </source>
      <sampler id="mixamorig_RightForeArm-Matrix-animation-transform">
        <input semantic="INPUT" source="#mixamorig_RightForeArm-Matrix-animation-input"/>
        <input semantic="OUTPUT" source="#mixamorig_RightForeArm-Matrix-animation-output-transform"/>
        <input semantic="INTERPOLATION" source="#mixamorig_RightForeArm-Interpolations"/>
      </sampler>
      <channel source="#mixamorig_RightForeArm-Matrix-animation-transform" target="mixamorig_RightForeArm/matrix"/>
    </animation>
    <animation id="mixamorig_RightHand-anim" name="mixamorig_RightHand">
      <source id="mixamorig_RightHand-Matrix-animation-input">
        <float_array id="mixamorig_RightHand-Matrix-animation-input-array" count="32">

0.000000 0.033333 0.066667 0.100000 0.133333 0.166667 0.200000 0.233333 0.266667 0.300000 0.333333 0.366667 0.400000 0.433333 0.466667 0.500000
0.533333 0.566667 0.600000 0.633333 0.666667 0.700000 0.733333 0.766667 0.800000 0.833333 0.866667 0.900000 0.933333 0.966667 1.000000 1.033333</float_array>
        <technique_common>
          <accessor source="#mixamorig_RightHand-Matrix-animation-input-array" count="32">
            <param name="TIME" type="float"/>
          </accessor>
        </technique_common>
      </source>
      <source id="mixamorig_RightHand-Matrix-animation-output-transform">
        <float_array id="mixamorig_RightHand-Matrix-animation-output-transform-array" count="512">

0.800320 0.150753 -0.580312 0.000000 -0.062430 0.983566 0.169411 0.184635 0.596315 -0.099354 0.796579 -0.000000 0.000000 0.000000 0.000000 1.000000
0.764337 0.050452 -0.642840 0.000000 0.020546 0.994523 0.102482 0.184635 0.644490 -0.091538 0.759114 -0.000000 0.000000 0.000000 0.000000 1.000000
0.761228 -0.022546 -0.648093 0.000000 0.090664 0.993280 0.071936 0.184635 0.642116 -0.113519 0.758156 -0.000000 0.000000 0.000000 0.000000 1.000000
0.763638 -0.064859 -0.642378 0.000000 0.138712 0.988189 0.065122 0.184635 0.630568 -0.138835 0.763616 -0.000000 0.000000 0.000000 0.000000 1.000000
0.782827 -0.072898 -0.617954 0.000000 0.160649 0.983122 0.087535 0.184635 0.601144 -0.167798 0.781326 -0.000000 0.000000 0.000000 0.000000 1.000000
0.805361 -0.033670 -0.591827 0.000000 0.148030 0.978178 0.145790 0.184635 0.574004 -0.205022 0.792771 -0.000000 0.000000 0.000000 0.000000 1.000000
0.826603 0.037090 -0.561562 0.000000 0.111786 0.967123 0.228422 0.184635 0.551572 -0.251589 0.795281 -0.000000 0.000000 0.000000 0.000000 1.000000
0.841637 0.109126 -0.528903 0.000000 0.074711 0.946426 0.314158 0.184635 0.534851 -0.303922 0.788395 -0.000000 0.000000 0.000000 0.000000 1.000000
0.849321 0.158248 -0.503598 0.000000 0.056155 0.921509 0.384275 0.184635 0.524881 -0.354653 0.773771 -0.000000 0.000000 0.000000 0.000000 1.000000
0.852173 0.190517 -0.487344 0.000000 0.039151 0.905536 0.422460 0.184635 0.521793 -0.379089 0.764214 -0.000000 0.000000 0.000000 0.000000 1.000000
0.856977 0.195198 -0.476958 0.000000 0.031165 0.904170 0.426034 0.184635 0.514412 -0.379966 0.768769 -0.000000 0.000000 0.000000 0.000000 1.000000
0.859260 0.203977 -0.469111 0.000000 0.014468 0.907002 0.420879 0.184635 0.511334 -0.368431 0.776399 -0.000000 0.000000 0.000000 0.000000 1.000000
0.860118 0.242033 -0.449019 0.000000 -0.032767 0.904662 0.424869 0.184635 0.509042 -0.350724 0.786046 -0.000000 0.000000 0.000000 0.000000 1.000000
0.866643 0.270242 -0.419402 0.000000 -0.078569 0.904040 0.420165 0.184635 0.492703 -0.331182 0.804713 -0.000000 0.000000 0.000000 0.000000 1.000000
0.874187 0.289458 -0.389886 0.000000 -0.117965 0.905452 0.407726 0.184635 0.471042 -0.310436 0.825681 -0.000000 0.000000 0.000000 0.000000 1.000000
0.875752 0.314966 -0.365861 0.000000 -0.160146 0.904476 0.395317 0.184635 0.455424 -0.287609 0.842538 -0.000000 0.000000 0.000000 0.000000 1.000000
0.874586 0.331327 -0.354007 0.000000 -0.192507 0.907374 0.373648 0.184635 0.445017 -0.258639 0.857360 -0.000000 0.000000 0.000000 0.000000 1.000000
0.881317 0.330690 -0.337527 0.000000 -0.209158 0.913526 0.348889 0.184635 0.423714 -0.236885 0.874272 -0.000000 0.000000 0.000000 0.000000 1.000000
0.900405 0.293397 -0.321231 0.000000 -0.193984 0.931664 0.307202 0.184635 0.389412 -0.214292 0.895789 -0.000000 0.000000 0.000000 0.000000 1.000000
0.911373 0.282613 -0.299214 0.000000 -0.195606 0.937050 0.289266 0.184635 0.362128 -0.205101 0.909284 -0.000000 0.000000 0.000000 0.000000 1.000000
0.922121 0.246544 -0.298176 0.000000 -0.176964 0.954098 0.241620 0.184635 0.344059 -0.170037 0.923423 -0.000000 0.000000 0.000000 0.000000 1.000000
0.927531 0.194048 -0.319423 0.000000 -0.142251 0.973620 0.178404 0.184635 0.345615 -0.120037 0.930667 -0.000000 0.000000 0.000000 0.000000 1.000000
0.927597 0.112008 -0.356397 0.000000 -0.079046 0.991241 0.105793 0.184635 0.365125 -0.069962 0.928326 -0.000000 0.000000 0.000000 0.000000 1.000000
0.921084 0.037198 -0.387582 0.000000 -0.021490 0.998766 0.044784 0.184635 0.388770 -0.032921 0.920747 -0.000000 0.000000 0.000000 0.000000 1.000000
0.910417 -0.013128 -0.413483 0.000000 0.015830 0.999870 0.003110 0.184635 0.413388 -0.009377 0.910506 -0.000000 0.000000 0.000000 0.000000 1.000000
0.902962 -0.076498 -0.422857 0.000000 0.064638 0.997010 -0.042340 0.184635 0.424832 0.010899 0.905207 -0.000000 0.000000 0.000000 0.000000 1.000000
0.890273 -0.098220 -0.444709 0.000000 0.081423 0.995062 -0.056770 0.184635 0.448089 0.014331 0.893874 -0.000000 0.000000 0.000000 0.000000 1.000000
0.865548 -0.063622 -0.496769 0.000000 0.054613 0.997973 -0.032659 0.184635 0.497840 0.001138 0.867268 -0.000000 0.000000 0.000000 0.000000 1.000000
0.848655 0.003128 -0.528938 0.000000 0.009101 0.999748 0.020515 0.184635 0.528869 -0.022224 0.848412 -0.000000 0.000000 0.000000 0.000000 1.000000
0.855580 0.070542 -0.512842 0.000000 -0.030920 0.995867 0.085397 0.184635 0.516747 -0.057207 0.854225 -0.000000 0.000000 0.000000 0.000000 1.000000
0.852720 0.119810 -0.508443 0.000000 -0.055139 0.988549 0.140468 0.184635 0.519451 -0.091745 0.849561 -0.000000 0.000000 0.000000 0.000000 1.000000
0.800320 0.150753 -0.580312 0.000000 -0.062431 0.983566 0.169411 0.184635 0.596314 -0.099353 0.796579 -0.000000 0.000000 0.000000 0.000000 1.000000</float_array>
        <technique_common>
          <accessor source="#mixamorig_RightHand-Matrix-animation-output-transform-array" count="32" stride="16">
            <param type="float4x4"/>
          </accessor>
        </technique_common>
      </source>
      <source id="mixamorig_RightHand-Interpolations">
        <Name_array id="mixamorig_RightHand-Interpolations-array" count="32">
 LINEAR LINEAR LINEAR LINEAR LINEAR LINEAR LINEAR LINEAR LINEAR LINEAR LINEAR
LINEAR LINEAR LINEAR LINEAR LINEAR LINEAR LINEAR LINEAR LINEAR LINEAR LINEAR LINEAR
LINEAR LINEAR LINEAR LINEAR LINEAR LINEAR LINEAR LINEAR LINEAR</Name_array>
        <technique_common>
          <accessor source="#mixamorig_RightHand-Interpolations-array" count="32">
            <param type="name"/>
          </accessor>
        </technique_common>
      </source>
      <sampler id="mixamorig_RightHand-Matrix-animation-transform">
        <input semantic="INPUT" source="#mixamorig_RightHand-Matrix-animation-input"/>
        <input semantic="OUTPUT" source="#mixamorig_RightHand-Matrix-animation-output-transform"/>
        <input semantic="INTERPOLATION" source="#mixamorig_RightHand-Interpolations"/>
      </sampler>
      <channel source="#mixamorig_RightHand-Matrix-animation-transform" target="mixamorig_RightHand/matrix"/>
    </animation>
    <animation id="mixamorig_RightHandThumb1-anim" name="mixamorig_RightHandThumb1">
      <source id="mixamorig_RightHandThumb1-Matrix-animation-input">
        <float_array id="mixamorig_RightHandThumb1-Matrix-animation-input-array" count="32">

0.000000 0.033333 0.066667 0.100000 0.133333 0.166667 0.200000 0.233333 0.266667 0.300000 0.333333 0.366667 0.400000 0.433333 0.466667 0.500000
0.533333 0.566667 0.600000 0.633333 0.666667 0.700000 0.733333 0.766667 0.800000 0.833333 0.866667 0.900000 0.933333 0.966667 1.000000 1.033333</float_array>
        <technique_common>
          <accessor source="#mixamorig_RightHandThumb1-Matrix-animation-input-array" count="32">
            <param name="TIME" type="float"/>
          </accessor>
        </technique_common>
      </source>
      <source id="mixamorig_RightHandThumb1-Matrix-animation-output-transform">
        <float_array id="mixamorig_RightHandThumb1-Matrix-animation-output-transform-array" count="512">

0.964303 0.233556 -0.124783 0.042292 -0.257704 0.936095 -0.239404 0.015529 0.060894 0.263015 0.962868 0.000000 0.000000 0.000000 0.000000 1.000000
0.960472 0.247454 -0.127513 0.042292 -0.272465 0.929546 -0.248407 0.015529 0.057059 0.273331 0.960226 0.000000 0.000000 0.000000 0.000000 1.000000
0.955334 0.265073 -0.130666 0.042292 -0.290881 0.921514 -0.257294 0.015529 0.052208 0.283810 0.957458 0.000000 0.000000 0.000000 0.000000 1.000000
0.949281 0.284306 -0.134300 0.042292 -0.310909 0.912464 -0.265979 0.015529 0.046925 0.294244 0.954578 0.000000 0.000000 0.000000 0.000000 1.000000
0.942869 0.303078 -0.138356 0.042292 -0.330537 0.903013 -0.274432 0.015529 0.041763 0.304485 0.951601 0.000000 0.000000 0.000000 0.000000 1.000000
0.936830 0.319374 -0.142654 0.042292 -0.347798 0.893935 -0.282696 0.015529 0.037237 0.314453 0.948543 0.000000 0.000000 0.000000 0.000000 1.000000
0.932041 0.331237 -0.146905 0.042292 -0.360770 0.886132 -0.290887 0.015529 0.033825 0.324118 0.945412 0.000000 0.000000 0.000000 0.000000 1.000000
0.929451 0.336746 -0.150743 0.042292 -0.367557 0.880567 -0.299171 0.015529 0.031995 0.333471 0.942217 0.000000 0.000000 0.000000 0.000000 1.000000
0.929955 0.333984 -0.153747 0.042292 -0.366257 0.878157 -0.307728 0.015529 0.032238 0.342484 0.938971 0.000000 0.000000 0.000000 0.000000 1.000000
0.935815 0.316390 -0.155392 0.042292 -0.350600 0.881068 -0.317488 0.015529 0.036460 0.351591 0.935444 0.000000 0.000000 0.000000 0.000000 1.000000
0.950441 0.269894 -0.154336 0.042292 -0.307033 0.892895 -0.329346 0.015529 0.048917 0.360410 0.931511 0.000000 0.000000 0.000000 0.000000 1.000000
0.957929 0.244448 -0.150387 0.042292 -0.281833 0.900213 -0.331943 0.015529 0.054238 0.360362 0.931234 0.000000 0.000000 0.000000 0.000000 1.000000
0.956804 0.251783 -0.145367 0.042292 -0.286579 0.901006 -0.325669 0.015529 0.048979 0.353260 0.934242 0.000000 0.000000 0.000000 0.000000 1.000000
0.952180 0.272300 -0.138585 0.042292 -0.303034 0.899590 -0.314496 0.015529 0.039032 0.341452 0.939088 0.000000 0.000000 0.000000 0.000000 1.000000
0.948047 0.291024 -0.128498 0.042292 -0.316869 0.899764 -0.300031 0.015529 0.028302 0.325160 0.945235 0.000000 0.000000 0.000000 0.000000 1.000000
0.949204 0.293506 -0.113430 0.042292 -0.314035 0.906366 -0.282634 0.015529 0.019854 0.303899 0.952497 0.000000 0.000000 0.000000 0.000000 1.000000
0.957228 0.275081 -0.089690 0.042292 -0.289074 0.922401 -0.256149 0.015529 0.012268 0.271120 0.962467 0.000000 0.000000 0.000000 0.000000 1.000000
0.966525 0.248375 -0.064336 0.042292 -0.256533 0.939871 -0.225464 0.015529 0.004468 0.234421 0.972125 0.000000 0.000000 0.000000 0.000000 1.000000
0.971943 0.230449 -0.047118 0.042292 -0.235207 0.950346 -0.203764 0.015529 -0.002179 0.209129 0.977886 0.000000 0.000000 0.000000 0.000000 1.000000
0.971273 0.234113 -0.042662 0.042292 -0.237875 0.950152 -0.201563 0.015529 -0.006653 0.205920 0.978546 0.000000 0.000000 0.000000 0.000000 1.000000
0.966073 0.253958 -0.046990 0.042292 -0.258071 0.942108 -0.214083 0.015529 -0.010099 0.218946 0.975685 0.000000 0.000000 0.000000 0.000000 1.000000
0.957554 0.282378 -0.057911 0.042292 -0.287984 0.928428 -0.234707 0.015529 -0.012510 0.241422 0.970340 0.000000 0.000000 0.000000 0.000000 1.000000
0.947120 0.312410 -0.073235 0.042292 -0.320587 0.911557 -0.257466 0.015529 -0.013677 0.267329 0.963508 0.000000 0.000000 0.000000 0.000000 1.000000
0.937011 0.337599 -0.089651 0.042292 -0.349046 0.895190 -0.277132 0.015529 -0.013305 0.290968 0.956640 0.000000 0.000000 0.000000 0.000000 1.000000
0.930265 0.352168 -0.102883 0.042292 -0.366725 0.884171 -0.289403 0.015529 -0.010953 0.306951 0.951662 0.000000 0.000000 0.000000 0.000000 1.000000
0.929675 0.351578 -0.109990 0.042292 -0.368341 0.882769 -0.291624 0.015529 -0.005432 0.311629 0.950188 0.000000 0.000000 0.000000 0.000000 1.000000
0.934435 0.337334 -0.114176 0.042292 -0.356098 0.889490 -0.286360 0.015529 0.004959 0.308242 0.951295 0.000000 0.000000 0.000000 0.000000 1.000000
0.942108 0.314214 -0.117055 0.042292 -0.334793 0.900844 -0.276394 0.015529 0.018602 0.299583 0.953889 0.000000 0.000000 0.000000 0.000000 1.000000
0.950422 0.287072 -0.119534 0.042292 -0.309169 0.913581 -0.264166 0.015529 0.033370 0.288026 0.957041 0.000000 0.000000 0.000000 0.000000 1.000000
0.957603 0.261009 -0.121945 0.042292 -0.284235 0.924993 -0.252187 0.015529 0.046975 0.276156 0.959964 0.000000 0.000000 0.000000 0.000000 1.000000
0.962488 0.241359 -0.123945 0.042292 -0.265273 0.933035 -0.243056 0.015529 0.056981 0.266818 0.962061 0.000000 0.000000 0.000000 0.000000 1.000000
0.964303 0.233556 -0.124783 0.042292 -0.257703 0.936096 -0.239404 0.015529 0.060894 0.263014 0.962868 0.000000 0.000000 0.000000 0.000000 1.000000</float_array>
        <technique_common>
          <accessor source="#mixamorig_RightHandThumb1-Matrix-animation-output-transform-array" count="32" stride="16">
            <param type="float4x4"/>
          </accessor>
        </technique_common>
      </source>
      <source id="mixamorig_RightHandThumb1-Interpolations">
        <Name_array id="mixamorig_RightHandThumb1-Interpolations-array" count="32">
 LINEAR LINEAR LINEAR LINEAR LINEAR LINEAR LINEAR LINEAR LINEAR LINEAR LINEAR
LINEAR LINEAR LINEAR LINEAR LINEAR LINEAR LINEAR LINEAR LINEAR LINEAR LINEAR LINEAR
LINEAR LINEAR LINEAR LINEAR LINEAR LINEAR LINEAR LINEAR LINEAR</Name_array>
        <technique_common>
          <accessor source="#mixamorig_RightHandThumb1-Interpolations-array" count="32">
            <param type="name"/>
          </accessor>
        </technique_common>
      </source>
      <sampler id="mixamorig_RightHandThumb1-Matrix-animation-transform">
        <input semantic="INPUT" source="#mixamorig_RightHandThumb1-Matrix-animation-input"/>
        <input semantic="OUTPUT" source="#mixamorig_RightHandThumb1-Matrix-animation-output-transform"/>
        <input semantic="INTERPOLATION" source="#mixamorig_RightHandThumb1-Interpolations"/>
      </sampler>
      <channel source="#mixamorig_RightHandThumb1-Matrix-animation-transform" target="mixamorig_RightHandThumb1/matrix"/>
    </animation>
    <animation id="mixamorig_RightHandThumb2-anim" name="mixamorig_RightHandThumb2">
      <source id="mixamorig_RightHandThumb2-Matrix-animation-input">
        <float_array id="mixamorig_RightHandThumb2-Matrix-animation-input-array" count="32">

0.000000 0.033333 0.066667 0.100000 0.133333 0.166667 0.200000 0.233333 0.266667 0.300000 0.333333 0.366667 0.400000 0.433333 0.466667 0.500000
0.533333 0.566667 0.600000 0.633333 0.666667 0.700000 0.733333 0.766667 0.800000 0.833333 0.866667 0.900000 0.933333 0.966667 1.000000 1.033333</float_array>
        <technique_common>
          <accessor source="#mixamorig_RightHandThumb2-Matrix-animation-input-array" count="32">
            <param name="TIME" type="float"/>
          </accessor>
        </technique_common>
      </source>
      <source id="mixamorig_RightHandThumb2-Matrix-animation-output-transform">
        <float_array id="mixamorig_RightHandThumb2-Matrix-animation-output-transform-array" count="512">

0.889817 0.128502 -0.437850 0.008410 -0.230297 0.954828 -0.187792 0.035047 0.393940 0.267936 0.879217 -0.000000 0.000000 0.000000 0.000000 1.000000
0.896268 0.133099 -0.423070 0.008410 -0.228890 0.955870 -0.184181 0.035047 0.379886 0.261912 0.887180 -0.000000 0.000000 0.000000 0.000000 1.000000
0.897062 0.142980 -0.418134 0.008410 -0.233157 0.956928 -0.172994 0.035047 0.375389 0.252677 0.891761 -0.000000 0.000000 0.000000 0.000000 1.000000
0.899441 0.148109 -0.411181 0.008410 -0.234429 0.957524 -0.167899 0.035047 0.368849 0.247408 0.895958 -0.000000 0.000000 0.000000 0.000000 1.000000
0.907912 0.145637 -0.393047 0.008410 -0.228740 0.957913 -0.173435 0.035047 0.351247 0.247370 0.903014 -0.000000 0.000000 0.000000 0.000000 1.000000
0.916667 0.142404 -0.373420 0.008410 -0.222216 0.958224 -0.180073 0.035047 0.332178 0.248046 0.910017 -0.000000 0.000000 0.000000 0.000000 1.000000
0.913952 0.155163 -0.374989 0.008410 -0.230349 0.959091 -0.164570 0.035047 0.334113 0.236787 0.912305 -0.000000 0.000000 0.000000 0.000000 1.000000
0.893097 0.192179 -0.406750 0.008410 -0.258517 0.959206 -0.114421 0.035047 0.368168 0.207341 0.906346 -0.000000 0.000000 0.000000 0.000000 1.000000
0.876387 0.212488 -0.432198 0.008410 -0.273983 0.958009 -0.084567 0.035047 0.396080 0.192528 0.897805 -0.000000 0.000000 0.000000 0.000000 1.000000
0.882225 0.198852 -0.426776 0.008410 -0.265660 0.958600 -0.102519 0.035047 0.388721 0.203823 0.898528 -0.000000 0.000000 0.000000 0.000000 1.000000
0.885167 0.193783 -0.422999 0.008410 -0.262315 0.958725 -0.109712 0.035047 0.384279 0.208072 0.899464 -0.000000 0.000000 0.000000 0.000000 1.000000
0.875963 0.193107 -0.442039 0.008410 -0.265672 0.957999 -0.107960 0.035047 0.402626 0.212006 0.890475 -0.000000 0.000000 0.000000 0.000000 1.000000
0.870640 0.183767 -0.456308 0.008410 -0.263992 0.957256 -0.118188 0.035047 0.415084 0.223361 0.881938 -0.000000 0.000000 0.000000 0.000000 1.000000
0.870442 0.171817 -0.461314 0.008410 -0.259141 0.956687 -0.132649 0.035047 0.418542 0.235008 0.877265 -0.000000 0.000000 0.000000 0.000000 1.000000
0.873425 0.158699 -0.460372 0.008410 -0.252177 0.956169 -0.148823 0.035047 0.416576 0.246081 0.875162 -0.000000 0.000000 0.000000 0.000000 1.000000
0.882920 0.142145 -0.447489 0.008410 -0.240366 0.955551 -0.170724 0.035047 0.403331 0.258297 0.877842 -0.000000 0.000000 0.000000 0.000000 1.000000
0.899913 0.117610 -0.419911 0.008410 -0.219753 0.954043 -0.203741 0.035047 0.376651 0.275626 0.884401 -0.000000 0.000000 0.000000 0.000000 1.000000
0.907491 0.101259 -0.407684 0.008410 -0.206846 0.952415 -0.223875 0.035047 0.365615 0.287492 0.885254 -0.000000 0.000000 0.000000 0.000000 1.000000
0.901105 0.098443 -0.422279 0.008410 -0.209302 0.951667 -0.224775 0.035047 0.379741 0.290929 0.878156 -0.000000 0.000000 0.000000 0.000000 1.000000
0.895961 0.097110 -0.433386 0.008410 -0.211877 0.951063 -0.224918 0.035047 0.390336 0.293342 0.872690 -0.000000 0.000000 0.000000 0.000000 1.000000
0.891889 0.097101 -0.441707 0.008410 -0.214491 0.950667 -0.224110 0.035047 0.398155 0.294623 0.868717 -0.000000 0.000000 0.000000 0.000000 1.000000
0.890977 0.091392 -0.444755 0.008410 -0.212560 0.949523 -0.230706 0.035047 0.401220 0.300091 0.865429 -0.000000 0.000000 0.000000 0.000000 1.000000
0.892984 0.083108 -0.442350 0.008410 -0.207582 0.948084 -0.240927 0.035047 0.399362 0.306967 0.863876 -0.000000 0.000000 0.000000 0.000000 1.000000
0.892638 0.078667 -0.443857 0.008410 -0.205829 0.947144 -0.246076 0.035047 0.401038 0.311016 0.861648 -0.000000 0.000000 0.000000 0.000000 1.000000
0.877459 0.092380 -0.470672 0.008410 -0.221565 0.948377 -0.226916 0.035047 0.425412 0.303394 0.852630 -0.000000 0.000000 0.000000 0.000000 1.000000
0.875401 0.097963 -0.473368 0.008410 -0.225480 0.948944 -0.220598 0.035047 0.427589 0.299846 0.852795 -0.000000 0.000000 0.000000 0.000000 1.000000
0.894746 0.084531 -0.438502 0.008410 -0.207386 0.948271 -0.240362 0.035047 0.395500 0.306002 0.865992 -0.000000 0.000000 0.000000 0.000000 1.000000
0.903705 0.075039 -0.421529 0.008410 -0.196432 0.947458 -0.252463 0.035047 0.380437 0.310954 0.870962 -0.000000 0.000000 0.000000 0.000000 1.000000
0.901116 0.076292 -0.426814 0.008410 -0.198642 0.947652 -0.249993 0.035047 0.385399 0.310056 0.869099 -0.000000 0.000000 0.000000 0.000000 1.000000
0.893112 0.094733 -0.439746 0.008410 -0.212875 0.950190 -0.227647 0.035047 0.396277 0.296925 0.868792 -0.000000 0.000000 0.000000 0.000000 1.000000
0.888776 0.112355 -0.444358 0.008410 -0.223613 0.952573 -0.206400 0.035047 0.400094 0.282808 0.871748 -0.000000 0.000000 0.000000 0.000000 1.000000
0.889817 0.128502 -0.437849 0.008410 -0.230297 0.954828 -0.187793 0.035047 0.393939 0.267937 0.879217 -0.000000 0.000000 0.000000 0.000000 1.000000</float_array>
        <technique_common>
          <accessor source="#mixamorig_RightHandThumb2-Matrix-animation-output-transform-array" count="32" stride="16">
            <param type="float4x4"/>
          </accessor>
        </technique_common>
      </source>
      <source id="mixamorig_RightHandThumb2-Interpolations">
        <Name_array id="mixamorig_RightHandThumb2-Interpolations-array" count="32">
 LINEAR LINEAR LINEAR LINEAR LINEAR LINEAR LINEAR LINEAR LINEAR LINEAR LINEAR
LINEAR LINEAR LINEAR LINEAR LINEAR LINEAR LINEAR LINEAR LINEAR LINEAR LINEAR LINEAR
LINEAR LINEAR LINEAR LINEAR LINEAR LINEAR LINEAR LINEAR LINEAR</Name_array>
        <technique_common>
          <accessor source="#mixamorig_RightHandThumb2-Interpolations-array" count="32">
            <param type="name"/>
          </accessor>
        </technique_common>
      </source>
      <sampler id="mixamorig_RightHandThumb2-Matrix-animation-transform">
        <input semantic="INPUT" source="#mixamorig_RightHandThumb2-Matrix-animation-input"/>
        <input semantic="OUTPUT" source="#mixamorig_RightHandThumb2-Matrix-animation-output-transform"/>
        <input semantic="INTERPOLATION" source="#mixamorig_RightHandThumb2-Interpolations"/>
      </sampler>
      <channel source="#mixamorig_RightHandThumb2-Matrix-animation-transform" target="mixamorig_RightHandThumb2/matrix"/>
    </animation>
    <animation id="mixamorig_RightHandThumb3-anim" name="mixamorig_RightHandThumb3">
      <source id="mixamorig_RightHandThumb3-Matrix-animation-input">
        <float_array id="mixamorig_RightHandThumb3-Matrix-animation-input-array" count="32">

0.000000 0.033333 0.066667 0.100000 0.133333 0.166667 0.200000 0.233333 0.266667 0.300000 0.333333 0.366667 0.400000 0.433333 0.466667 0.500000
0.533333 0.566667 0.600000 0.633333 0.666667 0.700000 0.733333 0.766667 0.800000 0.833333 0.866667 0.900000 0.933333 0.966667 1.000000 1.033333</float_array>
        <technique_common>
          <accessor source="#mixamorig_RightHandThumb3-Matrix-animation-input-array" count="32">
            <param name="TIME" type="float"/>
          </accessor>
        </technique_common>
      </source>
      <source id="mixamorig_RightHandThumb3-Matrix-animation-output-transform">
        <float_array id="mixamorig_RightHandThumb3-Matrix-animation-output-transform-array" count="512">

0.997013 0.070807 0.030862 -0.003419 -0.070915 0.997479 0.002428 0.043221 -0.030612 -0.004610 0.999521 0.000000 0.000000 0.000000 0.000000 1.000000
0.997013 0.070806 0.030862 -0.003419 -0.070915 0.997479 0.002428 0.043221 -0.030612 -0.004609 0.999521 0.000000 0.000000 0.000000 0.000000 1.000000
0.997013 0.070807 0.030862 -0.003419 -0.070915 0.997479 0.002428 0.043221 -0.030612 -0.004609 0.999521 0.000000 0.000000 0.000000 0.000000 1.000000
0.997013 0.070807 0.030862 -0.003419 -0.070915 0.997479 0.002428 0.043221 -0.030612 -0.004610 0.999521 0.000000 0.000000 0.000000 0.000000 1.000000
0.997013 0.070807 0.030862 -0.003419 -0.070915 0.997479 0.002428 0.043221 -0.030612 -0.004610 0.999521 0.000000 0.000000 0.000000 0.000000 1.000000
0.997013 0.070806 0.030862 -0.003419 -0.070915 0.997479 0.002428 0.043221 -0.030612 -0.004609 0.999521 0.000000 0.000000 0.000000 0.000000 1.000000
0.997013 0.070807 0.030862 -0.003419 -0.070915 0.997479 0.002428 0.043221 -0.030612 -0.004610 0.999521 0.000000 0.000000 0.000000 0.000000 1.000000
0.997013 0.070807 0.030862 -0.003419 -0.070915 0.997479 0.002428 0.043221 -0.030612 -0.004609 0.999521 0.000000 0.000000 0.000000 0.000000 1.000000
0.997013 0.070807 0.030862 -0.003419 -0.070915 0.997479 0.002428 0.043221 -0.030612 -0.004609 0.999521 0.000000 0.000000 0.000000 0.000000 1.000000
0.997013 0.070807 0.030862 -0.003419 -0.070915 0.997479 0.002428 0.043221 -0.030612 -0.004610 0.999521 0.000000 0.000000 0.000000 0.000000 1.000000
0.997013 0.070807 0.030862 -0.003419 -0.070915 0.997479 0.002428 0.043221 -0.030612 -0.004610 0.999521 0.000000 0.000000 0.000000 0.000000 1.000000
0.997013 0.070807 0.030862 -0.003419 -0.070915 0.997479 0.002428 0.043221 -0.030612 -0.004609 0.999521 0.000000 0.000000 0.000000 0.000000 1.000000
0.997013 0.070807 0.030862 -0.003419 -0.070915 0.997479 0.002428 0.043221 -0.030612 -0.004609 0.999521 0.000000 0.000000 0.000000 0.000000 1.000000
0.997013 0.070807 0.030862 -0.003419 -0.070915 0.997479 0.002429 0.043221 -0.030612 -0.004610 0.999521 0.000000 0.000000 0.000000 0.000000 1.000000
0.997013 0.070806 0.030862 -0.003419 -0.070915 0.997479 0.002428 0.043221 -0.030612 -0.004610 0.999521 0.000000 0.000000 0.000000 0.000000 1.000000
0.997013 0.070807 0.030862 -0.003419 -0.070915 0.997479 0.002428 0.043221 -0.030612 -0.004610 0.999521 0.000000 0.000000 0.000000 0.000000 1.000000
0.997013 0.070806 0.030862 -0.003419 -0.070915 0.997479 0.002428 0.043221 -0.030612 -0.004610 0.999521 0.000000 0.000000 0.000000 0.000000 1.000000
0.997013 0.070806 0.030862 -0.003419 -0.070915 0.997479 0.002428 0.043221 -0.030612 -0.004610 0.999521 0.000000 0.000000 0.000000 0.000000 1.000000
0.997013 0.070807 0.030862 -0.003419 -0.070915 0.997479 0.002428 0.043221 -0.030612 -0.004610 0.999521 0.000000 0.000000 0.000000 0.000000 1.000000
0.997013 0.070806 0.030862 -0.003419 -0.070915 0.997479 0.002428 0.043221 -0.030612 -0.004610 0.999521 0.000000 0.000000 0.000000 0.000000 1.000000
0.997013 0.070807 0.030862 -0.003419 -0.070915 0.997479 0.002428 0.043221 -0.030612 -0.004610 0.999521 0.000000 0.000000 0.000000 0.000000 1.000000
0.997013 0.070807 0.030862 -0.003419 -0.070915 0.997479 0.002428 0.043221 -0.030612 -0.004610 0.999521 0.000000 0.000000 0.000000 0.000000 1.000000
0.997013 0.070807 0.030862 -0.003419 -0.070915 0.997479 0.002428 0.043221 -0.030612 -0.004610 0.999521 0.000000 0.000000 0.000000 0.000000 1.000000
0.997013 0.070806 0.030862 -0.003419 -0.070915 0.997479 0.002428 0.043221 -0.030612 -0.004610 0.999521 0.000000 0.000000 0.000000 0.000000 1.000000
0.997013 0.070806 0.030862 -0.003419 -0.070915 0.997479 0.002428 0.043221 -0.030612 -0.004610 0.999521 0.000000 0.000000 0.000000 0.000000 1.000000
0.997013 0.070807 0.030862 -0.003419 -0.070915 0.997479 0.002428 0.043221 -0.030612 -0.004610 0.999521 0.000000 0.000000 0.000000 0.000000 1.000000
0.997013 0.070807 0.030862 -0.003419 -0.070915 0.997479 0.002428 0.043221 -0.030612 -0.004610 0.999521 0.000000 0.000000 0.000000 0.000000 1.000000
0.997013 0.070807 0.030862 -0.003419 -0.070915 0.997479 0.002428 0.043221 -0.030612 -0.004610 0.999521 0.000000 0.000000 0.000000 0.000000 1.000000
0.997013 0.070807 0.030862 -0.003419 -0.070915 0.997479 0.002428 0.043221 -0.030612 -0.004610 0.999521 0.000000 0.000000 0.000000 0.000000 1.000000
0.997013 0.070807 0.030862 -0.003419 -0.070915 0.997479 0.002428 0.043221 -0.030612 -0.004609 0.999521 0.000000 0.000000 0.000000 0.000000 1.000000
0.997013 0.070806 0.030862 -0.003419 -0.070915 0.997479 0.002428 0.043221 -0.030612 -0.004610 0.999521 0.000000 0.000000 0.000000 0.000000 1.000000
0.997013 0.070806 0.030862 -0.003419 -0.070914 0.997479 0.002428 0.043221 -0.030612 -0.004610 0.999521 0.000000 0.000000 0.000000 0.000000 1.000000</float_array>
        <technique_common>
          <accessor source="#mixamorig_RightHandThumb3-Matrix-animation-output-transform-array" count="32" stride="16">
            <param type="float4x4"/>
          </accessor>
        </technique_common>
      </source>
      <source id="mixamorig_RightHandThumb3-Interpolations">
        <Name_array id="mixamorig_RightHandThumb3-Interpolations-array" count="32">
 LINEAR LINEAR LINEAR LINEAR LINEAR LINEAR LINEAR LINEAR LINEAR LINEAR LINEAR
LINEAR LINEAR LINEAR LINEAR LINEAR LINEAR LINEAR LINEAR LINEAR LINEAR LINEAR LINEAR
LINEAR LINEAR LINEAR LINEAR LINEAR LINEAR LINEAR LINEAR LINEAR</Name_array>
        <technique_common>
          <accessor source="#mixamorig_RightHandThumb3-Interpolations-array" count="32">
            <param type="name"/>
          </accessor>
        </technique_common>
      </source>
      <sampler id="mixamorig_RightHandThumb3-Matrix-animation-transform">
        <input semantic="INPUT" source="#mixamorig_RightHandThumb3-Matrix-animation-input"/>
        <input semantic="OUTPUT" source="#mixamorig_RightHandThumb3-Matrix-animation-output-transform"/>
        <input semantic="INTERPOLATION" source="#mixamorig_RightHandThumb3-Interpolations"/>
      </sampler>
      <channel source="#mixamorig_RightHandThumb3-Matrix-animation-transform" target="mixamorig_RightHandThumb3/matrix"/>
    </animation>
    <animation id="mixamorig_RightHandIndex1-anim" name="mixamorig_RightHandIndex1">
      <source id="mixamorig_RightHandIndex1-Matrix-animation-input">
        <float_array id="mixamorig_RightHandIndex1-Matrix-animation-input-array" count="32">

0.000000 0.033333 0.066667 0.100000 0.133333 0.166667 0.200000 0.233333 0.266667 0.300000 0.333333 0.366667 0.400000 0.433333 0.466667 0.500000
0.533333 0.566667 0.600000 0.633333 0.666667 0.700000 0.733333 0.766667 0.800000 0.833333 0.866667 0.900000 0.933333 0.966667 1.000000 1.033333</float_array>
        <technique_common>
          <accessor source="#mixamorig_RightHandIndex1-Matrix-animation-input-array" count="32">
            <param name="TIME" type="float"/>
          </accessor>
        </technique_common>
      </source>
      <source id="mixamorig_RightHandIndex1-Matrix-animation-output-transform">
        <float_array id="mixamorig_RightHandIndex1-Matrix-animation-output-transform-array" count="512">

0.982862 0.184327 -0.002300 0.000000 -0.143185 0.755509 -0.639300 0.041711 -0.116103 0.628673 0.768954 0.000727 0.000000 0.000000 0.000000 1.000000
0.981239 0.192683 -0.006621 0.000000 -0.148677 0.734381 -0.662253 0.041711 -0.122743 0.650813 0.749251 0.000727 0.000000 0.000000 0.000000 1.000000
0.979892 0.199268 -0.010211 0.000000 -0.153132 0.718241 -0.678735 0.041711 -0.127916 0.666650 0.734313 0.000727 0.000000 0.000000 0.000000 1.000000
0.978706 0.204785 -0.014047 0.000000 -0.156619 0.700775 -0.695977 0.041711 -0.132682 0.683357 0.717927 0.000727 0.000000 0.000000 0.000000 1.000000
0.977417 0.210484 -0.018747 0.000000 -0.159835 0.678345 -0.717148 0.041711 -0.138231 0.703949 0.696669 0.000727 0.000000 0.000000 0.000000 1.000000
0.976010 0.216445 -0.023569 0.000000 -0.163188 0.655574 -0.737287 0.041711 -0.144131 0.723446 0.675168 0.000727 0.000000 0.000000 0.000000 1.000000
0.974649 0.222099 -0.027028 0.000000 -0.166915 0.641348 -0.748874 0.041711 -0.148990 0.734401 0.662161 0.000727 0.000000 0.000000 0.000000 1.000000
0.973750 0.225878 -0.028101 0.000000 -0.170276 0.640934 -0.748471 0.041711 -0.151052 0.733609 0.662572 0.000727 0.000000 0.000000 0.000000 1.000000
0.973622 0.226365 -0.028629 0.000000 -0.170991 0.640797 -0.748426 0.041711 -0.151072 0.733579 0.662600 0.000727 0.000000 0.000000 0.000000 1.000000
0.973334 0.227345 -0.030583 0.000000 -0.171130 0.630853 -0.756795 0.041711 -0.152760 0.741848 0.652936 0.000727 0.000000 0.000000 0.000000 1.000000
0.972977 0.228695 -0.031846 0.000000 -0.171934 0.625513 -0.761033 0.041711 -0.154124 0.745943 0.647931 0.000727 0.000000 0.000000 0.000000 1.000000
0.972428 0.230860 -0.032968 0.000000 -0.173846 0.623408 -0.762325 0.041711 -0.155438 0.747038 0.646354 0.000727 0.000000 0.000000 0.000000 1.000000
0.970631 0.237695 -0.037115 0.000000 -0.178504 0.608147 -0.773494 0.041711 -0.161284 0.757402 0.632716 0.000727 0.000000 0.000000 0.000000 1.000000
0.968583 0.245141 -0.041860 0.000000 -0.183497 0.590871 -0.785621 0.041711 -0.167854 0.768620 0.617291 0.000727 0.000000 0.000000 0.000000 1.000000
0.967214 0.249949 -0.044970 0.000000 -0.186602 0.579333 -0.793444 0.041711 -0.172268 0.775822 0.606980 0.000727 0.000000 0.000000 0.000000 1.000000
0.966603 0.252022 -0.046504 0.000000 -0.187637 0.572368 -0.798240 0.041711 -0.174557 0.780307 0.600542 0.000727 0.000000 0.000000 0.000000 1.000000
0.967298 0.249696 -0.044564 0.000000 -0.185899 0.578395 -0.794293 0.041711 -0.172556 0.776602 0.605899 0.000727 0.000000 0.000000 0.000000 1.000000
0.970263 0.239325 -0.036241 0.000000 -0.179718 0.611976 -0.770187 0.041711 -0.162146 0.753797 0.636788 0.000727 0.000000 0.000000 0.000000 1.000000
0.976348 0.215244 -0.020363 0.000000 -0.164269 0.677282 -0.717151 0.041711 -0.140571 0.703534 0.696620 0.000727 0.000000 0.000000 0.000000 1.000000
0.985448 0.169944 0.003259 0.000000 -0.132703 0.781198 -0.610016 0.041711 -0.106214 0.600707 0.792383 0.000727 0.000000 0.000000 0.000000 1.000000
0.989120 0.146599 0.012267 0.000000 -0.115534 0.825721 -0.552120 0.041711 -0.091069 0.544695 0.833675 0.000727 0.000000 0.000000 0.000000 1.000000
0.989718 0.142401 0.013449 0.000000 -0.112472 0.832885 -0.541897 0.041711 -0.088368 0.534812 0.840337 0.000727 0.000000 0.000000 0.000000 1.000000
0.988976 0.147622 0.011546 0.000000 -0.116354 0.822990 -0.556012 0.041711 -0.091582 0.548539 0.831094 0.000727 0.000000 0.000000 0.000000 1.000000
0.988386 0.151591 0.010629 0.000000 -0.119609 0.819192 -0.560909 0.041711 -0.093736 0.553123 0.827809 0.000727 0.000000 0.000000 0.000000 1.000000
0.988224 0.152627 0.010888 0.000000 -0.120804 0.821891 -0.556688 0.041711 -0.093915 0.548817 0.830650 0.000727 0.000000 0.000000 0.000000 1.000000
0.987391 0.158044 0.009042 0.000000 -0.124733 0.811905 -0.570309 0.041711 -0.097475 0.561990 0.821381 0.000727 0.000000 0.000000 0.000000 1.000000
0.986174 0.165630 0.005206 0.000000 -0.129602 0.790479 -0.598620 0.041711 -0.103265 0.589669 0.801016 0.000727 0.000000 0.000000 0.000000 1.000000
0.985405 0.170208 0.002462 0.000000 -0.132539 0.776238 -0.616351 0.041711 -0.106819 0.607029 0.787468 0.000727 0.000000 0.000000 0.000000 1.000000
0.984778 0.173812 0.001208 0.000000 -0.135391 0.771414 -0.621764 0.041711 -0.109002 0.612136 0.783204 0.000727 0.000000 0.000000 0.000000 1.000000
0.983991 0.178219 0.000268 0.000000 -0.138983 0.768299 -0.624820 0.041711 -0.111561 0.614780 0.780769 0.000727 0.000000 0.000000 0.000000 1.000000
0.983229 0.182373 -0.000906 0.000000 -0.142154 0.763269 -0.630248 0.041711 -0.114249 0.619807 0.776393 0.000727 0.000000 0.000000 0.000000 1.000000
0.982862 0.184327 -0.002300 0.000000 -0.143185 0.755509 -0.639300 0.041711 -0.116103 0.628673 0.768954 0.000727 0.000000 0.000000 0.000000 1.000000</float_array>
        <technique_common>
          <accessor source="#mixamorig_RightHandIndex1-Matrix-animation-output-transform-array" count="32" stride="16">
            <param type="float4x4"/>
          </accessor>
        </technique_common>
      </source>
      <source id="mixamorig_RightHandIndex1-Interpolations">
        <Name_array id="mixamorig_RightHandIndex1-Interpolations-array" count="32">
 LINEAR LINEAR LINEAR LINEAR LINEAR LINEAR LINEAR LINEAR LINEAR LINEAR LINEAR
LINEAR LINEAR LINEAR LINEAR LINEAR LINEAR LINEAR LINEAR LINEAR LINEAR LINEAR LINEAR
LINEAR LINEAR LINEAR LINEAR LINEAR LINEAR LINEAR LINEAR LINEAR</Name_array>
        <technique_common>
          <accessor source="#mixamorig_RightHandIndex1-Interpolations-array" count="32">
            <param type="name"/>
          </accessor>
        </technique_common>
      </source>
      <sampler id="mixamorig_RightHandIndex1-Matrix-animation-transform">
        <input semantic="INPUT" source="#mixamorig_RightHandIndex1-Matrix-animation-input"/>
        <input semantic="OUTPUT" source="#mixamorig_RightHandIndex1-Matrix-animation-output-transform"/>
        <input semantic="INTERPOLATION" source="#mixamorig_RightHandIndex1-Interpolations"/>
      </sampler>
      <channel source="#mixamorig_RightHandIndex1-Matrix-animation-transform" target="mixamorig_RightHandIndex1/matrix"/>
    </animation>
    <animation id="mixamorig_RightHandIndex2-anim" name="mixamorig_RightHandIndex2">
      <source id="mixamorig_RightHandIndex2-Matrix-animation-input">
        <float_array id="mixamorig_RightHandIndex2-Matrix-animation-input-array" count="32">

0.000000 0.033333 0.066667 0.100000 0.133333 0.166667 0.200000 0.233333 0.266667 0.300000 0.333333 0.366667 0.400000 0.433333 0.466667 0.500000
0.533333 0.566667 0.600000 0.633333 0.666667 0.700000 0.733333 0.766667 0.800000 0.833333 0.866667 0.900000 0.933333 0.966667 1.000000 1.033333</float_array>
        <technique_common>
          <accessor source="#mixamorig_RightHandIndex2-Matrix-animation-input-array" count="32">
            <param name="TIME" type="float"/>
          </accessor>
        </technique_common>
      </source>
      <source id="mixamorig_RightHandIndex2-Matrix-animation-output-transform">
        <float_array id="mixamorig_RightHandIndex2-Matrix-animation-output-transform-array" count="512">

0.965736 0.242273 -0.093048 -0.002062 -0.187644 0.404150 -0.895239 0.068874 -0.179286 0.882024 0.435763 0.000000 0.000000 0.000000 0.000000 1.000000
0.964171 0.246436 -0.098207 -0.002062 -0.190599 0.386026 -0.902583 0.068874 -0.184519 0.888962 0.419165 0.000000 0.000000 0.000000 0.000000 1.000000
0.962531 0.250683 -0.103404 -0.002062 -0.193513 0.367846 -0.909529 0.068874 -0.189967 0.895459 0.402573 0.000000 0.000000 0.000000 0.000000 1.000000
0.960822 0.254997 -0.108618 -0.002062 -0.196365 0.349699 -0.916052 0.068874 -0.195607 0.901492 0.386071 0.000000 0.000000 0.000000 0.000000 1.000000
0.958840 0.259634 -0.114965 -0.002062 -0.199409 0.327471 -0.923579 0.068874 -0.202145 0.908489 0.365766 0.000000 0.000000 0.000000 0.000000 1.000000
0.956667 0.264601 -0.121550 -0.002062 -0.202376 0.304058 -0.930909 0.068874 -0.209361 0.915169 0.344431 0.000000 0.000000 0.000000 0.000000 1.000000
0.954630 0.269018 -0.127714 -0.002062 -0.204962 0.282427 -0.937137 0.068874 -0.216037 0.920796 0.324751 0.000000 0.000000 0.000000 0.000000 1.000000
0.953392 0.271480 -0.131693 -0.002062 -0.206681 0.269581 -0.940537 0.068874 -0.219835 0.923918 0.313126 0.000000 0.000000 0.000000 0.000000 1.000000
0.952717 0.272681 -0.134073 -0.002062 -0.207812 0.262808 -0.942203 0.068874 -0.221685 0.925515 0.307048 0.000000 0.000000 0.000000 0.000000 1.000000
0.951559 0.274929 -0.137659 -0.002062 -0.209124 0.250500 -0.945260 0.068874 -0.225395 0.928259 0.295859 0.000000 0.000000 0.000000 0.000000 1.000000
0.950707 0.276568 -0.140236 -0.002062 -0.209978 0.241395 -0.947437 0.068874 -0.228179 0.930182 0.287570 0.000000 0.000000 0.000000 0.000000 1.000000
0.950344 0.277366 -0.141116 -0.002062 -0.210148 0.237529 -0.948376 0.068874 -0.229528 0.930939 0.284023 0.000000 0.000000 0.000000 0.000000 1.000000
0.949743 0.278381 -0.143153 -0.002062 -0.211041 0.231674 -0.949626 0.068874 -0.231193 0.932111 0.278780 0.000000 0.000000 0.000000 0.000000 1.000000
0.949834 0.278209 -0.142880 -0.002062 -0.211098 0.233211 -0.949237 0.068874 -0.230765 0.931779 0.280241 0.000000 0.000000 0.000000 0.000000 1.000000
0.950207 0.277553 -0.141676 -0.002062 -0.210750 0.237472 -0.948257 0.068874 -0.229547 0.930898 0.284142 0.000000 0.000000 0.000000 0.000000 1.000000
0.951000 0.276088 -0.139194 -0.002062 -0.209903 0.245936 -0.946286 0.068874 -0.227025 0.929135 0.291836 0.000000 0.000000 0.000000 0.000000 1.000000
0.952051 0.274048 -0.136001 -0.002062 -0.208693 0.256681 -0.943696 0.068874 -0.223709 0.926829 0.301565 0.000000 0.000000 0.000000 0.000000 1.000000
0.953757 0.270590 -0.130880 -0.002062 -0.206676 0.274199 -0.939202 0.068874 -0.218251 0.922820 0.317444 0.000000 0.000000 0.000000 0.000000 1.000000
0.956892 0.263872 -0.121365 -0.002062 -0.202730 0.307573 -0.929677 0.068874 -0.207987 0.914205 0.347809 0.000000 0.000000 0.000000 0.000000 1.000000
0.960883 0.254624 -0.108952 -0.002062 -0.196735 0.350641 -0.915612 0.068874 -0.194934 0.901231 0.387019 0.000000 0.000000 0.000000 0.000000 1.000000
0.965177 0.243567 -0.095441 -0.002062 -0.189207 0.398022 -0.897652 0.068874 -0.180650 0.884451 0.430246 0.000000 0.000000 0.000000 0.000000 1.000000
0.969274 0.231778 -0.082386 -0.002062 -0.180907 0.444733 -0.877203 0.068874 -0.166676 0.865154 0.472999 0.000000 0.000000 0.000000 0.000000 1.000000
0.972225 0.222406 -0.072899 -0.002062 -0.174116 0.479147 -0.860292 0.068874 -0.156405 0.849090 0.504563 0.000000 0.000000 0.000000 0.000000 1.000000
0.973649 0.217601 -0.068242 -0.002062 -0.170535 0.496052 -0.851381 0.068874 -0.151410 0.840584 0.520089 0.000000 0.000000 0.000000 0.000000 1.000000
0.973671 0.217546 -0.068110 -0.002062 -0.170442 0.496339 -0.851233 0.068874 -0.151376 0.840429 0.520349 0.000000 0.000000 0.000000 0.000000 1.000000
0.973025 0.219776 -0.070146 -0.002062 -0.172012 0.488533 -0.855422 0.068874 -0.153733 0.844413 0.513159 0.000000 0.000000 0.000000 0.000000 1.000000
0.971857 0.223722 -0.073770 -0.002062 -0.174741 0.474623 -0.862669 0.068874 -0.157985 0.851282 0.500359 0.000000 0.000000 0.000000 0.000000 1.000000
0.970069 0.229537 -0.079239 -0.002062 -0.178647 0.453583 -0.873125 0.068874 -0.164473 0.861147 0.481013 0.000000 0.000000 0.000000 0.000000 1.000000
0.968584 0.234077 -0.083980 -0.002062 -0.181891 0.436527 -0.881113 0.068874 -0.169589 0.868707 0.465390 0.000000 0.000000 0.000000 0.000000 1.000000
0.967198 0.238150 -0.088392 -0.002062 -0.184771 0.420763 -0.888154 0.068874 -0.174321 0.875353 0.450965 0.000000 0.000000 0.000000 0.000000 1.000000
0.966171 0.241069 -0.091649 -0.002062 -0.186817 0.409190 -0.893120 0.068874 -0.177801 0.880028 0.440384 0.000000 0.000000 0.000000 0.000000 1.000000
0.965737 0.242267 -0.093050 -0.002062 -0.187643 0.404149 -0.895239 0.068874 -0.179281 0.882026 0.435762 0.000000 0.000000 0.000000 0.000000 1.000000</float_array>
        <technique_common>
          <accessor source="#mixamorig_RightHandIndex2-Matrix-animation-output-transform-array" count="32" stride="16">
            <param type="float4x4"/>
          </accessor>
        </technique_common>
      </source>
      <source id="mixamorig_RightHandIndex2-Interpolations">
        <Name_array id="mixamorig_RightHandIndex2-Interpolations-array" count="32">
 LINEAR LINEAR LINEAR LINEAR LINEAR LINEAR LINEAR LINEAR LINEAR LINEAR LINEAR
LINEAR LINEAR LINEAR LINEAR LINEAR LINEAR LINEAR LINEAR LINEAR LINEAR LINEAR LINEAR
LINEAR LINEAR LINEAR LINEAR LINEAR LINEAR LINEAR LINEAR LINEAR</Name_array>
        <technique_common>
          <accessor source="#mixamorig_RightHandIndex2-Interpolations-array" count="32">
            <param type="name"/>
          </accessor>
        </technique_common>
      </source>
      <sampler id="mixamorig_RightHandIndex2-Matrix-animation-transform">
        <input semantic="INPUT" source="#mixamorig_RightHandIndex2-Matrix-animation-input"/>
        <input semantic="OUTPUT" source="#mixamorig_RightHandIndex2-Matrix-animation-output-transform"/>
        <input semantic="INTERPOLATION" source="#mixamorig_RightHandIndex2-Interpolations"/>
      </sampler>
      <channel source="#mixamorig_RightHandIndex2-Matrix-animation-transform" target="mixamorig_RightHandIndex2/matrix"/>
    </animation>
    <animation id="mixamorig_RightHandIndex3-anim" name="mixamorig_RightHandIndex3">
      <source id="mixamorig_RightHandIndex3-Matrix-animation-input">
        <float_array id="mixamorig_RightHandIndex3-Matrix-animation-input-array" count="32">

0.000000 0.033333 0.066667 0.100000 0.133333 0.166667 0.200000 0.233333 0.266667 0.300000 0.333333 0.366667 0.400000 0.433333 0.466667 0.500000
0.533333 0.566667 0.600000 0.633333 0.666667 0.700000 0.733333 0.766667 0.800000 0.833333 0.866667 0.900000 0.933333 0.966667 1.000000 1.033333</float_array>
        <technique_common>
          <accessor source="#mixamorig_RightHandIndex3-Matrix-animation-input-array" count="32">
            <param name="TIME" type="float"/>
          </accessor>
        </technique_common>
      </source>
      <source id="mixamorig_RightHandIndex3-Matrix-animation-output-transform">
        <float_array id="mixamorig_RightHandIndex3-Matrix-animation-output-transform-array" count="512">

0.999602 0.028044 -0.003156 0.001823 -0.028044 0.999607 0.000102 0.055104 0.003158 -0.000014 0.999995 0.000000 0.000000 0.000000 0.000000 1.000000
0.999602 0.028044 -0.003156 0.001823 -0.028044 0.999607 0.000102 0.055104 0.003158 -0.000014 0.999995 0.000000 0.000000 0.000000 0.000000 1.000000
0.999602 0.028044 -0.003156 0.001823 -0.028044 0.999607 0.000103 0.055104 0.003158 -0.000014 0.999995 0.000000 0.000000 0.000000 0.000000 1.000000
0.999602 0.028045 -0.003156 0.001823 -0.028044 0.999607 0.000103 0.055104 0.003158 -0.000014 0.999995 0.000000 0.000000 0.000000 0.000000 1.000000
0.999602 0.028044 -0.003156 0.001823 -0.028044 0.999607 0.000103 0.055104 0.003158 -0.000014 0.999995 0.000000 0.000000 0.000000 0.000000 1.000000
0.999602 0.028044 -0.003156 0.001823 -0.028044 0.999607 0.000103 0.055104 0.003158 -0.000014 0.999995 0.000000 0.000000 0.000000 0.000000 1.000000
0.999602 0.028044 -0.003156 0.001823 -0.028044 0.999607 0.000103 0.055104 0.003158 -0.000014 0.999995 0.000000 0.000000 0.000000 0.000000 1.000000
0.999602 0.028044 -0.003156 0.001823 -0.028044 0.999607 0.000103 0.055104 0.003158 -0.000014 0.999995 0.000000 0.000000 0.000000 0.000000 1.000000
0.999602 0.028044 -0.003156 0.001823 -0.028044 0.999607 0.000103 0.055104 0.003158 -0.000014 0.999995 0.000000 0.000000 0.000000 0.000000 1.000000
0.999602 0.028044 -0.003156 0.001823 -0.028044 0.999607 0.000103 0.055104 0.003158 -0.000014 0.999995 0.000000 0.000000 0.000000 0.000000 1.000000
0.999602 0.028044 -0.003156 0.001823 -0.028044 0.999607 0.000103 0.055104 0.003158 -0.000014 0.999995 0.000000 0.000000 0.000000 0.000000 1.000000
0.999602 0.028044 -0.003156 0.001823 -0.028044 0.999607 0.000103 0.055104 0.003158 -0.000014 0.999995 0.000000 0.000000 0.000000 0.000000 1.000000
0.999602 0.028044 -0.003156 0.001823 -0.028044 0.999607 0.000103 0.055104 0.003158 -0.000014 0.999995 0.000000 0.000000 0.000000 0.000000 1.000000
0.999602 0.028044 -0.003156 0.001823 -0.028044 0.999607 0.000103 0.055104 0.003158 -0.000014 0.999995 0.000000 0.000000 0.000000 0.000000 1.000000
0.999602 0.028044 -0.003156 0.001823 -0.028044 0.999607 0.000103 0.055104 0.003158 -0.000014 0.999995 0.000000 0.000000 0.000000 0.000000 1.000000
0.999602 0.028045 -0.003156 0.001823 -0.028045 0.999607 0.000103 0.055104 0.003158 -0.000014 0.999995 0.000000 0.000000 0.000000 0.000000 1.000000
0.999602 0.028044 -0.003156 0.001823 -0.028044 0.999607 0.000103 0.055104 0.003158 -0.000014 0.999995 0.000000 0.000000 0.000000 0.000000 1.000000
0.999602 0.028044 -0.003156 0.001823 -0.028044 0.999607 0.000103 0.055104 0.003158 -0.000014 0.999995 0.000000 0.000000 0.000000 0.000000 1.000000
0.999602 0.028044 -0.003156 0.001823 -0.028044 0.999607 0.000103 0.055104 0.003158 -0.000014 0.999995 0.000000 0.000000 0.000000 0.000000 1.000000
0.999602 0.028044 -0.003156 0.001823 -0.028044 0.999607 0.000102 0.055104 0.003158 -0.000014 0.999995 0.000000 0.000000 0.000000 0.000000 1.000000
0.999602 0.028044 -0.003156 0.001823 -0.028044 0.999607 0.000102 0.055104 0.003158 -0.000014 0.999995 0.000000 0.000000 0.000000 0.000000 1.000000
0.999602 0.028044 -0.003156 0.001823 -0.028044 0.999607 0.000103 0.055104 0.003158 -0.000014 0.999995 0.000000 0.000000 0.000000 0.000000 1.000000
0.999602 0.028044 -0.003156 0.001823 -0.028044 0.999607 0.000103 0.055104 0.003158 -0.000014 0.999995 0.000000 0.000000 0.000000 0.000000 1.000000
0.999602 0.028044 -0.003156 0.001823 -0.028044 0.999607 0.000103 0.055104 0.003158 -0.000014 0.999995 0.000000 0.000000 0.000000 0.000000 1.000000
0.999602 0.028044 -0.003156 0.001823 -0.028044 0.999607 0.000103 0.055104 0.003158 -0.000014 0.999995 0.000000 0.000000 0.000000 0.000000 1.000000
0.999602 0.028045 -0.003156 0.001823 -0.028044 0.999607 0.000103 0.055104 0.003158 -0.000014 0.999995 0.000000 0.000000 0.000000 0.000000 1.000000
0.999602 0.028044 -0.003156 0.001823 -0.028044 0.999607 0.000103 0.055104 0.003158 -0.000014 0.999995 0.000000 0.000000 0.000000 0.000000 1.000000
0.999602 0.028044 -0.003156 0.001823 -0.028044 0.999607 0.000103 0.055104 0.003158 -0.000014 0.999995 0.000000 0.000000 0.000000 0.000000 1.000000
0.999602 0.028044 -0.003156 0.001823 -0.028044 0.999607 0.000103 0.055104 0.003158 -0.000014 0.999995 0.000000 0.000000 0.000000 0.000000 1.000000
0.999602 0.028044 -0.003156 0.001823 -0.028044 0.999607 0.000103 0.055104 0.003158 -0.000014 0.999995 0.000000 0.000000 0.000000 0.000000 1.000000
0.999602 0.028044 -0.003156 0.001823 -0.028044 0.999607 0.000102 0.055104 0.003158 -0.000014 0.999995 0.000000 0.000000 0.000000 0.000000 1.000000
0.999602 0.028044 -0.003156 0.001823 -0.028044 0.999607 0.000103 0.055104 0.003158 -0.000014 0.999995 0.000000 0.000000 0.000000 0.000000 1.000000</float_array>
        <technique_common>
          <accessor source="#mixamorig_RightHandIndex3-Matrix-animation-output-transform-array" count="32" stride="16">
            <param type="float4x4"/>
          </accessor>
        </technique_common>
      </source>
      <source id="mixamorig_RightHandIndex3-Interpolations">
        <Name_array id="mixamorig_RightHandIndex3-Interpolations-array" count="32">
 LINEAR LINEAR LINEAR LINEAR LINEAR LINEAR LINEAR LINEAR LINEAR LINEAR LINEAR
LINEAR LINEAR LINEAR LINEAR LINEAR LINEAR LINEAR LINEAR LINEAR LINEAR LINEAR LINEAR
LINEAR LINEAR LINEAR LINEAR LINEAR LINEAR LINEAR LINEAR LINEAR</Name_array>
        <technique_common>
          <accessor source="#mixamorig_RightHandIndex3-Interpolations-array" count="32">
            <param type="name"/>
          </accessor>
        </technique_common>
      </source>
      <sampler id="mixamorig_RightHandIndex3-Matrix-animation-transform">
        <input semantic="INPUT" source="#mixamorig_RightHandIndex3-Matrix-animation-input"/>
        <input semantic="OUTPUT" source="#mixamorig_RightHandIndex3-Matrix-animation-output-transform"/>
        <input semantic="INTERPOLATION" source="#mixamorig_RightHandIndex3-Interpolations"/>
      </sampler>
      <channel source="#mixamorig_RightHandIndex3-Matrix-animation-transform" target="mixamorig_RightHandIndex3/matrix"/>
    </animation>
    <animation id="mixamorig_LeftUpLeg-anim" name="mixamorig_LeftUpLeg">
      <source id="mixamorig_LeftUpLeg-Matrix-animation-input">
        <float_array id="mixamorig_LeftUpLeg-Matrix-animation-input-array" count="32">

0.000000 0.033333 0.066667 0.100000 0.133333 0.166667 0.200000 0.233333 0.266667 0.300000 0.333333 0.366667 0.400000 0.433333 0.466667 0.500000
0.533333 0.566667 0.600000 0.633333 0.666667 0.700000 0.733333 0.766667 0.800000 0.833333 0.866667 0.900000 0.933333 0.966667 1.000000 1.033333</float_array>
        <technique_common>
          <accessor source="#mixamorig_LeftUpLeg-Matrix-animation-input-array" count="32">
            <param name="TIME" type="float"/>
          </accessor>
        </technique_common>
      </source>
      <source id="mixamorig_LeftUpLeg-Matrix-animation-output-transform">
        <float_array id="mixamorig_LeftUpLeg-Matrix-animation-output-transform-array" count="512">

-0.991389 0.096205 0.088838 0.088680 -0.044555 -0.885759 0.462002 -0.045111 0.123136 0.454066 0.882418 -0.002285 0.000000 0.000000 0.000000 1.000000
-0.992251 0.087978 0.087734 0.088680 -0.029925 -0.854559 0.518492 -0.045111 0.120590 0.511849 0.850570 -0.002285 0.000000 0.000000 0.000000 1.000000
-0.993991 0.078136 0.076663 0.088680 -0.023055 -0.834072 0.551173 -0.045111 0.107009 0.546094 0.830861 -0.002285 0.000000 0.000000 0.000000 1.000000
-0.995394 0.068380 0.067196 0.088680 -0.017335 -0.817726 0.575346 -0.045111 0.094290 0.571531 0.815145 -0.002285 0.000000 0.000000 0.000000 1.000000
-0.996252 0.058333 0.063871 0.088680 -0.008244 -0.799061 0.601193 -0.045111 0.086106 0.598413 0.796547 -0.002285 0.000000 0.000000 0.000000 1.000000
-0.997455 0.048215 0.052517 0.088680 -0.004131 -0.774484 0.632581 -0.045111 0.071174 0.630754 0.772712 -0.002285 0.000000 0.000000 0.000000 1.000000
-0.998181 0.044909 0.040233 0.088680 -0.006008 -0.738027 0.674745 -0.045111 0.059995 0.673275 0.736954 -0.002285 0.000000 0.000000 0.000000 1.000000
-0.997692 0.047412 0.048615 0.088680 -0.000303 -0.719006 0.695004 -0.045111 0.067906 0.693385 0.717360 -0.002285 0.000000 0.000000 0.000000 1.000000
-0.996537 0.045180 0.069803 0.088680 0.016409 -0.716135 0.697769 -0.045111 0.081514 0.696498 0.712913 -0.002285 0.000000 0.000000 0.000000 1.000000
-0.996060 0.040483 0.078907 0.088680 0.027824 -0.702162 0.711474 -0.045111 0.084208 0.710866 0.698269 -0.002285 0.000000 0.000000 0.000000 1.000000
-0.996407 0.027364 0.080150 0.088680 0.035595 -0.723418 0.689492 -0.045111 0.076849 0.689868 0.719845 -0.002285 0.000000 0.000000 0.000000 1.000000
-0.996555 0.010409 0.082278 0.088680 0.049091 -0.725577 0.686387 -0.045111 0.066844 0.688062 0.722567 -0.002285 0.000000 0.000000 0.000000 1.000000
-0.996119 -0.010289 0.087415 0.088680 0.063439 -0.772366 0.632002 -0.045111 0.061014 0.635095 0.770021 -0.002285 0.000000 0.000000 0.000000 1.000000
-0.995256 -0.023782 0.094344 0.088680 0.070752 -0.842519 0.534000 -0.045111 0.066787 0.538141 0.840204 -0.002285 0.000000 0.000000 0.000000 1.000000
-0.992856 -0.024502 0.116777 0.088680 0.071058 -0.907631 0.413710 -0.045111 0.095853 0.419052 0.902888 -0.002285 0.000000 0.000000 0.000000 1.000000
-0.989761 -0.026846 0.140185 0.088680 0.066095 -0.956709 0.283442 -0.045111 0.126507 0.289806 0.948688 -0.002285 0.000000 0.000000 0.000000 1.000000
-0.988111 -0.030580 0.150670 0.088680 0.057060 -0.982967 0.174702 -0.045111 0.142761 0.181222 0.973025 -0.002285 0.000000 0.000000 0.000000 1.000000
-0.985982 -0.032468 0.163660 0.088680 0.044873 -0.996345 0.072681 -0.045111 0.160702 0.079006 0.983836 -0.002285 0.000000 0.000000 0.000000 1.000000
-0.982998 -0.038985 0.179428 0.088680 0.033283 -0.998844 -0.034683 -0.045111 0.180573 -0.028121 0.983160 -0.002285 0.000000 0.000000 0.000000 1.000000
-0.979356 -0.037267 0.198680 0.088680 0.013865 -0.992929 -0.117898 -0.045111 0.201669 -0.112709 0.972947 -0.002285 0.000000 0.000000 0.000000 1.000000
-0.976954 -0.022200 0.212293 0.088680 -0.010306 -0.988511 -0.150796 -0.045111 0.213202 -0.149509 0.965501 -0.002285 0.000000 0.000000 0.000000 1.000000
-0.978813 -0.006631 0.204651 0.088680 -0.027529 -0.986139 -0.163621 -0.045111 0.202899 -0.165788 0.965063 -0.002285 0.000000 0.000000 0.000000 1.000000
-0.981243 0.000911 0.192772 0.088680 -0.035971 -0.983291 -0.178452 -0.045111 0.189388 -0.182039 0.964880 -0.002285 0.000000 0.000000 0.000000 1.000000
-0.978509 0.011183 0.205899 0.088680 -0.058098 -0.973028 -0.223253 -0.045111 0.197849 -0.230417 0.952766 -0.002285 0.000000 0.000000 0.000000 1.000000
-0.979154 0.029662 0.200944 0.088680 -0.079217 -0.966709 -0.243306 -0.045111 0.187038 -0.254152 0.948907 -0.002285 0.000000 0.000000 0.000000 1.000000
-0.980603 0.070332 0.182950 0.088680 -0.089587 -0.991027 -0.099199 -0.045111 0.174331 -0.113664 0.978105 -0.002285 0.000000 0.000000 0.000000 1.000000
-0.982694 0.096186 0.158305 0.088680 -0.101281 -0.994558 -0.024423 -0.045111 0.155094 -0.040034 0.987088 -0.002285 0.000000 0.000000 0.000000 1.000000
-0.983224 0.112057 0.143920 0.088680 -0.100462 -0.991262 0.085478 -0.045111 0.152241 0.069586 0.985891 -0.002285 0.000000 0.000000 0.000000 1.000000
-0.986443 0.105613 0.125601 0.088680 -0.079053 -0.976545 0.200276 -0.045111 0.143807 0.187631 0.971655 -0.002285 0.000000 0.000000 0.000000 1.000000
-0.990360 0.089473 0.105746 0.088680 -0.054573 -0.953683 0.295821 -0.045111 0.127316 0.287199 0.949372 -0.002285 0.000000 0.000000 0.000000 1.000000
-0.991807 0.088440 0.092180 0.088680 -0.047450 -0.925017 0.376952 -0.045111 0.118605 0.369489 0.921635 -0.002285 0.000000 0.000000 0.000000 1.000000
-0.991389 0.096205 0.088838 0.088680 -0.044555 -0.885759 0.462002 -0.045111 0.123136 0.454066 0.882418 -0.002285 0.000000 0.000000 0.000000 1.000000</float_array>
        <technique_common>
          <accessor source="#mixamorig_LeftUpLeg-Matrix-animation-output-transform-array" count="32" stride="16">
            <param type="float4x4"/>
          </accessor>
        </technique_common>
      </source>
      <source id="mixamorig_LeftUpLeg-Interpolations">
        <Name_array id="mixamorig_LeftUpLeg-Interpolations-array" count="32">
 LINEAR LINEAR LINEAR LINEAR LINEAR LINEAR LINEAR LINEAR LINEAR LINEAR LINEAR
LINEAR LINEAR LINEAR LINEAR LINEAR LINEAR LINEAR LINEAR LINEAR LINEAR LINEAR LINEAR
LINEAR LINEAR LINEAR LINEAR LINEAR LINEAR LINEAR LINEAR LINEAR</Name_array>
        <technique_common>
          <accessor source="#mixamorig_LeftUpLeg-Interpolations-array" count="32">
            <param type="name"/>
          </accessor>
        </technique_common>
      </source>
      <sampler id="mixamorig_LeftUpLeg-Matrix-animation-transform">
        <input semantic="INPUT" source="#mixamorig_LeftUpLeg-Matrix-animation-input"/>
        <input semantic="OUTPUT" source="#mixamorig_LeftUpLeg-Matrix-animation-output-transform"/>
        <input semantic="INTERPOLATION" source="#mixamorig_LeftUpLeg-Interpolations"/>
      </sampler>
      <channel source="#mixamorig_LeftUpLeg-Matrix-animation-transform" target="mixamorig_LeftUpLeg/matrix"/>
    </animation>
    <animation id="mixamorig_LeftLeg-anim" name="mixamorig_LeftLeg">
      <source id="mixamorig_LeftLeg-Matrix-animation-input">
        <float_array id="mixamorig_LeftLeg-Matrix-animation-input-array" count="32">

0.000000 0.033333 0.066667 0.100000 0.133333 0.166667 0.200000 0.233333 0.266667 0.300000 0.333333 0.366667 0.400000 0.433333 0.466667 0.500000
0.533333 0.566667 0.600000 0.633333 0.666667 0.700000 0.733333 0.766667 0.800000 0.833333 0.866667 0.900000 0.933333 0.966667 1.000000 1.033333</float_array>
        <technique_common>
          <accessor source="#mixamorig_LeftLeg-Matrix-animation-input-array" count="32">
            <param name="TIME" type="float"/>
          </accessor>
        </technique_common>
      </source>
      <source id="mixamorig_LeftLeg-Matrix-animation-output-transform">
        <float_array id="mixamorig_LeftLeg-Matrix-animation-output-transform-array" count="512">

0.999264 -0.038357 0.000533 0.000000 0.012600 0.341318 0.939863 0.213413 -0.036232 -0.939165 0.341550 -0.000000 0.000000 0.000000 0.000000 1.000000
0.999180 -0.021352 -0.034410 0.000000 0.040350 0.452820 0.890688 0.213413 -0.003436 -0.891346 0.453310 -0.000000 0.000000 0.000000 0.000000 1.000000
0.997052 -0.011827 -0.075809 0.000000 0.067984 0.594199 0.801440 0.213413 0.035567 -0.804231 0.593252 -0.000000 0.000000 0.000000 0.000000 1.000000
0.995178 -0.011632 -0.097391 0.000000 0.075043 0.729673 0.679666 0.213413 0.063158 -0.683697 0.727028 -0.000000 0.000000 0.000000 0.000000 1.000000
0.995797 -0.024160 -0.088342 0.000000 0.068142 0.839937 0.538389 0.213413 0.061195 -0.542146 0.838053 -0.000000 0.000000 0.000000 0.000000 1.000000
0.996303 -0.044674 -0.073378 0.000000 0.071581 0.903977 0.421547 0.213413 0.047500 -0.425242 0.903833 -0.000000 0.000000 0.000000 0.000000 1.000000
0.996383 -0.062133 -0.057962 0.000000 0.080148 0.913782 0.398220 0.213413 0.028222 -0.401425 0.915457 -0.000000 0.000000 0.000000 0.000000 1.000000
0.997420 -0.067780 -0.023640 0.000000 0.071295 0.896993 0.436257 0.213413 -0.008365 -0.436817 0.899512 -0.000000 0.000000 0.000000 0.000000 1.000000
0.997597 -0.067795 0.014283 0.000000 0.051830 0.867067 0.495488 0.213413 -0.045976 -0.493557 0.868497 -0.000000 0.000000 0.000000 0.000000 1.000000
0.995300 -0.069234 0.067711 0.000000 0.017900 0.818675 0.573977 0.213413 -0.095172 -0.570068 0.816067 -0.000000 0.000000 0.000000 0.000000 1.000000
0.996990 -0.055742 0.053895 0.000000 0.013444 0.808844 0.587869 0.213413 -0.076362 -0.585375 0.807159 -0.000000 0.000000 0.000000 0.000000 1.000000
0.998020 -0.047213 0.041566 0.000000 0.005310 0.721671 0.692216 0.213413 -0.062679 -0.690625 0.720492 -0.000000 0.000000 0.000000 0.000000 1.000000
0.997825 -0.050321 0.042571 0.000000 0.004423 0.695542 0.718472 0.213413 -0.065764 -0.716721 0.694252 -0.000000 0.000000 0.000000 0.000000 1.000000
0.996825 -0.059093 0.053369 0.000000 0.006271 0.726425 0.687217 0.213413 -0.079378 -0.684700 0.724489 -0.000000 0.000000 0.000000 0.000000 1.000000
0.993154 -0.072232 0.091801 0.000000 -0.000365 0.783969 0.620799 0.213413 -0.116810 -0.616583 0.778576 -0.000000 0.000000 0.000000 0.000000 1.000000
0.985911 -0.086955 0.142890 0.000000 -0.001576 0.849387 0.527768 0.213413 -0.167261 -0.520557 0.837284 -0.000000 0.000000 0.000000 0.000000 1.000000
0.977538 -0.093901 0.188684 0.000000 -0.000541 0.894143 0.447782 0.213413 -0.210757 -0.437826 0.874008 -0.000000 0.000000 0.000000 0.000000 1.000000
0.967117 -0.090532 0.237673 0.000000 -0.004482 0.928289 0.371831 0.213413 -0.254292 -0.360670 0.897359 -0.000000 0.000000 0.000000 0.000000 1.000000
0.954114 -0.089706 0.285691 0.000000 -0.000341 0.953746 0.300614 0.213413 -0.299444 -0.286918 0.909951 -0.000000 0.000000 0.000000 0.000000 1.000000
0.941978 -0.084740 0.324802 0.000000 -0.011454 0.958933 0.283402 0.213413 -0.335479 -0.270679 0.902323 -0.000000 0.000000 0.000000 0.000000 1.000000
0.933392 -0.080678 0.349672 0.000000 -0.054139 0.931590 0.359457 0.213413 -0.354751 -0.354445 0.865171 -0.000000 0.000000 0.000000 0.000000 1.000000
0.933187 -0.087061 0.348688 0.000000 -0.093259 0.878320 0.468889 0.213413 -0.347082 -0.470079 0.811517 -0.000000 0.000000 0.000000 0.000000 1.000000
0.937546 -0.115193 0.328236 0.000000 -0.097204 0.819240 0.565153 0.213413 -0.334006 -0.561762 0.756877 -0.000000 0.000000 0.000000 0.000000 1.000000
0.934417 -0.155428 0.320480 0.000000 -0.072005 0.798758 0.597329 0.213413 -0.348828 -0.581230 0.735181 -0.000000 0.000000 0.000000 0.000000 1.000000
0.942692 -0.177746 0.282378 0.000000 -0.044202 0.772311 0.633704 0.213413 -0.330722 -0.609870 0.720195 -0.000000 0.000000 0.000000 0.000000 1.000000
0.965446 -0.171170 0.196508 0.000000 -0.065506 0.570443 0.818721 0.213413 -0.252237 -0.803303 0.539519 -0.000000 0.000000 0.000000 0.000000 1.000000
0.984446 -0.132260 0.115640 0.000000 -0.030622 0.518971 0.854243 0.213413 -0.172996 -0.844498 0.506849 -0.000000 0.000000 0.000000 0.000000 1.000000
0.993161 -0.104911 0.051240 0.000000 -0.001019 0.431062 0.902322 0.213413 -0.116751 -0.896203 0.428007 -0.000000 0.000000 0.000000 0.000000 1.000000
0.994841 -0.091578 0.043644 0.000000 -0.011311 0.327405 0.944816 0.213413 -0.100813 -0.940436 0.324680 -0.000000 0.000000 0.000000 0.000000 1.000000
0.995794 -0.078553 0.047157 0.000000 -0.023221 0.281512 0.959277 0.213413 -0.088629 -0.956337 0.278504 -0.000000 0.000000 0.000000 0.000000 1.000000
0.997996 -0.059139 0.022492 0.000000 -0.004182 0.293063 0.956084 0.213413 -0.063134 -0.954262 0.292229 -0.000000 0.000000 0.000000 0.000000 1.000000
0.999264 -0.038357 0.000533 0.000000 0.012600 0.341320 0.939863 0.213413 -0.036232 -0.939164 0.341552 -0.000000 0.000000 0.000000 0.000000 1.000000</float_array>
        <technique_common>
          <accessor source="#mixamorig_LeftLeg-Matrix-animation-output-transform-array" count="32" stride="16">
            <param type="float4x4"/>
          </accessor>
        </technique_common>
      </source>
      <source id="mixamorig_LeftLeg-Interpolations">
        <Name_array id="mixamorig_LeftLeg-Interpolations-array" count="32">
 LINEAR LINEAR LINEAR LINEAR LINEAR LINEAR LINEAR LINEAR LINEAR LINEAR LINEAR
LINEAR LINEAR LINEAR LINEAR LINEAR LINEAR LINEAR LINEAR LINEAR LINEAR LINEAR LINEAR
LINEAR LINEAR LINEAR LINEAR LINEAR LINEAR LINEAR LINEAR LINEAR</Name_array>
        <technique_common>
          <accessor source="#mixamorig_LeftLeg-Interpolations-array" count="32">
            <param type="name"/>
          </accessor>
        </technique_common>
      </source>
      <sampler id="mixamorig_LeftLeg-Matrix-animation-transform">
        <input semantic="INPUT" source="#mixamorig_LeftLeg-Matrix-animation-input"/>
        <input semantic="OUTPUT" source="#mixamorig_LeftLeg-Matrix-animation-output-transform"/>
        <input semantic="INTERPOLATION" source="#mixamorig_LeftLeg-Interpolations"/>
      </sampler>
      <channel source="#mixamorig_LeftLeg-Matrix-animation-transform" target="mixamorig_LeftLeg/matrix"/>
    </animation>
    <animation id="mixamorig_LeftFoot-anim" name="mixamorig_LeftFoot">
      <source id="mixamorig_LeftFoot-Matrix-animation-input">
        <float_array id="mixamorig_LeftFoot-Matrix-animation-input-array" count="32">

0.000000 0.033333 0.066667 0.100000 0.133333 0.166667 0.200000 0.233333 0.266667 0.300000 0.333333 0.366667 0.400000 0.433333 0.466667 0.500000
0.533333 0.566667 0.600000 0.633333 0.666667 0.700000 0.733333 0.766667 0.800000 0.833333 0.866667 0.900000 0.933333 0.966667 1.000000 1.033333</float_array>
        <technique_common>
          <accessor source="#mixamorig_LeftFoot-Matrix-animation-input-array" count="32">
            <param name="TIME" type="float"/>
          </accessor>
        </technique_common>
      </source>
      <source id="mixamorig_LeftFoot-Matrix-animation-output-transform">
        <float_array id="mixamorig_LeftFoot-Matrix-animation-output-transform-array" count="512">

0.987177 -0.157165 0.027942 0.000000 0.109055 0.536174 -0.837033 0.190680 0.116571 0.829347 0.546438 0.000000 0.000000 0.000000 0.000000 1.000000
0.985366 -0.166195 0.037848 0.000000 0.116923 0.497485 -0.859557 0.190680 0.124025 0.851404 0.509637 0.000000 0.000000 0.000000 0.000000 1.000000
0.982861 -0.176774 0.052302 0.000000 0.130221 0.464931 -0.875718 0.190680 0.130488 0.867520 0.479982 0.000000 0.000000 0.000000 0.000000 1.000000
0.978744 -0.191522 0.073343 0.000000 0.155160 0.457652 -0.875488 0.190680 0.134109 0.868259 0.477641 0.000000 0.000000 0.000000 0.000000 1.000000
0.975891 -0.200781 0.085583 0.000000 0.177105 0.499299 -0.848136 0.190680 0.127558 0.842845 0.522821 0.000000 0.000000 0.000000 0.000000 1.000000
0.979163 -0.190149 0.071298 0.000000 0.164486 0.536709 -0.827579 0.190680 0.119097 0.822063 0.556803 0.000000 0.000000 0.000000 0.000000 1.000000
0.984252 -0.170587 0.046348 0.000000 0.130497 0.524314 -0.841466 0.190680 0.119243 0.834263 0.538318 0.000000 0.000000 0.000000 0.000000 1.000000
0.985563 -0.165519 0.035616 0.000000 0.110457 0.469173 -0.876171 0.190680 0.128313 0.867456 0.480683 0.000000 0.000000 0.000000 0.000000 1.000000
0.982757 -0.178307 0.048948 0.000000 0.129222 0.472970 -0.871551 0.190680 0.132253 0.862848 0.487856 0.000000 0.000000 0.000000 0.000000 1.000000
0.984418 -0.170570 0.042741 0.000000 0.134320 0.572538 -0.808800 0.190680 0.113486 0.801939 0.586528 0.000000 0.000000 0.000000 0.000000 1.000000
0.983562 -0.171945 0.055143 0.000000 0.158933 0.679392 -0.716356 0.190680 0.085710 0.713345 0.695552 0.000000 0.000000 0.000000 0.000000 1.000000
0.980604 -0.184907 0.065003 0.000000 0.162265 0.579859 -0.798394 0.190680 0.109937 0.793456 0.598616 0.000000 0.000000 0.000000 0.000000 1.000000
0.978483 -0.193319 0.072101 0.000000 0.160130 0.491156 -0.856227 0.190680 0.130112 0.849349 0.511544 0.000000 0.000000 0.000000 0.000000 1.000000
0.976932 -0.198708 0.078225 0.000000 0.158558 0.429562 -0.889009 0.190680 0.143051 0.880904 0.451159 0.000000 0.000000 0.000000 0.000000 1.000000
0.975029 -0.204562 0.086447 0.000000 0.162095 0.389464 -0.906666 0.190680 0.151802 0.898038 0.412897 0.000000 0.000000 0.000000 0.000000 1.000000
0.971814 -0.213758 0.099426 0.000000 0.173840 0.364885 -0.914679 0.190680 0.159241 0.906182 0.391760 0.000000 0.000000 0.000000 0.000000 1.000000
0.969819 -0.218491 0.108224 0.000000 0.181449 0.350235 -0.918919 0.190680 0.162871 0.910822 0.379309 0.000000 0.000000 0.000000 0.000000 1.000000
0.969700 -0.219372 0.107507 0.000000 0.178116 0.333679 -0.925707 0.190680 0.167201 0.916807 0.362642 0.000000 0.000000 0.000000 0.000000 1.000000
0.967752 -0.225127 0.113020 0.000000 0.179030 0.299046 -0.937294 0.190680 0.177212 0.927302 0.329707 0.000000 0.000000 0.000000 0.000000 1.000000
0.965324 -0.231740 0.120191 0.000000 0.177572 0.245409 -0.953018 0.190680 0.191357 0.941313 0.278050 0.000000 0.000000 0.000000 0.000000 1.000000
0.960581 -0.240809 0.138908 0.000000 0.183428 0.173545 -0.967593 0.190680 0.208898 0.954931 0.210875 0.000000 0.000000 0.000000 0.000000 1.000000
0.957025 -0.245782 0.153930 0.000000 0.185598 0.111230 -0.976310 0.190680 0.222838 0.962922 0.152066 0.000000 0.000000 0.000000 0.000000 1.000000
0.958996 -0.241445 0.148427 0.000000 0.172888 0.083381 -0.981406 0.190680 0.224579 0.966826 0.121705 0.000000 0.000000 0.000000 0.000000 1.000000
0.965223 -0.229347 0.125481 0.000000 0.149917 0.092365 -0.984375 0.190680 0.214173 0.968952 0.123536 0.000000 0.000000 0.000000 0.000000 1.000000
0.972593 -0.212208 0.095024 0.000000 0.127641 0.145702 -0.981060 0.190680 0.194344 0.966301 0.168795 0.000000 0.000000 0.000000 0.000000 1.000000
0.973047 -0.208662 0.098181 0.000000 0.170206 0.362584 -0.916277 0.190680 0.155593 0.908291 0.388327 0.000000 0.000000 0.000000 0.000000 1.000000
0.974518 -0.200123 0.101322 0.000000 0.204482 0.606895 -0.768027 0.190680 0.092208 0.769175 0.632351 0.000000 0.000000 0.000000 0.000000 1.000000
0.951722 -0.263186 0.157985 0.000000 0.304634 0.746526 -0.591521 0.190680 0.037740 0.611091 0.790660 0.000000 0.000000 0.000000 0.000000 1.000000
0.927568 -0.315446 0.200277 0.000000 0.371971 0.728727 -0.574973 0.190680 0.035426 0.607824 0.793281 0.000000 0.000000 0.000000 0.000000 1.000000
0.931493 -0.304292 0.199317 0.000000 0.356002 0.650035 -0.671354 0.190680 0.074725 0.696319 0.713832 0.000000 0.000000 0.000000 0.000000 1.000000
0.965022 -0.231440 0.123157 0.000000 0.239123 0.584438 -0.775405 0.190680 0.107482 0.777733 0.619338 0.000000 0.000000 0.000000 0.000000 1.000000
0.987177 -0.157165 0.027942 0.000000 0.109055 0.536175 -0.837033 0.190680 0.116571 0.829347 0.546439 0.000000 0.000000 0.000000 0.000000 1.000000</float_array>
        <technique_common>
          <accessor source="#mixamorig_LeftFoot-Matrix-animation-output-transform-array" count="32" stride="16">
            <param type="float4x4"/>
          </accessor>
        </technique_common>
      </source>
      <source id="mixamorig_LeftFoot-Interpolations">
        <Name_array id="mixamorig_LeftFoot-Interpolations-array" count="32">
 LINEAR LINEAR LINEAR LINEAR LINEAR LINEAR LINEAR LINEAR LINEAR LINEAR LINEAR
LINEAR LINEAR LINEAR LINEAR LINEAR LINEAR LINEAR LINEAR LINEAR LINEAR LINEAR LINEAR
LINEAR LINEAR LINEAR LINEAR LINEAR LINEAR LINEAR LINEAR LINEAR</Name_array>
        <technique_common>
          <accessor source="#mixamorig_LeftFoot-Interpolations-array" count="32">
            <param type="name"/>
          </accessor>
        </technique_common>
      </source>
      <sampler id="mixamorig_LeftFoot-Matrix-animation-transform">
        <input semantic="INPUT" source="#mixamorig_LeftFoot-Matrix-animation-input"/>
        <input semantic="OUTPUT" source="#mixamorig_LeftFoot-Matrix-animation-output-transform"/>
        <input semantic="INTERPOLATION" source="#mixamorig_LeftFoot-Interpolations"/>
      </sampler>
      <channel source="#mixamorig_LeftFoot-Matrix-animation-transform" target="mixamorig_LeftFoot/matrix"/>
    </animation>
    <animation id="mixamorig_LeftToeBase-anim" name="mixamorig_LeftToeBase">
      <source id="mixamorig_LeftToeBase-Matrix-animation-input">
        <float_array id="mixamorig_LeftToeBase-Matrix-animation-input-array" count="32">

0.000000 0.033333 0.066667 0.100000 0.133333 0.166667 0.200000 0.233333 0.266667 0.300000 0.333333 0.366667 0.400000 0.433333 0.466667 0.500000
0.533333 0.566667 0.600000 0.633333 0.666667 0.700000 0.733333 0.766667 0.800000 0.833333 0.866667 0.900000 0.933333 0.966667 1.000000 1.033333</float_array>
        <technique_common>
          <accessor source="#mixamorig_LeftToeBase-Matrix-animation-input-array" count="32">
            <param name="TIME" type="float"/>
          </accessor>
        </technique_common>
      </source>
      <source id="mixamorig_LeftToeBase-Matrix-animation-output-transform">
        <float_array id="mixamorig_LeftToeBase-Matrix-animation-output-transform-array" count="512">

0.988442 -0.115704 -0.097949 0.000000 -0.048311 0.372008 -0.926972 0.157516 0.143692 0.920990 0.362118 0.000000 0.000000 0.000000 0.000000 1.000000
0.990800 -0.095239 -0.096147 0.000000 -0.023559 0.578225 -0.815537 0.157516 0.133265 0.810299 0.570662 0.000000 0.000000 0.000000 0.000000 1.000000
0.984434 -0.121799 -0.126705 0.000000 0.004792 0.739260 -0.673403 0.157516 0.175688 0.662314 0.728336 0.000000 0.000000 0.000000 0.000000 1.000000
0.992471 -0.079357 -0.093292 0.000000 -0.003814 0.741306 -0.671156 0.157516 0.122419 0.666459 0.735423 0.000000 0.000000 0.000000 0.000000 1.000000
0.994082 -0.067906 -0.084798 0.000000 -0.007070 0.738470 -0.674249 0.157516 0.108406 0.670858 0.733619 0.000000 0.000000 0.000000 0.000000 1.000000
0.986423 -0.112027 -0.120084 0.000000 0.000247 0.732223 -0.681065 0.157516 0.164226 0.671789 0.722309 0.000000 0.000000 0.000000 0.000000 1.000000
0.977859 -0.147327 -0.148612 0.000000 0.002547 0.718499 -0.695523 0.157516 0.209247 0.679746 0.702966 0.000000 0.000000 0.000000 0.000000 1.000000
0.981873 -0.131124 -0.136862 0.000000 -0.010231 0.684362 -0.729071 0.157516 0.189262 0.717255 0.670615 0.000000 0.000000 0.000000 0.000000 1.000000
0.979477 -0.140031 -0.144967 0.000000 -0.025386 0.627811 -0.777952 0.157516 0.199949 0.765666 0.611372 0.000000 0.000000 0.000000 0.000000 1.000000
0.977810 -0.167370 -0.125997 0.000000 0.015455 0.657424 -0.753362 0.157516 0.208924 0.734698 0.645422 0.000000 0.000000 0.000000 0.000000 1.000000
0.981355 -0.130621 -0.140996 0.000000 0.006534 0.755829 -0.654736 0.157516 0.192091 0.641608 0.742591 0.000000 0.000000 0.000000 0.000000 1.000000
0.983830 -0.113675 -0.138406 0.000000 -0.000243 0.771921 -0.635718 0.157516 0.179103 0.625472 0.759412 0.000000 0.000000 0.000000 0.000000 1.000000
0.982463 -0.114906 -0.146842 0.000000 -0.005431 0.769574 -0.638535 0.157516 0.186377 0.628134 0.755454 0.000000 0.000000 0.000000 0.000000 1.000000
0.981813 -0.116932 -0.149568 0.000000 -0.006690 0.766015 -0.642788 0.157516 0.189733 0.632098 0.751301 0.000000 0.000000 0.000000 0.000000 1.000000
0.981794 -0.117818 -0.148997 0.000000 -0.005860 0.765237 -0.643722 0.157516 0.189860 0.632875 0.750615 0.000000 0.000000 0.000000 0.000000 1.000000
0.981474 -0.120495 -0.148964 0.000000 -0.006215 0.757057 -0.653320 0.157516 0.191496 0.642142 0.742282 0.000000 0.000000 0.000000 0.000000 1.000000
0.980933 -0.124229 -0.149460 0.000000 -0.007537 0.744139 -0.667982 0.157516 0.194202 0.656372 0.729014 0.000000 0.000000 0.000000 0.000000 1.000000
0.981814 -0.122348 -0.145165 0.000000 -0.007773 0.738096 -0.674651 0.157516 0.189687 0.663510 0.723722 0.000000 0.000000 0.000000 0.000000 1.000000
0.980578 -0.126246 -0.150093 0.000000 -0.008289 0.737921 -0.674836 0.157516 0.195952 0.662973 0.722543 0.000000 0.000000 0.000000 0.000000 1.000000
0.980045 -0.130001 -0.150368 0.000000 -0.009343 0.725517 -0.688141 0.157516 0.198554 0.675814 0.709825 0.000000 0.000000 0.000000 0.000000 1.000000
0.978101 -0.143344 -0.150899 0.000000 -0.014223 0.677294 -0.735575 0.157516 0.207643 0.721613 0.660423 0.000000 0.000000 0.000000 0.000000 1.000000
0.974015 -0.167565 -0.152371 0.000000 -0.024696 0.590177 -0.806896 0.157516 0.225133 0.789692 0.570703 0.000000 0.000000 0.000000 0.000000 1.000000
0.970458 -0.200165 -0.134706 0.000000 -0.027915 0.461419 -0.886743 0.157516 0.239651 0.864307 0.442200 0.000000 0.000000 0.000000 0.000000 1.000000
0.969895 -0.213931 -0.116347 0.000000 -0.026220 0.383254 -0.923271 0.157516 0.242107 0.898527 0.366107 0.000000 0.000000 0.000000 0.000000 1.000000
0.972508 -0.206325 -0.107975 0.000000 -0.021362 0.382673 -0.923637 0.157516 0.231888 0.900550 0.367745 0.000000 0.000000 0.000000 0.000000 1.000000
0.955790 -0.270904 -0.114356 0.000000 -0.083822 0.121753 -0.989015 0.157516 0.281851 0.954875 0.093663 0.000000 0.000000 0.000000 0.000000 1.000000
0.938120 -0.320317 -0.131634 0.000000 -0.168769 -0.090953 -0.981450 0.157516 0.302402 0.942934 -0.139384 0.000000 0.000000 0.000000 0.000000 1.000000
0.883575 -0.397096 -0.248212 0.000000 -0.271270 -0.001971 -0.962501 0.157516 0.381716 0.917775 -0.109461 0.000000 0.000000 0.000000 0.000000 1.000000
0.849516 -0.404557 -0.338609 0.000000 -0.275460 0.207254 -0.938705 0.157516 0.449937 0.890719 0.064626 0.000000 0.000000 0.000000 0.000000 1.000000
0.874136 -0.388990 -0.290813 0.000000 -0.211537 0.234063 -0.948929 0.157516 0.437193 0.891011 0.122317 0.000000 0.000000 0.000000 0.000000 1.000000
0.947137 -0.253441 -0.196721 0.000000 -0.127668 0.264797 -0.955816 0.157516 0.294334 0.930403 0.218443 0.000000 0.000000 0.000000 0.000000 1.000000
0.988442 -0.115705 -0.097949 0.000000 -0.048311 0.372006 -0.926972 0.157516 0.143693 0.920991 0.362117 0.000000 0.000000 0.000000 0.000000 1.000000</float_array>
        <technique_common>
          <accessor source="#mixamorig_LeftToeBase-Matrix-animation-output-transform-array" count="32" stride="16">
            <param type="float4x4"/>
          </accessor>
        </technique_common>
      </source>
      <source id="mixamorig_LeftToeBase-Interpolations">
        <Name_array id="mixamorig_LeftToeBase-Interpolations-array" count="32">
 LINEAR LINEAR LINEAR LINEAR LINEAR LINEAR LINEAR LINEAR LINEAR LINEAR LINEAR
LINEAR LINEAR LINEAR LINEAR LINEAR LINEAR LINEAR LINEAR LINEAR LINEAR LINEAR LINEAR
LINEAR LINEAR LINEAR LINEAR LINEAR LINEAR LINEAR LINEAR LINEAR</Name_array>
        <technique_common>
          <accessor source="#mixamorig_LeftToeBase-Interpolations-array" count="32">
            <param type="name"/>
          </accessor>
        </technique_common>
      </source>
      <sampler id="mixamorig_LeftToeBase-Matrix-animation-transform">
        <input semantic="INPUT" source="#mixamorig_LeftToeBase-Matrix-animation-input"/>
        <input semantic="OUTPUT" source="#mixamorig_LeftToeBase-Matrix-animation-output-transform"/>
        <input semantic="INTERPOLATION" source="#mixamorig_LeftToeBase-Interpolations"/>
      </sampler>
      <channel source="#mixamorig_LeftToeBase-Matrix-animation-transform" target="mixamorig_LeftToeBase/matrix"/>
    </animation>
    <animation id="mixamorig_RightUpLeg-anim" name="mixamorig_RightUpLeg">
      <source id="mixamorig_RightUpLeg-Matrix-animation-input">
        <float_array id="mixamorig_RightUpLeg-Matrix-animation-input-array" count="32">

0.000000 0.033333 0.066667 0.100000 0.133333 0.166667 0.200000 0.233333 0.266667 0.300000 0.333333 0.366667 0.400000 0.433333 0.466667 0.500000
0.533333 0.566667 0.600000 0.633333 0.666667 0.700000 0.733333 0.766667 0.800000 0.833333 0.866667 0.900000 0.933333 0.966667 1.000000 1.033333</float_array>
        <technique_common>
          <accessor source="#mixamorig_RightUpLeg-Matrix-animation-input-array" count="32">
            <param name="TIME" type="float"/>
          </accessor>
        </technique_common>
      </source>
      <source id="mixamorig_RightUpLeg-Matrix-animation-output-transform">
        <float_array id="mixamorig_RightUpLeg-Matrix-animation-output-transform-array" count="512">

-0.985998 0.081387 -0.145545 -0.088680 -0.110080 -0.973284 0.201495 -0.045111 -0.125258 0.214696 0.968616 -0.001498 0.000000 0.000000 0.000000 1.000000
-0.983847 0.088358 -0.155687 -0.088680 -0.107020 -0.987481 0.115875 -0.045111 -0.143500 0.130665 0.980986 -0.001498 0.000000 0.000000 0.000000 1.000000
-0.982031 0.090181 -0.165780 -0.088680 -0.097883 -0.994438 0.038876 -0.045111 -0.161352 0.054404 0.985396 -0.001498 0.000000 0.000000 0.000000 1.000000
-0.980123 0.084265 -0.179605 -0.088680 -0.078240 -0.996116 -0.040385 -0.045111 -0.182311 -0.025530 0.982909 -0.001498 0.000000 0.000000 0.000000 1.000000
-0.979460 0.073065 -0.187934 -0.088680 -0.053044 -0.992577 -0.109445 -0.045111 -0.194536 -0.097228 0.976065 -0.001498 0.000000 0.000000 0.000000 1.000000
-0.978661 0.056388 -0.197593 -0.088680 -0.025547 -0.987539 -0.155289 -0.045111 -0.203887 -0.146927 0.967906 -0.001498 0.000000 0.000000 0.000000 1.000000
-0.977682 0.041025 -0.206048 -0.088680 0.000384 -0.980398 -0.197026 -0.045111 -0.210092 -0.192707 0.958502 -0.001498 0.000000 0.000000 0.000000 1.000000
-0.976392 0.025518 -0.214496 -0.088680 0.025094 -0.972874 -0.229972 -0.045111 -0.214546 -0.229925 0.949265 -0.001498 0.000000 0.000000 0.000000 1.000000
-0.975549 0.003619 -0.219754 -0.088680 0.051822 -0.967886 -0.245991 -0.045111 -0.213587 -0.251365 0.944032 -0.001498 0.000000 0.000000 0.000000 1.000000
-0.975717 -0.021568 -0.217968 -0.088680 0.071104 -0.972436 -0.222066 -0.045111 -0.207171 -0.232172 0.950356 -0.001498 0.000000 0.000000 0.000000 1.000000
-0.977199 -0.052727 -0.205675 -0.088680 0.086117 -0.983846 -0.156940 -0.045111 -0.194078 -0.171074 0.965954 -0.001498 0.000000 0.000000 0.000000 1.000000
-0.981889 -0.063357 -0.178549 -0.088680 0.087221 -0.987783 -0.129144 -0.045111 -0.168185 -0.142378 0.975419 -0.001498 0.000000 0.000000 0.000000 1.000000
-0.983984 -0.066902 -0.165225 -0.088680 0.075554 -0.996050 -0.046638 -0.045111 -0.161452 -0.058375 0.985153 -0.001498 0.000000 0.000000 0.000000 1.000000
-0.987431 -0.061871 -0.145438 -0.088680 0.049801 -0.995117 0.085214 -0.045111 -0.150000 0.076900 0.985691 -0.001498 0.000000 0.000000 0.000000 1.000000
-0.990719 -0.049462 -0.126610 -0.088680 0.017604 -0.970289 0.241308 -0.045111 -0.134784 0.236840 0.962154 -0.001498 0.000000 0.000000 0.000000 1.000000
-0.992667 -0.030162 -0.117057 -0.088680 -0.012686 -0.937030 0.349018 -0.045111 -0.120213 0.347943 0.929776 -0.001498 0.000000 0.000000 0.000000 1.000000
-0.993436 -0.015766 -0.113295 -0.088680 -0.034096 -0.904616 0.424862 -0.045111 -0.109186 0.425937 0.898141 -0.001498 0.000000 0.000000 0.000000 1.000000
-0.994616 -0.015860 -0.102405 -0.088680 -0.035713 -0.875214 0.482415 -0.045111 -0.097277 0.483475 0.869936 -0.001498 0.000000 0.000000 0.000000 1.000000
-0.996061 -0.023260 -0.085564 -0.088680 -0.024449 -0.855524 0.517185 -0.045111 -0.085232 0.517240 0.851586 -0.001498 0.000000 0.000000 0.000000 1.000000
-0.997027 -0.042712 -0.064135 -0.088680 -0.001349 -0.822515 0.568742 -0.045111 -0.077044 0.567138 0.820011 -0.001498 0.000000 0.000000 0.000000 1.000000
-0.996803 -0.062267 -0.050076 -0.088680 0.018580 -0.790145 0.612639 -0.045111 -0.077714 0.609749 0.788775 -0.001498 0.000000 0.000000 0.000000 1.000000
-0.996256 -0.066613 -0.055101 -0.088680 0.017338 -0.778391 0.627540 -0.045111 -0.084693 0.624235 0.776632 -0.001498 0.000000 0.000000 0.000000 1.000000
-0.996230 -0.068887 -0.052732 -0.088680 0.015196 -0.737010 0.675711 -0.045111 -0.085411 0.672362 0.735278 -0.001498 0.000000 0.000000 0.000000 1.000000
-0.996921 -0.062944 -0.046761 -0.088680 0.007814 -0.673124 0.739489 -0.045111 -0.078023 0.736846 0.671543 -0.001498 0.000000 0.000000 0.000000 1.000000
-0.997283 -0.051436 -0.052737 -0.088680 -0.005612 -0.660762 0.750574 -0.045111 -0.073453 0.748831 0.658678 -0.001498 0.000000 0.000000 0.000000 1.000000
-0.997287 -0.035440 -0.064513 -0.088680 -0.022414 -0.688614 0.724782 -0.045111 -0.070111 0.724262 0.685951 -0.001498 0.000000 0.000000 0.000000 1.000000
-0.996879 -0.008494 -0.078486 -0.088680 -0.047292 -0.731809 0.679867 -0.045111 -0.063212 0.681457 0.729124 -0.001498 0.000000 0.000000 0.000000 1.000000
-0.994739 0.026924 -0.098840 -0.088680 -0.084334 -0.762958 0.640923 -0.045111 -0.058154 0.645887 0.761215 -0.001498 0.000000 0.000000 0.000000 1.000000
-0.991041 0.050277 -0.123731 -0.088680 -0.110842 -0.826452 0.551988 -0.045111 -0.074505 0.560758 0.824621 -0.001498 0.000000 0.000000 0.000000 1.000000
-0.988900 0.063080 -0.134531 -0.088680 -0.116206 -0.892569 0.435680 -0.045111 -0.092596 0.446477 0.889991 -0.001498 0.000000 0.000000 0.000000 1.000000
-0.987112 0.072933 -0.142446 -0.088680 -0.115432 -0.940997 0.318119 -0.045111 -0.110840 0.330462 0.937288 -0.001498 0.000000 0.000000 0.000000 1.000000
-0.985998 0.081386 -0.145545 -0.088680 -0.110080 -0.973284 0.201498 -0.045111 -0.125258 0.214698 0.968615 -0.001498 0.000000 0.000000 0.000000 1.000000</float_array>
        <technique_common>
          <accessor source="#mixamorig_RightUpLeg-Matrix-animation-output-transform-array" count="32" stride="16">
            <param type="float4x4"/>
          </accessor>
        </technique_common>
      </source>
      <source id="mixamorig_RightUpLeg-Interpolations">
        <Name_array id="mixamorig_RightUpLeg-Interpolations-array" count="32">
 LINEAR LINEAR LINEAR LINEAR LINEAR LINEAR LINEAR LINEAR LINEAR LINEAR LINEAR
LINEAR LINEAR LINEAR LINEAR LINEAR LINEAR LINEAR LINEAR LINEAR LINEAR LINEAR LINEAR
LINEAR LINEAR LINEAR LINEAR LINEAR LINEAR LINEAR LINEAR LINEAR</Name_array>
        <technique_common>
          <accessor source="#mixamorig_RightUpLeg-Interpolations-array" count="32">
            <param type="name"/>
          </accessor>
        </technique_common>
      </source>
      <sampler id="mixamorig_RightUpLeg-Matrix-animation-transform">
        <input semantic="INPUT" source="#mixamorig_RightUpLeg-Matrix-animation-input"/>
        <input semantic="OUTPUT" source="#mixamorig_RightUpLeg-Matrix-animation-output-transform"/>
        <input semantic="INTERPOLATION" source="#mixamorig_RightUpLeg-Interpolations"/>
      </sampler>
      <channel source="#mixamorig_RightUpLeg-Matrix-animation-transform" target="mixamorig_RightUpLeg/matrix"/>
    </animation>
    <animation id="mixamorig_RightLeg-anim" name="mixamorig_RightLeg">
      <source id="mixamorig_RightLeg-Matrix-animation-input">
        <float_array id="mixamorig_RightLeg-Matrix-animation-input-array" count="32">

0.000000 0.033333 0.066667 0.100000 0.133333 0.166667 0.200000 0.233333 0.266667 0.300000 0.333333 0.366667 0.400000 0.433333 0.466667 0.500000
0.533333 0.566667 0.600000 0.633333 0.666667 0.700000 0.733333 0.766667 0.800000 0.833333 0.866667 0.900000 0.933333 0.966667 1.000000 1.033333</float_array>
        <technique_common>
          <accessor source="#mixamorig_RightLeg-Matrix-animation-input-array" count="32">
            <param name="TIME" type="float"/>
          </accessor>
        </technique_common>
      </source>
      <source id="mixamorig_RightLeg-Matrix-animation-output-transform">
        <float_array id="mixamorig_RightLeg-Matrix-animation-output-transform-array" count="512">

0.989530 0.064862 -0.128931 0.000000 -0.004650 0.907191 0.420694 0.213356 0.144252 -0.415690 0.897994 0.000000 0.000000 0.000000 0.000000 1.000000
0.987337 0.066562 -0.143999 0.000000 -0.003907 0.917646 0.397380 0.213356 0.158590 -0.391785 0.906286 0.000000 0.000000 0.000000 0.000000 1.000000
0.984819 0.062883 -0.161793 0.000000 0.006066 0.919040 0.394118 0.213356 0.173478 -0.389116 0.904707 0.000000 0.000000 0.000000 0.000000 1.000000
0.981134 0.054729 -0.185419 0.000000 0.023796 0.917614 0.396759 0.213356 0.191858 -0.393686 0.899001 0.000000 0.000000 0.000000 0.000000 1.000000
0.978044 0.046823 -0.203070 0.000000 0.041585 0.910986 0.410335 0.213356 0.204207 -0.409771 0.889037 0.000000 0.000000 0.000000 0.000000 1.000000
0.975234 0.044346 -0.216685 0.000000 0.060413 0.889031 0.453844 0.213356 0.212766 -0.455695 0.864334 0.000000 0.000000 0.000000 0.000000 1.000000
0.973880 0.049664 -0.221566 0.000000 0.069492 0.863774 0.499064 0.213356 0.216168 -0.501425 0.837761 0.000000 0.000000 0.000000 0.000000 1.000000
0.973402 0.066346 -0.219286 0.000000 0.070025 0.825188 0.560501 0.213356 0.218139 -0.560948 0.798594 0.000000 0.000000 0.000000 0.000000 1.000000
0.974882 0.086674 -0.205164 0.000000 0.067299 0.763471 0.642326 0.213356 0.212310 -0.640000 0.738461 0.000000 0.000000 0.000000 0.000000 1.000000
0.980666 0.111770 -0.160627 0.000000 0.043115 0.677254 0.734485 0.213356 0.190879 -0.727210 0.659341 0.000000 0.000000 0.000000 0.000000 1.000000
0.989495 0.117383 -0.084386 0.000000 -0.003629 0.603699 0.797204 0.213356 0.144522 -0.788523 0.597783 0.000000 0.000000 0.000000 0.000000 1.000000
0.995855 0.090717 0.006573 0.000000 -0.063062 0.636587 0.768622 0.213356 0.065543 -0.765851 0.639669 0.000000 0.000000 0.000000 0.000000 1.000000
0.996680 0.070718 0.040340 0.000000 -0.075006 0.604892 0.792767 0.213356 0.031662 -0.793161 0.608188 0.000000 0.000000 0.000000 0.000000 1.000000
0.995842 0.055948 0.071895 0.000000 -0.090225 0.496633 0.863259 0.213356 0.012592 -0.866156 0.499615 0.000000 0.000000 0.000000 0.000000 1.000000
0.994506 0.038096 0.097504 0.000000 -0.104679 0.368399 0.923756 0.213356 -0.000729 -0.928887 0.370363 0.000000 0.000000 0.000000 0.000000 1.000000
0.994674 0.018538 0.101393 0.000000 -0.101319 0.356609 0.928744 0.213356 -0.018941 -0.934070 0.356588 0.000000 0.000000 0.000000 0.000000 1.000000
0.994915 0.006426 0.100513 0.000000 -0.092735 0.447819 0.889302 0.213356 -0.039297 -0.894101 0.446138 0.000000 0.000000 0.000000 0.000000 1.000000
0.995486 0.006163 0.094709 0.000000 -0.079345 0.601595 0.794851 0.213356 -0.052078 -0.798777 0.599369 0.000000 0.000000 0.000000 0.000000 1.000000
0.996169 0.018981 0.085365 0.000000 -0.070253 0.755005 0.651944 0.213356 -0.052076 -0.655444 0.753446 0.000000 0.000000 0.000000 0.000000 1.000000
0.996426 0.039084 0.074878 0.000000 -0.073420 0.839055 0.539069 0.213356 -0.041758 -0.542640 0.838927 0.000000 0.000000 0.000000 0.000000 1.000000
0.995129 0.057169 0.080310 0.000000 -0.086205 0.899835 0.427628 0.213356 -0.047819 -0.432468 0.900380 0.000000 0.000000 0.000000 0.000000 1.000000
0.995831 0.063281 0.065697 0.000000 -0.081299 0.942339 0.324636 0.213356 -0.041366 -0.328624 0.943555 0.000000 0.000000 0.000000 0.000000 1.000000
0.996672 0.067345 0.045925 0.000000 -0.079741 0.922379 0.377965 0.213356 -0.016906 -0.380370 0.924680 0.000000 0.000000 0.000000 0.000000 1.000000
0.996023 0.076769 0.045219 0.000000 -0.089056 0.842504 0.531278 0.213356 0.002688 -0.533192 0.845990 0.000000 0.000000 0.000000 0.000000 1.000000
0.996717 0.074383 0.031986 0.000000 -0.078959 0.805467 0.587357 0.213356 0.017926 -0.587954 0.808696 0.000000 0.000000 0.000000 0.000000 1.000000
0.998390 0.053966 0.017452 0.000000 -0.054135 0.814892 0.577079 0.213356 0.016922 -0.577095 0.816502 0.000000 0.000000 0.000000 0.000000 1.000000
0.999182 0.039367 0.009211 0.000000 -0.037764 0.827403 0.560338 0.213356 0.014438 -0.560227 0.828213 0.000000 0.000000 0.000000 0.000000 1.000000
0.999138 0.041264 0.004440 0.000000 -0.035401 0.791529 0.610105 0.213356 0.021661 -0.609736 0.792308 0.000000 0.000000 0.000000 0.000000 1.000000
0.998602 0.049506 -0.018524 0.000000 -0.028581 0.800514 0.598633 0.213356 0.044465 -0.597266 0.800809 0.000000 0.000000 0.000000 0.000000 1.000000
0.997343 0.054096 -0.048797 0.000000 -0.018327 0.834562 0.550609 0.213356 0.070510 -0.548252 0.833336 0.000000 0.000000 0.000000 0.000000 1.000000
0.994439 0.059562 -0.086855 0.000000 -0.008936 0.869457 0.493927 0.213356 0.104936 -0.490404 0.865155 0.000000 0.000000 0.000000 0.000000 1.000000
0.989530 0.064862 -0.128931 0.000000 -0.004650 0.907188 0.420699 0.213356 0.144252 -0.415695 0.897992 0.000000 0.000000 0.000000 0.000000 1.000000</float_array>
        <technique_common>
          <accessor source="#mixamorig_RightLeg-Matrix-animation-output-transform-array" count="32" stride="16">
            <param type="float4x4"/>
          </accessor>
        </technique_common>
      </source>
      <source id="mixamorig_RightLeg-Interpolations">
        <Name_array id="mixamorig_RightLeg-Interpolations-array" count="32">
 LINEAR LINEAR LINEAR LINEAR LINEAR LINEAR LINEAR LINEAR LINEAR LINEAR LINEAR
LINEAR LINEAR LINEAR LINEAR LINEAR LINEAR LINEAR LINEAR LINEAR LINEAR LINEAR LINEAR
LINEAR LINEAR LINEAR LINEAR LINEAR LINEAR LINEAR LINEAR LINEAR</Name_array>
        <technique_common>
          <accessor source="#mixamorig_RightLeg-Interpolations-array" count="32">
            <param type="name"/>
          </accessor>
        </technique_common>
      </source>
      <sampler id="mixamorig_RightLeg-Matrix-animation-transform">
        <input semantic="INPUT" source="#mixamorig_RightLeg-Matrix-animation-input"/>
        <input semantic="OUTPUT" source="#mixamorig_RightLeg-Matrix-animation-output-transform"/>
        <input semantic="INTERPOLATION" source="#mixamorig_RightLeg-Interpolations"/>
      </sampler>
      <channel source="#mixamorig_RightLeg-Matrix-animation-transform" target="mixamorig_RightLeg/matrix"/>
    </animation>
    <animation id="mixamorig_RightFoot-anim" name="mixamorig_RightFoot">
      <source id="mixamorig_RightFoot-Matrix-animation-input">
        <float_array id="mixamorig_RightFoot-Matrix-animation-input-array" count="32">

0.000000 0.033333 0.066667 0.100000 0.133333 0.166667 0.200000 0.233333 0.266667 0.300000 0.333333 0.366667 0.400000 0.433333 0.466667 0.500000
0.533333 0.566667 0.600000 0.633333 0.666667 0.700000 0.733333 0.766667 0.800000 0.833333 0.866667 0.900000 0.933333 0.966667 1.000000 1.033333</float_array>
        <technique_common>
          <accessor source="#mixamorig_RightFoot-Matrix-animation-input-array" count="32">
            <param name="TIME" type="float"/>
          </accessor>
        </technique_common>
      </source>
      <source id="mixamorig_RightFoot-Matrix-animation-output-transform">
        <float_array id="mixamorig_RightFoot-Matrix-animation-output-transform-array" count="512">

0.969579 0.212987 -0.120640 -0.000000 -0.198127 0.393428 -0.897753 0.191328 -0.143746 0.894344 0.423658 0.000000 0.000000 0.000000 0.000000 1.000000
0.967640 0.215354 -0.131513 -0.000000 -0.204626 0.364723 -0.908353 0.191328 -0.147652 0.905870 0.396987 0.000000 0.000000 0.000000 0.000000 1.000000
0.966133 0.216565 -0.140308 -0.000000 -0.206789 0.324534 -0.922993 0.191328 -0.154353 0.920748 0.358326 0.000000 0.000000 0.000000 0.000000 1.000000
0.964255 0.217927 -0.150729 -0.000000 -0.208610 0.273606 -0.938947 0.191328 -0.163382 0.936829 0.309287 0.000000 0.000000 0.000000 0.000000 1.000000
0.963292 0.216960 -0.158105 -0.000000 -0.206283 0.221304 -0.953138 0.191328 -0.171803 0.950764 0.257936 0.000000 0.000000 0.000000 0.000000 1.000000
0.963636 0.213081 -0.161249 -0.000000 -0.200268 0.176389 -0.963732 0.191328 -0.176911 0.960980 0.212649 0.000000 0.000000 0.000000 0.000000 1.000000
0.964887 0.207134 -0.161520 -0.000000 -0.194139 0.148182 -0.969718 0.191328 -0.176927 0.967025 0.183192 0.000000 0.000000 0.000000 0.000000 1.000000
0.968136 0.199449 -0.151436 -0.000000 -0.181442 0.141871 -0.973114 0.191328 -0.172602 0.969584 0.173539 0.000000 0.000000 0.000000 0.000000 1.000000
0.972988 0.189407 -0.131981 -0.000000 -0.166336 0.178750 -0.969732 0.191328 -0.160082 0.965491 0.205427 0.000000 0.000000 0.000000 0.000000 1.000000
0.982531 0.163612 -0.088675 -0.000000 -0.138774 0.326676 -0.934893 0.191328 -0.123992 0.930867 0.343674 0.000000 0.000000 0.000000 0.000000 1.000000
0.991013 0.124454 -0.049037 -0.000000 -0.115437 0.610464 -0.783587 0.191328 -0.067585 0.782205 0.619344 0.000000 0.000000 0.000000 0.000000 1.000000
0.985515 0.143839 -0.089837 -0.000000 -0.169563 0.844877 -0.507378 0.191328 0.002920 0.515261 0.857028 0.000000 0.000000 0.000000 0.000000 1.000000
0.970424 0.197970 -0.138151 -0.000000 -0.238048 0.879874 -0.411284 0.191328 0.040134 0.432006 0.900977 0.000000 0.000000 0.000000 0.000000 1.000000
0.954709 0.239650 -0.176349 -0.000000 -0.296510 0.815595 -0.496876 0.191328 0.024753 0.526661 0.849715 0.000000 0.000000 0.000000 0.000000 1.000000
0.950990 0.244675 -0.189084 -0.000000 -0.306637 0.667278 -0.678759 0.191328 -0.039904 0.703473 0.709601 0.000000 0.000000 0.000000 0.000000 1.000000
0.951423 0.239418 -0.193583 -0.000000 -0.292647 0.507842 -0.810219 0.191328 -0.095671 0.827512 0.553237 0.000000 0.000000 0.000000 0.000000 1.000000
0.947388 0.244517 -0.206562 -0.000000 -0.293681 0.407336 -0.864771 0.191328 -0.127311 0.879937 0.457715 0.000000 0.000000 0.000000 0.000000 1.000000
0.945048 0.249745 -0.210976 -0.000000 -0.300114 0.406759 -0.862832 0.191328 -0.129672 0.878735 0.459359 0.000000 0.000000 0.000000 0.000000 1.000000
0.946058 0.252159 -0.203445 -0.000000 -0.298207 0.432183 -0.851052 0.191328 -0.126675 0.865814 0.484066 0.000000 0.000000 0.000000 0.000000 1.000000
0.964715 0.221055 -0.143038 -0.000000 -0.226440 0.419361 -0.879125 0.191328 -0.134351 0.880495 0.454620 0.000000 0.000000 0.000000 0.000000 1.000000
0.982946 0.174519 -0.057966 -0.000000 -0.124061 0.396646 -0.909550 0.191328 -0.135742 0.901230 0.411533 0.000000 0.000000 0.000000 0.000000 1.000000
0.985003 0.167212 -0.042544 -0.000000 -0.095818 0.325062 -0.940826 0.191328 -0.143488 0.930792 0.336209 0.000000 0.000000 0.000000 0.000000 1.000000
0.985814 0.164394 -0.033842 -0.000000 -0.079950 0.282655 -0.955884 0.191328 -0.147576 0.945029 0.291789 0.000000 0.000000 0.000000 0.000000 1.000000
0.987405 0.155924 -0.026821 -0.000000 -0.078083 0.332821 -0.939752 0.191328 -0.137604 0.930009 0.340804 0.000000 0.000000 0.000000 0.000000 1.000000
0.988091 0.150029 -0.034161 -0.000000 -0.103887 0.486705 -0.867367 0.191328 -0.113504 0.860587 0.496495 0.000000 0.000000 0.000000 0.000000 1.000000
0.986818 0.152396 -0.054466 -0.000000 -0.138708 0.623070 -0.769769 0.191328 -0.083373 0.767176 0.635995 0.000000 0.000000 0.000000 0.000000 1.000000
0.984051 0.164160 -0.068522 -0.000000 -0.162102 0.668899 -0.725463 0.191328 -0.073258 0.725000 0.684841 0.000000 0.000000 0.000000 0.000000 1.000000
0.978543 0.185547 -0.089588 -0.000000 -0.184368 0.594383 -0.782763 0.191328 -0.091990 0.782484 0.615838 0.000000 0.000000 0.000000 0.000000 1.000000
0.975269 0.196264 -0.101642 -0.000000 -0.191708 0.522301 -0.830933 0.191328 -0.109995 0.829869 0.547009 0.000000 0.000000 0.000000 0.000000 1.000000
0.974279 0.199979 -0.103867 -0.000000 -0.188398 0.469963 -0.862346 0.191328 -0.123637 0.859734 0.495551 0.000000 0.000000 0.000000 0.000000 1.000000
0.971670 0.207563 -0.113029 -0.000000 -0.193547 0.424362 -0.884566 0.191328 -0.135638 0.881382 0.452513 0.000000 0.000000 0.000000 0.000000 1.000000
0.969579 0.212987 -0.120640 -0.000000 -0.198126 0.393425 -0.897754 0.191328 -0.143747 0.894345 0.423655 0.000000 0.000000 0.000000 0.000000 1.000000</float_array>
        <technique_common>
          <accessor source="#mixamorig_RightFoot-Matrix-animation-output-transform-array" count="32" stride="16">
            <param type="float4x4"/>
          </accessor>
        </technique_common>
      </source>
      <source id="mixamorig_RightFoot-Interpolations">
        <Name_array id="mixamorig_RightFoot-Interpolations-array" count="32">
 LINEAR LINEAR LINEAR LINEAR LINEAR LINEAR LINEAR LINEAR LINEAR LINEAR LINEAR
LINEAR LINEAR LINEAR LINEAR LINEAR LINEAR LINEAR LINEAR LINEAR LINEAR LINEAR LINEAR
LINEAR LINEAR LINEAR LINEAR LINEAR LINEAR LINEAR LINEAR LINEAR</Name_array>
        <technique_common>
          <accessor source="#mixamorig_RightFoot-Interpolations-array" count="32">
            <param type="name"/>
          </accessor>
        </technique_common>
      </source>
      <sampler id="mixamorig_RightFoot-Matrix-animation-transform">
        <input semantic="INPUT" source="#mixamorig_RightFoot-Matrix-animation-input"/>
        <input semantic="OUTPUT" source="#mixamorig_RightFoot-Matrix-animation-output-transform"/>
        <input semantic="INTERPOLATION" source="#mixamorig_RightFoot-Interpolations"/>
      </sampler>
      <channel source="#mixamorig_RightFoot-Matrix-animation-transform" target="mixamorig_RightFoot/matrix"/>
    </animation>
    <animation id="mixamorig_RightToeBase-anim" name="mixamorig_RightToeBase">
      <source id="mixamorig_RightToeBase-Matrix-animation-input">
        <float_array id="mixamorig_RightToeBase-Matrix-animation-input-array" count="32">

0.000000 0.033333 0.066667 0.100000 0.133333 0.166667 0.200000 0.233333 0.266667 0.300000 0.333333 0.366667 0.400000 0.433333 0.466667 0.500000
0.533333 0.566667 0.600000 0.633333 0.666667 0.700000 0.733333 0.766667 0.800000 0.833333 0.866667 0.900000 0.933333 0.966667 1.000000 1.033333</float_array>
        <technique_common>
          <accessor source="#mixamorig_RightToeBase-Matrix-animation-input-array" count="32">
            <param name="TIME" type="float"/>
          </accessor>
        </technique_common>
      </source>
      <source id="mixamorig_RightToeBase-Matrix-animation-output-transform">
        <float_array id="mixamorig_RightToeBase-Matrix-animation-output-transform-array" count="512">

0.994092 0.073523 0.079843 -0.000000 -0.001370 0.744064 -0.668107 0.158721 -0.108529 0.664051 0.739769 0.000000 0.000000 0.000000 0.000000 1.000000
0.994177 0.074665 0.077705 -0.000000 -0.003100 0.740589 -0.671951 0.158721 -0.107718 0.667797 0.736508 0.000000 0.000000 0.000000 0.000000 1.000000
0.993968 0.076884 0.078207 -0.000000 -0.004181 0.739162 -0.673514 0.158721 -0.109590 0.669125 0.735025 0.000000 0.000000 0.000000 0.000000 1.000000
0.992980 0.086340 0.080851 -0.000000 -0.005533 0.716681 -0.697379 0.158721 -0.118156 0.692036 0.712127 0.000000 0.000000 0.000000 0.000000 1.000000
0.991452 0.101694 0.081737 -0.000000 -0.009508 0.681130 -0.732101 0.158721 -0.130123 0.725066 0.676274 0.000000 0.000000 0.000000 0.000000 1.000000
0.989254 0.122290 0.080137 -0.000000 -0.011491 0.611440 -0.791207 0.158721 -0.145756 0.781784 0.606275 0.000000 0.000000 0.000000 0.000000 1.000000
0.986451 0.144622 0.077458 -0.000000 -0.010142 0.524989 -0.851049 0.158721 -0.163745 0.838732 0.519342 0.000000 0.000000 0.000000 0.000000 1.000000
0.981948 0.172685 0.077191 -0.000000 -0.004726 0.430358 -0.902646 0.158721 -0.189093 0.885987 0.423405 0.000000 0.000000 0.000000 0.000000 1.000000
0.977403 0.196982 0.076692 -0.000000 0.006232 0.335795 -0.941914 0.158721 -0.211293 0.921108 0.326980 0.000000 0.000000 0.000000 0.000000 1.000000
0.971272 0.225176 0.076985 -0.000000 0.041560 0.158029 -0.986559 0.158721 -0.234316 0.961417 0.144131 0.000000 0.000000 0.000000 0.000000 1.000000
0.955364 0.276408 0.104295 -0.000000 0.150842 -0.152844 -0.976671 0.158721 -0.254019 0.948808 -0.187716 0.000000 0.000000 0.000000 0.000000 1.000000
0.902088 0.380550 0.203516 -0.000000 0.331398 -0.308791 -0.891529 0.158721 -0.276428 0.871682 -0.404670 0.000000 0.000000 0.000000 0.000000 1.000000
0.841028 0.494220 0.220043 -0.000000 0.375353 -0.240164 -0.895227 0.158721 -0.389592 0.835505 -0.387492 0.000000 0.000000 0.000000 0.000000 1.000000
0.794680 0.536170 0.284615 -0.000000 0.363566 -0.044928 -0.930484 0.158721 -0.486111 0.842913 -0.230637 0.000000 0.000000 0.000000 0.000000 1.000000
0.838375 0.437907 0.324599 -0.000000 0.262685 0.197210 -0.944513 0.158721 -0.477623 0.877124 0.050304 0.000000 0.000000 0.000000 0.000000 1.000000
0.904438 0.293452 0.309643 -0.000000 0.157844 0.444127 -0.881950 0.158721 -0.396331 0.846544 0.355366 0.000000 0.000000 0.000000 0.000000 1.000000
0.946292 0.157724 0.282232 -0.000000 0.109189 0.665745 -0.738147 0.158721 -0.304318 0.729319 0.612768 0.000000 0.000000 0.000000 0.000000 1.000000
0.981810 0.118093 0.148669 -0.000000 0.022484 0.705203 -0.708649 0.158721 -0.188528 0.699102 0.689720 0.000000 0.000000 0.000000 0.000000 1.000000
0.986178 0.119237 0.115045 -0.000000 0.002082 0.685373 -0.728189 0.158721 -0.165676 0.718364 0.675651 0.000000 0.000000 0.000000 0.000000 1.000000
0.988552 0.107474 0.105893 -0.000000 0.005576 0.675340 -0.737486 0.158721 -0.150774 0.729634 0.667010 0.000000 0.000000 0.000000 0.000000 1.000000
0.989254 0.115694 0.089395 -0.000000 -0.008986 0.658377 -0.752635 0.158721 -0.145931 0.743744 0.652342 0.000000 0.000000 0.000000 0.000000 1.000000
0.987608 0.113651 0.108227 -0.000000 0.011921 0.633295 -0.773819 0.158721 -0.156485 0.765520 0.624092 0.000000 0.000000 0.000000 0.000000 1.000000
0.992027 0.091324 0.086847 -0.000000 0.006616 0.650426 -0.759540 0.158721 -0.125852 0.754059 0.644636 0.000000 0.000000 0.000000 0.000000 1.000000
0.992470 0.097755 0.073810 -0.000000 0.002633 0.585412 -0.810732 0.158721 -0.122462 0.804821 0.580746 0.000000 0.000000 0.000000 0.000000 1.000000
0.988780 0.121093 0.087472 -0.000000 0.009748 0.532008 -0.846683 0.158721 -0.149063 0.838036 0.524859 0.000000 0.000000 0.000000 0.000000 1.000000
0.991551 0.090718 0.092720 -0.000000 0.007170 0.675360 -0.737453 0.158721 -0.129520 0.731887 0.669003 0.000000 0.000000 0.000000 0.000000 1.000000
0.994767 0.065792 0.078173 -0.000000 -0.000511 0.768286 -0.640107 0.158721 -0.102172 0.636717 0.764299 0.000000 0.000000 0.000000 0.000000 1.000000
0.994055 0.075146 0.078785 -0.000000 -0.001531 0.733198 -0.680013 0.158721 -0.108865 0.675850 0.728955 0.000000 0.000000 0.000000 0.000000 1.000000
0.994013 0.074915 0.079537 -0.000000 -0.001603 0.737866 -0.674945 0.158721 -0.109251 0.670777 0.733568 0.000000 0.000000 0.000000 0.000000 1.000000
0.994080 0.073544 0.079980 -0.000000 -0.001534 0.745534 -0.666466 0.158721 -0.108642 0.662398 0.741233 0.000000 0.000000 0.000000 0.000000 1.000000
0.994083 0.073503 0.079974 -0.000000 -0.001486 0.745397 -0.666619 0.158721 -0.108611 0.662556 0.741096 0.000000 0.000000 0.000000 0.000000 1.000000
0.994092 0.073523 0.079843 -0.000000 -0.001370 0.744064 -0.668107 0.158721 -0.108529 0.664051 0.739769 0.000000 0.000000 0.000000 0.000000 1.000000</float_array>
        <technique_common>
          <accessor source="#mixamorig_RightToeBase-Matrix-animation-output-transform-array" count="32" stride="16">
            <param type="float4x4"/>
          </accessor>
        </technique_common>
      </source>
      <source id="mixamorig_RightToeBase-Interpolations">
        <Name_array id="mixamorig_RightToeBase-Interpolations-array" count="32">
 LINEAR LINEAR LINEAR LINEAR LINEAR LINEAR LINEAR LINEAR LINEAR LINEAR LINEAR
LINEAR LINEAR LINEAR LINEAR LINEAR LINEAR LINEAR LINEAR LINEAR LINEAR LINEAR LINEAR
LINEAR LINEAR LINEAR LINEAR LINEAR LINEAR LINEAR LINEAR LINEAR</Name_array>
        <technique_common>
          <accessor source="#mixamorig_RightToeBase-Interpolations-array" count="32">
            <param type="name"/>
          </accessor>
        </technique_common>
      </source>
      <sampler id="mixamorig_RightToeBase-Matrix-animation-transform">
        <input semantic="INPUT" source="#mixamorig_RightToeBase-Matrix-animation-input"/>
        <input semantic="OUTPUT" source="#mixamorig_RightToeBase-Matrix-animation-output-transform"/>
        <input semantic="INTERPOLATION" source="#mixamorig_RightToeBase-Interpolations"/>
      </sampler>
      <channel source="#mixamorig_RightToeBase-Matrix-animation-transform" target="mixamorig_RightToeBase/matrix"/>
    </animation>
  </library_animations>
  <library_visual_scenes>
    <visual_scene id="RootNode" name="RootNode">
      <node id="characterSmall" name="characterSmall" sid="characterSmall">
        <instance_controller url="#characterSmallController">
          <skeleton>#mixamorig_Hips</skeleton>
        </instance_controller>
      </node>
      <node id="mixamorig_Hips" name="mixamorig_Hips" sid="mixamorig_Hips" type="JOINT">
        <matrix sid="matrix">0.998572 0.025359 0.047022 0.000927 -0.024547 0.999541 -0.017767 0.535579 -0.047451 0.016587 0.998736 -0.000401 0.000000 0.000000 0.000000 1.000000</matrix>
        <node id="mixamorig_Spine" name="mixamorig_Spine" sid="mixamorig_Spine" type="JOINT">
          <matrix sid="matrix">0.999976 -0.003278 0.006025 0.000000 0.003196 0.999903 0.013589 0.081290 -0.006069 -0.013569 0.999890 -0.001379 0.000000 0.000000 0.000000 1.000000</matrix>
          <node id="mixamorig_Spine1" name="mixamorig_Spine1" sid="mixamorig_Spine1" type="JOINT">
            <matrix sid="matrix">0.999889 -0.008876 0.011936 0.000000 0.008957 0.999937 -0.006718 0.094852 -0.011875 0.006824 0.999906 -0.000000 0.000000 0.000000 0.000000 1.000000</matrix>
            <node id="mixamorig_Spine2" name="mixamorig_Spine2" sid="mixamorig_Spine2" type="JOINT">
              <matrix sid="matrix">0.999889 -0.008876 0.011936 0.000000 0.008957 0.999937 -0.006718 0.108402 -0.011875 0.006824 0.999906 -0.000000 0.000000 0.000000 0.000000 1.000000</matrix>
              <node id="mixamorig_Neck" name="mixamorig_Neck" sid="mixamorig_Neck" type="JOINT">
                <matrix sid="matrix">0.999746 0.021083 -0.007959 0.000000 -0.021215 0.999632 -0.016887 0.121953 0.007600 0.017052 0.999826 0.000000 0.000000 0.000000 0.000000 1.000000</matrix>
                <node id="mixamorig_Head" name="mixamorig_Head" sid="mixamorig_Head" type="JOINT">
                  <matrix sid="matrix">0.998050 -0.033250 -0.052817 -0.000000 0.030730 0.998383 -0.047823 0.074631 0.054322 0.046107 0.997458 -0.003084 0.000000 0.000000 0.000000 1.000000</matrix>
                  <node id="mixamorig_HeadTop_End" name="mixamorig_HeadTop_End" sid="mixamorig_HeadTop_End" type="JOINT">
                    <matrix sid="matrix">1.000000 -0.000000 0.000000 -0.000000 0.000000 1.000000 0.000000 0.685369 0.000000 -0.000000 1.000000 -0.028321 0.000000 0.000000 0.000000 1.000000</matrix>
                  </node>
                </node>
              </node>
              <node id="mixamorig_LeftShoulder" name="mixamorig_LeftShoulder" sid="mixamorig_LeftShoulder" type="JOINT">
                <matrix sid="matrix">0.245294 0.802625 -0.543714 0.050562 0.010748 -0.563065 -0.826343 0.103871 -0.969389 0.196853 -0.146743 -0.000310 0.000000 0.000000 0.000000 1.000000</matrix>
                <node id="mixamorig_LeftArm" name="mixamorig_LeftArm" sid="mixamorig_LeftArm" type="JOINT">
                  <matrix sid="matrix">0.985806 0.016911 -0.167035 0.000000 -0.089866 0.893535 -0.439909 0.107551 0.141813 0.448676 0.882371 0.000000 0.000000 0.000000 0.000000 1.000000</matrix>
                  <node id="mixamorig_LeftForeArm" name="mixamorig_LeftForeArm" sid="mixamorig_LeftForeArm" type="JOINT">
                    <matrix sid="matrix">0.805447 -0.507333 0.306379 0.000000 0.556856 0.824788 -0.098166 0.143772 -0.202895 0.249677 0.946834 0.000000 0.000000 0.000000 0.000000 1.000000</matrix>
                    <node id="mixamorig_LeftHand" name="mixamorig_LeftHand" sid="mixamorig_LeftHand" type="JOINT">
                      <matrix sid="matrix">0.843582 -0.265742 0.466637 0.000000 0.128423 0.943590 0.305197 0.184769 -0.521418 -0.197532 0.830123 -0.000000 0.000000 0.000000 0.000000 1.000000</matrix>
                      <node id="mixamorig_LeftHandThumb1" name="mixamorig_LeftHandThumb1" sid="mixamorig_LeftHandThumb1" type="JOINT">
                        <matrix sid="matrix">0.961354 -0.209494 0.178634 -0.035798 0.268838 0.854214 -0.445021 0.022194 -0.059362 0.475847 0.877523 0.000000 0.000000 0.000000 0.000000 1.000000</matrix>
                        <node id="mixamorig_LeftHandThumb2" name="mixamorig_LeftHandThumb2" sid="mixamorig_LeftHandThumb2" type="JOINT">
                          <matrix sid="matrix">0.985689 -0.167492 0.019079 -0.008944 0.167996 0.985365 -0.028876 0.032487 -0.013964 0.031668 0.999401 -0.000000 0.000000 0.000000 0.000000 1.000000</matrix>
                          <node id="mixamorig_LeftHandThumb3" name="mixamorig_LeftHandThumb3" sid="mixamorig_LeftHandThumb3" type="JOINT">
                            <matrix sid="matrix">0.982100 -0.187673 -0.016094 0.001146 0.187703 0.982226 0.000396 0.044848 0.015734 -0.003410 0.999870 -0.000000 0.000000 0.000000 0.000000 1.000000</matrix>
                            <node id="mixamorig_LeftHandThumb4" name="mixamorig_LeftHandThumb4" sid="mixamorig_LeftHandThumb4" type="JOINT">
                              <matrix sid="matrix">1.000000 0.000000 0.000000 0.007797 0.000000 1.000000 0.000000 0.035994 -0.000000 0.000000 1.000000 -0.000000 0.000000 0.000000 0.000000 1.000000</matrix>
                            </node>
                          </node>
                        </node>
                      </node>
                      <node id="mixamorig_LeftHandIndex1" name="mixamorig_LeftHandIndex1" sid="mixamorig_LeftHandIndex1" type="JOINT">
                        <matrix sid="matrix">0.968702 -0.234533 0.081308 0.000000 0.227028 0.704644 -0.672261 0.030000 0.100375 0.669680 0.735836 0.000874 0.000000 0.000000 0.000000 1.000000</matrix>
                        <node id="mixamorig_LeftHandIndex2" name="mixamorig_LeftHandIndex2" sid="mixamorig_LeftHandIndex2" type="JOINT">
                          <matrix sid="matrix">0.927101 -0.306336 0.215966 0.001296 0.269351 0.143842 -0.952239 0.074009 0.260640 0.940993 0.215868 0.000000 0.000000 0.000000 0.000000 1.000000</matrix>
                          <node id="mixamorig_LeftHandIndex3" name="mixamorig_LeftHandIndex3" sid="mixamorig_LeftHandIndex3" type="JOINT">
                            <matrix sid="matrix">0.999944 -0.010557 0.001135 -0.000988 0.010557 0.999944 0.000020 0.058368 -0.001135 -0.000008 0.999999 -0.000000 0.000000 0.000000 0.000000 1.000000</matrix>
                            <node id="mixamorig_LeftHandIndex4" name="mixamorig_LeftHandIndex4" sid="mixamorig_LeftHandIndex4" type="JOINT">
                              <matrix sid="matrix">1.000000 0.000000 -0.000000 -0.000308 0.000000 1.000000 0.000000 0.045680 -0.000000 -0.000000 1.000000 -0.000000 0.000000 0.000000 0.000000 1.000000</matrix>
                            </node>
                          </node>
                        </node>
                      </node>
                    </node>
                  </node>
                </node>
              </node>
              <node id="mixamorig_RightShoulder" name="mixamorig_RightShoulder" sid="mixamorig_RightShoulder" type="JOINT">
                <matrix sid="matrix">0.118915 -0.813010 0.569978 -0.050562 -0.026624 -0.576455 -0.816695 0.103871 0.992547 0.081942 -0.090195 -0.000304 0.000000 0.000000 0.000000 1.000000</matrix>
                <node id="mixamorig_RightArm" name="mixamorig_RightArm" sid="mixamorig_RightArm" type="JOINT">
                  <matrix sid="matrix">0.937979 -0.238770 0.251363 -0.000000 0.332759 0.823509 -0.459461 0.107551 -0.097294 0.514608 0.851888 0.000000 0.000000 0.000000 0.000000 1.000000</matrix>
                  <node id="mixamorig_RightForeArm" name="mixamorig_RightForeArm" sid="mixamorig_RightForeArm" type="JOINT">
                    <matrix sid="matrix">0.888976 0.389845 -0.240298 0.000000 -0.436430 0.880170 -0.186627 0.143797 0.138747 0.270780 0.952590 -0.000000 0.000000 0.000000 0.000000 1.000000</matrix>
                    <node id="mixamorig_RightHand" name="mixamorig_RightHand" sid="mixamorig_RightHand" type="JOINT">
                      <matrix sid="matrix">0.800320 0.150753 -0.580312 0.000000 -0.062430 0.983566 0.169411 0.184635 0.596315 -0.099354 0.796579 -0.000000 0.000000 0.000000 0.000000 1.000000</matrix>
                      <node id="mixamorig_RightHandThumb1" name="mixamorig_RightHandThumb1" sid="mixamorig_RightHandThumb1" type="JOINT">
                        <matrix sid="matrix">0.964303 0.233556 -0.124783 0.042292 -0.257704 0.936095 -0.239404 0.015529 0.060894 0.263015 0.962868 0.000000 0.000000 0.000000 0.000000 1.000000</matrix>
                        <node id="mixamorig_RightHandThumb2" name="mixamorig_RightHandThumb2" sid="mixamorig_RightHandThumb2" type="JOINT">
                          <matrix sid="matrix">0.889817 0.128502 -0.437850 0.008410 -0.230297 0.954828 -0.187792 0.035047 0.393940 0.267936 0.879217 -0.000000 0.000000 0.000000 0.000000 1.000000</matrix>
                          <node id="mixamorig_RightHandThumb3" name="mixamorig_RightHandThumb3" sid="mixamorig_RightHandThumb3" type="JOINT">
                            <matrix sid="matrix">0.997013 0.070807 0.030862 -0.003419 -0.070915 0.997479 0.002428 0.043221 -0.030612 -0.004610 0.999521 0.000000 0.000000 0.000000 0.000000 1.000000</matrix>
                            <node id="mixamorig_RightHandThumb4" name="mixamorig_RightHandThumb4" sid="mixamorig_RightHandThumb4" type="JOINT">
                              <matrix sid="matrix">1.000000 -0.000000 0.000000 -0.004991 0.000000 1.000000 0.000000 0.033169 0.000000 -0.000000 1.000000 -0.000000 0.000000 0.000000 0.000000 1.000000</matrix>
                            </node>
                          </node>
                        </node>
                      </node>
                      <node id="mixamorig_RightHandIndex1" name="mixamorig_RightHandIndex1" sid="mixamorig_RightHandIndex1" type="JOINT">
                        <matrix sid="matrix">0.982862 0.184327 -0.002300 0.000000 -0.143185 0.755509 -0.639300 0.041711 -0.116103 0.628673 0.768954 0.000727 0.000000 0.000000 0.000000 1.000000</matrix>
                        <node id="mixamorig_RightHandIndex2" name="mixamorig_RightHandIndex2" sid="mixamorig_RightHandIndex2" type="JOINT">
                          <matrix sid="matrix">0.965736 0.242273 -0.093048 -0.002062 -0.187644 0.404150 -0.895239 0.068874 -0.179286 0.882024 0.435763 0.000000 0.000000 0.000000 0.000000 1.000000</matrix>
                          <node id="mixamorig_RightHandIndex3" name="mixamorig_RightHandIndex3" sid="mixamorig_RightHandIndex3" type="JOINT">
                            <matrix sid="matrix">0.999602 0.028044 -0.003156 0.001823 -0.028044 0.999607 0.000102 0.055104 0.003158 -0.000014 0.999995 0.000000 0.000000 0.000000 0.000000 1.000000</matrix>
                            <node id="mixamorig_RightHandIndex4" name="mixamorig_RightHandIndex4" sid="mixamorig_RightHandIndex4" type="JOINT">
                              <matrix sid="matrix">1.000000 -0.000000 0.000000 0.000239 0.000000 1.000000 0.000000 0.043373 0.000000 0.000000 1.000000 -0.000000 0.000000 0.000000 0.000000 1.000000</matrix>
                            </node>
                          </node>
                        </node>
                      </node>
                    </node>
                  </node>
                </node>
              </node>
            </node>
          </node>
        </node>
        <node id="mixamorig_LeftUpLeg" name="mixamorig_LeftUpLeg" sid="mixamorig_LeftUpLeg" type="JOINT">
          <matrix sid="matrix">-0.991389 0.096205 0.088838 0.088680 -0.044555 -0.885759 0.462002 -0.045111 0.123136 0.454066 0.882418 -0.002285 0.000000 0.000000 0.000000 1.000000</matrix>
          <node id="mixamorig_LeftLeg" name="mixamorig_LeftLeg" sid="mixamorig_LeftLeg" type="JOINT">
            <matrix sid="matrix">0.999264 -0.038357 0.000533 0.000000 0.012600 0.341318 0.939863 0.213413 -0.036232 -0.939165 0.341550 -0.000000 0.000000 0.000000 0.000000 1.000000</matrix>
            <node id="mixamorig_LeftFoot" name="mixamorig_LeftFoot" sid="mixamorig_LeftFoot" type="JOINT">
              <matrix sid="matrix">0.987177 -0.157165 0.027942 0.000000 0.109055 0.536174 -0.837033 0.190680 0.116571 0.829347 0.546438 0.000000 0.000000 0.000000 0.000000 1.000000</matrix>
              <node id="mixamorig_LeftToeBase" name="mixamorig_LeftToeBase" sid="mixamorig_LeftToeBase" type="JOINT">
                <matrix sid="matrix">0.988442 -0.115704 -0.097949 0.000000 -0.048311 0.372008 -0.926972 0.157516 0.143692 0.920990 0.362118 0.000000 0.000000 0.000000 0.000000 1.000000</matrix>
                <node id="mixamorig_LeftToe_End" name="mixamorig_LeftToe_End" sid="mixamorig_LeftToe_End" type="JOINT">
                  <matrix sid="matrix">1.000000 0.000000 0.000000 0.000000 0.000000 1.000000 0.000000 0.062635 -0.000000 0.000000 1.000000 0.000000 0.000000 0.000000 0.000000 1.000000</matrix>
                </node>
              </node>
            </node>
          </node>
        </node>
        <node id="mixamorig_RightUpLeg" name="mixamorig_RightUpLeg" sid="mixamorig_RightUpLeg" type="JOINT">
          <matrix sid="matrix">-0.985998 0.081387 -0.145545 -0.088680 -0.110080 -0.973284 0.201495 -0.045111 -0.125258 0.214696 0.968616 -0.001498 0.000000 0.000000 0.000000 1.000000</matrix>
          <node id="mixamorig_RightLeg" name="mixamorig_RightLeg" sid="mixamorig_RightLeg" type="JOINT">
            <matrix sid="matrix">0.989530 0.064862 -0.128931 0.000000 -0.004650 0.907191 0.420694 0.213356 0.144252 -0.415690 0.897994 0.000000 0.000000 0.000000 0.000000 1.000000</matrix>
            <node id="mixamorig_RightFoot" name="mixamorig_RightFoot" sid="mixamorig_RightFoot" type="JOINT">
              <matrix sid="matrix">0.969579 0.212987 -0.120640 -0.000000 -0.198127 0.393428 -0.897753 0.191328 -0.143746 0.894344 0.423658 0.000000 0.000000 0.000000 0.000000 1.000000</matrix>
              <node id="mixamorig_RightToeBase" name="mixamorig_RightToeBase" sid="mixamorig_RightToeBase" type="JOINT">
                <matrix sid="matrix">0.994092 0.073523 0.079843 -0.000000 -0.001370 0.744064 -0.668107 0.158721 -0.108529 0.664051 0.739769 0.000000 0.000000 0.000000 0.000000 1.000000</matrix>
                <node id="mixamorig_RightToe_End" name="mixamorig_RightToe_End" sid="mixamorig_RightToe_End" type="JOINT">
                  <matrix sid="matrix">1.000000 0.000000 0.000000 0.000000 0.000000 1.000000 0.000000 0.061416 0.000000 0.000000 1.000000 -0.000000 0.000000 0.000000 0.000000 1.000000</matrix>
                </node>
              </node>
            </node>
          </node>
        </node>
      </node>
    </visual_scene>
  </library_visual_scenes>
  <scene>
    <instance_visual_scene url="#RootNode"/>
  </scene>
</COLLADA>
