# Blender 4.3.2
# www.blender.org
mtllib @player.mtl
o @player
v -0.105280 0.960406 -0.067462
v -0.045349 0.977938 0.165574
v -0.045349 0.853845 0.165574
v -0.049664 0.823606 -0.164467
v -0.049664 0.960233 -0.152982
v -0.102679 0.834027 -0.073205
v -0.102679 0.844252 0.071357
v -0.105280 0.968999 0.071357
v -0.048386 1.028708 -0.083141
v -0.048386 1.037820 0.075421
v -0.048386 0.762616 0.075421
v -0.048386 0.740970 -0.094626
v -0.086772 0.775668 -0.068931
v -0.082975 0.972396 0.137798
v -0.082975 0.957229 -0.118262
v -0.086772 1.013137 -0.074943
v -0.086772 0.793397 0.070127
v -0.045186 0.800188 0.143526
v -0.082975 0.854571 0.137798
v -0.049501 0.760860 -0.154441
v -0.082975 0.833524 -0.128311
v -0.086772 1.016799 0.070127
v -0.045186 1.018216 0.134343
v -0.049501 1.006095 -0.136170
v -0.046271 0.911016 0.173775
v -0.050587 0.895139 -0.160722
v -0.104920 0.898533 -0.065337
v -0.103323 0.904899 0.073604
v -0.110001 0.837160 -0.004773
v -0.112601 0.965688 -0.003337
v -0.050827 1.041194 -0.006889
v -0.050827 0.742440 -0.009760
v -0.073413 0.814584 0.120207
v -0.073413 0.769834 -0.123305
v -0.073413 1.011497 0.120207
v -0.077378 0.999882 -0.120545
v -0.091653 0.779407 -0.008513
v -0.082669 0.908542 0.142333
v -0.083937 0.897684 -0.120979
v -0.091653 1.016531 -0.006001
v -0.111333 0.900616 -0.001920
v -0.028514 0.736670 0.037995
v -0.033249 0.729784 -0.000259
v -0.028234 0.728014 -0.037461
v -0.025348 0.709553 0.040294
v -0.035963 0.702415 0.003157
v -0.025348 0.700122 -0.033795
v -0.053486 0.699564 0.041240
v -0.063004 0.696144 0.000822
v -0.053487 0.690799 -0.036852
v -0.069606 0.613778 0.048716
v -0.081996 0.608385 -0.010775
v -0.069606 0.605693 -0.064197
v -0.077694 0.400898 0.035672
v -0.091020 0.392232 -0.027203
v -0.074291 0.390171 -0.080769
v -0.066884 0.490396 -0.077984
v -0.078788 0.492407 -0.025391
v -0.066884 0.497375 0.029928
v -0.063363 0.646565 -0.051480
v -0.063363 0.654976 0.054957
v -0.029493 0.358991 -0.090395
v -0.004562 0.324995 0.011887
v -0.046922 0.357314 0.061568
v -0.021764 0.979661 0.168355
v -0.021764 0.852303 0.172299
v -0.021764 0.818665 -0.171414
v -0.021764 0.961820 -0.159929
v -0.023219 1.035657 -0.085369
v -0.023219 1.042157 0.077650
v -0.023219 0.757300 0.077650
v -0.023219 0.735122 -0.096855
v -0.021686 0.796841 0.147993
v -0.021686 0.751716 -0.158963
v -0.021686 1.021608 0.138810
v -0.021686 1.009453 -0.141735
v -0.022206 0.911934 0.176901
v -0.022206 0.894256 -0.170425
v -0.024389 1.044270 -0.006889
v -0.015428 0.739555 0.051955
v -0.013698 0.726986 -0.045691
v -0.012179 0.710499 0.046709
v -0.012179 0.699252 -0.041890
v -0.025663 0.700661 0.047867
v -0.025663 0.689723 -0.045874
v -0.033388 0.614447 0.058859
v -0.033388 0.605220 -0.076043
v -0.037264 0.404421 0.056572
v -0.037264 0.389375 -0.097533
v -0.032083 0.497901 0.041650
v -0.032083 0.490088 -0.089643
v -0.030396 0.645803 -0.063075
v -0.030396 0.655851 0.065194
v -0.016434 0.241322 0.022097
v -0.035697 0.234876 -0.047121
v -0.065996 0.247645 0.049007
v -0.092040 0.250566 -0.020559
v -0.019017 0.209219 0.035567
v -0.037744 0.194359 -0.029530
v -0.067546 0.210197 0.064233
v -0.093329 0.203131 -0.003428
v -0.023736 0.144237 0.052526
v -0.041319 0.135764 -0.003795
v -0.066039 0.140040 0.079136
v -0.087827 0.138443 0.020144
v -0.025871 0.292805 -0.061693
v -0.092832 0.312682 -0.027774
v -0.009126 0.280279 0.017216
v -0.062688 0.296702 0.051638
v -0.014104 0.337853 0.054906
v -0.065510 0.369427 -0.070774
v -0.035927 0.245581 0.046437
v -0.067227 0.241737 -0.045427
v -0.039017 0.210479 0.062613
v -0.068872 0.195874 -0.027153
v -0.041839 0.141474 0.074448
v -0.068290 0.134835 -0.001050
v -0.028978 0.288869 0.051264
v -0.063306 0.303035 -0.058401
v -0.014035 0.333251 -0.033987
v -0.079549 0.368767 0.022680
v -0.015444 0.237327 -0.016616
v -0.088071 0.250179 0.018918
v -0.018295 0.199972 -0.000812
v -0.089859 0.206351 0.037260
v -0.023499 0.140060 0.019202
v -0.086969 0.138907 0.054808
v -0.088327 0.305816 0.022275
v -0.007324 0.285817 -0.027714
v -0.116670 0.681613 0.027673
v -0.118623 0.685772 -0.002221
v -0.115076 0.678938 -0.027359
v -0.111343 0.626394 0.029735
v -0.114830 0.615637 -0.009960
v -0.109873 0.621241 -0.045604
v -0.113327 0.648629 -0.037119
v -0.340503 0.659039 0.008680
v -0.114856 0.653990 0.031796
v -0.183879 0.673783 0.021707
v -0.186396 0.675490 -0.002327
v -0.182458 0.668805 -0.024731
v -0.179131 0.621975 0.026153
v -0.181114 0.611880 -0.009224
v -0.177821 0.617383 -0.034446
v -0.180899 0.641792 -0.036697
v -0.242416 0.636662 -0.045205
v -0.182263 0.646570 0.032593
v -0.340839 0.655671 -0.011448
v -0.339121 0.654940 -0.030210
v -0.334508 0.615926 0.012403
v -0.333394 0.606435 -0.017224
v -0.333233 0.612145 -0.037282
v -0.336761 0.632419 -0.040762
v -0.387004 0.645396 0.015535
v -0.338088 0.636352 0.018545
v -0.238442 0.612135 -0.041277
v -0.239986 0.615130 0.023004
v -0.244022 0.641826 0.029610
v -0.239986 0.604365 -0.015555
v -0.248178 0.672645 -0.008038
v -0.246474 0.671419 0.018159
v -0.244801 0.666039 -0.032456
v -0.084808 0.692041 -0.001134
v -0.078223 0.686444 -0.033458
v -0.080865 0.619162 0.041315
v -0.082231 0.654974 0.046870
v -0.077774 0.620306 -0.053122
v -0.079242 0.647334 -0.045816
v -0.089277 0.609682 -0.010472
v -0.080865 0.691238 0.039578
v -0.359273 0.648164 0.018057
v -0.359427 0.646740 -0.012480
v -0.350753 0.646974 -0.038992
v -0.353963 0.619665 0.023732
v -0.353379 0.614585 -0.021155
v -0.343565 0.619102 -0.049219
v -0.346444 0.632573 -0.054584
v -0.460107 0.613609 0.005853
v -0.358661 0.632863 0.032522
v -0.390916 0.643181 -0.014499
v -0.385621 0.642700 -0.042495
v -0.381009 0.617040 0.021090
v -0.385953 0.610798 -0.023118
v -0.379734 0.614554 -0.053047
v -0.383262 0.627888 -0.058240
v -0.416952 0.604609 -0.019979
v -0.384589 0.630475 0.030254
v -0.463802 0.611513 -0.018352
v -0.458511 0.611910 -0.040914
v -0.451799 0.594556 0.010330
v -0.456182 0.589493 -0.025298
v -0.450327 0.592989 -0.049418
v -0.454937 0.601850 -0.053603
v -0.460775 0.600921 -0.019317
v -0.456469 0.603480 0.017715
v -0.412009 0.609958 0.020040
v -0.414262 0.619255 -0.051775
v -0.410733 0.607827 -0.047073
v -0.421915 0.632361 -0.012178
v -0.418003 0.634259 0.015011
v -0.415588 0.621472 0.028336
v -0.416621 0.631949 -0.037521
v -0.353587 0.626585 -0.075418
v -0.351439 0.613039 -0.071115
v -0.374562 0.624564 -0.071649
v -0.372414 0.611018 -0.067345
v -0.365016 0.619095 -0.094031
v -0.363721 0.605223 -0.090784
v -0.379709 0.621718 -0.074155
v -0.378415 0.607846 -0.070909
v -0.386954 0.611350 -0.114730
v -0.386047 0.601622 -0.112453
v -0.397259 0.613190 -0.100791
v -0.396351 0.603462 -0.098514
v -0.067169 0.071403 0.060344
v -0.032257 0.073216 0.024821
v -0.067806 0.070345 0.021950
v -0.036349 0.074582 0.064747
v -0.069227 0.070554 0.041290
v -0.032212 0.073485 0.046045
v -0.052907 0.073449 0.068416
v -0.059201 0.000192 -0.097356
v -0.087784 0.000192 -0.090959
v -0.042031 0.000191 0.077561
v -0.069304 0.000191 0.082370
v -0.036954 0.000192 -0.011368
v -0.073817 0.000192 -0.097947
v -0.095578 0.000191 0.000796
v -0.058231 0.000191 0.085504
v -0.066017 0.000191 -0.005633
v -0.035177 0.000192 -0.057127
v -0.100361 0.000191 -0.042986
v -0.070159 0.000192 -0.054057
v -0.086676 0.000191 0.049277
v -0.027796 0.000192 0.038241
v -0.061437 0.000191 0.047903
v -0.042949 0.000192 -0.078479
v -0.098363 0.000191 -0.066404
v -0.072230 0.000192 -0.078268
v -0.079274 0.000191 0.073328
v -0.058947 0.000191 0.075004
v -0.030337 0.000191 0.063999
v -0.033355 0.000192 0.011700
v -0.089469 0.000191 0.021594
v -0.063946 0.000191 0.018579
v -0.099391 0.000191 -0.020600
v -0.068088 0.000192 -0.029845
v -0.033262 0.000192 -0.034741
v -0.059648 0.023790 -0.096842
v -0.093188 0.023789 -0.090112
v -0.039701 0.023788 0.081759
v -0.066744 0.022366 0.081939
v -0.032842 0.023789 -0.011823
v -0.076766 0.023789 -0.097195
v -0.098389 0.023788 0.001202
v -0.055063 0.023788 0.087722
v -0.033835 0.023790 -0.060820
v -0.104001 0.023788 -0.045678
v -0.087025 0.023788 0.053050
v -0.024738 0.023789 0.041380
v -0.042952 0.023790 -0.083683
v -0.101369 0.023789 -0.070844
v -0.077948 0.021450 0.068759
v -0.028352 0.023789 0.069297
v -0.029328 0.023789 0.012877
v -0.091692 0.023788 0.023292
v -0.102862 0.023788 -0.021709
v -0.031588 0.023790 -0.036850
v -0.060325 0.033920 -0.095034
v -0.087781 0.033920 -0.091157
v -0.039855 0.038995 0.078822
v -0.066300 0.039412 0.078289
v -0.037919 0.038996 -0.015138
v -0.094188 0.038995 -0.005072
v -0.053742 0.039093 0.083340
v -0.038832 0.038997 -0.056397
v -0.099203 0.038995 -0.044245
v -0.083769 0.038995 0.047890
v -0.028993 0.039559 0.042218
v -0.044848 0.038997 -0.077499
v -0.097018 0.038995 -0.067616
v -0.074716 0.038837 0.064762
v -0.032612 0.039409 0.062821
v -0.034447 0.038996 0.002707
v -0.090764 0.038995 0.011771
v -0.098142 0.038995 -0.021903
v -0.036833 0.038996 -0.034040
v -0.062542 0.048510 -0.084067
v -0.080071 0.048510 -0.079859
v -0.039710 0.055049 0.075474
v -0.062707 0.055874 0.076109
v -0.051325 0.050801 -0.013312
v -0.082269 0.053750 -0.008982
v -0.051471 0.055650 0.077375
v -0.045339 0.050403 -0.048395
v -0.089538 0.053757 -0.043303
v -0.076756 0.058316 0.047598
v -0.030144 0.056462 0.041123
v -0.050656 0.052019 -0.069591
v -0.087185 0.052522 -0.063225
v -0.070665 0.055368 0.063722
v -0.033332 0.055313 0.060793
v -0.046905 0.055445 0.004382
v -0.075759 0.060039 0.003953
v -0.087444 0.053331 -0.024450
v -0.049063 0.051337 -0.031079
v -0.086860 0.000191 0.035548
v -0.062692 0.000191 0.033241
v -0.029938 0.000192 0.024858
v -0.089365 0.023788 0.038234
v -0.026222 0.023789 0.026966
v -0.087041 0.038995 0.030091
v -0.030287 0.038996 0.020362
v -0.077922 0.060038 0.028872
v -0.033258 0.060039 0.021091
v -0.067062 0.067331 0.063259
v -0.058993 0.065142 0.075496
v -0.049704 0.067382 0.074310
v -0.042532 0.068411 0.069977
v -0.071894 0.063780 0.026069
v -0.071733 0.067718 0.046209
v -0.032724 0.065764 0.060413
v -0.031000 0.066772 0.041209
v -0.032976 0.063781 0.019805
v -0.048599 0.064371 0.010065
v -0.066598 0.063780 0.014868
v -0.048708 0.071451 0.012877
v 0.105156 0.960406 -0.067462
v 0.045225 0.977938 0.165574
v 0.045225 0.853845 0.165574
v 0.049541 0.823606 -0.164467
v 0.049541 0.960233 -0.152982
v 0.102556 0.834027 -0.073205
v 0.102556 0.844252 0.071357
v 0.105156 0.968999 0.071357
v 0.048262 1.028708 -0.083141
v 0.048263 1.037820 0.075421
v 0.048263 0.762616 0.075421
v 0.048263 0.740970 -0.094626
v 0.086648 0.775668 -0.068931
v 0.082852 0.972396 0.137798
v 0.082852 0.957229 -0.118262
v 0.086648 1.013137 -0.074943
v 0.086648 0.793397 0.070127
v 0.045062 0.800188 0.143526
v 0.082852 0.854571 0.137798
v 0.049378 0.760860 -0.154441
v 0.082852 0.833524 -0.128311
v 0.086648 1.016799 0.070127
v 0.045062 1.018216 0.134343
v 0.049378 1.006095 -0.136170
v 0.046148 0.911016 0.173775
v -0.000062 0.981246 0.169771
v -0.000062 0.850884 0.173716
v 0.050463 0.895139 -0.160722
v -0.000062 0.814119 -0.172752
v -0.000062 0.961709 -0.166322
v 0.104797 0.898533 -0.065337
v 0.103200 0.904899 0.073604
v 0.109877 0.837160 -0.004773
v 0.112477 0.965688 -0.003337
v -0.000062 1.038916 -0.087420
v -0.000062 1.044763 0.079700
v 0.050703 1.041194 -0.006889
v 0.050703 0.742440 -0.009760
v -0.000062 0.755674 0.079700
v -0.000062 0.729742 -0.098905
v 0.073290 0.814584 0.120207
v 0.073290 0.769834 -0.123305
v 0.073290 1.011497 0.120207
v 0.077254 0.999882 -0.120545
v 0.091530 0.779407 -0.008513
v -0.000062 0.793761 0.152102
v 0.082546 0.908542 0.142333
v -0.000062 0.749679 -0.163124
v 0.083813 0.897684 -0.120979
v 0.091530 1.016531 -0.006001
v -0.000062 1.024729 0.141020
v -0.000062 1.012543 -0.145896
v -0.000062 0.912059 0.179361
v -0.000062 0.893443 -0.170587
v 0.111209 0.900616 -0.001920
v -0.000062 1.047284 -0.006889
v -0.000062 0.725619 -0.052966
v -0.000062 0.740523 0.051156
v 0.028391 0.736670 0.037995
v 0.033126 0.729784 -0.000259
v 0.028110 0.728014 -0.037461
v -0.000062 0.698452 -0.049337
v -0.000062 0.711370 0.054157
v 0.025224 0.709553 0.040294
v 0.035839 0.702415 0.003157
v 0.025224 0.700122 -0.033795
v -0.000062 0.688732 -0.054176
v -0.000062 0.701672 0.055511
v 0.053363 0.699564 0.041240
v 0.062881 0.696143 0.000822
v 0.053363 0.690799 -0.036852
v -0.000062 0.604786 -0.086944
v -0.000062 0.615063 0.068193
v 0.069483 0.613778 0.048716
v 0.081872 0.608385 -0.010775
v 0.069483 0.605693 -0.064197
v -0.000062 0.388871 -0.104024
v -0.000062 0.407086 0.069412
v 0.077571 0.400898 0.035672
v 0.090808 0.392236 -0.027372
v 0.073961 0.390169 -0.080808
v -0.000062 0.489806 -0.100371
v 0.066760 0.490396 -0.077984
v 0.078664 0.492407 -0.025391
v 0.066760 0.497375 0.029928
v -0.000062 0.498385 0.052435
v 0.063240 0.646565 -0.051480
v 0.063240 0.654976 0.054957
v -0.000062 0.656657 0.069280
v -0.000062 0.645101 -0.073745
v 0.029056 0.358979 -0.090110
v 0.004724 0.324997 0.011818
v 0.047284 0.357321 0.061503
v 0.000081 0.324996 0.011853
v 0.021640 0.979661 0.168355
v 0.021640 0.852303 0.172299
v 0.021640 0.818665 -0.171414
v 0.021640 0.961820 -0.159929
v 0.023096 1.035657 -0.085369
v 0.023096 1.042157 0.077650
v 0.023096 0.757300 0.077650
v 0.023096 0.735122 -0.096855
v 0.021562 0.796841 0.147993
v 0.021562 0.751716 -0.158963
v 0.021562 1.021608 0.138810
v 0.021562 1.009453 -0.141735
v 0.022082 0.911934 0.176901
v 0.022082 0.894256 -0.170425
v 0.024265 1.044270 -0.006889
v 0.015304 0.739555 0.051955
v 0.013575 0.726986 -0.045691
v 0.012055 0.710499 0.046709
v 0.012055 0.699252 -0.041889
v 0.025539 0.700661 0.047868
v 0.025539 0.689723 -0.045874
v 0.033264 0.614447 0.058859
v 0.033264 0.605220 -0.076043
v 0.037140 0.404421 0.056572
v 0.037140 0.389375 -0.097533
v 0.031960 0.497901 0.041650
v 0.031960 0.490088 -0.089643
v 0.030273 0.645803 -0.063075
v 0.030273 0.655851 0.065194
v -0.000062 0.357351 -0.094615
v -0.000062 0.357351 0.060433
v 0.016815 0.241304 0.022918
v 0.035161 0.234860 -0.046725
v 0.066722 0.247663 0.048697
v 0.091837 0.250591 -0.021451
v 0.019594 0.209200 0.036333
v 0.037463 0.194349 -0.029179
v 0.068494 0.210210 0.063892
v 0.093379 0.203158 -0.004344
v 0.024573 0.144218 0.053180
v 0.041410 0.135758 -0.003532
v 0.067223 0.140049 0.078824
v 0.088226 0.138467 0.019346
v 0.025111 0.292780 -0.061084
v 0.092498 0.312707 -0.028696
v 0.009422 0.280256 0.018196
v 0.063422 0.296719 0.051392
v 0.014631 0.337858 0.054695
v 0.064963 0.369424 -0.070835
v 0.000257 0.334198 0.053064
v 0.036625 0.245579 0.046810
v 0.066703 0.241742 -0.045750
v 0.039948 0.210473 0.062921
v 0.068615 0.195884 -0.027509
v 0.042964 0.141466 0.074686
v 0.068414 0.134846 -0.001401
v 0.029717 0.288864 0.051786
v 0.062578 0.303035 -0.058645
v 0.013797 0.333256 -0.034192
v 0.079596 0.368779 0.022302
v -0.000106 0.329494 -0.031428
v 0.015315 0.237303 -0.015765
v 0.088393 0.250207 0.018109
v 0.018395 0.199951 -0.000024
v 0.090447 0.206378 0.036416
v 0.023897 0.140041 0.019866
v 0.087826 0.138929 0.054024
v 0.088662 0.305845 0.021449
v 0.007022 0.285785 -0.026687
v 0.116546 0.681613 0.027673
v 0.118499 0.685772 -0.002221
v 0.114952 0.678938 -0.027359
v 0.111219 0.626394 0.029735
v 0.114707 0.615636 -0.009960
v 0.109749 0.621241 -0.045604
v 0.113203 0.648629 -0.037119
v 0.340380 0.659039 0.008680
v 0.114733 0.653990 0.031796
v 0.183755 0.673783 0.021708
v 0.186272 0.675490 -0.002327
v 0.182335 0.668805 -0.024731
v 0.179008 0.621975 0.026153
v 0.180990 0.611880 -0.009224
v 0.177697 0.617383 -0.034445
v 0.180776 0.641792 -0.036697
v 0.242292 0.636663 -0.045204
v 0.182139 0.646570 0.032593
v 0.340715 0.655671 -0.011448
v 0.338997 0.654941 -0.030210
v 0.334385 0.615926 0.012403
v 0.333270 0.606435 -0.017224
v 0.333109 0.612145 -0.037281
v 0.336638 0.632419 -0.040762
v 0.386880 0.645396 0.015535
v 0.337965 0.636353 0.018545
v 0.238319 0.612136 -0.041277
v 0.239863 0.615130 0.023005
v 0.243898 0.641826 0.029610
v 0.239862 0.604366 -0.015554
v 0.248055 0.672645 -0.008037
v 0.246351 0.671419 0.018159
v 0.244677 0.666039 -0.032456
v 0.084685 0.692041 -0.001133
v 0.078099 0.686444 -0.033458
v 0.080741 0.619162 0.041315
v 0.082107 0.654974 0.046870
v 0.077651 0.620306 -0.053122
v 0.079119 0.647334 -0.045816
v 0.089153 0.609682 -0.010472
v 0.080742 0.691238 0.039578
v 0.359149 0.648165 0.018057
v 0.359304 0.646740 -0.012479
v 0.350629 0.646975 -0.038992
v 0.353839 0.619665 0.023733
v 0.353255 0.614586 -0.021155
v 0.343442 0.619103 -0.049218
v 0.346321 0.632573 -0.054583
v 0.459983 0.613609 0.005854
v 0.358538 0.632863 0.032523
v 0.390792 0.643182 -0.014499
v 0.385498 0.642701 -0.042495
v 0.380886 0.617040 0.021090
v 0.385829 0.610798 -0.023117
v 0.379610 0.614554 -0.053046
v 0.383139 0.627888 -0.058240
v 0.416828 0.604609 -0.019979
v 0.384465 0.630475 0.030254
v 0.463678 0.611513 -0.018352
v 0.458388 0.611910 -0.040914
v 0.451676 0.594556 0.010331
v 0.456059 0.589493 -0.025297
v 0.450204 0.592989 -0.049418
v 0.454814 0.601850 -0.053603
v 0.460652 0.600921 -0.019316
v 0.456345 0.603480 0.017716
v 0.411885 0.609958 0.020040
v 0.414138 0.619255 -0.051774
v 0.410610 0.607827 -0.047073
v 0.421791 0.632361 -0.012177
v 0.417880 0.634259 0.015011
v 0.415465 0.621472 0.028336
v 0.416497 0.631949 -0.037520
v 0.353464 0.626586 -0.075418
v 0.351315 0.613040 -0.071114
v 0.374439 0.624564 -0.071648
v 0.372290 0.611018 -0.067344
v 0.364892 0.619095 -0.094030
v 0.363598 0.605224 -0.090784
v 0.379585 0.621719 -0.074154
v 0.378291 0.607847 -0.070908
v 0.386831 0.611351 -0.114729
v 0.385923 0.601622 -0.112453
v 0.397135 0.613190 -0.100790
v 0.396228 0.603462 -0.098514
v 0.068051 0.071409 0.060147
v 0.032962 0.073209 0.025077
v 0.068434 0.070349 0.021810
v 0.037311 0.074577 0.064889
v 0.069980 0.070559 0.041101
v 0.033058 0.073478 0.046266
v 0.053866 0.073450 0.068364
v 0.060049 0.000190 -0.097356
v 0.088630 0.000190 -0.090958
v 0.042881 0.000190 0.077563
v 0.070152 0.000191 0.082373
v 0.037803 0.000190 -0.011366
v 0.074664 0.000190 -0.097946
v 0.096424 0.000191 0.000798
v 0.059080 0.000190 0.085506
v 0.066865 0.000190 -0.005631
v 0.036026 0.000190 -0.057126
v 0.101207 0.000191 -0.042984
v 0.071007 0.000190 -0.054055
v 0.087523 0.000191 0.049279
v 0.028647 0.000190 0.038242
v 0.062286 0.000190 0.047905
v 0.043798 0.000190 -0.078478
v 0.099208 0.000191 -0.066402
v 0.073077 0.000190 -0.078267
v 0.080121 0.000191 0.073330
v 0.059795 0.000190 0.075006
v 0.031187 0.000190 0.064000
v 0.034205 0.000190 0.011701
v 0.090316 0.000191 0.021597
v 0.064794 0.000190 0.018581
v 0.100236 0.000191 -0.020599
v 0.068936 0.000190 -0.029843
v 0.034112 0.000190 -0.034740
v 0.060495 0.023788 -0.096841
v 0.094033 0.023788 -0.090111
v 0.040551 0.023788 0.081761
v 0.067591 0.022366 0.081941
v 0.033691 0.023788 -0.011822
v 0.077612 0.023788 -0.097194
v 0.099235 0.023788 0.001204
v 0.055911 0.023788 0.087724
v 0.034684 0.023787 -0.060819
v 0.104845 0.023788 -0.045677
v 0.087871 0.023788 0.053052
v 0.025588 0.023787 0.041381
v 0.043801 0.023788 -0.083682
v 0.102214 0.023788 -0.070843
v 0.078795 0.021450 0.068761
v 0.029202 0.023788 0.069299
v 0.030178 0.023788 0.012878
v 0.092538 0.023788 0.023295
v 0.103707 0.023788 -0.021707
v 0.032438 0.023788 -0.036850
v 0.061172 0.033919 -0.095034
v 0.088626 0.033919 -0.091156
v 0.040704 0.038995 0.078824
v 0.067147 0.039413 0.078291
v 0.038767 0.038995 -0.015137
v 0.095033 0.038995 -0.005070
v 0.054590 0.039093 0.083342
v 0.039680 0.038995 -0.056396
v 0.100048 0.038995 -0.044243
v 0.084614 0.038995 0.047892
v 0.029842 0.039558 0.042219
v 0.045696 0.038995 -0.077499
v 0.097862 0.038995 -0.067615
v 0.075562 0.038837 0.064764
v 0.033461 0.039409 0.062823
v 0.035295 0.038995 0.002708
v 0.091609 0.038995 0.011773
v 0.098987 0.038995 -0.021902
v 0.037681 0.038995 -0.034040
v 0.063389 0.048509 -0.084066
v 0.080916 0.048509 -0.079858
v 0.040558 0.055048 0.075476
v 0.063553 0.055874 0.076111
v 0.052172 0.050800 -0.013311
v 0.083114 0.053749 -0.008980
v 0.052318 0.055650 0.077376
v 0.046186 0.050402 -0.048394
v 0.090383 0.053757 -0.043302
v 0.077602 0.058316 0.047600
v 0.030993 0.056461 0.041124
v 0.051503 0.052018 -0.069590
v 0.088030 0.052521 -0.063224
v 0.071511 0.055368 0.063724
v 0.034181 0.055312 0.060795
v 0.047753 0.055444 0.004383
v 0.076604 0.060039 0.003954
v 0.088289 0.053331 -0.024448
v 0.049911 0.051336 -0.031078
v 0.087706 0.000191 0.035551
v 0.063540 0.000190 0.033243
v 0.030788 0.000190 0.024859
v 0.090210 0.023788 0.038236
v 0.027072 0.023788 0.026967
v 0.087887 0.038995 0.030093
v 0.031136 0.038995 0.020363
v 0.078767 0.060039 0.028873
v 0.034106 0.060038 0.021093
v 0.067908 0.067331 0.063261
v 0.059839 0.065143 0.075498
v 0.050551 0.067382 0.074312
v 0.043380 0.068411 0.069978
v 0.072740 0.063780 0.026071
v 0.072579 0.067718 0.046211
v 0.033573 0.065764 0.060415
v 0.031848 0.066771 0.041210
v 0.033824 0.063780 0.019807
v 0.049446 0.064370 0.010067
v 0.067444 0.063780 0.014870
v 0.049308 0.071448 0.012967
v 0.431780 0.602257 0.015185
v 0.430407 0.600408 -0.048245
v 0.442734 0.621937 -0.015264
v 0.436443 0.597051 -0.022638
v 0.434476 0.610553 -0.052688
v 0.438931 0.623934 0.010433
v 0.435905 0.612476 0.023026
v 0.437442 0.621930 -0.039217
v -0.431904 0.602257 0.015185
v -0.430530 0.600408 -0.048246
v -0.442858 0.621937 -0.015265
v -0.436567 0.597051 -0.022639
v -0.434599 0.610553 -0.052689
v -0.439055 0.623934 0.010432
v -0.436029 0.612476 0.023026
v -0.437566 0.621929 -0.039218
v -0.401452 0.607703 -0.021548
v -0.398762 0.623571 -0.055007
v -0.402504 0.639828 0.015273
v -0.400089 0.625973 0.029295
v -0.401121 0.637325 -0.040008
v -0.396509 0.613499 0.020565
v -0.395234 0.611190 -0.050060
v -0.406415 0.637771 -0.013339
v 0.401329 0.607703 -0.021548
v 0.398638 0.623572 -0.055007
v 0.402380 0.639828 0.015274
v 0.399965 0.625974 0.029295
v 0.400997 0.637325 -0.040008
v 0.396385 0.613499 0.020565
v 0.395110 0.611190 -0.050060
v 0.406292 0.637771 -0.013338
v -0.209559 0.618553 0.024579
v -0.209574 0.608123 -0.012389
v -0.215177 0.672601 0.019933
v -0.213630 0.667422 -0.028594
v -0.208132 0.614759 -0.037862
v -0.213143 0.644198 0.031102
v -0.214510 0.674067 -0.005182
v 0.209435 0.618553 0.024579
v 0.209450 0.608123 -0.012389
v 0.215053 0.672601 0.019933
v 0.213506 0.667422 -0.028593
v 0.208008 0.614759 -0.037861
v 0.213019 0.644198 0.031102
v 0.214387 0.674067 -0.005182
v -0.000062 0.439339 -0.102197
v -0.085613 0.442308 -0.026244
v -0.000062 0.452736 0.060924
v -0.071179 0.440293 -0.079271
v -0.072289 0.449137 0.032800
v -0.034674 0.451161 0.049111
v -0.034674 0.439732 -0.093588
v 0.085440 0.442310 -0.026340
v 0.070941 0.440292 -0.079298
v 0.072165 0.449137 0.032800
v 0.034550 0.451161 0.049111
v 0.034550 0.439732 -0.093588
v -0.068245 0.548044 -0.071090
v -0.068245 0.555577 0.039322
v -0.000062 0.547296 -0.093657
v -0.080392 0.550396 -0.018083
v -0.000062 0.556724 0.060314
v -0.032736 0.547654 -0.082843
v -0.032736 0.556174 0.050254
v 0.068121 0.548044 -0.071090
v 0.068121 0.555577 0.039322
v 0.080268 0.550396 -0.018083
v 0.032612 0.547654 -0.082843
v 0.032612 0.556174 0.050254
v -0.287668 0.612140 -0.039280
v -0.292885 0.639089 0.024077
v -0.295791 0.664158 -0.009743
v -0.291419 0.634541 -0.042983
v -0.289078 0.615528 0.017704
v -0.290623 0.605400 -0.016389
v -0.295319 0.665229 0.013419
v -0.293791 0.660490 -0.031333
v 0.287544 0.612140 -0.039279
v 0.292762 0.639089 0.024077
v 0.295668 0.664158 -0.009743
v 0.291296 0.634541 -0.042983
v 0.288954 0.615528 0.017704
v 0.290499 0.605400 -0.016389
v 0.295196 0.665229 0.013420
v 0.293667 0.660490 -0.031333
v -0.148944 0.645211 -0.036908
v -0.150390 0.650280 0.032194
v -0.152105 0.677698 0.024690
v -0.153892 0.680631 -0.002274
v -0.150598 0.673872 -0.026045
v -0.148145 0.613758 -0.009592
v -0.145677 0.619312 -0.040025
v -0.147068 0.624185 0.027944
v 0.148820 0.645211 -0.036908
v 0.150266 0.650280 0.032194
v 0.151981 0.677698 0.024690
v 0.153768 0.680631 -0.002274
v 0.150474 0.673871 -0.026045
v 0.148021 0.613758 -0.009592
v 0.145554 0.619312 -0.040025
v 0.146944 0.624185 0.027944
v -0.017724 0.225607 0.028266
v -0.036721 0.214145 -0.038775
v -0.092684 0.226680 -0.012744
v -0.068049 0.218349 -0.036873
v -0.037470 0.228642 0.053864
v -0.088964 0.228552 0.027337
v -0.016869 0.218534 -0.009210
v 0.018195 0.225587 0.029061
v 0.036307 0.214134 -0.038399
v 0.092597 0.226706 -0.013645
v 0.067652 0.218358 -0.037210
v 0.038276 0.228636 0.054207
v 0.089408 0.228578 0.026513
v 0.016848 0.218511 -0.008389
vn -0.9632 0.1298 -0.2353
vn -0.9998 -0.0176 0.0025
vn -0.9830 0.1826 -0.0170
vn -0.7684 0.6395 -0.0251
vn -0.7330 0.6453 -0.2152
vn -0.6988 0.4797 -0.5307
vn -0.8385 0.0513 -0.5424
vn -0.9734 -0.0034 -0.2289
vn -0.3424 0.7515 0.5640
vn -0.7945 0.2354 0.5598
vn -0.3689 0.3406 0.8648
vn -0.3949 -0.0171 0.9185
vn -0.1125 0.3601 0.9261
vn -0.0000 0.0239 0.9997
vn -0.0000 0.3694 0.9293
vn -0.1843 0.7858 0.5904
vn -0.4442 -0.2304 0.8658
vn -0.8275 -0.0140 0.5613
vn -0.7893 -0.2184 0.5738
vn -0.7470 -0.4614 0.4786
vn -0.4574 -0.5863 0.6686
vn -0.2171 -0.6517 0.7268
vn -0.0000 -0.2489 0.9685
vn -0.1778 -0.2359 0.9554
vn -0.1290 0.0126 0.9916
vn -0.5221 -0.0648 -0.8504
vn -0.8263 -0.4448 -0.3454
vn -0.8629 -0.0743 -0.4998
vn -0.5517 0.0834 -0.8298
vn -0.1584 -0.0745 -0.9846
vn -0.0000 0.0384 -0.9993
vn -0.0000 -0.0879 -0.9961
vn -0.2592 -0.6620 -0.7033
vn -0.4809 0.1764 -0.8588
vn -0.8613 0.0451 -0.5062
vn -0.3584 0.6336 -0.6856
vn -0.2603 0.2468 -0.9334
vn -0.0000 0.6833 -0.7301
vn -0.0000 0.2508 -0.9680
vn -0.1730 0.0697 -0.9825
vn -0.9651 -0.1408 -0.2207
vn -0.8393 -0.5409 0.0543
vn -0.9864 -0.1644 0.0063
vn -0.8602 -0.4985 -0.1080
vn -0.9623 -0.1670 0.2145
vn -0.9790 -0.0149 0.2032
vn -0.8002 -0.5334 0.2742
vn -0.9663 0.1710 0.1923
vn -0.6416 0.6201 0.4514
vn -0.7513 0.6423 0.1517
vn -0.3103 0.9494 -0.0488
vn -0.3313 0.9091 -0.2526
vn -0.2094 0.9437 -0.2561
vn -0.0000 0.9992 -0.0411
vn -0.0000 0.9625 -0.2711
vn -0.2250 0.6644 -0.7127
vn -0.3234 0.9319 0.1644
vn -0.0000 0.9833 0.1822
vn -0.1543 0.9725 0.1747
vn -0.1302 0.9903 -0.0491
vn -0.6301 -0.7727 0.0765
vn -0.6660 -0.6849 -0.2954
vn -0.9029 -0.4256 0.0599
vn -0.4723 -0.7965 0.3775
vn -0.0000 -0.8629 0.5053
vn -0.1683 -0.8466 0.5050
vn -0.4726 -0.8678 -0.1537
vn -0.5327 -0.5231 -0.6652
vn -0.0000 -0.9830 -0.1833
vn -0.2419 -0.9518 -0.1887
vn -0.2834 -0.6136 0.7370
vn -0.6136 0.4938 0.6162
vn -0.7288 -0.5478 0.4108
vn -0.0000 -0.8090 -0.5878
vn -0.4455 0.2670 -0.8546
vn -0.4018 -0.6893 -0.6028
vn -0.7009 0.7085 -0.0815
vn -0.3023 0.7937 0.5278
vn -0.0000 0.4652 -0.8852
vn -0.2601 0.5541 -0.7908
vn -0.6169 0.4990 -0.6087
vn -0.4615 0.1610 0.8724
vn -0.2612 0.7469 -0.6115
vn -0.2083 0.9733 -0.0965
vn -0.2564 0.4758 0.8414
vn -0.1970 -0.9804 -0.0067
vn -0.2328 -0.6434 0.7293
vn -0.0818 -0.9953 0.0513
vn -0.3290 0.0840 0.9406
vn -0.2704 -0.1291 0.9541
vn -0.2264 0.1348 0.9647
vn -0.0000 0.3608 -0.9326
vn -0.3038 0.2080 -0.9297
vn -0.2976 0.3454 -0.8900
vn -0.2672 0.2702 -0.9250
vn -0.1943 -0.5113 -0.8371
vn -0.1524 0.2749 -0.9493
vn -0.2975 0.0682 -0.9523
vn 0.0013 -0.1078 -0.9942
vn -0.2963 -0.1068 -0.9491
vn -0.9927 0.1177 -0.0272
vn -0.8147 0.0484 0.5779
vn -0.7756 0.1352 0.6166
vn -0.7420 0.0852 -0.6650
vn -0.9964 0.0180 -0.0829
vn -0.3418 0.1031 0.9341
vn -0.3542 0.1583 0.9217
vn -0.7343 -0.1213 0.6680
vn -0.3170 0.0096 0.9484
vn -0.2889 -0.1431 0.9466
vn -0.7389 0.0628 -0.6709
vn -0.9983 0.0571 -0.0153
vn -0.9996 -0.0270 -0.0060
vn -0.7621 0.0122 0.6473
vn -0.0000 0.1152 -0.9933
vn -0.3150 0.0994 -0.9439
vn -0.3113 0.1080 -0.9441
vn -0.2015 0.9762 -0.0805
vn -0.1835 0.7115 -0.6783
vn -0.1588 0.9845 -0.0747
vn -0.3940 0.0170 0.9190
vn -0.5237 -0.5743 0.6292
vn 0.5013 -0.2372 -0.8321
vn -0.4459 -0.2283 -0.8655
vn -0.4959 -0.2086 -0.8430
vn -0.7483 -0.2062 -0.6305
vn -0.7137 -0.3227 -0.6217
vn -0.9134 -0.0101 0.4070
vn -0.0000 0.1641 0.9864
vn -0.0000 0.2937 0.9559
vn -0.3117 0.3135 -0.8970
vn -0.7227 0.0874 -0.6856
vn -0.0000 0.0163 0.9999
vn -0.0000 -0.1392 0.9903
vn -0.0000 0.0081 1.0000
vn -0.0000 0.1828 0.9831
vn -0.6879 0.1033 -0.7185
vn -0.0000 -0.1106 0.9939
vn -0.0000 -0.0023 1.0000
vn -0.0000 -0.4801 0.8772
vn -0.1683 -0.4804 -0.8607
vn -0.3317 -0.0137 0.9433
vn -0.0017 -0.9690 -0.2471
vn 0.6446 -0.7507 0.1450
vn 0.5979 -0.6631 -0.4504
vn 0.0020 -0.1599 0.9871
vn 0.0043 -0.7795 0.6263
vn 0.1914 -0.4422 0.8763
vn 0.9432 0.0617 0.3266
vn 0.9546 -0.1773 -0.2395
vn 0.9512 -0.1790 -0.2515
vn 0.9485 -0.1172 0.2944
vn 0.9415 -0.2029 -0.2690
vn 0.9553 -0.1004 -0.2781
vn -0.9161 0.0483 0.3979
vn -0.9371 -0.0743 -0.3409
vn -0.9396 0.0705 0.3349
vn 0.4912 -0.1436 0.8591
vn -0.4398 0.1726 0.8813
vn 0.5156 0.0841 0.8527
vn -0.9226 0.1208 0.3663
vn -0.9362 -0.2090 -0.2826
vn -0.9252 -0.0849 0.3699
vn -0.9213 0.1782 0.3457
vn -0.9439 -0.1324 -0.3025
vn 0.4472 0.2516 0.8583
vn 0.4779 0.3234 0.8167
vn -0.3878 0.2711 0.8810
vn 0.4112 -0.3785 -0.8293
vn -0.4336 -0.3522 -0.8294
vn -0.4415 -0.3190 -0.8387
vn 0.4102 -0.3075 -0.8586
vn 0.9202 -0.0300 -0.3902
vn 0.1321 0.0731 -0.9885
vn 0.4789 0.0360 0.8771
vn -0.4523 -0.3112 -0.8358
vn 0.9392 0.0530 0.3393
vn 0.9504 -0.1550 -0.2696
vn -0.4372 -0.0271 0.8990
vn -0.9564 -0.0216 -0.2912
vn 0.9338 -0.0300 0.3566
vn 0.9952 0.0186 0.0958
vn -0.9431 -0.0904 -0.3201
vn 0.9433 -0.0455 0.3287
vn -0.1333 0.3280 0.9352
vn 0.7227 0.0353 0.6903
vn 0.4240 -0.3950 -0.8150
vn -0.8465 0.1253 -0.5175
vn -0.9832 0.1811 -0.0216
vn -0.3233 0.0090 0.9462
vn 0.3887 -0.3207 -0.8637
vn 0.0038 -0.6547 -0.7559
vn 0.0523 -0.9977 0.0433
vn 0.0583 -0.6739 -0.7365
vn -0.0631 -0.5870 -0.8072
vn -0.0593 0.2184 -0.9740
vn -0.0447 0.7464 -0.6639
vn -0.1260 0.7184 -0.6841
vn -0.0203 0.0562 0.9982
vn -0.1011 0.7858 0.6102
vn -0.0231 0.0575 0.9981
vn -0.1482 0.9845 -0.0934
vn -0.1326 0.7380 0.6616
vn -0.2711 0.7065 0.6537
vn -0.2341 0.0209 0.9720
vn -0.2393 0.7286 -0.6418
vn -0.3310 0.7195 0.6105
vn -0.6220 -0.1378 -0.7708
vn -0.1555 0.9816 -0.1111
vn -0.2434 0.8817 0.4042
vn -0.1726 0.8221 0.5426
vn -0.0236 -0.9997 0.0039
vn -0.0278 -0.7876 0.6156
vn -0.1989 -0.9797 0.0229
vn -0.0542 0.1211 -0.9912
vn -0.0336 -0.7689 -0.6385
vn 0.3896 0.2577 -0.8842
vn -0.1239 0.0435 0.9913
vn -0.0799 -0.7019 0.7078
vn -0.0905 0.9900 -0.1078
vn 0.0367 -0.6899 0.7230
vn 0.0171 -0.6614 0.7498
vn 0.0480 0.1630 -0.9855
vn 0.0879 -0.9954 0.0392
vn 0.0364 0.8537 -0.5194
vn -0.1933 0.8501 -0.4898
vn 0.1697 0.1259 0.9774
vn -0.0589 0.8618 0.5038
vn 0.1863 0.1033 0.9770
vn -0.2726 0.9597 -0.0684
vn -0.0851 -0.9963 -0.0128
vn -0.1153 0.7750 -0.6214
vn -0.0316 -0.6632 -0.7477
vn -0.3109 0.9441 -0.1093
vn 0.0451 0.7562 -0.6528
vn -0.0864 0.9898 -0.1130
vn -0.0327 0.9930 -0.1133
vn 0.1611 -0.6475 -0.7448
vn 0.0438 -0.9990 -0.0097
vn 0.0595 -0.6507 -0.7570
vn -0.0228 0.7488 -0.6624
vn 0.0307 0.1266 -0.9915
vn -0.0673 0.8054 0.5889
vn -0.0854 0.0508 0.9951
vn -0.0511 0.0597 0.9969
vn -0.0178 -0.7054 0.7086
vn 0.0410 -0.6983 0.7146
vn 0.1256 -0.9920 0.0140
vn -0.1081 0.8054 0.5828
vn -0.7644 -0.6443 -0.0245
vn -0.5881 -0.2217 0.7778
vn -0.2063 0.8894 -0.4080
vn -0.2347 0.9707 -0.0516
vn -0.1642 -0.9167 -0.3643
vn 0.6342 -0.6488 -0.4205
vn 0.5856 0.5617 -0.5844
vn -0.0983 0.1149 0.9885
vn 0.2242 -0.7396 0.6346
vn -0.4732 0.8076 0.3520
vn -0.6268 -0.1838 0.7571
vn -0.2605 0.0107 0.9654
vn -0.4372 0.8980 -0.0493
vn -0.8352 0.4715 0.2831
vn 0.3547 -0.9347 0.0238
vn -0.2568 -0.8898 0.3772
vn -0.4365 -0.8991 -0.0345
vn -0.0588 0.2295 -0.9715
vn -0.1525 -0.8248 -0.5445
vn -0.5600 -0.0300 -0.8280
vn 0.1024 -0.8466 0.5223
vn -0.5649 0.8057 -0.1780
vn -0.3018 -0.8615 0.4082
vn 0.1618 -0.9868 0.0101
vn -0.2183 0.9110 0.3499
vn -0.9451 -0.3267 0.0046
vn -0.7789 0.5088 -0.3667
vn -0.9307 0.3635 -0.0398
vn -0.3696 0.8406 -0.3960
vn 0.3187 -0.7552 -0.5728
vn 0.2137 -0.8471 0.4866
vn -0.0901 0.0787 0.9928
vn 0.1787 -0.8276 0.5321
vn 0.1732 -0.8383 0.5170
vn -0.3336 0.9413 -0.0521
vn -0.3629 0.8539 -0.3730
vn -0.3906 0.9193 -0.0483
vn 0.1989 -0.9799 0.0158
vn 0.1864 -0.8016 -0.5681
vn 0.0630 -0.8079 -0.5860
vn -0.3551 0.8483 -0.3927
vn -0.1691 0.2270 -0.9591
vn -0.2491 0.1681 -0.9538
vn 0.2864 -0.9577 0.0271
vn -0.3877 0.8415 0.3763
vn -0.3175 0.8730 0.3702
vn -0.1791 0.0725 0.9812
vn 0.7546 -0.6394 -0.1474
vn 0.4876 0.5992 -0.6350
vn 0.5593 0.6690 -0.4895
vn -0.3828 0.3832 -0.8406
vn 0.6168 -0.7311 -0.2915
vn -0.7678 -0.6340 0.0926
vn -0.0263 -0.7121 -0.7016
vn -0.6642 0.6518 0.3661
vn -0.4052 -0.6122 0.6790
vn -0.8619 0.4864 -0.1433
vn -0.1202 0.3599 -0.9252
vn -0.8506 0.0709 0.5210
vn -0.0000 -1.0000 -0.0000
vn -0.4100 -0.6186 0.6703
vn -0.6725 -0.5875 0.4501
vn 0.4065 -0.7318 0.5470
vn 0.6571 -0.7065 0.2629
vn 0.6031 -0.7977 -0.0005
vn 0.6982 -0.7158 0.0093
vn -0.6683 -0.7398 0.0784
vn -0.6606 -0.7337 -0.1589
vn 0.6114 -0.7109 -0.3476
vn 0.6853 -0.7279 -0.0212
vn 0.6521 -0.7462 -0.1344
vn -0.6430 -0.7632 0.0638
vn 0.3064 -0.6336 -0.7104
vn -0.1470 -0.6541 -0.7420
vn -0.5056 -0.6802 -0.5308
vn -0.7072 -0.6902 0.1532
vn -0.6362 -0.7558 0.1550
vn -0.6582 -0.7367 0.1551
vn 0.6238 -0.7715 -0.1253
vn -0.6655 -0.7463 -0.0102
vn 0.6882 -0.7109 -0.1450
vn -0.1947 0.1450 -0.9701
vn -0.8302 0.1497 0.5370
vn 0.9812 0.0199 -0.1919
vn -0.9687 0.0980 0.2283
vn -0.9891 0.0833 0.1216
vn -0.9863 0.0763 0.1463
vn 0.9659 0.1240 -0.2272
vn 0.9881 0.0450 -0.1474
vn 0.9970 0.0749 0.0178
vn 0.9961 0.0748 -0.0469
vn 0.8844 0.3792 -0.2721
vn 0.8660 0.4998 0.0136
vn 0.9911 0.1307 -0.0254
vn 0.7538 0.4530 -0.4760
vn 0.8046 0.1102 -0.5835
vn -0.9596 0.0793 -0.2698
vn -0.5060 0.4691 -0.7238
vn -0.7493 0.0889 -0.6563
vn -0.8522 0.4885 0.1874
vn -0.8358 0.2719 0.4770
vn -0.9298 0.1164 0.3492
vn -0.0144 0.2593 0.9657
vn -0.5882 0.1234 0.7992
vn -0.0330 0.0850 0.9958
vn 0.2690 0.4229 -0.8653
vn 0.3362 0.1078 -0.9356
vn 0.9085 0.0651 0.4128
vn 0.6040 0.2193 0.7662
vn 0.5532 -0.0096 0.8330
vn 0.8805 0.4477 -0.1557
vn 0.9856 0.1602 0.0545
vn -0.9967 0.0760 -0.0285
vn -0.8377 0.4831 -0.2547
vn -0.6260 0.2251 0.7466
vn -0.8949 0.4165 0.1604
vn -0.9740 0.0612 0.2180
vn -0.9373 0.3056 0.1675
vn -0.8975 0.4407 -0.0189
vn 0.9391 0.2081 0.2735
vn 0.9735 0.1603 -0.1633
vn 0.9970 0.0770 0.0096
vn -0.4275 0.8823 -0.1972
vn -0.8564 0.2570 0.4477
vn -0.4342 0.9007 -0.0165
vn -0.7770 0.6294 -0.0056
vn 0.0699 0.2482 0.9662
vn -0.4362 0.8963 0.0797
vn -0.8820 0.4542 0.1256
vn 0.9410 0.0751 0.3300
vn 0.3954 0.9094 -0.1291
vn 0.8337 0.5511 -0.0358
vn 0.3987 0.9159 0.0468
vn 0.4363 0.8656 -0.2458
vn -0.3026 0.8155 -0.4933
vn -0.8895 0.3885 0.2405
vn -0.9040 0.3071 0.2973
vn -0.5424 0.2713 0.7951
vn 0.1303 0.7938 -0.5940
vn 0.6232 0.2459 0.7424
vn 0.5277 0.8488 -0.0332
vn 0.4918 0.4176 0.7640
vn -0.7594 0.4156 0.5006
vn 0.9099 0.0684 0.4091
vn -0.3631 0.4641 0.8079
vn 0.9167 0.0795 -0.3916
vn 0.1590 0.4469 -0.8803
vn 0.8066 -0.0083 -0.5911
vn -0.8071 0.5844 0.0838
vn 0.1715 0.5227 0.8351
vn -0.6945 0.7055 -0.1413
vn 0.4318 0.7091 -0.5574
vn -0.2763 0.8217 -0.4985
vn -0.4697 0.8827 -0.0180
vn -0.3795 0.8975 -0.2246
vn 0.9949 0.1012 -0.0005
vn 0.0217 -0.6568 0.7538
vn 0.9632 0.1298 -0.2353
vn 0.9998 -0.0176 0.0025
vn 0.9734 -0.0034 -0.2289
vn 0.7684 0.6395 -0.0251
vn 0.9830 0.1826 -0.0170
vn 0.6988 0.4797 -0.5306
vn 0.7330 0.6453 -0.2152
vn 0.8385 0.0513 -0.5424
vn 0.7945 0.2354 0.5598
vn 0.3424 0.7515 0.5640
vn 0.3688 0.3406 0.8648
vn 0.3949 -0.0171 0.9185
vn 0.1125 0.3601 0.9261
vn 0.1290 0.0126 0.9916
vn 0.1843 0.7858 0.5904
vn 0.4442 -0.2304 0.8658
vn 0.8275 -0.0140 0.5613
vn 0.7470 -0.4614 0.4786
vn 0.7893 -0.2184 0.5738
vn 0.2171 -0.6517 0.7268
vn 0.1778 -0.2359 0.9554
vn 0.5221 -0.0647 -0.8504
vn 0.8264 -0.4448 -0.3454
vn 0.5327 -0.5231 -0.6652
vn 0.5517 0.0834 -0.8298
vn 0.8629 -0.0743 -0.4998
vn 0.1584 -0.0745 -0.9846
vn 0.1730 0.0697 -0.9825
vn 0.2592 -0.6620 -0.7033
vn 0.4809 0.1764 -0.8588
vn 0.8613 0.0451 -0.5062
vn 0.2603 0.2468 -0.9334
vn 0.2250 0.6644 -0.7127
vn 0.9651 -0.1408 -0.2207
vn 0.8393 -0.5409 0.0543
vn 0.8602 -0.4985 -0.1080
vn 0.9864 -0.1644 0.0063
vn 0.9623 -0.1670 0.2145
vn 0.8002 -0.5334 0.2742
vn 0.9790 -0.0149 0.2032
vn 0.9663 0.1710 0.1923
vn 0.6416 0.6201 0.4514
vn 0.7513 0.6423 0.1517
vn 0.3103 0.9494 -0.0488
vn 0.3314 0.9091 -0.2526
vn 0.2094 0.9437 -0.2561
vn 0.1302 0.9903 -0.0491
vn 0.3584 0.6336 -0.6856
vn 0.3234 0.9319 0.1644
vn 0.1542 0.9725 0.1747
vn 0.6301 -0.7727 0.0765
vn 0.6660 -0.6849 -0.2954
vn 0.4726 -0.8678 -0.1537
vn 0.4723 -0.7965 0.3775
vn 0.4574 -0.5863 0.6686
vn 0.1683 -0.8466 0.5050
vn 0.2419 -0.9518 -0.1887
vn 0.2834 -0.6136 0.7370
vn 0.6136 0.4938 0.6162
vn 0.9029 -0.4256 0.0599
vn 0.7288 -0.5478 0.4108
vn 0.4455 0.2670 -0.8546
vn 0.4018 -0.6894 -0.6028
vn 0.3023 0.7937 0.5278
vn 0.7010 0.7085 -0.0815
vn -0.0000 0.1940 -0.9810
vn 0.6168 0.4990 -0.6087
vn 0.4615 0.1611 0.8724
vn 0.2612 0.7469 -0.6115
vn 0.2564 0.4758 0.8413
vn 0.1970 -0.9804 -0.0067
vn 0.2328 -0.6434 0.7293
vn 0.5237 -0.5743 0.6292
vn 0.2704 -0.1291 0.9541
vn 0.3290 0.0840 0.9406
vn 0.2264 0.1348 0.9647
vn 0.3038 0.2080 -0.9298
vn 0.2976 0.3454 -0.8900
vn 0.2672 0.2702 -0.9250
vn 0.1943 -0.5113 -0.8371
vn 0.6220 -0.1378 -0.7708
vn 0.2977 0.0681 -0.9522
vn -0.0000 0.0362 -0.9993
vn 0.8153 0.0496 0.5769
vn 0.9928 0.1168 -0.0283
vn 0.7759 0.1351 0.6163
vn 0.9962 0.0172 -0.0857
vn 0.7416 0.0842 -0.6655
vn 0.3412 0.1035 0.9343
vn 0.3542 0.1583 0.9217
vn 0.3170 0.0096 0.9484
vn 0.7343 -0.1213 0.6680
vn 0.2889 -0.1431 0.9466
vn 0.9983 0.0567 -0.0154
vn 0.7389 0.0628 -0.6709
vn 0.9996 -0.0270 -0.0060
vn 0.7621 0.0122 0.6473
vn 0.3150 0.0994 -0.9439
vn 0.3113 0.1080 -0.9441
vn 0.2015 0.9762 -0.0805
vn 0.1835 0.7115 -0.6783
vn 0.2393 0.7286 -0.6418
vn 0.2601 0.5541 -0.7908
vn 0.3940 0.0170 0.9190
vn 0.4286 -0.2289 -0.8740
vn -0.5163 -0.2372 -0.8229
vn 0.4799 -0.2109 -0.8516
vn 0.7088 -0.3250 -0.6261
vn 0.7471 -0.2101 -0.6307
vn 0.9163 -0.0091 0.4003
vn 0.7229 0.0870 -0.6855
vn 0.2969 -0.1123 -0.9483
vn 0.6879 0.1033 -0.7184
vn 0.3117 0.3135 -0.8970
vn 0.1690 -0.4835 -0.8589
vn 0.3355 -0.0153 0.9419
vn -0.6445 -0.7498 0.1496
vn 0.0006 -0.9983 0.0580
vn -0.1876 -0.4445 0.8759
vn -0.9579 -0.1772 -0.2257
vn -0.9382 0.0617 0.3406
vn -0.9547 -0.1789 -0.2377
vn -0.9453 -0.2029 -0.2554
vn -0.9439 -0.1146 0.3097
vn -0.9592 -0.1025 -0.2635
vn 0.9217 0.0508 0.3845
vn 0.9317 -0.0743 -0.3555
vn 0.9520 -0.0215 -0.3052
vn -0.4748 -0.1358 0.8695
vn 0.4572 0.1723 0.8725
vn 0.4524 -0.0216 0.8915
vn 0.9280 0.1208 0.3524
vn 0.9318 -0.2090 -0.2968
vn 0.9391 -0.1326 -0.3170
vn 0.9263 0.1781 0.3319
vn 0.9380 -0.0906 -0.3345
vn -0.4618 0.3243 0.8256
vn -0.4304 0.2519 0.8668
vn 0.4050 0.2706 0.8734
vn 0.4169 -0.3530 -0.8376
vn -0.4270 -0.3778 -0.8216
vn 0.4247 -0.3198 -0.8470
vn -0.4271 -0.3069 -0.8505
vn -0.9239 -0.0359 -0.3810
vn -0.9542 -0.1555 -0.2554
vn -0.4616 0.0353 0.8864
vn -0.4396 -0.3940 -0.8071
vn -0.9340 0.0528 0.3534
vn -0.5998 -0.6641 -0.4464
vn 0.4356 -0.3120 -0.8443
vn -0.9282 -0.0309 0.3709
vn -0.9947 0.0162 0.1014
vn -0.4986 0.0844 0.8627
vn 0.1433 0.3291 0.9334
vn 0.3417 0.0093 0.9398
vn 0.8403 0.1357 -0.5249
vn 0.9309 -0.0841 0.3556
vn 0.9444 0.0707 0.3210
vn -0.4053 -0.3202 -0.8563
vn -0.0583 -0.6739 -0.7365
vn -0.0523 -0.9977 0.0432
vn 0.0631 -0.5869 -0.8072
vn 0.0447 0.7464 -0.6639
vn 0.0593 0.2184 -0.9740
vn 0.1260 0.7184 -0.6841
vn 0.0203 0.0562 0.9982
vn 0.1011 0.7857 0.6102
vn 0.1326 0.7380 0.6616
vn 0.1482 0.9845 -0.0935
vn 0.2711 0.7065 0.6537
vn 0.3310 0.7195 0.6105
vn 0.1524 0.2749 -0.9493
vn 0.2434 0.8817 0.4042
vn 0.1554 0.9816 -0.1111
vn 0.1726 0.8221 0.5426
vn 0.0236 -0.9997 0.0039
vn 0.0278 -0.7876 0.6156
vn 0.0799 -0.7019 0.7078
vn 0.0541 0.1211 -0.9912
vn 0.0336 -0.7689 -0.6385
vn 0.0316 -0.6632 -0.7477
vn 0.1239 0.0435 0.9913
vn -0.0367 -0.6899 0.7230
vn -0.0171 -0.6614 0.7498
vn -0.0364 0.8537 -0.5194
vn -0.3896 0.2577 -0.8842
vn 0.1933 0.8501 -0.4898
vn -0.1697 0.1260 0.9774
vn 0.0589 0.8618 0.5038
vn 0.2726 0.9597 -0.0684
vn 0.3109 0.9441 -0.1093
vn 0.0851 -0.9963 -0.0129
vn 0.1990 -0.9797 0.0229
vn 0.1153 0.7750 -0.6214
vn 0.0864 0.9898 -0.1130
vn -0.0451 0.7562 -0.6528
vn 0.0327 0.9930 -0.1133
vn -0.1611 -0.6475 -0.7448
vn -0.0438 -0.9990 -0.0097
vn -0.1255 -0.9920 0.0139
vn 0.0228 0.7488 -0.6624
vn -0.0307 0.1266 -0.9915
vn 0.0854 0.0508 0.9950
vn 0.0673 0.8054 0.5889
vn 0.0511 0.0597 0.9969
vn 0.0178 -0.7054 0.7086
vn -0.0410 -0.6983 0.7146
vn -0.0595 -0.6507 -0.7570
vn 0.1081 0.8054 0.5828
vn 0.7644 -0.6443 -0.0245
vn 0.2083 0.9733 -0.0965
vn 0.5881 -0.2217 0.7778
vn 0.2063 0.8894 -0.4080
vn 0.1641 -0.9167 -0.3642
vn -0.6342 -0.6488 -0.4205
vn -0.5857 0.5617 -0.5844
vn 0.0983 0.1149 0.9885
vn -0.1863 0.1033 0.9771
vn -0.2242 -0.7396 0.6346
vn 0.6268 -0.1838 0.7572
vn 0.4732 0.8076 0.3520
vn 0.2605 0.0107 0.9654
vn 0.8352 0.4715 0.2831
vn 0.4372 0.8980 -0.0493
vn -0.3547 -0.9347 0.0238
vn 0.2568 -0.8898 0.3772
vn -0.2137 -0.8471 0.4866
vn 0.0588 0.2295 -0.9715
vn 0.1525 -0.8248 -0.5445
vn -0.3187 -0.7552 -0.5728
vn -0.1024 -0.8466 0.5223
vn 0.5649 0.8057 -0.1780
vn 0.3828 0.3832 -0.8406
vn 0.2183 0.9110 0.3499
vn 0.4365 -0.8991 -0.0345
vn 0.5599 -0.0300 -0.8280
vn 0.9451 -0.3266 0.0046
vn 0.9307 0.3635 -0.0398
vn 0.7789 0.5088 -0.3666
vn 0.3696 0.8406 -0.3960
vn -0.1787 -0.8276 0.5321
vn 0.0901 0.0787 0.9928
vn -0.1732 -0.8383 0.5170
vn 0.3336 0.9413 -0.0521
vn 0.3629 0.8539 -0.3730
vn 0.3551 0.8483 -0.3927
vn -0.1863 -0.8016 -0.5681
vn -0.1989 -0.9799 0.0158
vn -0.0630 -0.8079 -0.5860
vn 0.1691 0.2270 -0.9591
vn 0.2491 0.1681 -0.9538
vn 0.3878 0.8415 0.3763
vn 0.3175 0.8730 0.3703
vn -0.4876 0.5992 -0.6350
vn -0.7546 -0.6394 -0.1474
vn -0.5592 0.6691 -0.4895
vn 0.3018 -0.8616 0.4082
vn -0.6168 -0.7311 -0.2915
vn 0.7678 -0.6340 0.0925
vn 0.4053 -0.6122 0.6789
vn 0.6641 0.6518 0.3661
vn 0.8619 0.4864 -0.1433
vn 0.0263 -0.7121 -0.7016
vn 0.1202 0.3600 -0.9252
vn 0.8557 0.0768 0.5117
vn 0.9818 0.1877 -0.0276
vn -0.7163 0.0339 0.6969
vn -0.1432 0.0750 -0.9868
vn 0.4100 -0.6185 0.6703
vn -0.0217 -0.6568 0.7538
vn -0.4065 -0.7318 0.5470
vn -0.6571 -0.7065 0.2629
vn -0.6031 -0.7977 -0.0005
vn -0.6982 -0.7158 0.0093
vn 0.6683 -0.7398 0.0784
vn 0.6607 -0.7337 -0.1588
vn -0.6114 -0.7109 -0.3475
vn -0.6882 -0.7109 -0.1450
vn -0.6853 -0.7280 -0.0212
vn -0.6521 -0.7462 -0.1343
vn 0.6430 -0.7632 0.0638
vn -0.3064 -0.6336 -0.7104
vn 0.5056 -0.6802 -0.5308
vn 0.1470 -0.6541 -0.7420
vn 0.6726 -0.5874 0.4501
vn 0.6362 -0.7558 0.1550
vn -0.6238 -0.7715 -0.1253
vn 0.6656 -0.7463 -0.0102
vn 0.1947 0.1449 -0.9701
vn 0.7493 0.0889 -0.6563
vn 0.8302 0.1498 0.5370
vn 0.5882 0.1234 0.7992
vn -0.9812 0.0199 -0.1919
vn 0.9687 0.0980 0.2282
vn 0.6582 -0.7367 0.1550
vn 0.9891 0.0833 0.1215
vn 0.7073 -0.6901 0.1532
vn 0.9863 0.0763 0.1463
vn 0.9298 0.1164 0.3491
vn -0.9659 0.1240 -0.2272
vn -0.8046 0.1102 -0.5835
vn -0.9881 0.0450 -0.1474
vn -0.9970 0.0748 0.0178
vn -0.9961 0.0748 -0.0469
vn -0.8844 0.3791 -0.2721
vn -0.8337 0.5510 -0.0358
vn -0.8661 0.4997 0.0136
vn -0.9911 0.1307 -0.0254
vn -0.7538 0.4529 -0.4760
vn 0.9596 0.0793 -0.2698
vn 0.5060 0.4691 -0.7238
vn 0.8377 0.4832 -0.2547
vn 0.8522 0.4885 0.1874
vn 0.8358 0.2719 0.4770
vn 0.0144 0.2593 0.9657
vn 0.0329 0.0850 0.9958
vn -0.2690 0.4229 -0.8653
vn -0.3363 0.1077 -0.9356
vn -0.9085 0.0651 0.4128
vn -0.6040 0.2193 0.7662
vn -0.9391 0.2081 0.2735
vn -0.8806 0.4476 -0.1557
vn -0.9856 0.1601 0.0545
vn -0.9735 0.1603 -0.1633
vn 0.9967 0.0760 -0.0285
vn 0.8975 0.4407 -0.0189
vn 0.6260 0.2251 0.7466
vn 0.8949 0.4165 0.1604
vn 0.9740 0.0612 0.2180
vn 0.9373 0.3056 0.1675
vn -0.5532 -0.0096 0.8330
vn 0.8820 0.4542 0.1256
vn -0.9970 0.0770 0.0096
vn -0.9167 0.0795 -0.3916
vn 0.4275 0.8823 -0.1972
vn 0.4697 0.8827 -0.0180
vn 0.8564 0.2570 0.4477
vn 0.5424 0.2713 0.7951
vn 0.4342 0.9007 -0.0165
vn 0.3795 0.8975 -0.2246
vn 0.7770 0.6294 -0.0056
vn -0.0699 0.2482 0.9662
vn -0.6232 0.2459 0.7424
vn 0.4362 0.8963 0.0797
vn -0.9410 0.0751 0.3299
vn -0.3954 0.9094 -0.1291
vn -0.3987 0.9159 0.0468
vn -0.4363 0.8656 -0.2458
vn 0.3026 0.8155 -0.4933
vn 0.8895 0.3885 0.2405
vn -0.1303 0.7938 -0.5940
vn -0.5278 0.8487 -0.0332
vn -0.4902 0.4163 0.7658
vn 0.7576 0.4217 0.4982
vn -0.9098 0.0697 0.4092
vn 0.3629 0.4639 0.8082
vn -0.1555 0.4500 -0.8794
vn -0.4318 0.7092 -0.5574
vn -0.1713 0.5248 0.8338
vn 0.8041 0.5888 0.0821
vn 0.2749 0.8233 -0.4965
vn 0.6883 0.7116 -0.1412
vn -0.9952 0.0982 0.0011
vn 0.9040 0.3071 0.2973
vn -0.8061 -0.0073 -0.5918
vn 0.1791 0.0725 0.9812
vn 0.3906 0.9193 -0.0483
vn -0.2864 -0.9577 0.0271
vn 0.2347 0.9707 -0.0516
vn -0.1619 -0.9868 0.0101
vn 0.0905 0.9900 -0.1078
vn -0.0879 -0.9954 0.0392
vn -0.0480 0.1629 -0.9855
vn 0.0231 0.0575 0.9981
vn -0.0000 0.0934 -0.9956
vn -0.0000 0.2091 -0.9779
vn 0.0818 -0.9953 0.0513
vn 0.2341 0.0209 0.9720
vn 0.1588 0.9845 -0.0747
vn -0.9383 -0.0459 0.3428
vn -0.0000 0.7961 0.6052
vn -0.0000 -0.6595 0.7517
vn -0.0000 -0.6387 -0.7694
vt 0.424701 0.840048
vt 0.461737 0.792426
vt 0.464884 0.838834
vt 0.468357 0.881332
vt 0.416097 0.891155
vt 0.382303 0.875623
vt 0.388845 0.838885
vt 0.423209 0.793785
vt 0.567369 0.879717
vt 0.547922 0.837220
vt 0.579037 0.844668
vt 0.582610 0.796170
vt 0.598269 0.849956
vt 0.621565 0.796099
vt 0.617431 0.855287
vt 0.583674 0.890608
vt 0.580062 0.754791
vt 0.549707 0.794263
vt 0.546804 0.757119
vt 0.544177 0.724490
vt 0.573455 0.711359
vt 0.595019 0.704367
vt 0.620532 0.750242
vt 0.598626 0.752337
vt 0.602276 0.796592
vt 0.349273 0.747190
vt 0.370455 0.709217
vt 0.379997 0.749138
vt 0.352581 0.794437
vt 0.329588 0.744940
vt 0.315002 0.794084
vt 0.314985 0.741795
vt 0.329344 0.703695
vt 0.354491 0.840733
vt 0.386734 0.795098
vt 0.357743 0.880856
vt 0.332172 0.842510
vt 0.315019 0.885796
vt 0.315031 0.842108
vt 0.331063 0.794428
vt 0.414559 0.747483
vt 0.448949 0.694770
vt 0.456853 0.745548
vt 0.399518 0.701783
vt 0.505141 0.748829
vt 0.507142 0.792801
vt 0.508784 0.706093
vt 0.508074 0.837122
vt 0.544300 0.865660
vt 0.514661 0.872259
vt 0.478349 0.922822
vt 0.419137 0.937326
vt 0.424097 0.965195
vt 0.495723 0.973192
vt 0.428443 0.990876
vt 0.314782 0.941388
vt 0.333959 0.884940
vt 0.345577 0.936058
vt 0.375705 0.922558
vt 0.532102 0.902649
vt 0.559814 0.940878
vt 0.545515 0.922196
vt 0.486594 0.948330
vt 0.436532 0.655316
vt 0.382595 0.577465
vt 0.445393 0.577416
vt 0.535122 0.656711
vt 0.607811 0.622342
vt 0.561397 0.634699
vt 0.362648 0.645806
vt 0.347330 0.708825
vt 0.314578 0.640560
vt 0.339216 0.643866
vt 0.559529 0.577420
vt 0.509270 0.534980
vt 0.510735 0.577421
vt 0.314959 0.577465
vt 0.343869 0.535021
vt 0.347826 0.577463
vt 0.332242 0.271386
vt 0.357633 0.299914
vt 0.327559 0.284656
vt 0.321315 0.250312
vt 0.314171 0.231740
vt 0.334433 0.243039
vt 0.382847 0.535032
vt 0.444090 0.534948
vt 0.558656 0.534925
vt 0.351430 0.248123
vt 0.359600 0.274896
vt 0.333829 0.303559
vt 0.319754 0.286217
vt 0.418691 0.370972
vt 0.418603 0.335552
vt 0.431990 0.354981
vt 0.366602 0.325961
vt 0.343676 0.358303
vt 0.338145 0.328760
vt 0.314003 0.207365
vt 0.345144 0.178504
vt 0.335864 0.210609
vt 0.387039 0.219621
vt 0.422363 0.207716
vt 0.418946 0.229929
vt 0.345500 0.054288
vt 0.315528 0.018181
vt 0.347504 0.018238
vt 0.415450 0.479198
vt 0.378862 0.512649
vt 0.376599 0.479159
vt 0.379180 0.054356
vt 0.421058 0.018359
vt 0.417869 0.054390
vt 0.345824 0.512586
vt 0.344804 0.479148
vt 0.376072 0.404566
vt 0.343784 0.441555
vt 0.343730 0.404567
vt 0.377222 0.128952
vt 0.414680 0.091883
vt 0.416751 0.128948
vt 0.414734 0.404572
vt 0.374336 0.441555
vt 0.314426 0.128944
vt 0.343495 0.091877
vt 0.344319 0.128948
vt 0.377580 0.274898
vt 0.414096 0.254865
vt 0.413016 0.274926
vt 0.383845 0.322909
vt 0.389352 0.351632
vt 0.764725 0.156147
vt 0.785862 0.122612
vt 0.785443 0.156150
vt 0.799682 0.217712
vt 0.787967 0.231864
vt 0.787944 0.209717
vt 0.806383 0.217712
vt 0.817931 0.209717
vt 0.817908 0.231864
vt 0.313716 0.329378
vt 0.313408 0.304910
vt 0.371733 0.216071
vt 0.374628 0.091879
vt 0.314870 0.441555
vt 0.314416 0.404567
vt 0.315731 0.512570
vt 0.315301 0.479147
vt 0.383732 0.018359
vt 0.379817 0.180762
vt 0.313963 0.358401
vt 0.313509 0.286997
vt 0.606192 0.534877
vt 0.603163 0.577407
vt 0.325529 0.253434
vt 0.745241 0.200706
vt 0.748033 0.232049
vt 0.860635 0.200706
vt 0.857842 0.232049
vt 0.709972 0.232115
vt 0.709972 0.171386
vt 0.711885 0.163092
vt 0.722930 0.172839
vt 0.895904 0.200711
vt 0.895904 0.232115
vt 0.893990 0.163092
vt 0.895904 0.171386
vt 0.882945 0.172839
vt 0.728058 0.108499
vt 0.746362 0.095822
vt 0.746436 0.108499
vt 0.722900 0.156121
vt 0.746509 0.122612
vt 0.742320 0.156136
vt 0.820432 0.156150
vt 0.806948 0.122612
vt 0.820014 0.122612
vt 0.863555 0.156136
vt 0.840811 0.122612
vt 0.859366 0.122612
vt 0.820810 0.095822
vt 0.807180 0.054984
vt 0.822926 0.054984
vt 0.820412 0.108499
vt 0.806988 0.095820
vt 0.859513 0.095822
vt 0.859440 0.108499
vt 0.840859 0.095821
vt 0.765055 0.108499
vt 0.785065 0.095822
vt 0.785464 0.108499
vt 0.765027 0.054984
vt 0.749674 0.016269
vt 0.765051 0.016269
vt 0.856880 0.054984
vt 0.782949 0.054984
vt 0.727994 0.095821
vt 0.748996 0.054984
vt 0.841092 0.156147
vt 0.806711 0.156148
vt 0.799277 0.156148
vt 0.882975 0.156121
vt 0.798935 0.095820
vt 0.798699 0.054984
vt 0.876366 0.054983
vt 0.877882 0.095821
vt 0.730059 0.016269
vt 0.798960 0.108499
vt 0.877818 0.108499
vt 0.877753 0.122612
vt 0.798985 0.122612
vt 0.840838 0.016269
vt 0.856202 0.016269
vt 0.765025 0.095821
vt 0.782896 0.016268
vt 0.798648 0.016268
vt 0.840857 0.054984
vt 0.765086 0.122612
vt 0.709972 0.200711
vt 0.449796 0.204123
vt 0.480685 0.220695
vt 0.449700 0.220684
vt 0.449682 0.238404
vt 0.480599 0.257655
vt 0.449654 0.257610
vt 0.449661 0.302478
vt 0.480577 0.286036
vt 0.480601 0.302370
vt 0.449670 0.274956
vt 0.449646 0.286082
vt 0.412883 0.292280
vt 0.415778 0.316747
vt 0.379110 0.250741
vt 0.377299 0.292342
vt 0.427685 0.190243
vt 0.390341 0.194177
vt 0.566812 0.275036
vt 0.595566 0.286095
vt 0.566812 0.286023
vt 0.566827 0.354952
vt 0.595512 0.326825
vt 0.595500 0.354952
vt 0.566782 0.238670
vt 0.595706 0.220705
vt 0.595699 0.238600
vt 0.566815 0.302227
vt 0.566822 0.326817
vt 0.480593 0.274987
vt 0.480612 0.326823
vt 0.449673 0.326828
vt 0.480652 0.238492
vt 0.449765 0.354952
vt 0.480773 0.354952
vt 0.936053 0.746623
vt 0.923121 0.760166
vt 0.936048 0.768188
vt 0.936018 0.819789
vt 0.916592 0.805110
vt 0.913699 0.821253
vt 0.936059 0.797784
vt 0.915423 0.782034
vt 0.933272 0.316595
vt 0.910614 0.334381
vt 0.911752 0.319669
vt 0.595550 0.302456
vt 0.566800 0.257742
vt 0.595621 0.257734
vt 0.566790 0.204124
vt 0.566782 0.220717
vt 0.595577 0.275057
vt 0.506548 0.257674
vt 0.532485 0.275009
vt 0.506526 0.274998
vt 0.506620 0.220701
vt 0.532625 0.204124
vt 0.532558 0.220707
vt 0.532519 0.257694
vt 0.532559 0.238577
vt 0.506519 0.286032
vt 0.532482 0.302308
vt 0.506530 0.302339
vt 0.532468 0.326821
vt 0.506529 0.326822
vt 0.506639 0.354952
vt 0.532541 0.354952
vt 0.532490 0.286028
vt 0.420373 0.176908
vt 0.377808 0.356778
vt 0.414725 0.374942
vt 0.885913 0.762972
vt 0.885325 0.783977
vt 0.892080 0.360976
vt 0.889616 0.328988
vt 0.924192 0.740812
vt 0.891345 0.819504
vt 0.896713 0.317960
vt 0.935973 0.782601
vt 0.917882 0.833832
vt 0.936077 0.838896
vt 0.934622 0.732855
vt 0.850748 0.805248
vt 0.835136 0.812201
vt 0.849376 0.815349
vt 0.845468 0.793376
vt 0.836471 0.804603
vt 0.917673 0.409579
vt 0.940634 0.420541
vt 0.917720 0.427678
vt 0.838529 0.771488
vt 0.818658 0.776896
vt 0.825597 0.780492
vt 0.891695 0.833437
vt 0.868327 0.735148
vt 0.887944 0.727402
vt 0.871512 0.724326
vt 0.941792 0.356512
vt 0.912643 0.364253
vt 0.891324 0.803735
vt 0.812448 0.795354
vt 0.824181 0.797634
vt 0.828406 0.817321
vt 0.830746 0.786410
vt 0.831510 0.796107
vt 0.844654 0.780574
vt 0.901378 0.423637
vt 0.900278 0.405603
vt 0.844856 0.823697
vt 0.877480 0.819001
vt 0.861307 0.830073
vt 0.876501 0.831755
vt 0.872376 0.787311
vt 0.858562 0.774738
vt 0.859427 0.790645
vt 0.915135 0.377867
vt 0.899177 0.387570
vt 0.895628 0.374273
vt 0.872238 0.768855
vt 0.851461 0.762485
vt 0.857000 0.744904
vt 0.865460 0.753064
vt 0.943603 0.383745
vt 0.917627 0.391481
vt 0.865024 0.805893
vt 0.878174 0.804814
vt 0.863616 0.818497
vt 0.924213 0.719241
vt 0.906472 0.711107
vt 0.914557 0.725788
vt 0.881044 0.356556
vt 0.875706 0.338668
vt 0.879460 0.743643
vt 0.863509 0.352136
vt 0.863138 0.381292
vt 0.852273 0.373989
vt 0.885267 0.719886
vt 0.871271 0.716399
vt 0.896674 0.686606
vt 0.886620 0.697803
vt 0.894062 0.694357
vt 0.881207 0.690837
vt 0.822979 0.016268
vt 0.807221 0.016268
vt 0.875816 0.016269
vt 0.767140 0.911152
vt 0.771025 0.901580
vt 0.764041 0.893569
vt 0.770492 0.925697
vt 0.762619 0.936895
vt 0.711877 0.936747
vt 0.696555 0.911002
vt 0.696701 0.941705
vt 0.712850 0.911002
vt 0.699642 0.883044
vt 0.680259 0.911002
vt 0.669298 0.887352
vt 0.663963 0.911002
vt 0.666683 0.936525
vt 0.745745 0.941028
vt 0.739015 0.911001
vt 0.736641 0.940160
vt 0.748883 0.911001
vt 0.738188 0.889775
vt 0.652548 0.923774
vt 0.650728 0.911086
vt 0.654009 0.898398
vt 0.747331 0.888913
vt 0.728658 0.888542
vt 0.714237 0.884771
vt 0.727561 0.938163
vt 0.684668 0.883866
vt 0.681635 0.941705
vt 0.685829 0.695635
vt 0.708990 0.708576
vt 0.708432 0.689949
vt 0.636358 0.838542
vt 0.651688 0.827846
vt 0.635893 0.827677
vt 0.761434 0.786870
vt 0.785169 0.791226
vt 0.781184 0.780586
vt 0.662889 0.772774
vt 0.648575 0.752749
vt 0.644587 0.767637
vt 0.667608 0.758644
vt 0.655645 0.733289
vt 0.636687 0.810221
vt 0.655557 0.797710
vt 0.638034 0.794237
vt 0.751425 0.706855
vt 0.743897 0.740484
vt 0.762033 0.731608
vt 0.765163 0.797322
vt 0.787648 0.803114
vt 0.770097 0.809706
vt 0.791133 0.816315
vt 0.756045 0.773861
vt 0.746963 0.789506
vt 0.738081 0.763188
vt 0.749903 0.756858
vt 0.728583 0.733966
vt 0.736307 0.719414
vt 0.683428 0.721761
vt 0.699037 0.717821
vt 0.692503 0.712229
vt 0.675902 0.773849
vt 0.663860 0.828975
vt 0.652656 0.811979
vt 0.662989 0.848260
vt 0.651216 0.838339
vt 0.651369 0.848259
vt 0.718851 0.717725
vt 0.726155 0.711178
vt 0.775207 0.821912
vt 0.767474 0.837667
vt 0.779325 0.835265
vt 0.733420 0.750248
vt 0.758294 0.814508
vt 0.673889 0.744932
vt 0.690265 0.735383
vt 0.662721 0.839648
vt 0.671987 0.788046
vt 0.658905 0.785523
vt 0.669398 0.798853
vt 0.770171 0.848260
vt 0.779396 0.848260
vt 0.683588 0.751217
vt 0.763232 0.827184
vt 0.753212 0.799839
vt 0.745139 0.819551
vt 0.696225 0.747399
vt 0.672536 0.832167
vt 0.692294 0.778048
vt 0.684106 0.807013
vt 0.757876 0.848260
vt 0.689617 0.767062
vt 0.678758 0.763215
vt 0.751837 0.830942
vt 0.726011 0.777908
vt 0.741140 0.776355
vt 0.727747 0.767067
vt 0.723221 0.747063
vt 0.702554 0.734897
vt 0.676496 0.818660
vt 0.666038 0.813500
vt 0.671483 0.841478
vt 0.715282 0.734795
vt 0.755272 0.840706
vt 0.728335 0.757320
vt 0.747224 0.843692
vt 0.679462 0.835501
vt 0.744649 0.834372
vt 0.669902 0.848260
vt 0.678439 0.843499
vt 0.737140 0.805935
vt 0.718747 0.798862
vt 0.731506 0.809276
vt 0.681201 0.821956
vt 0.749698 0.848260
vt 0.689595 0.809913
vt 0.724135 0.790230
vt 0.701454 0.798968
vt 0.691125 0.756638
vt 0.695283 0.790443
vt 0.740023 0.822211
vt 0.731965 0.694501
vt 0.729146 0.911001
vt 0.685748 0.848259
vt 0.741199 0.848260
vt 0.676559 0.848260
vt 0.688336 0.824075
vt 0.734432 0.824734
vt 0.686221 0.838135
vt 0.739082 0.837215
vt 0.710682 0.811176
vt 0.697257 0.814380
vt 0.725362 0.813361
vt 0.794502 0.834892
vt 0.769187 0.749663
vt 0.775611 0.765710
vt 0.794901 0.848257
vt 0.640929 0.781632
vt 0.666521 0.709568
vt 0.636356 0.848259
vt 0.205395 0.840356
vt 0.168249 0.792680
vt 0.206812 0.794023
vt 0.161589 0.882055
vt 0.165057 0.839231
vt 0.247916 0.875817
vt 0.214392 0.891615
vt 0.241265 0.839077
vt 0.081566 0.837294
vt 0.061577 0.879960
vt 0.050187 0.844482
vt 0.047164 0.795723
vt 0.030751 0.849572
vt 0.008122 0.795077
vt 0.027453 0.795879
vt 0.044980 0.890795
vt 0.011363 0.854676
vt 0.050209 0.754404
vt 0.080136 0.794155
vt 0.086190 0.724548
vt 0.083344 0.757041
vt 0.009998 0.749349
vt 0.035870 0.704195
vt 0.031763 0.751718
vt 0.280653 0.747292
vt 0.259406 0.709407
vt 0.282503 0.708944
vt 0.277433 0.794536
vt 0.249910 0.749310
vt 0.300327 0.744987
vt 0.298944 0.794473
vt 0.300463 0.703752
vt 0.275598 0.840835
vt 0.243291 0.795273
vt 0.297897 0.842557
vt 0.296112 0.884965
vt 0.215427 0.747718
vt 0.181086 0.695152
vt 0.230402 0.702057
vt 0.173187 0.745804
vt 0.124974 0.748995
vt 0.121499 0.706399
vt 0.122778 0.792952
vt 0.121636 0.837433
vt 0.084989 0.865972
vt 0.114850 0.872809
vt 0.151460 0.924131
vt 0.211767 0.938667
vt 0.206881 0.967319
vt 0.133578 0.975415
vt 0.143009 0.950086
vt 0.284332 0.935822
vt 0.254612 0.922405
vt 0.272406 0.880931
vt 0.097049 0.903456
vt 0.068619 0.942013
vt 0.083305 0.923173
vt 0.194143 0.656045
vt 0.247489 0.577466
vt 0.266383 0.646033
vt 0.095483 0.657314
vt 0.057188 0.711303
vt 0.023577 0.623156
vt 0.069552 0.635446
vt 0.289968 0.643994
vt 0.071392 0.577421
vt 0.120835 0.534998
vt 0.184361 0.577417
vt 0.119669 0.577423
vt 0.284898 0.535025
vt 0.282127 0.577464
vt 0.269410 0.300468
vt 0.294776 0.271386
vt 0.299459 0.284656
vt 0.306484 0.250312
vt 0.314290 0.247970
vt 0.245931 0.535039
vt 0.071962 0.534946
vt 0.275823 0.248153
vt 0.301489 0.253434
vt 0.293325 0.304171
vt 0.307265 0.286217
vt 0.208695 0.372787
vt 0.207736 0.335642
vt 0.238048 0.352770
vt 0.284195 0.358809
vt 0.260662 0.326638
vt 0.289297 0.329143
vt 0.282910 0.178142
vt 0.291825 0.210419
vt 0.240092 0.219225
vt 0.203883 0.206876
vt 0.237038 0.193441
vt 0.284744 0.054246
vt 0.315138 0.054235
vt 0.252661 0.512749
vt 0.215164 0.479218
vt 0.253997 0.479174
vt 0.209691 0.018239
vt 0.250975 0.054268
vt 0.212078 0.054277
vt 0.285667 0.512634
vt 0.285805 0.479156
vt 0.285942 0.441555
vt 0.252561 0.404567
vt 0.285068 0.404567
vt 0.214464 0.091875
vt 0.251290 0.128949
vt 0.211458 0.128944
vt 0.255333 0.441555
vt 0.213861 0.404572
vt 0.285957 0.091875
vt 0.284433 0.128947
vt 0.249199 0.274905
vt 0.211924 0.254886
vt 0.247827 0.250786
vt 0.293315 0.242924
vt 0.243254 0.323720
vt 0.634082 0.122612
vt 0.655078 0.156147
vt 0.634500 0.156150
vt 0.620451 0.217712
vt 0.631999 0.209717
vt 0.631977 0.231864
vt 0.985614 0.217712
vt 0.973899 0.231864
vt 0.973876 0.209717
vt 0.254730 0.091874
vt 0.283530 0.018181
vt 0.247850 0.179997
vt 0.255597 0.215743
vt 0.025045 0.534903
vt 0.028247 0.577410
vt 0.674703 0.200706
vt 0.671910 0.232049
vt 0.931173 0.200706
vt 0.933965 0.232049
vt 0.708058 0.163092
vt 0.709972 0.163211
vt 0.897817 0.163092
vt 0.908862 0.172839
vt 0.673582 0.095822
vt 0.691886 0.108499
vt 0.673508 0.108499
vt 0.673434 0.122612
vt 0.697044 0.156121
vt 0.677624 0.156136
vt 0.971375 0.156150
vt 0.984917 0.122612
vt 0.985209 0.156148
vt 0.928252 0.156136
vt 0.951042 0.122612
vt 0.950589 0.156147
vt 0.970997 0.095822
vt 0.984631 0.054984
vt 0.984867 0.095820
vt 0.971395 0.108499
vt 0.984892 0.108499
vt 0.932368 0.108499
vt 0.932294 0.095822
vt 0.950965 0.095821
vt 0.634879 0.095822
vt 0.654923 0.108499
vt 0.634480 0.108499
vt 0.654936 0.054984
vt 0.670270 0.016269
vt 0.670948 0.054984
vt 0.934928 0.054984
vt 0.654938 0.095821
vt 0.691950 0.095821
vt 0.697013 0.172839
vt 0.620779 0.156148
vt 0.621056 0.095820
vt 0.636994 0.054984
vt 0.915498 0.054983
vt 0.913926 0.095821
vt 0.689838 0.016269
vt 0.690377 0.054983
vt 0.621036 0.108499
vt 0.913990 0.108499
vt 0.908832 0.156121
vt 0.932441 0.122612
vt 0.621016 0.122612
vt 0.950999 0.016269
vt 0.950969 0.054984
vt 0.621248 0.054984
vt 0.637047 0.016268
vt 0.968881 0.054984
vt 0.971794 0.122612
vt 0.654909 0.122612
vt 0.145191 0.220694
vt 0.175901 0.204123
vt 0.176090 0.220682
vt 0.145241 0.257656
vt 0.176125 0.238395
vt 0.176179 0.257611
vt 0.176168 0.302520
vt 0.145255 0.286054
vt 0.176196 0.286099
vt 0.176147 0.274965
vt 0.213159 0.292296
vt 0.249624 0.292358
vt 0.207156 0.229503
vt 0.204472 0.190753
vt 0.031066 0.286124
vt 0.059417 0.275048
vt 0.059422 0.286044
vt 0.059492 0.354952
vt 0.031124 0.326827
vt 0.059475 0.326819
vt 0.059279 0.238666
vt 0.030921 0.220705
vt 0.059276 0.220716
vt 0.059440 0.302276
vt 0.145236 0.326824
vt 0.176146 0.326829
vt 0.175964 0.354952
vt 0.923354 0.589708
vt 0.936057 0.576206
vt 0.936052 0.597770
vt 0.936019 0.649366
vt 0.916692 0.634633
vt 0.936061 0.627368
vt 0.915592 0.611553
vt 0.935975 0.612170
vt 0.796272 0.333957
vt 0.818957 0.316206
vt 0.797433 0.319246
vt 0.031084 0.302521
vt 0.059362 0.257746
vt 0.030929 0.238598
vt 0.059305 0.204124
vt 0.031009 0.257741
vt 0.093911 0.275019
vt 0.118252 0.257676
vt 0.118260 0.275008
vt 0.118222 0.220700
vt 0.093754 0.204124
vt 0.118173 0.204123
vt 0.093876 0.257696
vt 0.093831 0.238570
vt 0.093919 0.302358
vt 0.118265 0.286051
vt 0.118261 0.302386
vt 0.093936 0.326823
vt 0.118262 0.326824
vt 0.093831 0.220705
vt 0.118215 0.354952
vt 0.093909 0.286048
vt 0.208452 0.175985
vt 0.267320 0.274905
vt 0.249789 0.357798
vt 0.212772 0.376778
vt 0.886139 0.592404
vt 0.777696 0.360523
vt 0.775283 0.328531
vt 0.924484 0.570357
vt 0.891403 0.648951
vt 0.913751 0.650767
vt 0.782396 0.317514
vt 0.917897 0.663357
vt 0.936077 0.668483
vt 0.934937 0.562431
vt 0.948678 0.563037
vt 0.835215 0.641481
vt 0.850848 0.634574
vt 0.849446 0.644672
vt 0.836574 0.633887
vt 0.845604 0.622687
vt 0.803215 0.409166
vt 0.826158 0.420164
vt 0.827672 0.401768
vt 0.838730 0.600779
vt 0.818842 0.606128
vt 0.832383 0.595050
vt 0.891712 0.662885
vt 0.868635 0.564528
vt 0.888276 0.556840
vt 0.879743 0.573056
vt 0.827416 0.356136
vt 0.827484 0.332708
vt 0.891428 0.633182
vt 0.812578 0.624567
vt 0.825771 0.609744
vt 0.824304 0.626881
vt 0.828470 0.646582
vt 0.831637 0.625377
vt 0.830902 0.615677
vt 0.844827 0.609883
vt 0.786898 0.423198
vt 0.785826 0.405163
vt 0.844902 0.653006
vt 0.861333 0.659431
vt 0.877540 0.648407
vt 0.876523 0.661158
vt 0.872530 0.616702
vt 0.858753 0.604088
vt 0.872446 0.598246
vt 0.784753 0.387128
vt 0.800726 0.377450
vt 0.781225 0.373826
vt 0.851688 0.591814
vt 0.865716 0.582435
vt 0.857280 0.574250
vt 0.829185 0.383372
vt 0.828300 0.369754
vt 0.865123 0.635262
vt 0.878275 0.634222
vt 0.906852 0.540600
vt 0.924568 0.548786
vt 0.914893 0.555304
vt 0.766667 0.356086
vt 0.749140 0.351639
vt 0.748724 0.380794
vt 0.764617 0.362075
vt 0.761358 0.338190
vt 0.871852 0.553715
vt 0.885620 0.549316
vt 0.887040 0.527237
vt 0.897126 0.516070
vt 0.894491 0.523813
vt 0.881647 0.520255
vt 0.871635 0.545787
vt 0.915395 0.533196
vt 0.968828 0.016268
vt 0.984580 0.016268
vt 0.935606 0.016269
vt 0.654925 0.016269
vt 0.934523 0.917621
vt 0.938408 0.927193
vt 0.941572 0.917780
vt 0.937875 0.903075
vt 0.930002 0.891877
vt 0.863938 0.917771
vt 0.879260 0.892026
vt 0.864084 0.887068
vt 0.867026 0.945729
vt 0.880234 0.917771
vt 0.836681 0.941421
vt 0.847642 0.917771
vt 0.831347 0.917772
vt 0.834066 0.892248
vt 0.849018 0.887068
vt 0.906398 0.917771
vt 0.913129 0.887745
vt 0.904024 0.888613
vt 0.905572 0.938997
vt 0.916266 0.917771
vt 0.819931 0.904999
vt 0.821392 0.930376
vt 0.818111 0.917687
vt 0.931424 0.935204
vt 0.896042 0.940231
vt 0.896530 0.917771
vt 0.894944 0.890609
vt 0.852052 0.944907
vt 0.686042 0.524352
vt 0.709177 0.537312
vt 0.692687 0.540948
vt 0.636372 0.667162
vt 0.651714 0.656493
vt 0.651227 0.666984
vt 0.785249 0.620097
vt 0.761520 0.615688
vt 0.781285 0.609428
vt 0.648718 0.581418
vt 0.663002 0.601458
vt 0.644711 0.596297
vt 0.655822 0.561957
vt 0.667739 0.587337
vt 0.636733 0.638857
vt 0.655630 0.626375
vt 0.652694 0.640638
vt 0.751631 0.535644
vt 0.744045 0.569271
vt 0.736483 0.548184
vt 0.635921 0.656300
vt 0.787716 0.631988
vt 0.765233 0.626167
vt 0.791176 0.645197
vt 0.770153 0.638555
vt 0.756154 0.602668
vt 0.747050 0.618300
vt 0.741245 0.605142
vt 0.738203 0.591970
vt 0.750033 0.585655
vt 0.728733 0.562733
vt 0.683603 0.550467
vt 0.699215 0.546547
vt 0.690416 0.564106
vt 0.676012 0.602550
vt 0.663882 0.657641
vt 0.662980 0.677015
vt 0.651365 0.677015
vt 0.719028 0.546474
vt 0.726341 0.539931
vt 0.775239 0.650769
vt 0.767486 0.666511
vt 0.763261 0.656022
vt 0.733559 0.579024
vt 0.758344 0.643339
vt 0.753283 0.628664
vt 0.674036 0.573634
vt 0.683726 0.579931
vt 0.662728 0.668313
vt 0.672082 0.616741
vt 0.658998 0.614197
vt 0.669471 0.627536
vt 0.779342 0.664126
vt 0.770165 0.677015
vt 0.678881 0.591921
vt 0.745182 0.648362
vt 0.737201 0.634733
vt 0.696399 0.576131
vt 0.691285 0.585364
vt 0.672552 0.660852
vt 0.671485 0.670160
vt 0.692397 0.606771
vt 0.695369 0.619169
vt 0.684166 0.635721
vt 0.757870 0.677015
vt 0.755280 0.669527
vt 0.689760 0.595785
vt 0.751861 0.659762
vt 0.726110 0.606671
vt 0.727889 0.595831
vt 0.723396 0.575823
vt 0.702738 0.563637
vt 0.676524 0.647357
vt 0.669891 0.677015
vt 0.715467 0.563548
vt 0.728493 0.586086
vt 0.747228 0.672502
vt 0.679473 0.664199
vt 0.744669 0.663180
vt 0.678437 0.672191
vt 0.718813 0.627622
vt 0.724212 0.618997
vt 0.749692 0.677015
vt 0.681227 0.650664
vt 0.701529 0.627703
vt 0.689654 0.638630
vt 0.740064 0.651011
vt 0.666074 0.642176
vt 0.708647 0.518689
vt 0.685735 0.677015
vt 0.686228 0.666838
vt 0.741198 0.677015
vt 0.676547 0.677015
vt 0.688358 0.652787
vt 0.697308 0.643104
vt 0.734468 0.653528
vt 0.739084 0.666015
vt 0.710741 0.639927
vt 0.731566 0.638069
vt 0.725417 0.642145
vt 0.732176 0.523263
vt 0.794526 0.663780
vt 0.769330 0.578484
vt 0.779389 0.677016
vt 0.762210 0.560416
vt 0.638119 0.622878
vt 0.666728 0.538248
vt 0.641034 0.610282
vt 0.775733 0.594543
vt 0.636356 0.677015
vt 0.863677 0.647862
vt 0.859570 0.619998
vt 0.803196 0.391068
vt 0.845924 0.583972
vt 0.845674 0.754660
vt 0.942118 0.402143
vt 0.942698 0.370129
vt 0.885489 0.613407
vt 0.798255 0.363832
vt 0.480859 0.204123
vt 0.145244 0.274996
vt 0.145141 0.354952
vt 0.145210 0.238484
vt 0.145242 0.302415
vt 0.145087 0.204123
vt 0.214951 0.441555
vt 0.314749 0.091873
vt 0.414742 0.441555
vt 0.314103 0.176477
vt 0.093852 0.354952
vt 0.435707 0.203873
vt 0.194848 0.354981
vt 0.210380 0.317703
vt 0.212908 0.274933
vt 0.190858 0.203868
vt 0.806968 0.108499
vt 0.728122 0.122612
vt 0.914054 0.122612
vt 0.691822 0.122612
vt 0.601115 0.901709
vt 0.617289 0.699781
vt 0.314901 0.703498
vt 0.314357 0.535019
vt 0.416158 0.512649
vt 0.895904 0.163211
vt 0.729510 0.054983
vt 0.941824 0.333084
vt 0.595682 0.204124
vt 0.506734 0.204123
vt 0.948365 0.733420
vt 0.832166 0.765778
vt 0.914994 0.703678
vt 0.879002 0.362548
vt 0.774189 0.910992
vt 0.027199 0.901816
vt 0.013882 0.699460
vt 0.202444 0.993810
vt 0.185223 0.534962
vt 0.215378 0.512749
vt 0.247220 0.018239
vt 0.621289 0.016268
vt 0.031049 0.275075
vt 0.031128 0.354952
vt 0.030934 0.204124
vt 0.803234 0.427265
vt 0.737870 0.373475
vt 0.916038 0.016269
vt 0.881621 0.944002
vt 0.914714 0.939860
vt 0.794904 0.677014
s 1
usemtl skin.001
f 1/1/1 41/2/2 30/3/3
f 1/1/1 40/4/4 16/5/5
f 1/1/1 36/6/6 15/7/7
f 15/7/7 27/8/8 1/1/1
f 23/9/9 14/10/10 2/11/11
f 14/10/10 25/12/12 2/11/11
f 65/13/13 380/14/14 353/15/15
f 353/15/15 75/16/16 65/13/13
f 3/17/17 38/18/18 19/19/19
f 3/17/17 33/20/20 18/21/21
f 73/22/22 354/23/23 66/24/24
f 66/24/24 380/14/14 77/25/25
f 4/26/26 34/27/27 21/28/28
f 21/28/28 26/29/29 4/26/26
f 67/30/30 381/31/31 356/32/32
f 356/32/32 74/33/33 67/30/30
f 5/34/34 39/35/35 15/7/7
f 5/34/34 36/6/6 24/36/36
f 68/37/37 379/38/38 357/39/39
f 357/39/39 78/40/40 68/37/37
f 6/41/41 37/42/42 29/43/43
f 29/43/43 27/8/8 6/41/41
f 6/41/41 39/35/35 21/28/28
f 21/28/28 13/44/44 6/41/41
f 7/45/45 33/20/20 19/19/19
f 19/19/19 28/46/46 7/45/45
f 7/45/45 41/2/2 29/43/43
f 29/43/43 17/47/47 7/45/45
f 28/46/46 14/10/10 8/48/48
f 8/48/48 35/49/49 22/50/50
f 8/48/48 40/4/4 30/3/3
f 30/3/3 28/46/46 8/48/48
f 16/5/5 31/51/51 9/52/52
f 69/53/53 383/54/54 362/55/55
f 362/56/55 76/57/56 69/58/53
f 9/59/52 36/6/6 16/5/5
f 10/60/57 35/49/49 23/9/9
f 75/16/16 363/61/58 70/62/59
f 70/62/59 383/54/54 79/63/60
f 31/51/51 22/50/50 10/60/57
f 32/64/61 44/65/62 43/66/63
f 11/67/64 33/20/20 17/47/47
f 11/67/64 37/42/42 32/64/61
f 366/68/65 73/22/22 71/69/66
f 32/64/61 13/44/44 12/70/67
f 12/70/67 34/27/27 20/71/68
f 74/33/33 367/72/69 72/73/70
f 11/67/64 80/74/71 71/69/66
f 43/66/63 45/75/72 42/76/73
f 384/77/74 83/78/75 81/79/76
f 32/64/61 42/76/73 11/67/64
f 72/73/70 384/77/74 81/79/76
f 46/80/77 48/81/78 45/82/72
f 83/83/75 394/84/79 85/85/80
f 43/66/63 47/86/81 46/87/77
f 42/76/73 82/88/82 80/74/71
f 46/80/77 50/89/83 49/90/84
f 45/82/72 84/91/85 82/92/82
f 169/93/86 133/94/87 134/95/88
f 61/96/89 86/97/90 93/98/91
f 417/99/92 87/100/93 92/101/94
f 168/102/95 135/103/96 136/104/97
f 741/105/98 404/106/99 89/107/100
f 736/108/101 54/109/102 739/110/103
f 738/111/104 55/112/105 736/113/101
f 739/110/103 88/114/106 740/115/107
f 748/116/108 90/117/109 753/118/110
f 747/119/111 58/120/112 750/121/113
f 750/122/113 59/123/114 748/116/108
f 749/124/115 91/125/116 752/126/117
f 163/127/118 132/128/119 131/129/120
f 394/84/79 92/101/94 85/85/80
f 48/81/78 93/98/91 84/91/85
f 166/130/121 133/94/87 165/131/122
f 106/132/123 113/133/124 119/134/125
f 55/135/105 56/136/126 111/137/127
f 55/138/105 121/139/128 54/140/102
f 84/91/85 416/141/129 395/142/130
f 50/89/83 92/101/94 60/143/131
f 752/126/117 57/144/132 747/119/111
f 753/118/110 413/145/133 751/146/134
f 740/115/107 405/147/135 737/148/136
f 738/111/104 89/107/100 56/149/126
f 92/101/94 53/150/137 60/143/131
f 93/98/91 400/151/138 416/141/129
f 82/92/82 395/142/130 390/152/139
f 80/74/71 390/153/139 385/154/140
f 47/155/81 85/85/80 50/89/83
f 12/70/67 81/79/76 44/65/62
f 81/79/76 47/86/81 44/65/62
f 366/68/65 80/74/71 385/154/140
f 20/71/68 72/73/70 12/70/67
f 71/69/66 18/21/21 11/67/64
f 10/60/57 79/63/60 31/51/51
f 23/9/9 70/62/59 10/60/57
f 69/58/53 24/36/36 9/59/52
f 9/52/52 79/63/60 69/53/53
f 68/37/37 26/29/29 5/34/34
f 24/36/36 68/37/37 5/34/34
f 67/30/30 20/71/68 4/26/26
f 4/26/26 78/40/40 67/30/30
f 3/17/17 77/25/25 25/12/12
f 18/21/21 66/24/24 3/17/17
f 2/11/11 75/16/16 23/9/9
f 2/11/11 77/25/25 65/13/13
f 62/156/141 56/136/126 89/157/100
f 64/158/142 88/159/106 54/140/102
f 404/160/99 62/156/141 89/157/100
f 482/161/143 63/162/144 120/163/145
f 88/159/106 452/164/146 405/165/135
f 63/166/144 471/167/147 110/168/148
f 791/169/149 124/170/150 797/171/151
f 108/172/152 122/173/153 129/174/154
f 128/175/155 97/176/156 123/177/157
f 118/178/158 96/179/159 112/180/160
f 125/181/161 105/182/162 127/183/163
f 796/184/164 101/185/165 125/181/161
f 114/186/166 795/187/167 100/188/168
f 792/189/169 115/190/170 794/191/171
f 103/192/172 216/193/173 327/194/174
f 100/188/168 116/195/175 114/186/166
f 115/190/170 103/192/172 117/196/176
f 98/197/177 126/198/178 124/170/150
f 110/168/148 109/199/179 118/178/158
f 121/139/128 107/200/180 128/175/155
f 63/162/144 129/174/154 120/163/145
f 62/156/141 119/134/125 111/137/127
f 111/137/127 107/201/180 55/135/105
f 63/166/144 118/178/158 108/202/152
f 101/203/165 117/196/176 105/204/162
f 114/186/166 102/205/181 98/206/177
f 126/198/178 220/207/182 216/193/173
f 793/208/183 115/190/170 101/203/165
f 795/187/167 98/206/177 791/209/149
f 108/202/152 112/180/160 94/210/184
f 110/168/148 452/164/146 64/158/142
f 119/134/125 97/211/156 107/201/180
f 116/195/175 221/212/185 218/213/186
f 120/163/145 106/132/123 62/156/141
f 64/158/142 128/175/155 109/199/179
f 124/170/150 103/192/172 99/214/187
f 105/204/162 217/215/188 219/216/189
f 796/184/164 125/181/161 100/188/168
f 100/188/168 127/183/163 104/217/190
f 109/199/179 123/177/157 96/179/159
f 129/174/154 95/218/191 106/132/123
f 797/171/151 99/214/187 792/189/169
f 451/219/192 120/163/145 62/156/141
f 62/156/141 111/137/127 56/136/126
f 64/158/142 54/140/102 121/139/128
f 780/220/193 144/221/194 781/222/195
f 775/223/196 141/224/197 779/225/198
f 776/226/199 139/227/200 147/228/201
f 778/229/202 139/227/200 777/230/203
f 166/130/121 130/231/204 138/232/205
f 164/233/206 136/104/97 132/128/119
f 163/127/118 130/231/204 170/234/207
f 169/235/86 135/103/96 167/236/208
f 761/237/209 137/238/210 765/239/211
f 764/240/212 150/241/213 151/242/214
f 762/243/215 152/244/216 153/245/217
f 760/246/218 150/241/213 763/247/219
f 778/229/202 141/224/197 140/248/220
f 776/226/199 142/249/221 782/250/222
f 775/223/196 144/221/194 145/251/223
f 780/252/193 142/249/221 143/253/224
f 153/254/217 173/255/225 149/256/226
f 155/257/227 171/258/228 179/259/229
f 137/260/210 172/261/230 171/258/228
f 150/262/213 175/263/231 151/264/214
f 765/239/211 155/265/227 760/246/218
f 766/266/232 153/245/217 149/267/226
f 764/268/212 152/244/216 759/269/233
f 761/237/209 149/267/226 148/270/234
f 724/271/235 160/272/236 727/273/237
f 725/274/238 159/275/239 156/276/240
f 162/277/241 724/271/235 146/278/242
f 723/279/243 158/280/244 726/281/245
f 726/281/245 157/282/246 721/283/247
f 725/274/238 156/276/240 146/278/242
f 722/284/248 157/282/246 159/285/239
f 727/273/237 161/286/249 723/279/243
f 52/287/250 167/236/208 53/150/137
f 49/90/84 170/234/207 48/81/78
f 60/143/131 164/233/206 50/89/83
f 61/96/89 170/234/207 166/130/121
f 61/96/89 165/131/122 51/288/251
f 49/90/84 164/233/206 163/127/118
f 60/143/131 167/236/208 168/102/95
f 52/289/250 165/131/122 169/93/86
f 172/261/230 181/290/252 180/291/253
f 175/263/231 184/292/254 176/293/255
f 177/294/256 181/290/252 173/255/225
f 171/258/228 187/295/257 179/259/229
f 152/296/216 175/263/231 176/293/255
f 149/256/226 172/261/230 148/297/234
f 155/257/227 174/298/258 150/299/213
f 153/254/217 176/300/255 177/294/256
f 702/301/259 195/302/260 703/303/261
f 699/304/262 178/305/263 702/301/259
f 700/306/264 190/307/265 191/308/266
f 701/309/267 192/310/268 193/311/269
f 179/259/229 182/312/270 174/298/258
f 184/313/254 205/314/271 206/315/272
f 175/263/231 182/316/270 183/317/273
f 172/261/230 154/318/274 171/258/228
f 193/311/269 191/319/266 194/320/275
f 194/320/275 190/321/265 195/302/260
f 178/305/263 194/320/275 195/302/260
f 189/322/276 194/320/275 188/323/277
f 701/309/267 189/322/276 704/324/278
f 700/306/264 192/325/268 698/326/279
f 699/304/262 189/322/276 188/323/277
f 697/327/280 195/302/260 190/321/265
f 708/328/281 196/329/282 710/330/283
f 712/331/284 202/332/285 199/333/286
f 705/334/287 198/335/288 711/336/289
f 709/337/290 197/338/291 202/332/285
f 711/339/289 197/338/291 706/340/292
f 705/334/287 196/341/282 186/342/293
f 712/331/284 200/343/294 707/344/295
f 708/328/281 200/343/294 201/345/296
f 204/346/297 207/347/298 203/348/299
f 176/293/255 206/349/272 204/350/297
f 177/294/256 205/314/271 185/351/300
f 177/294/256 204/346/297 203/348/299
f 208/352/301 214/353/302 212/354/303
f 206/349/272 208/352/301 204/350/297
f 205/314/271 207/347/298 209/355/304
f 206/315/272 209/355/304 210/356/305
f 212/357/303 213/358/306 211/359/307
f 207/347/298 213/358/306 209/355/304
f 209/355/304 214/360/302 210/356/305
f 207/347/298 212/357/303 211/359/307
f 104/217/190 215/361/308 221/212/185
f 127/183/163 219/362/189 215/361/308
f 102/205/181 218/213/186 220/363/182
f 117/196/176 327/194/174 217/215/188
f 241/364/309 225/365/310 240/366/311
f 224/367/312 241/364/309 242/368/313
f 226/369/314 247/370/309 248/371/315
f 230/372/309 246/373/316 247/370/309
f 233/374/309 238/375/317 239/376/309
f 237/377/318 233/374/309 239/376/309
f 235/378/319 308/379/309 309/380/320
f 236/381/309 307/382/321 308/379/309
f 222/383/322 239/376/309 227/384/323
f 239/376/309 223/385/324 227/384/323
f 242/368/313 236/381/309 235/378/319
f 236/381/309 240/366/311 234/386/325
f 230/372/309 244/387/326 228/388/327
f 243/389/328 230/372/309 226/369/314
f 247/370/309 232/390/329 233/374/309
f 248/371/315 233/374/309 231/391/330
f 223/392/324 254/393/331 227/394/323
f 225/395/310 263/396/332 240/397/311
f 265/398/333 309/399/320 243/400/328
f 255/401/334 246/402/316 228/403/327
f 267/404/335 232/405/329 246/402/316
f 234/406/325 310/407/336 307/408/321
f 237/409/318 257/410/337 231/411/330
f 263/396/332 234/406/325 240/397/311
f 311/412/338 235/413/319 309/399/320
f 260/414/339 242/415/313 235/413/319
f 253/416/340 284/417/341 265/398/333
f 287/418/342 253/416/340 268/419/343
f 280/420/344 257/410/337 261/421/345
f 262/422/346 270/423/347 250/424/348
f 274/425/349 267/404/335 255/401/334
f 282/426/350 259/427/351 263/396/332
f 275/428/352 252/429/353 256/430/354
f 269/431/355 261/421/345 249/432/356
f 264/433/357 271/434/358 251/435/359
f 276/436/360 268/419/343 257/410/337
f 311/412/338 279/437/361 260/414/339
f 258/438/362 281/439/363 262/422/346
f 272/440/364 263/396/332 252/429/353
f 285/441/365 255/401/334 266/442/366
f 312/443/367 266/442/366 310/407/336
f 251/435/359 275/444/352 256/445/354
f 267/404/335 277/446/368 258/438/362
f 260/414/339 283/447/369 264/433/357
f 313/448/370 298/449/371 279/437/361
f 277/446/368 300/450/372 281/439/363
f 272/440/364 301/451/373 282/426/350
f 285/441/365 293/452/374 274/425/349
f 314/453/375 285/441/365 312/443/367
f 271/434/358 294/454/376 275/444/352
f 305/455/377 277/446/368 286/456/378
f 279/437/361 302/457/379 283/447/369
f 292/458/380 284/417/341 273/459/381
f 306/460/382 273/459/381 287/418/342
f 299/461/383 276/436/360 280/420/344
f 281/439/363 289/462/384 270/423/347
f 274/425/349 305/455/377 286/456/378
f 282/426/350 297/463/385 278/464/386
f 275/428/352 291/465/387 272/440/364
f 288/466/388 280/420/344 269/431/355
f 283/447/369 290/467/389 271/434/358
f 295/468/390 287/418/342 276/436/360
f 302/457/379 319/469/391 290/467/389
f 291/465/387 316/470/392 301/451/373
f 298/449/371 322/471/393 302/457/379
f 294/472/376 317/473/394 291/465/387
f 315/474/395 325/475/396 324/476/397
f 297/463/385 316/470/392 321/477/398
f 290/467/389 318/478/399 294/454/376
f 314/453/375 321/477/398 320/479/400
f 303/480/401 326/481/402 325/475/396
f 269/431/355 289/462/384 288/466/388
f 300/450/372 295/468/390 299/461/383
f 306/460/382 296/482/403 305/455/377
f 305/455/377 292/458/380 306/460/382
f 292/458/380 304/483/404 303/480/401
f 304/483/404 320/479/400 326/481/402
f 315/474/395 323/484/405 298/449/371
f 297/463/385 312/443/367 278/464/386
f 284/417/341 315/474/395 313/448/370
f 278/464/386 310/407/336 259/427/351
f 265/398/333 313/448/370 311/412/338
f 227/394/323 249/432/356 222/485/322
f 245/486/309 307/382/321 244/387/326
f 309/380/320 245/486/309 243/389/328
f 221/487/185 316/470/392 317/473/394
f 318/478/399 319/469/391 221/488/185
f 221/487/185 317/473/394 318/489/399
f 219/490/189 320/479/400 321/477/398
f 220/491/182 322/471/393 323/484/405
f 215/492/308 321/477/398 316/470/392
f 218/493/186 319/469/391 322/471/393
f 327/494/174 324/476/397 325/475/396
f 325/475/396 326/481/402 327/494/174
f 217/495/188 326/481/402 320/479/400
f 216/496/173 323/484/405 324/476/397
f 222/485/322 261/421/345 237/409/318
f 264/433/357 224/497/312 242/415/313
f 248/498/315 253/416/340 226/499/314
f 224/497/312 256/445/354 229/500/406
f 231/411/330 268/419/343 248/498/315
f 307/408/321 266/442/366 244/501/326
f 258/438/362 238/502/317 232/405/329
f 244/501/326 255/401/334 228/403/327
f 253/416/340 243/400/328 226/499/314
f 229/503/406 252/429/353 225/395/310
f 262/422/346 223/392/324 238/502/317
f 299/461/383 289/462/384 300/450/372
f 250/424/348 270/423/347 254/393/331
f 254/393/331 269/431/355 249/432/356
f 269/431/355 254/393/331 270/423/347
f 328/504/407 382/505/408 358/506/409
f 328/504/407 377/507/410 361/508/411
f 328/504/407 371/509/412 343/510/413
f 358/506/409 342/511/414 328/504/407
f 341/512/415 350/513/416 329/514/417
f 352/515/418 341/512/415 329/514/417
f 422/516/419 380/517/14 434/518/420
f 432/519/421 353/520/15 422/516/419
f 330/521/422 374/522/423 352/515/418
f 330/521/422 368/523/424 346/524/425
f 354/525/23 430/526/426 423/527/427
f 423/527/427 380/517/14 354/525/23
f 331/528/428 369/529/429 347/530/430
f 355/531/431 348/532/432 331/528/428
f 424/533/433 381/31/31 435/534/434
f 431/535/435 356/32/32 424/533/433
f 332/536/436 376/537/437 355/531/431
f 332/536/436 371/509/412 342/511/414
f 425/538/438 379/38/38 433/539/439
f 435/534/434 357/39/39 425/538/438
f 333/540/440 372/541/441 340/542/442
f 358/506/409 360/543/443 333/540/440
f 333/540/440 376/537/437 358/506/409
f 340/542/442 348/532/432 333/540/440
f 334/544/444 368/523/424 344/545/445
f 359/546/446 346/524/425 334/544/444
f 334/544/444 382/505/408 359/546/446
f 344/545/445 360/543/443 334/544/444
f 341/512/415 359/546/446 335/547/447
f 335/547/447 370/548/448 341/512/415
f 335/547/447 377/507/410 349/549/449
f 359/546/446 361/508/411 335/547/447
f 364/550/450 343/510/413 336/551/451
f 426/552/452 383/553/54 436/554/453
f 433/539/439 362/56/55 426/555/452
f 336/556/451 371/509/412 351/557/454
f 337/558/455 370/548/448 349/549/449
f 363/559/58 432/519/421 427/560/456
f 427/560/456 383/553/54 363/559/58
f 349/549/449 364/550/450 337/558/455
f 365/561/457 388/562/458 339/563/459
f 338/564/460 368/523/424 345/565/461
f 338/564/460 372/541/441 344/545/445
f 430/526/426 366/566/65 428/567/462
f 340/542/442 365/561/457 339/563/459
f 339/563/459 369/529/429 340/542/442
f 367/72/69 431/535/435 429/568/463
f 437/569/464 338/564/460 428/567/462
f 391/570/465 387/571/466 386/572/467
f 440/573/468 384/77/74 438/574/469
f 386/572/467 365/561/457 338/564/460
f 429/568/463 384/77/74 367/72/69
f 396/575/470 392/576/471 391/577/465
f 440/578/468 394/84/79 389/579/472
f 387/571/466 393/580/473 388/562/458
f 439/581/474 386/572/467 437/569/464
f 392/576/471 398/582/475 393/583/473
f 441/584/476 391/577/465 439/585/474
f 530/586/477 494/587/478 526/588/479
f 443/589/480 415/590/481 450/591/482
f 444/592/483 417/99/92 449/593/484
f 529/594/485 496/595/486 528/596/487
f 746/597/488 404/106/99 735/598/489
f 406/599/490 742/600/491 744/601/492
f 407/602/493 743/603/494 742/604/491
f 445/605/495 744/601/492 745/606/496
f 447/607/497 755/608/498 758/609/499
f 411/610/500 754/611/501 756/612/502
f 412/613/503 756/614/502 755/608/498
f 448/615/504 749/124/115 757/616/505
f 524/617/506 493/618/507 525/619/508
f 449/593/484 394/84/79 442/620/509
f 450/591/482 396/575/470 441/584/476
f 494/587/478 527/621/510 526/588/479
f 473/622/511 465/623/512 479/624/513
f 407/625/493 470/626/514 408/627/515
f 407/628/493 406/629/490 481/630/516
f 416/141/129 441/584/476 395/142/130
f 398/582/475 449/593/484 442/620/509
f 410/631/517 757/616/505 754/611/501
f 413/145/133 758/609/499 751/146/134
f 405/147/135 745/606/496 737/148/136
f 743/603/494 446/632/518 746/597/488
f 403/633/519 449/593/484 414/634/520
f 400/151/138 450/591/482 416/141/129
f 395/142/130 439/585/474 390/152/139
f 390/635/139 437/569/464 385/636/140
f 393/583/473 442/620/509 440/578/468
f 339/563/459 438/574/469 429/568/463
f 393/580/473 438/574/469 388/562/458
f 366/566/65 437/569/464 428/567/462
f 429/568/463 347/530/430 339/563/459
f 345/565/461 428/567/462 338/564/460
f 337/558/455 436/554/453 427/560/456
f 427/560/456 350/513/416 337/558/455
f 351/557/454 426/555/452 336/556/451
f 336/551/451 436/554/453 364/550/450
f 355/531/431 425/538/438 332/536/436
f 425/538/438 351/557/454 332/536/436
f 347/530/430 424/533/433 331/528/428
f 331/528/428 435/534/434 355/531/431
f 330/521/422 434/518/420 423/527/427
f 423/527/427 345/565/461 330/521/422
f 329/514/417 432/519/421 422/516/419
f 329/514/417 434/518/420 352/515/418
f 418/637/521 446/638/518 408/627/515
f 420/639/522 406/629/490 445/640/495
f 404/160/99 418/637/521 451/219/192
f 482/161/143 419/641/523 421/642/524
f 452/164/146 445/640/495 405/165/135
f 471/167/147 419/643/523 469/644/525
f 485/645/526 798/646/527 804/647/528
f 483/648/529 467/649/530 490/650/531
f 489/651/532 456/652/533 466/653/534
f 478/654/535 455/655/536 468/656/537
f 486/657/538 464/658/539 460/659/540
f 803/660/541 460/659/540 800/661/542
f 802/662/543 474/663/544 459/664/545
f 475/665/546 799/666/547 801/667/548
f 462/668/549 577/669/550 487/670/551
f 476/671/552 459/664/545 474/663/544
f 475/665/546 462/668/549 458/672/553
f 487/670/551 457/673/554 485/645/526
f 469/644/525 468/656/537 420/639/522
f 481/630/516 466/653/534 407/628/493
f 490/650/531 419/641/523 480/674/555
f 479/624/513 418/637/521 470/626/514
f 466/675/534 470/626/514 407/625/493
f 419/643/523 478/654/535 469/644/525
f 460/676/540 477/677/556 475/665/546
f 461/678/557 474/663/544 457/679/554
f 487/670/551 581/680/558 461/681/557
f 800/682/542 475/665/546 801/667/548
f 457/679/554 802/662/543 798/683/527
f 467/684/530 472/685/559 478/654/535
f 452/164/146 469/644/525 420/639/522
f 456/686/533 479/624/513 466/675/534
f 476/671/552 582/687/560 463/688/561
f 465/623/512 480/674/555 418/637/521
f 420/639/522 489/651/532 481/630/516
f 462/668/549 485/645/526 458/672/553
f 464/689/539 578/690/562 477/677/556
f 459/664/545 486/657/538 803/660/541
f 459/664/545 488/691/563 486/657/538
f 468/656/537 484/692/564 489/651/532
f 454/693/565 490/650/531 465/623/512
f 458/672/553 804/647/528 799/666/547
f 451/219/192 480/674/555 482/161/143
f 418/637/521 408/627/515 470/626/514
f 420/639/522 481/630/516 406/629/490
f 505/694/566 788/695/567 789/696/568
f 502/697/569 783/698/570 787/699/571
f 784/700/572 500/701/573 785/702/574
f 500/701/573 786/703/575 785/702/574
f 527/621/510 491/704/576 531/705/577
f 525/619/508 497/706/578 529/594/485
f 491/704/576 524/617/506 531/705/577
f 496/595/486 530/707/477 528/596/487
f 498/708/579 769/709/580 773/710/581
f 772/711/582 511/712/583 771/713/584
f 770/714/585 513/715/586 767/716/587
f 511/712/583 768/717/588 771/713/584
f 786/703/575 502/697/569 787/699/571
f 503/718/589 784/700/572 790/719/590
f 783/698/570 505/694/566 789/696/568
f 788/720/567 503/718/589 790/719/590
f 534/721/591 514/722/592 510/723/593
f 516/724/594 532/725/595 498/726/579
f 498/726/579 533/727/596 509/728/597
f 536/729/598 511/730/583 512/731/599
f 516/732/594 773/710/581 768/717/588
f 774/733/600 514/734/592 770/714/585
f 513/715/586 772/735/582 767/716/587
f 769/709/580 510/736/593 774/733/600
f 521/737/601 731/738/602 734/739/603
f 732/740/604 520/741/605 729/742/606
f 731/738/602 523/743/607 507/744/608
f 519/745/609 730/746/610 733/747/611
f 518/748/612 733/747/611 728/749/613
f 507/744/608 517/750/614 732/740/604
f 729/751/606 518/748/612 728/749/613
f 522/752/615 734/739/603 730/746/610
f 528/596/487 402/753/616 403/633/519
f 531/705/577 397/754/617 396/575/470
f 525/619/508 414/634/520 398/582/475
f 415/590/481 531/705/577 396/575/470
f 526/588/479 415/590/481 401/755/618
f 397/754/617 525/619/508 398/582/475
f 414/634/520 528/596/487 403/633/519
f 402/756/616 526/588/479 401/755/618
f 533/727/596 542/757/619 534/721/591
f 545/758/620 536/729/598 537/759/621
f 542/757/619 538/760/622 534/721/591
f 548/761/623 532/725/595 540/762/624
f 513/763/586 536/729/598 512/731/599
f 533/727/596 510/723/593 509/728/597
f 535/764/625 516/724/594 511/765/583
f 514/722/592 537/766/621 513/767/586
f 556/768/626 694/769/627 695/770/628
f 539/771/629 691/772/630 694/769/627
f 692/773/631 551/774/632 689/775/633
f 693/776/634 553/777/635 690/778/636
f 543/779/637 540/762/624 535/764/625
f 545/780/620 566/781/638 546/782/639
f 536/729/598 543/783/637 535/784/625
f 515/785/640 533/727/596 532/725/595
f 552/786/641 554/787/642 555/788/643
f 551/789/632 555/788/643 556/768/626
f 539/771/629 555/788/643 549/790/644
f 555/788/643 550/791/645 549/790/644
f 550/791/645 693/776/634 696/792/646
f 553/793/635 692/773/631 690/794/636
f 691/772/630 550/791/645 696/792/646
f 689/795/633 556/768/626 695/770/628
f 557/796/647 716/797/648 718/798/649
f 720/799/650 563/800/651 717/801/652
f 559/802/653 713/803/654 719/804/655
f 717/801/652 558/805/656 714/806/657
f 558/805/656 719/807/655 714/806/657
f 713/803/654 557/808/647 718/809/649
f 561/810/658 720/799/650 715/811/659
f 716/797/648 561/810/658 715/811/659
f 568/812/660 565/813/661 564/814/662
f 537/759/621 567/815/663 545/758/620
f 566/781/638 538/760/622 546/782/639
f 538/760/622 565/813/661 537/766/621
f 569/816/664 575/817/665 571/818/666
f 569/816/664 567/815/663 565/819/661
f 566/781/638 568/812/660 564/814/662
f 567/820/663 570/821/667 566/781/638
f 574/822/668 573/823/669 572/824/670
f 574/822/668 568/812/660 570/821/667
f 575/825/665 570/821/667 571/826/666
f 568/812/660 573/823/669 569/827/664
f 463/688/561 576/828/671 488/691/563
f 488/691/563 580/829/672 464/658/539
f 461/678/557 579/830/673 476/671/552
f 477/677/556 688/831/674 462/668/549
f 602/832/309 586/833/675 590/834/676
f 602/832/309 585/835/677 603/836/678
f 608/837/309 587/838/679 609/839/680
f 607/840/681 591/841/309 608/837/309
f 599/842/682 594/843/309 600/844/309
f 598/845/683 594/843/309 592/846/684
f 669/847/309 596/848/685 670/849/686
f 668/850/687 597/851/309 669/847/309
f 583/852/688 600/844/309 598/845/683
f 584/853/689 600/844/309 588/854/690
f 597/851/309 603/836/678 596/848/685
f 597/851/309 601/855/691 602/832/309
f 591/841/309 605/856/692 606/857/309
f 591/841/309 604/858/693 587/838/679
f 593/859/694 608/837/309 594/843/309
f 594/843/309 609/839/680 592/846/684
f 584/860/689 615/861/695 611/862/696
f 586/863/675 624/864/697 613/865/698
f 670/866/686 626/867/699 604/868/693
f 607/869/681 616/870/700 589/871/701
f 593/872/694 628/873/702 607/869/681
f 595/874/703 671/875/704 620/876/705
f 598/877/683 618/878/706 622/879/707
f 595/874/703 624/864/697 601/880/691
f 596/881/685 672/882/708 670/866/686
f 603/883/678 621/884/709 596/881/685
f 614/885/710 645/886/711 634/887/712
f 614/885/710 648/888/713 629/889/714
f 618/878/706 641/890/715 622/879/707
f 623/891/716 631/892/717 642/893/718
f 628/873/702 635/894/719 616/870/700
f 620/876/705 643/895/720 624/864/697
f 613/865/698 636/896/721 617/897/722
f 622/879/707 630/898/723 610/899/724
f 625/900/725 632/901/726 644/902/727
f 629/889/714 637/903/728 618/878/706
f 672/882/708 640/904/729 674/905/730
f 619/906/731 642/893/718 638/907/732
f 624/864/697 633/908/733 613/865/698
f 616/870/700 646/909/734 627/910/735
f 627/910/735 673/911/736 671/875/704
f 612/912/737 636/913/721 632/901/726
f 628/873/702 638/907/732 647/914/738
f 621/884/709 644/902/727 640/904/729
f 674/905/730 659/915/739 676/916/740
f 638/907/732 661/917/741 657/918/742
f 633/908/733 662/919/743 652/920/744
f 646/909/734 654/921/745 665/922/746
f 646/909/734 675/923/747 673/911/736
f 632/901/726 655/924/748 651/925/749
f 638/907/732 666/926/750 647/914/738
f 640/904/729 663/927/751 659/915/739
f 645/886/711 653/928/752 634/887/712
f 634/887/712 667/929/753 648/888/713
f 637/903/728 660/930/754 641/890/715
f 642/893/718 650/931/755 661/917/741
f 635/894/719 666/926/750 654/921/745
f 643/895/720 658/932/756 662/919/743
f 636/896/721 652/920/744 655/933/748
f 641/890/715 649/934/757 630/898/723
f 644/902/727 651/925/749 663/927/751
f 648/888/713 656/935/758 637/903/728
f 680/936/759 663/927/751 651/925/749
f 677/937/760 652/920/744 662/919/743
f 683/938/761 659/915/739 663/927/751
f 678/939/762 655/933/748 652/920/744
f 676/916/740 686/940/763 664/941/764
f 658/932/756 677/937/760 662/919/743
f 679/942/765 651/925/749 655/924/748
f 675/923/747 682/943/766 658/932/756
f 664/941/764 687/944/767 665/922/746
f 630/898/723 650/931/755 631/892/717
f 661/917/741 656/935/758 657/918/742
f 667/929/753 657/918/742 656/935/758
f 666/926/750 653/928/752 654/921/745
f 665/922/746 653/928/752 664/941/764
f 665/922/746 681/945/768 675/923/747
f 684/946/769 676/916/740 659/915/739
f 673/911/736 658/932/756 639/947/770
f 645/886/711 676/916/740 664/941/764
f 671/875/704 639/947/770 620/876/705
f 626/867/699 674/905/730 645/886/711
f 588/948/690 610/899/724 615/861/695
f 606/857/309 668/850/687 669/847/309
f 606/857/309 670/849/686 604/858/693
f 582/949/560 677/937/760 576/950/671
f 679/942/765 582/951/560 680/936/759
f 582/949/560 679/952/765 678/939/762
f 580/953/672 681/945/768 578/954/562
f 581/955/558 683/938/761 579/956/673
f 576/950/671 682/943/766 580/953/672
f 579/956/673 680/936/759 582/951/560
f 688/957/674 685/958/771 577/959/550
f 686/940/763 688/957/674 687/944/767
f 578/954/562 687/944/767 688/957/674
f 577/959/550 684/946/769 581/955/558
f 583/960/688 622/879/707 610/899/724
f 585/961/677 625/900/725 603/883/678
f 609/962/680 614/885/710 629/889/714
f 585/961/677 617/963/722 612/912/737
f 592/964/684 629/889/714 618/878/706
f 668/965/687 627/910/735 671/875/704
f 599/966/682 619/906/731 593/872/694
f 605/967/692 616/870/700 627/910/735
f 604/868/693 614/885/710 587/968/679
f 590/969/676 613/865/698 617/897/722
f 584/860/689 623/891/716 599/966/682
f 660/930/754 650/931/755 649/934/757
f 611/862/696 615/861/695 631/892/717
f 615/861/695 610/899/724 630/898/723
f 630/898/723 631/892/717 615/861/695
f 557/796/647 695/770/628 562/970/772
f 560/971/773 696/792/646 563/800/651
f 690/794/636 547/972/774 559/802/653
f 696/792/646 558/805/656 563/800/651
f 693/776/634 559/973/653 558/805/656
f 547/972/774 689/775/633 557/808/647
f 694/769/627 560/971/773 561/810/658
f 695/770/628 561/810/658 562/970/772
f 196/329/282 703/303/261 697/327/280
f 199/333/286 704/324/278 699/304/262
f 186/342/293 698/326/279 198/335/288
f 197/338/291 704/324/278 202/332/285
f 198/974/288 701/309/267 197/338/291
f 186/342/293 697/975/280 700/306/264
f 199/333/286 702/301/259 200/343/294
f 200/343/294 703/303/261 201/345/296
f 187/295/257 707/344/295 708/328/281
f 180/291/253 707/344/295 154/318/274
f 183/317/273 710/976/283 705/334/287
f 184/313/254 706/340/292 185/351/300
f 181/290/252 706/340/292 709/337/290
f 183/317/273 711/336/289 184/292/254
f 180/291/253 709/337/290 712/331/284
f 182/312/270 708/328/281 710/330/283
f 548/761/623 715/811/659 515/785/640
f 715/811/659 541/977/775 515/785/640
f 544/978/776 718/809/649 543/783/637
f 714/806/657 545/780/620 546/782/639
f 542/757/619 714/806/657 546/782/639
f 719/804/655 544/978/776 545/758/620
f 541/977/775 717/801/652 542/757/619
f 543/779/637 716/797/648 548/761/623
f 140/248/220 723/279/243 139/227/200
f 143/253/224 721/283/247 722/284/248
f 145/251/223 144/221/194 725/274/238
f 147/228/201 721/283/247 142/249/221
f 139/227/200 726/281/245 147/228/201
f 141/224/197 145/251/223 724/271/235
f 143/979/224 725/274/238 144/221/194
f 141/224/197 727/273/237 140/248/220
f 730/746/610 501/980/777 500/701/573
f 504/981/778 728/749/613 503/718/589
f 505/694/566 506/982/779 732/740/604
f 728/749/613 508/983/780 503/718/589
f 733/747/611 500/701/573 508/983/780
f 502/697/569 731/738/602 506/982/779
f 732/740/604 504/984/778 505/694/566
f 734/739/603 502/697/569 501/980/777
f 410/631/517 746/597/488 448/615/504
f 413/145/133 745/606/496 447/607/497
f 745/606/496 412/613/503 447/607/497
f 742/604/491 410/631/517 411/610/500
f 744/601/492 411/985/500 412/613/503
f 746/597/488 409/986/781 448/615/504
f 57/144/132 741/105/98 738/111/104
f 413/145/133 740/115/107 737/148/136
f 59/123/114 740/115/107 90/117/109
f 57/144/132 736/113/101 58/120/112
f 58/987/112 739/110/103 59/123/114
f 409/986/781 741/105/98 91/125/116
f 751/146/134 443/589/480 400/151/138
f 754/611/501 444/592/483 403/633/519
f 757/616/505 399/988/782 444/592/483
f 755/608/498 402/756/616 401/755/618
f 756/612/502 403/633/519 402/753/616
f 758/609/499 401/755/618 443/589/480
f 86/97/90 751/146/134 400/151/138
f 87/100/93 747/119/111 53/150/137
f 399/988/782 752/126/117 87/100/93
f 52/289/250 748/116/108 51/288/251
f 53/150/137 750/121/113 52/287/250
f 51/288/251 753/118/110 86/97/90
f 160/272/236 766/266/232 761/237/209
f 159/275/239 759/269/233 156/276/240
f 162/277/241 762/243/215 766/266/232
f 161/286/249 760/246/218 158/280/244
f 158/280/244 763/247/219 157/282/246
f 146/278/242 759/269/233 762/243/215
f 159/285/239 763/247/219 764/240/212
f 160/272/236 765/239/211 161/286/249
f 521/737/601 774/733/600 523/743/607
f 767/716/587 520/741/605 517/750/614
f 523/743/607 770/714/585 507/744/608
f 768/717/588 522/752/615 519/745/609
f 771/713/584 519/745/609 518/748/612
f 507/744/608 767/716/587 517/750/614
f 520/989/605 771/713/584 518/748/612
f 773/710/581 521/737/601 522/752/615
f 134/95/88 782/250/222 780/252/193
f 136/104/97 781/222/195 775/223/196
f 138/232/205 782/250/222 133/94/87
f 131/129/120 779/225/198 778/229/202
f 131/129/120 777/230/203 130/231/204
f 138/232/205 777/230/203 776/226/199
f 136/104/97 779/225/198 132/128/119
f 134/990/88 781/222/195 135/103/96
f 495/991/783 790/719/590 494/587/478
f 497/706/578 789/696/568 496/595/486
f 790/719/590 499/992/784 494/587/478
f 492/993/785 787/699/571 493/618/507
f 785/702/574 492/993/785 491/704/576
f 499/992/784 785/702/574 491/704/576
f 787/699/571 497/706/578 493/618/507
f 789/696/568 495/994/783 496/595/486
f 506/982/779 507/744/608 732/740/604
f 145/251/223 146/278/242 724/271/235
f 506/982/779 731/738/602 507/744/608
f 145/251/223 725/274/238 146/278/242
f 122/173/153 792/189/169 95/218/191
f 96/179/159 123/177/157 796/184/164
f 112/180/160 791/209/149 94/210/184
f 97/211/156 794/191/171 793/208/183
f 95/218/191 794/191/171 113/133/124
f 112/180/160 96/179/159 795/187/167
f 123/177/157 793/995/183 796/184/164
f 94/996/184 797/171/151 122/173/153
f 799/666/547 483/648/529 454/693/565
f 484/692/564 455/655/536 803/660/541
f 798/683/527 472/685/559 453/997/786
f 456/686/533 801/667/548 473/622/511
f 801/667/548 454/693/565 473/622/511
f 472/685/559 802/662/543 455/655/536
f 484/692/564 800/661/542 456/652/533
f 804/647/528 453/998/786 483/648/529
f 455/655/536 459/664/545 803/660/541
f 96/179/159 100/188/168 795/187/167
f 455/655/536 802/662/543 459/664/545
f 96/179/159 796/184/164 100/188/168
f 1/1/1 27/8/8 41/2/2
f 1/1/1 30/3/3 40/4/4
f 1/1/1 16/5/5 36/6/6
f 15/7/7 39/35/35 27/8/8
f 23/9/9 35/49/49 14/10/10
f 14/10/10 38/18/18 25/12/12
f 65/13/13 77/25/25 380/14/14
f 353/15/15 378/999/787 75/16/16
f 3/17/17 25/12/12 38/18/18
f 3/17/17 19/19/19 33/20/20
f 73/22/22 373/1000/788 354/23/23
f 66/24/24 354/23/23 380/14/14
f 4/26/26 20/71/68 34/27/27
f 21/28/28 39/35/35 26/29/29
f 67/30/30 78/40/40 381/31/31
f 356/32/32 375/1001/789 74/33/33
f 5/34/34 26/29/29 39/35/35
f 5/34/34 15/7/7 36/6/6
f 68/37/37 76/57/56 379/38/38
f 357/39/39 381/31/31 78/40/40
f 6/41/41 13/44/44 37/42/42
f 29/43/43 41/2/2 27/8/8
f 6/41/41 27/8/8 39/35/35
f 21/28/28 34/27/27 13/44/44
f 7/45/45 17/47/47 33/20/20
f 19/19/19 38/18/18 28/46/46
f 7/45/45 28/46/46 41/2/2
f 29/43/43 37/42/42 17/47/47
f 28/46/46 38/18/18 14/10/10
f 8/48/48 14/10/10 35/49/49
f 8/48/48 22/50/50 40/4/4
f 30/3/3 41/2/2 28/46/46
f 16/5/5 40/4/4 31/51/51
f 69/53/53 79/63/60 383/54/54
f 362/56/55 379/38/38 76/57/56
f 9/59/52 24/36/36 36/6/6
f 10/60/57 22/50/50 35/49/49
f 75/16/16 378/999/787 363/61/58
f 70/62/59 363/61/58 383/54/54
f 31/51/51 40/4/4 22/50/50
f 32/64/61 12/70/67 44/65/62
f 11/67/64 18/21/21 33/20/20
f 11/67/64 17/47/47 37/42/42
f 366/68/65 373/1000/788 73/22/22
f 32/64/61 37/42/42 13/44/44
f 12/70/67 13/44/44 34/27/27
f 74/33/33 375/1001/789 367/72/69
f 11/67/64 42/76/73 80/74/71
f 43/66/63 46/87/77 45/75/72
f 384/77/74 389/1002/472 83/78/75
f 32/64/61 43/66/63 42/76/73
f 72/73/70 367/72/69 384/77/74
f 46/80/77 49/90/84 48/81/78
f 83/83/75 389/579/472 394/84/79
f 43/66/63 44/65/62 47/86/81
f 42/76/73 45/75/72 82/88/82
f 46/80/77 47/155/81 50/89/83
f 45/82/72 48/81/78 84/91/85
f 169/93/86 165/131/122 133/94/87
f 61/96/89 51/288/251 86/97/90
f 417/99/92 399/988/782 87/100/93
f 168/102/95 167/236/208 135/103/96
f 741/105/98 735/598/489 404/106/99
f 736/108/101 55/1003/105 54/109/102
f 738/111/104 56/149/126 55/112/105
f 739/110/103 54/109/102 88/114/106
f 748/116/108 59/123/114 90/117/109
f 747/119/111 57/144/132 58/120/112
f 750/122/113 58/987/112 59/123/114
f 749/124/115 409/986/781 91/125/116
f 163/127/118 164/233/206 132/128/119
f 394/84/79 417/99/92 92/101/94
f 48/81/78 61/96/89 93/98/91
f 166/130/121 138/232/205 133/94/87
f 106/132/123 95/218/191 113/133/124
f 84/91/85 93/98/91 416/141/129
f 50/89/83 85/85/80 92/101/94
f 752/126/117 91/125/116 57/144/132
f 753/118/110 90/117/109 413/145/133
f 740/115/107 88/114/106 405/147/135
f 738/111/104 741/105/98 89/107/100
f 92/101/94 87/100/93 53/150/137
f 93/98/91 86/97/90 400/151/138
f 82/92/82 84/91/85 395/142/130
f 80/74/71 82/88/82 390/153/139
f 47/155/81 83/83/75 85/85/80
f 12/70/67 72/73/70 81/79/76
f 81/79/76 83/78/75 47/86/81
f 366/68/65 71/69/66 80/74/71
f 20/71/68 74/33/33 72/73/70
f 71/69/66 73/22/22 18/21/21
f 10/60/57 70/62/59 79/63/60
f 23/9/9 75/16/16 70/62/59
f 69/58/53 76/57/56 24/36/36
f 9/52/52 31/51/51 79/63/60
f 68/37/37 78/40/40 26/29/29
f 24/36/36 76/57/56 68/37/37
f 67/30/30 74/33/33 20/71/68
f 4/26/26 26/29/29 78/40/40
f 3/17/17 66/24/24 77/25/25
f 18/21/21 73/22/22 66/24/24
f 2/11/11 65/13/13 75/16/16
f 2/11/11 25/12/12 77/25/25
f 404/160/99 451/219/192 62/156/141
f 482/161/143 421/642/524 63/162/144
f 88/159/106 64/158/142 452/164/146
f 63/166/144 421/1004/524 471/167/147
f 791/169/149 98/197/177 124/170/150
f 108/172/152 94/996/184 122/173/153
f 128/175/155 107/200/180 97/176/156
f 118/178/158 109/199/179 96/179/159
f 125/181/161 101/185/165 105/182/162
f 796/184/164 793/995/183 101/185/165
f 792/189/169 99/214/187 115/190/170
f 103/192/172 126/198/178 216/193/173
f 100/188/168 104/217/190 116/195/175
f 115/190/170 99/214/187 103/192/172
f 98/197/177 102/1005/181 126/198/178
f 110/168/148 64/158/142 109/199/179
f 121/139/128 55/138/105 107/200/180
f 63/162/144 108/172/152 129/174/154
f 62/156/141 106/132/123 119/134/125
f 111/137/127 119/134/125 107/201/180
f 63/166/144 110/168/148 118/178/158
f 101/203/165 115/190/170 117/196/176
f 114/186/166 116/195/175 102/205/181
f 126/198/178 102/1005/181 220/207/182
f 793/208/183 794/191/171 115/190/170
f 795/187/167 114/186/166 98/206/177
f 108/202/152 118/178/158 112/180/160
f 110/168/148 471/167/147 452/164/146
f 119/134/125 113/133/124 97/211/156
f 116/195/175 104/217/190 221/212/185
f 120/163/145 129/174/154 106/132/123
f 64/158/142 121/139/128 128/175/155
f 124/170/150 126/198/178 103/192/172
f 105/204/162 117/196/176 217/215/188
f 100/188/168 125/181/161 127/183/163
f 109/199/179 128/175/155 123/177/157
f 129/174/154 122/173/153 95/218/191
f 797/171/151 124/170/150 99/214/187
f 451/219/192 482/161/143 120/163/145
f 780/220/193 143/979/224 144/221/194
f 775/223/196 145/251/223 141/224/197
f 776/226/199 777/230/203 139/227/200
f 778/229/202 140/248/220 139/227/200
f 166/130/121 170/234/207 130/231/204
f 164/233/206 168/102/95 136/104/97
f 163/127/118 131/129/120 130/231/204
f 169/235/86 134/990/88 135/103/96
f 761/237/209 148/270/234 137/238/210
f 764/240/212 763/247/219 150/241/213
f 762/243/215 759/269/233 152/244/216
f 760/246/218 155/265/227 150/241/213
f 778/229/202 779/225/198 141/224/197
f 776/226/199 147/228/201 142/249/221
f 775/223/196 781/222/195 144/221/194
f 780/252/193 782/250/222 142/249/221
f 153/254/217 177/294/256 173/255/225
f 155/257/227 137/260/210 171/258/228
f 137/260/210 148/297/234 172/261/230
f 150/262/213 174/1006/258 175/263/231
f 765/239/211 137/238/210 155/265/227
f 766/266/232 762/243/215 153/245/217
f 764/268/212 151/1007/214 152/244/216
f 761/237/209 766/266/232 149/267/226
f 724/271/235 162/277/241 160/272/236
f 725/274/238 722/1008/248 159/275/239
f 723/279/243 161/286/249 158/280/244
f 726/281/245 158/280/244 157/282/246
f 722/284/248 721/283/247 157/282/246
f 727/273/237 160/272/236 161/286/249
f 52/287/250 169/235/86 167/236/208
f 49/90/84 163/127/118 170/234/207
f 60/143/131 168/102/95 164/233/206
f 61/96/89 48/81/78 170/234/207
f 61/96/89 166/130/121 165/131/122
f 49/90/84 50/89/83 164/233/206
f 60/143/131 53/150/137 167/236/208
f 52/289/250 51/288/251 165/131/122
f 172/261/230 173/255/225 181/290/252
f 175/263/231 183/317/273 184/292/254
f 177/294/256 185/351/300 181/290/252
f 171/258/228 154/318/274 187/295/257
f 152/296/216 151/264/214 175/263/231
f 149/256/226 173/255/225 172/261/230
f 155/257/227 179/259/229 174/298/258
f 153/254/217 152/1009/216 176/300/255
f 702/301/259 178/305/263 195/302/260
f 699/304/262 188/323/277 178/305/263
f 700/306/264 697/975/280 190/307/265
f 701/309/267 698/1010/279 192/310/268
f 179/259/229 187/295/257 182/312/270
f 184/313/254 185/351/300 205/314/271
f 175/263/231 174/1006/258 182/316/270
f 172/261/230 180/291/253 154/318/274
f 193/311/269 192/310/268 191/319/266
f 194/320/275 191/319/266 190/321/265
f 178/305/263 188/323/277 194/320/275
f 189/322/276 193/311/269 194/320/275
f 701/309/267 193/311/269 189/322/276
f 700/306/264 191/308/266 192/325/268
f 699/304/262 704/324/278 189/322/276
f 697/327/280 703/303/261 195/302/260
f 708/328/281 201/345/296 196/329/282
f 712/331/284 709/337/290 202/332/285
f 705/334/287 186/342/293 198/335/288
f 709/337/290 706/340/292 197/338/291
f 711/339/289 198/974/288 197/338/291
f 705/334/287 710/976/283 196/341/282
f 712/331/284 199/333/286 200/343/294
f 708/328/281 707/344/295 200/343/294
f 204/346/297 208/1011/301 207/347/298
f 176/293/255 184/292/254 206/349/272
f 177/294/256 203/348/299 205/314/271
f 177/294/256 176/300/255 204/346/297
f 208/352/301 210/1012/305 214/353/302
f 206/349/272 210/1012/305 208/352/301
f 205/314/271 203/348/299 207/347/298
f 206/315/272 205/314/271 209/355/304
f 212/357/303 214/360/302 213/358/306
f 207/347/298 211/359/307 213/358/306
f 209/355/304 213/358/306 214/360/302
f 207/347/298 208/1011/301 212/357/303
f 104/217/190 127/183/163 215/361/308
f 127/183/163 105/182/162 219/362/189
f 102/205/181 116/195/175 218/213/186
f 117/196/176 103/192/172 327/194/174
f 241/364/309 229/1013/406 225/365/310
f 224/367/312 229/1013/406 241/364/309
f 226/369/314 230/372/309 247/370/309
f 230/372/309 228/388/327 246/373/316
f 233/374/309 232/390/329 238/375/317
f 237/377/318 231/391/330 233/374/309
f 235/378/319 236/381/309 308/379/309
f 236/381/309 234/386/325 307/382/321
f 222/383/322 237/377/318 239/376/309
f 239/376/309 238/375/317 223/385/324
f 242/368/313 241/364/309 236/381/309
f 236/381/309 241/364/309 240/366/311
f 230/372/309 245/486/309 244/387/326
f 243/389/328 245/486/309 230/372/309
f 247/370/309 246/373/316 232/390/329
f 248/371/315 247/370/309 233/374/309
f 223/392/324 250/424/348 254/393/331
f 225/395/310 252/429/353 263/396/332
f 265/398/333 311/412/338 309/399/320
f 255/401/334 267/404/335 246/402/316
f 267/404/335 258/438/362 232/405/329
f 234/406/325 259/427/351 310/407/336
f 237/409/318 261/421/345 257/410/337
f 263/396/332 259/427/351 234/406/325
f 311/412/338 260/414/339 235/413/319
f 260/414/339 264/433/357 242/415/313
f 253/416/340 273/459/381 284/417/341
f 287/418/342 273/459/381 253/416/340
f 280/420/344 276/436/360 257/410/337
f 262/422/346 281/439/363 270/423/347
f 274/425/349 286/456/378 267/404/335
f 282/426/350 278/464/386 259/427/351
f 275/428/352 272/440/364 252/429/353
f 269/431/355 280/420/344 261/421/345
f 264/433/357 283/447/369 271/434/358
f 276/436/360 287/418/342 268/419/343
f 311/412/338 313/448/370 279/437/361
f 258/438/362 277/446/368 281/439/363
f 272/440/364 282/426/350 263/396/332
f 285/441/365 274/425/349 255/401/334
f 312/443/367 285/441/365 266/442/366
f 251/435/359 271/434/358 275/444/352
f 267/404/335 286/456/378 277/446/368
f 260/414/339 279/437/361 283/447/369
f 313/448/370 315/474/395 298/449/371
f 277/446/368 296/482/403 300/450/372
f 272/440/364 291/465/387 301/451/373
f 285/441/365 304/483/404 293/452/374
f 314/453/375 304/483/404 285/441/365
f 271/434/358 290/467/389 294/454/376
f 305/455/377 296/482/403 277/446/368
f 279/437/361 298/449/371 302/457/379
f 292/458/380 303/480/401 284/417/341
f 306/460/382 292/458/380 273/459/381
f 299/461/383 295/468/390 276/436/360
f 281/439/363 300/450/372 289/462/384
f 274/425/349 293/452/374 305/455/377
f 282/426/350 301/451/373 297/463/385
f 275/428/352 294/472/376 291/465/387
f 288/466/388 299/461/383 280/420/344
f 283/447/369 302/457/379 290/467/389
f 295/468/390 306/460/382 287/418/342
f 302/457/379 322/471/393 319/469/391
f 291/465/387 317/473/394 316/470/392
f 298/449/371 323/484/405 322/471/393
f 294/472/376 318/489/399 317/473/394
f 315/474/395 303/480/401 325/475/396
f 297/463/385 301/451/373 316/470/392
f 290/467/389 319/469/391 318/478/399
f 314/453/375 297/463/385 321/477/398
f 303/480/401 304/483/404 326/481/402
f 269/431/355 270/423/347 289/462/384
f 300/450/372 296/482/403 295/468/390
f 306/460/382 295/468/390 296/482/403
f 305/455/377 293/452/374 292/458/380
f 292/458/380 293/452/374 304/483/404
f 304/483/404 314/453/375 320/479/400
f 315/474/395 324/476/397 323/484/405
f 297/463/385 314/453/375 312/443/367
f 284/417/341 303/480/401 315/474/395
f 278/464/386 312/443/367 310/407/336
f 265/398/333 284/417/341 313/448/370
f 227/394/323 254/393/331 249/432/356
f 245/486/309 308/379/309 307/382/321
f 309/380/320 308/379/309 245/486/309
f 221/487/185 215/492/308 316/470/392
f 219/490/189 217/495/188 320/479/400
f 220/491/182 218/493/186 322/471/393
f 215/492/308 219/490/189 321/477/398
f 218/493/186 221/488/185 319/469/391
f 327/494/174 216/496/173 324/476/397
f 217/495/188 327/494/174 326/481/402
f 216/496/173 220/491/182 323/484/405
f 222/485/322 249/432/356 261/421/345
f 264/433/357 251/435/359 224/497/312
f 248/498/315 268/419/343 253/416/340
f 224/497/312 251/435/359 256/445/354
f 231/411/330 257/410/337 268/419/343
f 307/408/321 310/407/336 266/442/366
f 258/438/362 262/422/346 238/502/317
f 244/501/326 266/442/366 255/401/334
f 253/416/340 265/398/333 243/400/328
f 229/503/406 256/430/354 252/429/353
f 262/422/346 250/424/348 223/392/324
f 299/461/383 288/466/388 289/462/384
f 328/504/407 361/508/411 382/505/408
f 328/504/407 343/510/413 377/507/410
f 328/504/407 342/511/414 371/509/412
f 358/506/409 376/537/437 342/511/414
f 341/512/415 370/548/448 350/513/416
f 352/515/418 374/522/423 341/512/415
f 422/516/419 353/520/15 380/517/14
f 432/519/421 378/1014/787 353/520/15
f 330/521/422 346/524/425 374/522/423
f 330/521/422 345/565/461 368/523/424
f 354/525/23 373/1015/788 430/526/426
f 423/527/427 434/518/420 380/517/14
f 331/528/428 348/532/432 369/529/429
f 355/531/431 376/537/437 348/532/432
f 424/533/433 356/32/32 381/31/31
f 431/535/435 375/1001/789 356/32/32
f 332/536/436 342/511/414 376/537/437
f 332/536/436 351/557/454 371/509/412
f 425/538/438 357/39/39 379/38/38
f 435/534/434 381/31/31 357/39/39
f 333/540/440 360/543/443 372/541/441
f 358/506/409 382/505/408 360/543/443
f 333/540/440 348/532/432 376/537/437
f 340/542/442 369/529/429 348/532/432
f 334/544/444 346/524/425 368/523/424
f 359/546/446 374/522/423 346/524/425
f 334/544/444 360/543/443 382/505/408
f 344/545/445 372/541/441 360/543/443
f 341/512/415 374/522/423 359/546/446
f 335/547/447 349/549/449 370/548/448
f 335/547/447 361/508/411 377/507/410
f 359/546/446 382/505/408 361/508/411
f 364/550/450 377/507/410 343/510/413
f 426/552/452 362/1016/55 383/553/54
f 433/539/439 379/38/38 362/56/55
f 336/556/451 343/510/413 371/509/412
f 337/558/455 350/513/416 370/548/448
f 363/559/58 378/1014/787 432/519/421
f 427/560/456 436/554/453 383/553/54
f 349/549/449 377/507/410 364/550/450
f 365/561/457 387/571/466 388/562/458
f 338/564/460 344/545/445 368/523/424
f 338/564/460 365/561/457 372/541/441
f 430/526/426 373/1015/788 366/566/65
f 340/542/442 372/541/441 365/561/457
f 339/563/459 347/530/430 369/529/429
f 367/72/69 375/1001/789 431/535/435
f 437/569/464 386/572/467 338/564/460
f 391/570/465 392/1017/471 387/571/466
f 440/573/468 389/1002/472 384/77/74
f 386/572/467 387/571/466 365/561/457
f 429/568/463 438/574/469 384/77/74
f 396/575/470 397/754/617 392/576/471
f 440/578/468 442/620/509 394/84/79
f 387/571/466 392/1017/471 393/580/473
f 439/581/474 391/570/465 386/572/467
f 392/576/471 397/754/617 398/582/475
f 441/584/476 396/575/470 391/577/465
f 530/586/477 495/991/783 494/587/478
f 443/589/480 401/755/618 415/590/481
f 444/592/483 399/988/782 417/99/92
f 529/594/485 497/706/578 496/595/486
f 746/597/488 446/632/518 404/106/99
f 406/599/490 407/1018/493 742/600/491
f 407/602/493 408/1019/515 743/603/494
f 445/605/495 406/599/490 744/601/492
f 447/607/497 412/613/503 755/608/498
f 411/610/500 410/631/517 754/611/501
f 412/613/503 411/985/500 756/614/502
f 448/615/504 409/986/781 749/124/115
f 524/617/506 492/993/785 493/618/507
f 449/593/484 417/99/92 394/84/79
f 450/591/482 415/590/481 396/575/470
f 494/587/478 499/992/784 527/621/510
f 473/622/511 454/693/565 465/623/512
f 416/141/129 450/591/482 441/584/476
f 398/582/475 414/634/520 449/593/484
f 410/631/517 448/615/504 757/616/505
f 413/145/133 447/607/497 758/609/499
f 405/147/135 445/605/495 745/606/496
f 743/603/494 408/1019/515 446/632/518
f 403/633/519 444/592/483 449/593/484
f 400/151/138 443/589/480 450/591/482
f 395/142/130 441/584/476 439/585/474
f 390/635/139 439/581/474 437/569/464
f 393/583/473 398/582/475 442/620/509
f 339/563/459 388/562/458 438/574/469
f 393/580/473 440/573/468 438/574/469
f 366/566/65 385/636/140 437/569/464
f 429/568/463 431/535/435 347/530/430
f 345/565/461 430/526/426 428/567/462
f 337/558/455 364/550/450 436/554/453
f 427/560/456 432/519/421 350/513/416
f 351/557/454 433/539/439 426/555/452
f 336/551/451 426/552/452 436/554/453
f 355/531/431 435/534/434 425/538/438
f 425/538/438 433/539/439 351/557/454
f 347/530/430 431/535/435 424/533/433
f 331/528/428 424/533/433 435/534/434
f 330/521/422 352/515/418 434/518/420
f 423/527/427 430/526/426 345/565/461
f 329/514/417 350/513/416 432/519/421
f 329/514/417 422/516/419 434/518/420
f 404/160/99 446/638/518 418/637/521
f 482/161/143 480/674/555 419/641/523
f 452/164/146 420/639/522 445/640/495
f 471/167/147 421/1004/524 419/643/523
f 485/645/526 457/673/554 798/646/527
f 483/648/529 453/998/786 467/649/530
f 489/651/532 484/692/564 456/652/533
f 478/654/535 472/685/559 455/655/536
f 486/657/538 488/691/563 464/658/539
f 803/660/541 486/657/538 460/659/540
f 475/665/546 458/672/553 799/666/547
f 462/668/549 688/831/674 577/669/550
f 476/671/552 463/688/561 459/664/545
f 475/665/546 477/677/556 462/668/549
f 487/670/551 461/681/557 457/673/554
f 469/644/525 478/654/535 468/656/537
f 481/630/516 489/651/532 466/653/534
f 490/650/531 467/649/530 419/641/523
f 479/624/513 465/623/512 418/637/521
f 466/675/534 479/624/513 470/626/514
f 419/643/523 467/684/530 478/654/535
f 460/676/540 464/689/539 477/677/556
f 461/678/557 476/671/552 474/663/544
f 487/670/551 577/669/550 581/680/558
f 800/682/542 460/676/540 475/665/546
f 457/679/554 474/663/544 802/662/543
f 467/684/530 453/997/786 472/685/559
f 452/164/146 471/167/147 469/644/525
f 456/686/533 473/622/511 479/624/513
f 476/671/552 579/830/673 582/687/560
f 465/623/512 490/650/531 480/674/555
f 420/639/522 468/656/537 489/651/532
f 462/668/549 487/670/551 485/645/526
f 464/689/539 580/1020/672 578/690/562
f 459/664/545 463/688/561 488/691/563
f 468/656/537 455/655/536 484/692/564
f 454/693/565 483/648/529 490/650/531
f 458/672/553 485/645/526 804/647/528
f 451/219/192 418/637/521 480/674/555
f 505/694/566 504/984/778 788/695/567
f 502/697/569 506/982/779 783/698/570
f 784/700/572 508/983/780 500/701/573
f 500/701/573 501/980/777 786/703/575
f 527/621/510 499/992/784 491/704/576
f 525/619/508 493/618/507 497/706/578
f 491/704/576 492/993/785 524/617/506
f 496/595/486 495/994/783 530/707/477
f 498/708/579 509/1021/597 769/709/580
f 772/711/582 512/1022/599 511/712/583
f 770/714/585 514/734/592 513/715/586
f 511/712/583 516/732/594 768/717/588
f 786/703/575 501/980/777 502/697/569
f 503/718/589 508/983/780 784/700/572
f 783/698/570 506/982/779 505/694/566
f 788/720/567 504/981/778 503/718/589
f 534/721/591 538/760/622 514/722/592
f 516/724/594 540/762/624 532/725/595
f 498/726/579 532/725/595 533/727/596
f 536/729/598 535/784/625 511/730/583
f 516/732/594 498/708/579 773/710/581
f 774/733/600 510/736/593 514/734/592
f 513/715/586 512/1023/599 772/735/582
f 769/709/580 509/1021/597 510/736/593
f 521/737/601 523/743/607 731/738/602
f 732/740/604 517/750/614 520/741/605
f 519/745/609 522/752/615 730/746/610
f 518/748/612 519/745/609 733/747/611
f 729/751/606 520/989/605 518/748/612
f 522/752/615 521/737/601 734/739/603
f 528/596/487 530/707/477 402/753/616
f 531/705/577 524/617/506 397/754/617
f 525/619/508 529/594/485 414/634/520
f 415/590/481 527/621/510 531/705/577
f 526/588/479 527/621/510 415/590/481
f 397/754/617 524/617/506 525/619/508
f 414/634/520 529/594/485 528/596/487
f 402/756/616 530/586/477 526/588/479
f 533/727/596 541/977/775 542/757/619
f 545/758/620 544/978/776 536/729/598
f 542/757/619 546/782/639 538/760/622
f 548/761/623 515/785/640 532/725/595
f 513/763/586 537/759/621 536/729/598
f 533/727/596 534/721/591 510/723/593
f 535/764/625 540/762/624 516/724/594
f 514/722/592 538/760/622 537/766/621
f 556/768/626 539/771/629 694/769/627
f 539/771/629 549/790/644 691/772/630
f 692/773/631 552/1024/641 551/774/632
f 693/776/634 554/787/642 553/777/635
f 543/779/637 548/761/623 540/762/624
f 545/780/620 567/820/663 566/781/638
f 536/729/598 544/978/776 543/783/637
f 515/785/640 541/977/775 533/727/596
f 552/786/641 553/777/635 554/787/642
f 551/789/632 552/786/641 555/788/643
f 539/771/629 556/768/626 555/788/643
f 555/788/643 554/787/642 550/791/645
f 550/791/645 554/787/642 693/776/634
f 553/793/635 552/1024/641 692/773/631
f 691/772/630 549/790/644 550/791/645
f 689/795/633 551/789/632 556/768/626
f 557/796/647 562/970/772 716/797/648
f 720/799/650 560/971/773 563/800/651
f 559/802/653 547/972/774 713/803/654
f 717/801/652 563/800/651 558/805/656
f 558/805/656 559/973/653 719/807/655
f 713/803/654 547/972/774 557/808/647
f 561/810/658 560/971/773 720/799/650
f 716/797/648 562/970/772 561/810/658
f 568/812/660 569/827/664 565/813/661
f 537/759/621 565/819/661 567/815/663
f 566/781/638 564/814/662 538/760/622
f 538/760/622 564/814/662 565/813/661
f 569/816/664 573/1025/669 575/817/665
f 569/816/664 571/818/666 567/815/663
f 566/781/638 570/821/667 568/812/660
f 567/820/663 571/826/666 570/821/667
f 574/822/668 575/825/665 573/823/669
f 574/822/668 572/824/670 568/812/660
f 575/825/665 574/822/668 570/821/667
f 568/812/660 572/824/670 573/823/669
f 463/688/561 582/687/560 576/828/671
f 488/691/563 576/828/671 580/829/672
f 461/678/557 581/1026/558 579/830/673
f 477/677/556 578/690/562 688/831/674
f 602/832/309 601/855/691 586/833/675
f 602/832/309 590/834/676 585/835/677
f 608/837/309 591/841/309 587/838/679
f 607/840/681 589/1027/701 591/841/309
f 599/842/682 593/859/694 594/843/309
f 598/845/683 600/844/309 594/843/309
f 669/847/309 597/851/309 596/848/685
f 668/850/687 595/1028/703 597/851/309
f 583/852/688 588/854/690 600/844/309
f 584/853/689 599/842/682 600/844/309
f 597/851/309 602/832/309 603/836/678
f 597/851/309 595/1028/703 601/855/691
f 591/841/309 589/1027/701 605/856/692
f 591/841/309 606/857/309 604/858/693
f 593/859/694 607/840/681 608/837/309
f 594/843/309 608/837/309 609/839/680
f 584/860/689 588/948/690 615/861/695
f 586/863/675 601/880/691 624/864/697
f 670/866/686 672/882/708 626/867/699
f 607/869/681 628/873/702 616/870/700
f 593/872/694 619/906/731 628/873/702
f 595/874/703 668/965/687 671/875/704
f 598/877/683 592/964/684 618/878/706
f 595/874/703 620/876/705 624/864/697
f 596/881/685 621/884/709 672/882/708
f 603/883/678 625/900/725 621/884/709
f 614/885/710 626/867/699 645/886/711
f 614/885/710 634/887/712 648/888/713
f 618/878/706 637/903/728 641/890/715
f 623/891/716 611/862/696 631/892/717
f 628/873/702 647/914/738 635/894/719
f 620/876/705 639/947/770 643/895/720
f 613/865/698 633/908/733 636/896/721
f 622/879/707 641/890/715 630/898/723
f 625/900/725 612/912/737 632/901/726
f 629/889/714 648/888/713 637/903/728
f 672/882/708 621/884/709 640/904/729
f 619/906/731 623/891/716 642/893/718
f 624/864/697 643/895/720 633/908/733
f 616/870/700 635/894/719 646/909/734
f 627/910/735 646/909/734 673/911/736
f 612/912/737 617/963/722 636/913/721
f 628/873/702 619/906/731 638/907/732
f 621/884/709 625/900/725 644/902/727
f 674/905/730 640/904/729 659/915/739
f 638/907/732 642/893/718 661/917/741
f 633/908/733 643/895/720 662/919/743
f 646/909/734 635/894/719 654/921/745
f 646/909/734 665/922/746 675/923/747
f 632/901/726 636/913/721 655/924/748
f 638/907/732 657/918/742 666/926/750
f 640/904/729 644/902/727 663/927/751
f 645/886/711 664/941/764 653/928/752
f 634/887/712 653/928/752 667/929/753
f 637/903/728 656/935/758 660/930/754
f 642/893/718 631/892/717 650/931/755
f 635/894/719 647/914/738 666/926/750
f 643/895/720 639/947/770 658/932/756
f 636/896/721 633/908/733 652/920/744
f 641/890/715 660/930/754 649/934/757
f 644/902/727 632/901/726 651/925/749
f 648/888/713 667/929/753 656/935/758
f 680/936/759 683/938/761 663/927/751
f 677/937/760 678/939/762 652/920/744
f 683/938/761 684/946/769 659/915/739
f 678/939/762 679/952/765 655/933/748
f 676/916/740 685/958/771 686/940/763
f 658/932/756 682/943/766 677/937/760
f 679/942/765 680/936/759 651/925/749
f 675/923/747 681/945/768 682/943/766
f 664/941/764 686/940/763 687/944/767
f 630/898/723 649/934/757 650/931/755
f 661/917/741 660/930/754 656/935/758
f 667/929/753 666/926/750 657/918/742
f 666/926/750 667/929/753 653/928/752
f 665/922/746 654/921/745 653/928/752
f 665/922/746 687/944/767 681/945/768
f 684/946/769 685/958/771 676/916/740
f 673/911/736 675/923/747 658/932/756
f 645/886/711 674/905/730 676/916/740
f 671/875/704 673/911/736 639/947/770
f 626/867/699 672/882/708 674/905/730
f 588/948/690 583/960/688 610/899/724
f 606/857/309 605/856/692 668/850/687
f 606/857/309 669/847/309 670/849/686
f 582/949/560 678/939/762 677/937/760
f 580/953/672 682/943/766 681/945/768
f 581/955/558 684/946/769 683/938/761
f 576/950/671 677/937/760 682/943/766
f 579/956/673 683/938/761 680/936/759
f 688/957/674 686/940/763 685/958/771
f 578/954/562 681/945/768 687/944/767
f 577/959/550 685/958/771 684/946/769
f 583/960/688 598/877/683 622/879/707
f 585/961/677 612/912/737 625/900/725
f 609/962/680 587/968/679 614/885/710
f 585/961/677 590/1029/676 617/963/722
f 592/964/684 609/962/680 629/889/714
f 668/965/687 605/967/692 627/910/735
f 599/966/682 623/891/716 619/906/731
f 605/967/692 589/871/701 616/870/700
f 604/868/693 626/867/699 614/885/710
f 590/969/676 586/863/675 613/865/698
f 584/860/689 611/862/696 623/891/716
f 660/930/754 661/917/741 650/931/755
f 557/796/647 689/795/633 695/770/628
f 560/971/773 691/772/630 696/792/646
f 690/794/636 692/773/631 547/972/774
f 696/792/646 693/776/634 558/805/656
f 693/776/634 690/778/636 559/973/653
f 547/972/774 692/773/631 689/775/633
f 694/769/627 691/772/630 560/971/773
f 695/770/628 694/769/627 561/810/658
f 196/329/282 201/345/296 703/303/261
f 199/333/286 202/332/285 704/324/278
f 186/342/293 700/306/264 698/326/279
f 197/338/291 701/309/267 704/324/278
f 198/974/288 698/1010/279 701/309/267
f 186/342/293 196/341/282 697/975/280
f 199/333/286 699/304/262 702/301/259
f 200/343/294 702/301/259 703/303/261
f 187/295/257 154/318/274 707/344/295
f 180/291/253 712/331/284 707/344/295
f 183/317/273 182/316/270 710/976/283
f 184/313/254 711/339/289 706/340/292
f 181/290/252 185/351/300 706/340/292
f 183/317/273 705/334/287 711/336/289
f 180/291/253 181/290/252 709/337/290
f 182/312/270 187/295/257 708/328/281
f 548/761/623 716/797/648 715/811/659
f 715/811/659 720/799/650 541/977/775
f 544/978/776 713/803/654 718/809/649
f 714/806/657 719/807/655 545/780/620
f 542/757/619 717/801/652 714/806/657
f 719/804/655 713/803/654 544/978/776
f 541/977/775 720/799/650 717/801/652
f 543/779/637 718/798/649 716/797/648
f 140/248/220 727/273/237 723/279/243
f 143/253/224 142/249/221 721/283/247
f 147/228/201 726/281/245 721/283/247
f 139/227/200 723/279/243 726/281/245
f 143/979/224 722/1008/248 725/274/238
f 141/224/197 724/271/235 727/273/237
f 730/746/610 734/739/603 501/980/777
f 504/981/778 729/751/606 728/749/613
f 728/749/613 733/747/611 508/983/780
f 733/747/611 730/746/610 500/701/573
f 732/740/604 729/742/606 504/984/778
f 734/739/603 731/738/602 502/697/569
f 410/631/517 743/603/494 746/597/488
f 413/145/133 737/148/136 745/606/496
f 745/606/496 744/601/492 412/613/503
f 742/604/491 743/603/494 410/631/517
f 744/601/492 742/600/491 411/985/500
f 746/597/488 735/598/489 409/986/781
f 57/144/132 91/125/116 741/105/98
f 413/145/133 90/117/109 740/115/107
f 59/123/114 739/110/103 740/115/107
f 57/144/132 738/111/104 736/113/101
f 58/987/112 736/108/101 739/110/103
f 409/986/781 735/598/489 741/105/98
f 751/146/134 758/609/499 443/589/480
f 754/611/501 757/616/505 444/592/483
f 757/616/505 749/124/115 399/988/782
f 755/608/498 756/614/502 402/756/616
f 756/612/502 754/611/501 403/633/519
f 758/609/499 755/608/498 401/755/618
f 86/97/90 753/118/110 751/146/134
f 87/100/93 752/126/117 747/119/111
f 399/988/782 749/124/115 752/126/117
f 52/289/250 750/122/113 748/116/108
f 53/150/137 747/119/111 750/121/113
f 51/288/251 748/116/108 753/118/110
f 160/272/236 162/277/241 766/266/232
f 159/275/239 764/268/212 759/269/233
f 162/277/241 146/278/242 762/243/215
f 161/286/249 765/239/211 760/246/218
f 158/280/244 760/246/218 763/247/219
f 146/278/242 156/276/240 759/269/233
f 159/285/239 157/282/246 763/247/219
f 160/272/236 761/237/209 765/239/211
f 521/737/601 769/709/580 774/733/600
f 767/716/587 772/735/582 520/741/605
f 523/743/607 774/733/600 770/714/585
f 768/717/588 773/710/581 522/752/615
f 771/713/584 768/717/588 519/745/609
f 507/744/608 770/714/585 767/716/587
f 520/989/605 772/711/582 771/713/584
f 773/710/581 769/709/580 521/737/601
f 134/95/88 133/94/87 782/250/222
f 136/104/97 135/103/96 781/222/195
f 138/232/205 776/226/199 782/250/222
f 131/129/120 132/128/119 779/225/198
f 131/129/120 778/229/202 777/230/203
f 138/232/205 130/231/204 777/230/203
f 136/104/97 775/223/196 779/225/198
f 134/990/88 780/220/193 781/222/195
f 495/991/783 788/720/567 790/719/590
f 497/706/578 783/698/570 789/696/568
f 790/719/590 784/700/572 499/992/784
f 492/993/785 786/703/575 787/699/571
f 785/702/574 786/703/575 492/993/785
f 499/992/784 784/700/572 785/702/574
f 787/699/571 783/698/570 497/706/578
f 789/696/568 788/695/567 495/994/783
f 122/173/153 797/171/151 792/189/169
f 112/180/160 795/187/167 791/209/149
f 97/211/156 113/133/124 794/191/171
f 95/218/191 792/189/169 794/191/171
f 123/177/157 97/176/156 793/995/183
f 94/996/184 791/169/149 797/171/151
f 799/666/547 804/647/528 483/648/529
f 798/683/527 802/662/543 472/685/559
f 456/686/533 800/682/542 801/667/548
f 801/667/548 799/666/547 454/693/565
f 484/692/564 803/660/541 800/661/542
f 804/647/528 798/646/527 453/998/786
