# Blender 4.3.2
# www.blender.org
mtllib @player.mtl
o @player
v 0.090430 0.516079 0.073672
v 0.038953 0.525500 -0.180816
v 0.038953 0.458818 -0.180816
v 0.042660 0.442569 0.179607
v 0.042660 0.515986 0.167065
v 0.088197 0.448168 0.079944
v 0.088197 0.453663 -0.077926
v 0.090430 0.520696 -0.077926
v 0.041562 0.552781 0.090795
v 0.041562 0.557678 -0.082364
v 0.041562 0.409796 -0.082364
v 0.041562 0.398164 0.103337
v 0.074533 0.416809 0.075277
v 0.071272 0.522522 -0.150483
v 0.071272 0.514372 0.129149
v 0.074533 0.544414 0.081841
v 0.074533 0.426336 -0.076582
v 0.038813 0.429985 -0.156738
v 0.071272 0.459208 -0.150483
v 0.042519 0.408852 0.168658
v 0.071272 0.447898 0.140123
v 0.074533 0.546382 -0.076582
v 0.038813 0.547144 -0.146710
v 0.042519 0.540630 0.148705
v 0.039745 0.489539 -0.189772
v 0.043452 0.481008 0.175517
v 0.090122 0.482831 0.071352
v 0.088750 0.486252 -0.080380
v 0.094486 0.449852 0.005212
v 0.096719 0.518918 0.003644
v 0.043658 0.559491 0.007523
v 0.043658 0.398954 0.010658
v 0.063059 0.437721 -0.131273
v 0.063059 0.413674 0.134656
v 0.063059 0.543533 -0.131273
v 0.066464 0.537292 0.131642
v 0.078726 0.418818 0.009297
v 0.071009 0.488210 -0.155435
v 0.072098 0.482375 0.132116
v 0.078726 0.546238 0.006554
v 0.095630 0.483951 0.002097
v 0.024493 0.395853 -0.041492
v 0.028560 0.392153 0.000283
v 0.024252 0.391202 0.040909
v 0.021772 0.381282 -0.044003
v 0.030890 0.377446 -0.003447
v 0.021772 0.376214 0.036906
v 0.045942 0.375914 -0.045036
v 0.054118 0.374076 -0.000898
v 0.045943 0.371205 0.040245
v 0.059789 0.329816 -0.053200
v 0.070431 0.326919 0.011767
v 0.059789 0.325472 0.070106
v 0.066736 0.215425 -0.038956
v 0.078182 0.210768 0.029707
v 0.063813 0.209660 0.088204
v 0.057450 0.263517 0.085163
v 0.067675 0.264597 0.027728
v 0.057450 0.267267 -0.032683
v 0.054426 0.347435 0.056219
v 0.054426 0.351955 -0.060016
v 0.025333 0.192906 0.098716
v 0.003918 0.174638 -0.012981
v 0.040304 0.192005 -0.067235
v 0.018694 0.526426 -0.183852
v 0.018694 0.457989 -0.188160
v 0.018694 0.439914 0.187194
v 0.018694 0.516839 0.174651
v 0.019944 0.556516 0.093228
v 0.019944 0.560008 -0.084798
v 0.019944 0.406939 -0.084798
v 0.019944 0.395022 0.105770
v 0.018627 0.428187 -0.161616
v 0.018627 0.403938 0.173596
v 0.018627 0.548966 -0.151588
v 0.018627 0.542435 0.154782
v 0.019074 0.490033 -0.193185
v 0.019074 0.480533 0.186113
v 0.020949 0.561144 0.007523
v 0.013252 0.397404 -0.056738
v 0.011766 0.390650 0.049897
v 0.010461 0.381790 -0.051008
v 0.010461 0.375747 0.045746
v 0.022044 0.376504 -0.052274
v 0.022044 0.370626 0.050097
v 0.028679 0.330176 -0.064278
v 0.028679 0.325218 0.083043
v 0.032008 0.217318 -0.061780
v 0.032008 0.209233 0.106511
v 0.027558 0.267550 -0.045484
v 0.027558 0.263352 0.097895
v 0.026109 0.347025 0.068882
v 0.026109 0.352425 -0.071196
v 0.014116 0.129675 -0.024132
v 0.030662 0.126212 0.051459
v 0.056688 0.133073 -0.053519
v 0.079058 0.134643 0.022452
v 0.016334 0.112425 -0.038841
v 0.032420 0.104440 0.032249
v 0.058019 0.112950 -0.070146
v 0.080166 0.109153 0.003744
v 0.020388 0.077507 -0.057361
v 0.035491 0.072954 0.004145
v 0.056725 0.075251 -0.086421
v 0.075440 0.074393 -0.021999
v 0.022222 0.157340 0.067373
v 0.079738 0.168022 0.030331
v 0.007839 0.150610 -0.018801
v 0.053846 0.159435 -0.056392
v 0.012115 0.181547 -0.059961
v 0.056270 0.198514 0.077289
v 0.030860 0.131964 -0.050712
v 0.057745 0.129898 0.049609
v 0.033513 0.113102 -0.068377
v 0.059158 0.105254 0.029652
v 0.035938 0.076022 -0.081301
v 0.058658 0.072454 0.001147
v 0.024890 0.155225 -0.055983
v 0.054377 0.162837 0.063777
v 0.012055 0.179074 0.037116
v 0.068329 0.198159 -0.024768
v 0.013265 0.127529 0.018145
v 0.075649 0.134435 -0.020659
v 0.015715 0.107456 0.000887
v 0.077185 0.110884 -0.040690
v 0.020185 0.075262 -0.020970
v 0.074702 0.074643 -0.059853
v 0.075869 0.164332 -0.024326
v 0.006291 0.153585 0.030266
v 0.100214 0.366268 -0.030220
v 0.101891 0.368503 0.002426
v 0.098845 0.364831 0.029877
v 0.095639 0.336596 -0.032472
v 0.098634 0.330815 0.010876
v 0.094376 0.333827 0.049802
v 0.097343 0.348544 0.040536
v 0.292477 0.354138 -0.009479
v 0.098656 0.351425 -0.034723
v 0.157944 0.362061 -0.023706
v 0.160106 0.362978 0.002542
v 0.156724 0.359386 0.027008
v 0.153866 0.334222 -0.028560
v 0.155569 0.328797 0.010073
v 0.152740 0.331754 0.037617
v 0.155385 0.344870 0.040075
v 0.208224 0.342114 0.049366
v 0.156556 0.347438 -0.035594
v 0.292765 0.352328 0.012502
v 0.291289 0.351935 0.032991
v 0.287328 0.330971 -0.013545
v 0.286370 0.325871 0.018809
v 0.286232 0.328939 0.040714
v 0.289263 0.339834 0.044515
v 0.332419 0.346807 -0.016965
v 0.290403 0.341947 -0.020252
v 0.204811 0.328934 0.045077
v 0.206137 0.330543 -0.025122
v 0.209604 0.344888 -0.032335
v 0.206137 0.324759 0.016986
v 0.213174 0.361449 0.008778
v 0.211710 0.360791 -0.019831
v 0.210273 0.357899 0.035444
v 0.072847 0.371872 0.001238
v 0.067190 0.368864 0.036538
v 0.069459 0.332710 -0.045118
v 0.070632 0.351954 -0.051184
v 0.066805 0.333325 0.058013
v 0.068066 0.347848 0.050034
v 0.076685 0.327616 0.011435
v 0.069460 0.371440 -0.043222
v 0.308599 0.348294 -0.019719
v 0.308732 0.347529 0.013629
v 0.301281 0.347655 0.042581
v 0.304038 0.332980 -0.025917
v 0.303536 0.330251 0.023102
v 0.295107 0.332678 0.053750
v 0.297580 0.339916 0.059608
v 0.395211 0.329726 -0.006392
v 0.308074 0.340072 -0.035516
v 0.335779 0.345617 0.015834
v 0.331232 0.345358 0.046407
v 0.327270 0.331570 -0.023031
v 0.331516 0.328215 0.025246
v 0.326174 0.330233 0.057930
v 0.329205 0.337399 0.063601
v 0.358143 0.324889 0.021818
v 0.330345 0.338789 -0.033039
v 0.398385 0.328600 0.020042
v 0.393841 0.328813 0.044681
v 0.388075 0.319488 -0.011281
v 0.391840 0.316767 0.027626
v 0.386811 0.318646 0.053967
v 0.390771 0.323407 0.058538
v 0.395785 0.322908 0.021095
v 0.392087 0.324283 -0.019346
v 0.353897 0.327764 -0.021885
v 0.355832 0.332760 0.056541
v 0.352801 0.326619 0.051407
v 0.362406 0.339802 0.013299
v 0.359046 0.340822 -0.016393
v 0.356972 0.333951 -0.030944
v 0.357858 0.339581 0.040975
v 0.303716 0.336699 0.082361
v 0.301870 0.329420 0.077661
v 0.321732 0.335612 0.078244
v 0.319887 0.328334 0.073544
v 0.313532 0.332674 0.102687
v 0.312420 0.325220 0.099142
v 0.326153 0.334083 0.080981
v 0.325041 0.326629 0.077436
v 0.332376 0.328512 0.125291
v 0.331597 0.323284 0.122805
v 0.341227 0.329501 0.110069
v 0.340448 0.324273 0.107583
v 0.057695 0.038369 -0.065899
v 0.027707 0.039343 -0.027106
v 0.058242 0.037800 -0.023971
v 0.031222 0.040077 -0.070708
v 0.059463 0.037912 -0.045091
v 0.027668 0.039487 -0.050284
v 0.045445 0.039468 -0.074714
v 0.050851 0.000103 0.106319
v 0.075403 0.000103 0.099332
v 0.036103 0.000103 -0.084701
v 0.059529 0.000102 -0.089953
v 0.031742 0.000103 0.012414
v 0.063406 0.000103 0.106964
v 0.082097 0.000103 -0.000869
v 0.050018 0.000103 -0.093375
v 0.056705 0.000103 0.006151
v 0.030215 0.000103 0.062386
v 0.086206 0.000103 0.046943
v 0.060263 0.000103 0.059033
v 0.074451 0.000102 -0.053813
v 0.023876 0.000103 -0.041761
v 0.052772 0.000103 -0.052313
v 0.036891 0.000103 0.085703
v 0.084489 0.000103 0.072517
v 0.062043 0.000103 0.085473
v 0.068093 0.000102 -0.080078
v 0.050633 0.000103 -0.081909
v 0.026058 0.000103 -0.069890
v 0.028650 0.000103 -0.012777
v 0.076850 0.000103 -0.023582
v 0.054927 0.000103 -0.020289
v 0.085372 0.000103 0.022497
v 0.058485 0.000103 0.032592
v 0.028570 0.000103 0.037940
v 0.051235 0.012783 0.105757
v 0.080044 0.012783 0.098407
v 0.034102 0.012783 -0.089286
v 0.057330 0.012018 -0.089482
v 0.028210 0.012783 0.012911
v 0.065939 0.012783 0.106143
v 0.084512 0.012783 -0.001312
v 0.047296 0.012783 -0.095797
v 0.029063 0.012783 0.066419
v 0.089332 0.012783 0.049883
v 0.074750 0.012783 -0.057933
v 0.021249 0.012783 -0.045189
v 0.036894 0.012784 0.091386
v 0.087071 0.012783 0.077366
v 0.066954 0.011526 -0.075088
v 0.024353 0.012783 -0.075676
v 0.025192 0.012783 -0.014063
v 0.078760 0.012783 -0.025437
v 0.088354 0.012783 0.023707
v 0.027133 0.012783 0.040243
v 0.051816 0.018227 0.103783
v 0.075400 0.018227 0.099549
v 0.034234 0.020954 -0.086078
v 0.056949 0.021178 -0.085496
v 0.032571 0.020955 0.016532
v 0.080903 0.020954 0.005539
v 0.046162 0.021007 -0.091012
v 0.033355 0.020955 0.061588
v 0.085211 0.020954 0.048317
v 0.071954 0.020954 -0.052298
v 0.024903 0.021257 -0.046105
v 0.038523 0.020955 0.084634
v 0.083334 0.020954 0.073841
v 0.064177 0.020869 -0.070724
v 0.028012 0.021177 -0.068604
v 0.029588 0.020955 -0.002956
v 0.077962 0.020954 -0.012854
v 0.084300 0.020954 0.023920
v 0.031638 0.020955 0.037174
v 0.053721 0.026067 0.091806
v 0.068777 0.026067 0.087211
v 0.034109 0.029581 -0.082422
v 0.053862 0.030024 -0.083116
v 0.044086 0.027298 0.014537
v 0.070665 0.028883 0.009809
v 0.044211 0.029904 -0.084498
v 0.038944 0.027084 0.052850
v 0.076909 0.028887 0.047289
v 0.065930 0.031336 -0.051979
v 0.025893 0.030340 -0.044909
v 0.043511 0.027953 0.075997
v 0.074888 0.028223 0.069045
v 0.060698 0.029752 -0.069587
v 0.028631 0.029723 -0.066390
v 0.040289 0.029793 -0.004785
v 0.065073 0.032262 -0.004317
v 0.075111 0.028658 0.026700
v 0.042143 0.027586 0.033940
v 0.074609 0.000103 -0.038821
v 0.053849 0.000103 -0.036301
v 0.025715 0.000103 -0.027146
v 0.076760 0.012783 -0.041754
v 0.022523 0.012783 -0.029449
v 0.074765 0.020954 -0.032861
v 0.026015 0.020955 -0.022236
v 0.066931 0.032262 -0.031529
v 0.028567 0.032262 -0.023033
v 0.057603 0.036180 -0.069083
v 0.050672 0.035005 -0.082446
v 0.042693 0.036208 -0.081151
v 0.036533 0.036761 -0.076419
v 0.061754 0.034273 -0.028469
v 0.061615 0.036388 -0.050463
v 0.028109 0.035339 -0.065975
v 0.026628 0.035880 -0.045002
v 0.028325 0.034273 -0.021628
v 0.041745 0.034590 -0.010992
v 0.057205 0.034273 -0.016237
v 0.041838 0.038395 -0.014062
v -0.090324 0.516079 0.073672
v -0.038847 0.525500 -0.180816
v -0.038847 0.458818 -0.180816
v -0.042553 0.442569 0.179607
v -0.042553 0.515986 0.167065
v -0.088091 0.448168 0.079944
v -0.088091 0.453663 -0.077926
v -0.090324 0.520696 -0.077926
v -0.041455 0.552781 0.090795
v -0.041455 0.557678 -0.082364
v -0.041455 0.409796 -0.082364
v -0.041455 0.398164 0.103337
v -0.074427 0.416809 0.075277
v -0.071166 0.522522 -0.150483
v -0.071166 0.514372 0.129149
v -0.074427 0.544414 0.081841
v -0.074427 0.426336 -0.076582
v -0.038707 0.429985 -0.156738
v -0.071166 0.459208 -0.150483
v -0.042413 0.408852 0.168658
v -0.071166 0.447898 0.140123
v -0.074427 0.546382 -0.076582
v -0.038707 0.547144 -0.146710
v -0.042413 0.540630 0.148705
v -0.039639 0.489539 -0.189772
v 0.000053 0.527277 -0.185400
v 0.000053 0.457227 -0.189707
v -0.043346 0.481008 0.175517
v 0.000053 0.437471 0.188655
v 0.000053 0.516779 0.181632
v -0.090016 0.482831 0.071352
v -0.088644 0.486252 -0.080380
v -0.094379 0.449852 0.005212
v -0.096613 0.518918 0.003644
v 0.000053 0.558267 0.095467
v 0.000053 0.561409 -0.087037
v -0.043552 0.559491 0.007523
v -0.043552 0.398954 0.010658
v 0.000053 0.406065 -0.087037
v 0.000053 0.392130 0.108009
v -0.062952 0.437721 -0.131273
v -0.062952 0.413674 0.134656
v -0.062952 0.543533 -0.131273
v -0.066358 0.537292 0.131642
v -0.078620 0.418818 0.009297
v 0.000053 0.426532 -0.166104
v -0.070903 0.488210 -0.155435
v 0.000053 0.402844 0.178140
v -0.071992 0.482375 0.132116
v -0.078620 0.546238 0.006554
v 0.000053 0.550644 -0.154002
v 0.000053 0.544095 0.159327
v 0.000053 0.490100 -0.195872
v 0.000053 0.480096 0.186291
v -0.095524 0.483951 0.002097
v 0.000053 0.562764 0.007523
v 0.000053 0.389915 0.057842
v 0.000053 0.397924 -0.055865
v -0.024387 0.395853 -0.041492
v -0.028454 0.392153 0.000283
v -0.024145 0.391202 0.040909
v 0.000053 0.375317 0.053879
v 0.000053 0.382258 -0.059142
v -0.021666 0.381282 -0.044003
v -0.030784 0.377446 -0.003447
v -0.021666 0.376214 0.036906
v 0.000053 0.370093 0.059163
v 0.000053 0.377047 -0.060621
v -0.045836 0.375914 -0.045036
v -0.054012 0.374076 -0.000898
v -0.045836 0.371205 0.040245
v 0.000053 0.324985 0.094948
v 0.000053 0.330507 -0.074471
v -0.059682 0.329816 -0.053200
v -0.070324 0.326919 0.011767
v -0.059682 0.325472 0.070106
v 0.000053 0.208962 0.113600
v 0.000053 0.218750 -0.075801
v -0.066630 0.215425 -0.038956
v -0.078000 0.210770 0.029892
v -0.063529 0.209660 0.088247
v 0.000053 0.263200 0.109611
v -0.057344 0.263517 0.085163
v -0.067569 0.264597 0.027728
v -0.057344 0.267267 -0.032683
v 0.000053 0.267810 -0.057262
v -0.054320 0.347435 0.056219
v -0.054320 0.351955 -0.060016
v 0.000053 0.352858 -0.075658
v 0.000053 0.346648 0.080534
v -0.024958 0.192899 0.098405
v -0.004057 0.174639 -0.012906
v -0.040615 0.192008 -0.067165
v -0.000070 0.174638 -0.012944
v -0.018588 0.526426 -0.183852
v -0.018588 0.457989 -0.188160
v -0.018588 0.439914 0.187194
v -0.018588 0.516839 0.174651
v -0.019838 0.556516 0.093228
v -0.019838 0.560008 -0.084798
v -0.019838 0.406939 -0.084798
v -0.019838 0.395022 0.105770
v -0.018521 0.428187 -0.161616
v -0.018521 0.403938 0.173596
v -0.018521 0.548966 -0.151588
v -0.018521 0.542435 0.154782
v -0.018968 0.490033 -0.193185
v -0.018968 0.480533 0.186113
v -0.020843 0.561144 0.007523
v -0.013145 0.397404 -0.056738
v -0.011660 0.390650 0.049897
v -0.010355 0.381790 -0.051009
v -0.010355 0.375747 0.045745
v -0.021937 0.376504 -0.052274
v -0.021937 0.370626 0.050097
v -0.028573 0.330176 -0.064278
v -0.028573 0.325218 0.083043
v -0.031902 0.217318 -0.061780
v -0.031902 0.209233 0.106511
v -0.027452 0.267550 -0.045484
v -0.027452 0.263352 0.097895
v -0.026003 0.347025 0.068882
v -0.026003 0.352425 -0.071196
v 0.000053 0.192024 0.103325
v 0.000053 0.192024 -0.065996
v -0.014444 0.129666 -0.025028
v -0.030202 0.126203 0.051026
v -0.057311 0.133083 -0.053180
v -0.078884 0.134656 0.023426
v -0.016830 0.112414 -0.039678
v -0.032179 0.104435 0.031865
v -0.058833 0.112958 -0.069774
v -0.080208 0.109168 0.004744
v -0.021107 0.077496 -0.058075
v -0.035570 0.072950 0.003858
v -0.057741 0.075256 -0.086080
v -0.075782 0.074406 -0.021127
v -0.021569 0.157327 0.066707
v -0.079452 0.168035 0.031337
v -0.008093 0.150597 -0.019871
v -0.054476 0.159443 -0.056123
v -0.012567 0.181550 -0.059730
v -0.055800 0.198512 0.077355
v -0.000220 0.179583 -0.057949
v -0.031460 0.131963 -0.051119
v -0.057295 0.129901 0.049961
v -0.034313 0.113099 -0.068713
v -0.058938 0.105259 0.030041
v -0.036905 0.076018 -0.081562
v -0.058765 0.072460 0.001530
v -0.025526 0.155222 -0.056553
v -0.053751 0.162837 0.064043
v -0.011851 0.179077 0.037339
v -0.068369 0.198165 -0.024355
v 0.000091 0.177055 0.034322
v -0.013154 0.127516 0.017216
v -0.075925 0.134450 -0.019777
v -0.015801 0.107445 0.000026
v -0.077690 0.110898 -0.039769
v -0.020526 0.075252 -0.021695
v -0.075439 0.074654 -0.058997
v -0.076157 0.164348 -0.023424
v -0.006032 0.153568 0.029144
v -0.100108 0.366268 -0.030220
v -0.101785 0.368503 0.002426
v -0.098739 0.364831 0.029877
v -0.095532 0.336596 -0.032472
v -0.098528 0.330815 0.010876
v -0.094270 0.333827 0.049802
v -0.097236 0.348544 0.040536
v -0.292371 0.354138 -0.009479
v -0.098550 0.351425 -0.034723
v -0.157838 0.362061 -0.023706
v -0.159999 0.362978 0.002542
v -0.156617 0.359386 0.027007
v -0.153760 0.334222 -0.028561
v -0.155462 0.328797 0.010073
v -0.152634 0.331754 0.037616
v -0.155278 0.344870 0.040075
v -0.208118 0.342114 0.049366
v -0.156449 0.347438 -0.035594
v -0.292659 0.352328 0.012502
v -0.291183 0.351936 0.032991
v -0.287222 0.330971 -0.013545
v -0.286264 0.325871 0.018809
v -0.286126 0.328939 0.040713
v -0.289157 0.339834 0.044514
v -0.332313 0.346807 -0.016965
v -0.290297 0.341947 -0.020252
v -0.204705 0.328934 0.045077
v -0.206031 0.330543 -0.025123
v -0.209498 0.344888 -0.032336
v -0.206031 0.324759 0.016986
v -0.213068 0.361449 0.008777
v -0.211604 0.360791 -0.019831
v -0.210167 0.357899 0.035444
v -0.072740 0.371872 0.001238
v -0.067084 0.368864 0.036538
v -0.069353 0.332710 -0.045118
v -0.070526 0.351954 -0.051184
v -0.066699 0.333325 0.058013
v -0.067959 0.347848 0.050034
v -0.076579 0.327616 0.011435
v -0.069354 0.371440 -0.043222
v -0.308493 0.348295 -0.019720
v -0.308626 0.347529 0.013628
v -0.301175 0.347655 0.042581
v -0.303932 0.332980 -0.025918
v -0.303430 0.330251 0.023102
v -0.295001 0.332678 0.053749
v -0.297474 0.339917 0.059608
v -0.395105 0.329726 -0.006393
v -0.307968 0.340072 -0.035517
v -0.335673 0.345617 0.015834
v -0.331126 0.345358 0.046406
v -0.327164 0.331570 -0.023032
v -0.331410 0.328216 0.025245
v -0.326068 0.330234 0.057930
v -0.329099 0.337399 0.063601
v -0.358037 0.324890 0.021818
v -0.330239 0.338789 -0.033039
v -0.398279 0.328600 0.020041
v -0.393734 0.328813 0.044680
v -0.387969 0.319488 -0.011281
v -0.391734 0.316767 0.027626
v -0.386705 0.318646 0.053967
v -0.390665 0.323407 0.058537
v -0.395679 0.322908 0.021094
v -0.391980 0.324283 -0.019347
v -0.353791 0.327764 -0.021885
v -0.355726 0.332760 0.056540
v -0.352695 0.326619 0.051406
v -0.362300 0.339802 0.013298
v -0.358940 0.340822 -0.016393
v -0.356866 0.333951 -0.030945
v -0.357752 0.339581 0.040974
v -0.303610 0.336699 0.082361
v -0.301764 0.329420 0.077660
v -0.321626 0.335613 0.078244
v -0.319781 0.328334 0.073544
v -0.313426 0.332674 0.102686
v -0.312314 0.325220 0.099141
v -0.326047 0.334084 0.080981
v -0.324935 0.326630 0.077436
v -0.332270 0.328512 0.125291
v -0.331491 0.323285 0.122804
v -0.341121 0.329501 0.110069
v -0.340342 0.324273 0.107582
v -0.058453 0.038372 -0.065683
v -0.028313 0.039339 -0.027385
v -0.058782 0.037802 -0.023818
v -0.032049 0.040074 -0.070862
v -0.060110 0.037915 -0.044885
v -0.028395 0.039484 -0.050525
v -0.046269 0.039469 -0.074658
v -0.051580 0.000102 0.106318
v -0.076129 0.000102 0.099331
v -0.036833 0.000102 -0.084703
v -0.060258 0.000102 -0.089955
v -0.032471 0.000102 0.012413
v -0.064133 0.000102 0.106962
v -0.082824 0.000102 -0.000871
v -0.050747 0.000102 -0.093377
v -0.057434 0.000102 0.006150
v -0.030945 0.000102 0.062384
v -0.086932 0.000102 0.046941
v -0.060991 0.000102 0.059031
v -0.075178 0.000102 -0.053815
v -0.024606 0.000102 -0.041762
v -0.053501 0.000102 -0.052315
v -0.037621 0.000102 0.085702
v -0.085215 0.000102 0.072515
v -0.062770 0.000102 0.085472
v -0.068820 0.000102 -0.080081
v -0.051362 0.000102 -0.081910
v -0.026788 0.000102 -0.069892
v -0.029380 0.000102 -0.012778
v -0.077577 0.000102 -0.023585
v -0.055655 0.000102 -0.020291
v -0.086098 0.000102 0.022495
v -0.059213 0.000102 0.032590
v -0.029300 0.000102 0.037939
v -0.051963 0.012782 0.105756
v -0.080770 0.012783 0.098406
v -0.034831 0.012783 -0.089287
v -0.058058 0.012018 -0.089484
v -0.028939 0.012782 0.012910
v -0.066665 0.012782 0.106141
v -0.085238 0.012783 -0.001314
v -0.048025 0.012783 -0.095799
v -0.029792 0.012782 0.066418
v -0.090057 0.012783 0.049881
v -0.075477 0.012783 -0.057936
v -0.021979 0.012782 -0.045191
v -0.037623 0.012782 0.091386
v -0.087797 0.012783 0.077365
v -0.067681 0.011526 -0.075090
v -0.025083 0.012782 -0.075678
v -0.025921 0.012782 -0.014064
v -0.079486 0.012783 -0.025439
v -0.089080 0.012783 0.023705
v -0.027863 0.012782 0.040242
v -0.052544 0.018226 0.103782
v -0.076125 0.018226 0.099547
v -0.034963 0.020954 -0.086080
v -0.057677 0.021179 -0.085498
v -0.033299 0.020954 0.016531
v -0.081629 0.020954 0.005537
v -0.046891 0.021007 -0.091014
v -0.034083 0.020954 0.061588
v -0.085937 0.020954 0.048316
v -0.072680 0.020954 -0.052300
v -0.025633 0.021257 -0.046106
v -0.039251 0.020954 0.084633
v -0.084059 0.020954 0.073839
v -0.064905 0.020869 -0.070726
v -0.028742 0.021176 -0.068606
v -0.030317 0.020954 -0.002957
v -0.078688 0.020954 -0.012856
v -0.085025 0.020954 0.023918
v -0.032367 0.020954 0.037173
v -0.054448 0.026066 0.091805
v -0.069503 0.026066 0.087209
v -0.034837 0.029580 -0.082424
v -0.054589 0.030024 -0.083118
v -0.044814 0.027298 0.014536
v -0.071391 0.028883 0.009807
v -0.044939 0.029904 -0.084499
v -0.039672 0.027084 0.052849
v -0.077635 0.028887 0.047288
v -0.066656 0.031336 -0.051981
v -0.026622 0.030339 -0.044910
v -0.044239 0.027952 0.075996
v -0.075614 0.028222 0.069044
v -0.061425 0.029752 -0.069590
v -0.029360 0.029722 -0.066391
v -0.041017 0.029793 -0.004786
v -0.065800 0.032262 -0.004318
v -0.075836 0.028657 0.026699
v -0.042871 0.027586 0.033939
v -0.075336 0.000102 -0.038823
v -0.054578 0.000102 -0.036303
v -0.026445 0.000102 -0.027148
v -0.077487 0.012783 -0.041756
v -0.023253 0.012782 -0.029450
v -0.075491 0.020954 -0.032864
v -0.026744 0.020954 -0.022238
v -0.067657 0.032262 -0.031531
v -0.029296 0.032262 -0.023034
v -0.058330 0.036181 -0.069085
v -0.051399 0.035005 -0.082448
v -0.043421 0.036208 -0.081153
v -0.037261 0.036761 -0.076420
v -0.062481 0.034273 -0.028471
v -0.062342 0.036388 -0.050465
v -0.028837 0.035338 -0.065976
v -0.027356 0.035880 -0.045004
v -0.029053 0.034273 -0.021630
v -0.042472 0.034590 -0.010993
v -0.057931 0.034273 -0.016239
v -0.042353 0.038393 -0.014161
v -0.370880 0.323626 -0.016583
v -0.369700 0.322632 0.052686
v -0.380289 0.334201 0.016670
v -0.374885 0.320828 0.024722
v -0.373195 0.328084 0.057539
v -0.377022 0.335274 -0.011393
v -0.374423 0.329117 -0.025146
v -0.375743 0.334197 0.042827
v 0.370986 0.323626 -0.016583
v 0.369806 0.322632 0.052687
v 0.380395 0.334201 0.016670
v 0.374992 0.320828 0.024723
v 0.373301 0.328084 0.057539
v 0.377129 0.335274 -0.011392
v 0.374529 0.329117 -0.025145
v 0.375850 0.334197 0.042828
v 0.344829 0.326553 0.023532
v 0.342518 0.335079 0.060071
v 0.345733 0.343815 -0.016679
v 0.343658 0.336370 -0.031992
v 0.344545 0.342470 0.043691
v 0.340583 0.329667 -0.022458
v 0.339488 0.328426 0.054669
v 0.349092 0.342709 0.014567
v -0.344723 0.326553 0.023531
v -0.342413 0.335079 0.060070
v -0.345626 0.343815 -0.016680
v -0.343552 0.336370 -0.031992
v -0.344439 0.342470 0.043691
v -0.340477 0.329667 -0.022458
v -0.339382 0.328426 0.054668
v -0.348986 0.342710 0.014566
v 0.180002 0.332382 -0.026841
v 0.180014 0.326778 0.013530
v 0.184827 0.361426 -0.021768
v 0.183498 0.358643 0.031226
v 0.178776 0.330344 0.041347
v 0.183080 0.346163 -0.033965
v 0.184255 0.362214 0.005660
v -0.179895 0.332382 -0.026842
v -0.179908 0.326778 0.013530
v -0.184721 0.361426 -0.021768
v -0.183392 0.358643 0.031226
v -0.178670 0.330344 0.041347
v -0.182974 0.346163 -0.033965
v -0.184149 0.362214 0.005660
v 0.000053 0.236081 0.111605
v 0.073538 0.237677 0.028659
v 0.000053 0.243280 -0.066532
v 0.061140 0.236594 0.086568
v 0.062093 0.241346 -0.035820
v 0.029783 0.242434 -0.053632
v 0.029783 0.236292 0.102203
v -0.073389 0.237678 0.028764
v -0.060935 0.236593 0.086598
v -0.061987 0.241346 -0.035820
v -0.029677 0.242434 -0.053632
v -0.029677 0.236292 0.102203
v 0.058619 0.294494 0.077635
v 0.058619 0.298542 -0.042941
v 0.000053 0.294092 0.102279
v 0.069053 0.295758 0.019748
v 0.000053 0.299158 -0.065866
v 0.028118 0.294285 0.090469
v 0.028118 0.298863 -0.054881
v -0.058513 0.294494 0.077635
v -0.058513 0.298542 -0.042941
v -0.068947 0.295758 0.019748
v -0.028012 0.294285 0.090469
v -0.028012 0.298863 -0.054881
v 0.247094 0.328937 0.042896
v 0.251575 0.343418 -0.026294
v 0.254072 0.356889 0.010640
v 0.250316 0.340974 0.046940
v 0.248305 0.330757 -0.019333
v 0.249632 0.325315 0.017898
v 0.253666 0.357464 -0.014655
v 0.252353 0.354917 0.034218
v -0.246988 0.328937 0.042895
v -0.251469 0.343418 -0.026294
v -0.253965 0.356889 0.010639
v -0.250210 0.340974 0.046940
v -0.248199 0.330757 -0.019334
v -0.249526 0.325315 0.017898
v -0.253560 0.357464 -0.014655
v -0.252247 0.354917 0.034217
v 0.127936 0.346707 0.040305
v 0.129178 0.349431 -0.035158
v 0.130651 0.364164 -0.026963
v 0.132186 0.365740 0.002484
v 0.129357 0.362108 0.028443
v 0.127250 0.329806 0.010475
v 0.125130 0.332791 0.043709
v 0.126324 0.335409 -0.030516
v -0.127830 0.346707 0.040305
v -0.129072 0.349431 -0.035158
v -0.130545 0.364164 -0.026963
v -0.132080 0.365740 0.002484
v -0.129250 0.362108 0.028443
v -0.127144 0.329806 0.010475
v -0.125024 0.332790 0.043709
v -0.126218 0.335409 -0.030516
v 0.015224 0.121231 -0.030868
v 0.031541 0.115072 0.042344
v 0.079611 0.121807 0.013917
v 0.058451 0.117331 0.040268
v 0.032185 0.122862 -0.058823
v 0.076416 0.122813 -0.029853
v 0.014490 0.117430 0.010058
v -0.015629 0.121221 -0.031737
v -0.031186 0.115066 0.041934
v -0.079537 0.121822 0.014902
v -0.058110 0.117336 0.040636
v -0.032877 0.122859 -0.059197
v -0.076798 0.122828 -0.028954
v -0.014472 0.117418 0.009161
vn 0.9832 -0.0126 0.1820
vn 0.9632 0.2683 0.0137
vn 0.9561 0.2187 0.1953
vn 0.6353 0.7720 0.0207
vn 0.6485 0.7428 0.1667
vn 0.8798 0.1485 0.4515
vn 0.2858 0.8857 -0.3659
vn 0.8026 0.3572 -0.4777
vn 0.4072 0.5108 -0.7572
vn 0.8622 -0.0082 -0.5065
vn 0.4759 0.0051 -0.8795
vn 0.1476 0.0515 -0.9877
vn -0.0000 0.5590 -0.8292
vn 0.1249 0.5580 -0.8204
vn -0.0000 0.9208 -0.3901
vn 0.1435 0.9176 -0.3707
vn 0.4883 -0.4110 -0.7698
vn 0.8260 -0.3128 -0.4690
vn 0.3895 -0.7764 -0.4955
vn 0.2019 -0.4212 -0.8842
vn -0.0000 -0.8330 -0.5533
vn -0.0000 -0.4086 -0.9127
vn -0.0000 0.0533 -0.9986
vn 0.5166 -0.6442 0.5640
vn 0.9007 -0.0874 0.4255
vn 0.5799 -0.1010 0.8084
vn 0.6187 0.1508 0.7710
vn 0.1923 -0.1476 0.9702
vn -0.0000 0.0796 0.9968
vn -0.0000 -0.1573 0.9875
vn 0.2242 -0.7675 0.6006
vn 0.5462 0.3561 0.7582
vn 0.9037 0.0735 0.4218
vn 0.3997 0.7485 0.5292
vn 0.3035 0.4441 0.8430
vn -0.0000 0.8303 0.5573
vn -0.0000 0.4329 0.9014
vn 0.2167 0.1380 0.9664
vn 0.9661 -0.1988 0.1646
vn 0.7268 -0.6863 -0.0278
vn 0.9686 -0.2485 -0.0046
vn 0.7493 -0.6085 0.2610
vn 0.7470 -0.6620 0.0614
vn 0.9538 -0.2492 -0.1677
vn 0.6761 -0.6754 -0.2946
vn 0.9858 -0.0283 -0.1658
vn 0.9995 -0.0324 -0.0035
vn 0.7054 -0.6842 -0.1851
vn 0.9554 0.2525 -0.1530
vn 0.5599 0.7746 -0.2940
vn 0.6285 0.7712 -0.1012
vn 0.2089 0.9776 0.0241
vn 0.2241 0.9653 0.1338
vn 0.1380 0.9814 0.1336
vn -0.0000 0.9998 0.0205
vn -0.0000 0.9897 0.1433
vn 0.2011 0.8262 0.5263
vn 0.6924 0.5363 0.4826
vn 0.2185 0.9721 -0.0851
vn -0.0000 0.9955 -0.0943
vn 0.0987 0.9911 -0.0895
vn 0.0805 0.9964 0.0247
vn 0.4532 -0.8906 -0.0384
vn 0.5872 -0.7704 0.2483
vn 0.8732 -0.4874 -0.0003
vn 0.3414 -0.9131 -0.2230
vn -0.0000 -0.9607 -0.2776
vn 0.2007 -0.8324 -0.5165
vn 0.1182 -0.9527 -0.2799
vn 0.3375 -0.9379 0.0806
vn -0.0000 -0.9957 0.0932
vn 0.1561 -0.9830 0.0968
vn 0.2021 -0.7958 -0.5709
vn 0.7308 -0.6117 -0.3029
vn 0.6742 0.7363 0.0568
vn 0.6596 0.5441 -0.5185
vn 0.4106 -0.7553 0.5107
vn -0.0000 0.3210 0.9471
vn 0.5238 0.3574 0.7732
vn -0.0000 -0.8833 0.4688
vn 0.2312 0.8803 -0.4143
vn -0.0000 0.7168 0.6973
vn 0.2480 0.7731 0.5837
vn 0.6723 0.5693 0.4733
vn 0.4272 0.2704 -0.8628
vn 0.2122 0.8640 0.4567
vn 0.1309 0.9902 0.0482
vn 0.2596 0.7329 -0.6289
vn 0.1254 -0.9921 0.0017
vn 0.2351 -0.7527 -0.6150
vn 0.0521 -0.9983 -0.0258
vn 0.3763 0.1745 -0.9099
vn 0.3306 -0.2524 -0.9094
vn 0.2995 0.2043 -0.9320
vn -0.0000 0.6105 0.7920
vn 0.3558 0.3791 0.8542
vn 0.3171 0.5888 0.7435
vn 0.2999 0.4859 0.8210
vn 0.2426 -0.4604 0.8539
vn 0.1704 0.4964 0.8512
vn 0.3624 0.1442 0.9208
vn -0.0017 -0.2007 0.9796
vn 0.3566 -0.1826 0.9162
vn 0.9819 0.1883 0.0203
vn 0.8572 0.0405 -0.5134
vn 0.8062 0.2249 -0.5472
vn 0.7856 0.1406 0.6026
vn 0.9953 0.0632 0.0740
vn 0.3805 0.2241 -0.8972
vn 0.4143 0.3027 -0.8583
vn 0.7654 -0.2215 -0.6043
vn 0.3898 0.0182 -0.9207
vn 0.3478 -0.2752 -0.8963
vn 0.7778 0.1208 0.6168
vn 0.9957 0.0912 0.0181
vn 0.9991 -0.0430 0.0050
vn 0.8181 0.0172 -0.5748
vn -0.0000 0.2297 0.9733
vn 0.3830 0.1932 0.9033
vn 0.3781 0.2096 0.9017
vn 0.1257 0.9912 0.0406
vn 0.1423 0.8470 0.5123
vn 0.1005 0.9942 0.0390
vn 0.5053 0.0697 -0.8601
vn 0.4950 -0.7155 -0.4930
vn 0.5494 -0.3703 0.7490
vn -0.3627 -0.5452 0.7558
vn 0.4829 -0.4005 0.7787
vn 0.7707 -0.2986 0.5630
vn 0.7028 -0.5118 0.4941
vn 0.9472 0.0092 -0.3206
vn -0.0000 0.5410 -0.8410
vn -0.0000 0.2443 -0.9697
vn 0.3374 0.5517 0.7627
vn 0.7514 0.1523 0.6421
vn -0.0000 0.0364 -0.9993
vn -0.0000 -0.2728 -0.9621
vn -0.0000 0.3509 -0.9364
vn -0.0000 0.0125 -0.9999
vn 0.7152 0.2461 0.6542
vn -0.0000 -0.2024 -0.9793
vn -0.0000 0.2415 -0.9704
vn -0.0000 -0.6650 -0.7469
vn 0.1792 -0.6938 0.6975
vn 0.3497 0.0106 -0.9368
vn 0.0011 -0.9920 0.1260
vn -0.6509 -0.7562 -0.0662
vn -0.6529 -0.6852 0.3228
vn -0.0028 -0.3377 -0.9412
vn -0.0041 -0.8760 -0.4822
vn -0.2352 -0.5976 -0.7665
vn -0.9584 0.1013 -0.2670
vn -0.9439 -0.2731 0.1859
vn -0.9385 -0.2851 0.1949
vn -0.9591 -0.2154 -0.1837
vn -0.9190 -0.3295 0.2164
vn -0.9610 -0.1357 0.2409
vn 0.9398 0.0900 -0.3296
vn 0.9424 -0.1406 0.3034
vn 0.9658 0.0891 -0.2433
vn 0.5063 -0.0572 -0.8605
vn -0.5723 0.1279 -0.8100
vn -0.4497 -0.3422 -0.8251
vn 0.9330 0.2047 -0.2959
vn 0.9292 -0.3112 0.1995
vn 0.9386 -0.1191 -0.3238
vn 0.9198 0.2837 -0.2710
vn 0.9484 -0.2084 0.2388
vn -0.4740 0.4338 -0.7662
vn -0.5003 0.5464 -0.6716
vn 0.4037 0.4630 -0.7891
vn 0.4595 -0.5407 0.7046
vn -0.4126 -0.6359 0.6522
vn 0.4477 -0.5800 0.6805
vn -0.9413 -0.2600 0.2153
vn -0.2108 0.1515 0.9657
vn -0.4339 -0.5572 0.7080
vn -0.5208 0.0639 -0.8513
vn 0.4751 -0.5319 0.7010
vn -0.9537 0.1019 -0.2830
vn 0.9681 -0.0410 0.2474
vn -0.9509 -0.0404 -0.3068
vn -0.9971 0.0100 -0.0756
vn -0.9480 -0.0448 0.3151
vn 0.9509 -0.1599 0.2649
vn -0.9640 -0.1173 -0.2385
vn 0.1330 0.4544 -0.8808
vn -0.7719 -0.0096 -0.6356
vn -0.5489 -0.4444 0.7079
vn 0.8949 0.1156 0.4311
vn 0.9761 0.2169 0.0173
vn 0.3420 0.0188 -0.9395
vn 0.4848 0.3115 -0.8173
vn -0.3991 -0.6187 0.6767
vn -0.0042 -0.7971 0.6038
vn -0.0332 -0.9992 -0.0220
vn -0.0548 -0.7435 0.6664
vn 0.0904 -0.5717 0.8155
vn 0.0960 0.8604 0.5005
vn -0.0535 0.2719 0.9608
vn 0.0341 0.8876 0.4593
vn 0.1008 0.8483 -0.5198
vn 0.0475 0.0728 -0.9962
vn 0.0289 0.0619 -0.9977
vn 0.0938 0.9944 0.0485
vn 0.0920 0.8886 -0.4494
vn 0.3189 0.7900 -0.5237
vn 0.2558 0.0398 -0.9659
vn 0.2068 0.8431 0.4963
vn 0.2059 0.7977 -0.5669
vn 0.7135 -0.1083 0.6922
vn 0.0995 0.9935 0.0556
vn 0.1509 0.9424 -0.2986
vn 0.1318 0.8970 -0.4218
vn 0.0147 -0.9999 -0.0023
vn -0.0024 -0.8903 -0.4554
vn 0.1325 -0.9911 -0.0149
vn 0.0669 0.1943 0.9787
vn -0.0225 -0.8580 0.5131
vn -0.4287 0.4204 0.7996
vn 0.1567 0.0671 -0.9854
vn 0.0788 -0.8261 -0.5580
vn 0.0577 0.9969 0.0541
vn -0.0247 -0.8109 -0.5847
vn -0.0075 -0.7617 -0.6479
vn 0.0809 0.3866 0.9187
vn -0.0580 -0.9980 -0.0246
vn -0.0744 0.9462 0.3149
vn 0.1149 0.9359 0.3329
vn -0.2162 0.1956 -0.9565
vn 0.0096 0.9465 -0.3226
vn -0.2060 0.0923 -0.9742
vn 0.1791 0.9832 0.0361
vn 0.0608 -0.9981 0.0078
vn 0.0834 0.8894 0.4495
vn 0.0336 -0.7705 0.6366
vn 0.2023 0.9777 0.0557
vn -0.0472 0.8835 0.4661
vn 0.0551 0.9968 0.0577
vn 0.0205 0.9981 0.0576
vn -0.1516 -0.7295 0.6669
vn -0.0284 -0.9996 0.0054
vn -0.0592 -0.7459 0.6634
vn 0.0109 0.8746 0.4847
vn -0.0352 0.2018 0.9788
vn 0.0560 0.8914 -0.4498
vn 0.1075 0.0806 -0.9909
vn 0.0628 0.0931 -0.9937
vn 0.0292 -0.8172 -0.5756
vn -0.0186 -0.8182 -0.5746
vn -0.0749 -0.9971 -0.0102
vn 0.0881 0.8876 -0.4522
vn 0.7166 -0.6975 0.0044
vn 0.5921 -0.3310 -0.7347
vn 0.1470 0.9570 0.2501
vn 0.1490 0.9885 0.0260
vn 0.1307 -0.9629 0.2359
vn -0.6362 -0.6994 0.3256
vn 0.5067 0.4175 0.7543
vn 0.1028 0.1005 -0.9896
vn -0.2554 -0.8431 -0.4732
vn -0.6195 0.6715 0.4065
vn 0.3420 0.9127 -0.2237
vn 0.6477 -0.1495 -0.7471
vn 0.3164 -0.0112 -0.9486
vn 0.2916 0.9562 0.0259
vn 0.8547 0.4826 -0.1914
vn -0.2312 -0.9728 -0.0122
vn 0.2270 -0.9493 -0.2173
vn 0.4212 -0.9062 0.0376
vn 0.0133 0.2500 0.9682
vn 0.1294 -0.9027 0.4102
vn 0.5602 -0.0079 0.8283
vn -0.0652 -0.9401 -0.3347
vn 0.3588 -0.9162 -0.1784
vn -0.1012 -0.9949 -0.0043
vn 0.1495 0.9652 -0.2147
vn 0.8717 -0.4900 -0.0067
vn 0.8041 0.5402 0.2482
vn 0.9264 0.3759 0.0230
vn 0.2550 0.9385 0.2327
vn -0.2377 -0.8606 0.4503
vn -0.1362 -0.9419 -0.3070
vn 0.0953 0.0655 -0.9933
vn -0.1194 -0.9296 -0.3486
vn -0.1198 -0.9331 -0.3392
vn 0.2162 0.9760 0.0266
vn 0.2510 0.9431 0.2181
vn 0.2568 0.9661 0.0245
vn -0.1258 -0.9920 -0.0080
vn -0.1192 -0.9021 0.4148
vn -0.0169 -0.9003 0.4349
vn 0.2503 0.9390 0.2361
vn 0.1510 0.2474 0.9571
vn 0.2844 0.1687 0.9437
vn -0.1829 -0.9830 -0.0144
vn 0.2821 0.9292 -0.2389
vn 0.2167 0.9501 -0.2243
vn 0.1998 0.0544 -0.9783
vn -0.6212 0.6908 0.3700
vn -0.6221 -0.7312 0.2800
vn -0.5877 0.6202 0.5195
vn -0.7452 -0.6488 0.1540
vn 0.5117 0.8587 -0.0289
vn 0.7503 -0.6509 -0.1154
vn -0.0030 -0.7461 0.6658
vn 0.6480 0.6787 -0.3457
vn 0.5113 -0.5944 -0.6206
vn 0.8572 0.4906 0.1566
vn 0.1197 0.3276 0.9372
vn 0.9032 0.0505 -0.4262
vn -0.0000 -1.0000 -0.0000
vn 0.4646 -0.6018 -0.6496
vn 0.7335 -0.5652 -0.3776
vn -0.4249 -0.7819 -0.4562
vn -0.6385 -0.7462 -0.1882
vn -0.5731 -0.8195 0.0012
vn -0.6782 -0.7349 -0.0032
vn 0.6357 -0.7695 -0.0609
vn 0.6268 -0.7710 0.1122
vn -0.6184 -0.7386 0.2684
vn -0.6519 -0.7581 0.0172
vn -0.6243 -0.7747 0.1002
vn 0.6227 -0.7809 -0.0496
vn -0.3454 -0.6169 0.7072
vn 0.1717 -0.6402 0.7488
vn 0.5159 -0.7103 0.4790
vn 0.6915 -0.7105 -0.1305
vn 0.6359 -0.7628 -0.1178
vn -0.5956 -0.7979 0.0926
vn 0.6284 -0.7779 0.0051
vn -0.6713 -0.7336 0.1057
vn 0.2421 0.2779 0.9296
vn 0.6237 0.2385 -0.7444
vn -0.9870 0.0251 0.1586
vn 0.9727 0.1505 -0.1766
vn 0.9880 0.1210 -0.0958
vn 0.9877 0.1122 -0.1092
vn -0.9646 0.1884 0.1848
vn 0.8674 0.2896 -0.4046
vn -0.9914 0.0681 0.1114
vn -0.9943 0.1056 -0.0159
vn -0.9937 0.1045 0.0398
vn -0.8068 0.5537 0.2061
vn -0.9806 0.1949 0.0223
vn -0.7111 0.7029 0.0187
vn -0.6940 0.6315 0.3458
vn -0.8460 0.1721 0.5047
vn 0.7415 0.6490 0.1703
vn 0.8065 0.1221 0.5785
vn 0.9693 0.1056 0.2219
vn 0.7457 0.6561 -0.1162
vn 0.8282 0.4199 -0.3711
vn 0.9386 0.1789 -0.2949
vn 0.0095 0.4894 -0.8720
vn 0.0193 0.1431 -0.9895
vn -0.2875 0.6114 0.7373
vn -0.3854 0.2010 0.9006
vn -0.9284 0.1040 -0.3568
vn -0.6220 0.3619 -0.6944
vn -0.6202 -0.0149 -0.7843
vn -0.7750 0.6232 0.1044
vn -0.9665 0.2527 -0.0441
vn 0.9935 0.1113 0.0244
vn 0.6638 0.3757 -0.6467
vn 0.8048 0.5820 -0.1166
vn 0.9813 0.0886 -0.1710
vn 0.8806 0.4587 -0.1186
vn 0.7980 0.6025 0.0124
vn -0.9249 0.3200 -0.2054
vn -0.9583 0.2522 0.1346
vn -0.9924 0.1228 -0.0064
vn 0.3312 0.9376 0.1065
vn 0.8457 0.4051 -0.3475
vn 0.2842 0.9540 0.0959
vn 0.6268 0.7792 0.0047
vn -0.0963 0.4688 -0.8780
vn 0.3352 0.9408 -0.0499
vn 0.7759 0.6238 -0.0938
vn -0.9539 0.0910 -0.2860
vn -0.2742 0.9595 0.0651
vn -0.2899 0.9567 -0.0256
vn -0.7466 0.6650 -0.0157
vn -0.3589 0.9215 0.1482
vn 0.2485 0.9280 0.2775
vn 0.4733 0.6331 0.6125
vn 0.3155 0.9488 0.0155
vn 0.8038 0.5672 -0.1794
vn 0.8612 0.4616 -0.2128
vn 0.5711 0.4580 -0.6813
vn -0.1359 0.9159 0.3778
vn -0.6479 0.4094 -0.6424
vn -0.4059 0.9136 0.0242
vn -0.4936 0.6668 -0.5583
vn 0.7004 0.6002 -0.3864
vn -0.9370 0.1297 -0.3244
vn 0.3298 0.6361 -0.6976
vn -0.3395 0.8666 0.3657
vn -0.8711 0.1145 0.4776
vn -0.9760 0.0393 0.2143
vn 0.6543 0.7539 -0.0603
vn -0.1633 0.7228 -0.6715
vn 0.5925 0.7954 0.1276
vn 0.2358 0.9292 0.2846
vn -0.1000 0.7363 0.6692
vn 0.3707 0.9287 0.0086
vn -0.9835 0.1807 0.0037
vn 0.6206 -0.7748 -0.1207
vn 0.0084 -0.6679 -0.7442
vn -0.9632 0.2683 0.0137
vn -0.9832 -0.0126 0.1820
vn -0.9561 0.2187 0.1953
vn -0.6353 0.7720 0.0207
vn -0.8798 0.1485 0.4515
vn -0.6485 0.7428 0.1667
vn -0.8026 0.3572 -0.4777
vn -0.2858 0.8857 -0.3659
vn -0.4072 0.5108 -0.7572
vn -0.8622 -0.0082 -0.5065
vn -0.1476 0.0515 -0.9877
vn -0.1249 0.5580 -0.8204
vn -0.4883 -0.4110 -0.7698
vn -0.4759 0.0051 -0.8795
vn -0.3895 -0.7764 -0.4955
vn -0.8260 -0.3128 -0.4690
vn -0.2019 -0.4212 -0.8842
vn -0.2007 -0.8324 -0.5165
vn -0.9007 -0.0874 0.4255
vn -0.5166 -0.6442 0.5640
vn -0.5799 -0.1010 0.8084
vn -0.6187 0.1508 0.7710
vn -0.1923 -0.1476 0.9702
vn -0.2167 0.1380 0.9664
vn -0.2242 -0.7675 0.6006
vn -0.5462 0.3561 0.7582
vn -0.9037 0.0735 0.4218
vn -0.3997 0.7485 0.5292
vn -0.3035 0.4441 0.8430
vn -0.2011 0.8262 0.5263
vn -0.9661 -0.1988 0.1646
vn -0.7268 -0.6863 -0.0278
vn -0.7470 -0.6620 0.0614
vn -0.9686 -0.2485 -0.0046
vn -0.7493 -0.6085 0.2610
vn -0.9538 -0.2492 -0.1677
vn -0.6761 -0.6754 -0.2946
vn -0.7054 -0.6842 -0.1851
vn -0.9858 -0.0283 -0.1658
vn -0.9995 -0.0324 -0.0035
vn -0.9554 0.2525 -0.1530
vn -0.5599 0.7746 -0.2940
vn -0.6285 0.7712 -0.1012
vn -0.2089 0.9776 0.0241
vn -0.2241 0.9653 0.1338
vn -0.1380 0.9814 0.1336
vn -0.0805 0.9964 0.0247
vn -0.6924 0.5363 0.4826
vn -0.2185 0.9721 -0.0851
vn -0.1435 0.9176 -0.3707
vn -0.0987 0.9911 -0.0895
vn -0.4532 -0.8906 -0.0384
vn -0.5872 -0.7704 0.2483
vn -0.3375 -0.9379 0.0806
vn -0.3414 -0.9131 -0.2230
vn -0.1182 -0.9527 -0.2799
vn -0.1561 -0.9830 0.0968
vn -0.2021 -0.7958 -0.5709
vn -0.7308 -0.6117 -0.3029
vn -0.6742 0.7363 0.0568
vn -0.8732 -0.4874 -0.0003
vn -0.4106 -0.7553 0.5107
vn -0.2312 0.8803 -0.4143
vn -0.6596 0.5441 -0.5185
vn -0.5238 0.3574 0.7732
vn -0.6722 0.5693 0.4733
vn -0.2122 0.8640 0.4567
vn -0.2596 0.7329 -0.6289
vn -0.4272 0.2705 -0.8628
vn -0.1254 -0.9921 0.0017
vn -0.2351 -0.7527 -0.6150
vn -0.4950 -0.7155 -0.4930
vn -0.3306 -0.2524 -0.9094
vn -0.3763 0.1745 -0.9099
vn -0.2995 0.2043 -0.9320
vn -0.3558 0.3791 0.8542
vn -0.3171 0.5888 0.7435
vn -0.2999 0.4859 0.8210
vn -0.2426 -0.4604 0.8539
vn -0.7135 -0.1083 0.6922
vn -0.3626 0.1442 0.9207
vn -0.0000 0.0733 0.9973
vn -0.8579 0.0418 -0.5122
vn -0.9821 0.1870 0.0212
vn -0.8064 0.2248 -0.5470
vn -0.9952 0.0622 0.0756
vn -0.7855 0.1388 0.6031
vn -0.3794 0.2246 -0.8976
vn -0.4143 0.3027 -0.8583
vn -0.3898 0.0182 -0.9207
vn -0.7654 -0.2215 -0.6043
vn -0.3478 -0.2752 -0.8963
vn -0.9957 0.0906 0.0180
vn -0.7778 0.1208 0.6168
vn -0.9991 -0.0430 0.0050
vn -0.8181 0.0172 -0.5748
vn -0.3831 0.1932 0.9033
vn -0.3781 0.2096 0.9017
vn -0.1257 0.9912 0.0406
vn -0.1423 0.8470 0.5123
vn -0.2068 0.8431 0.4963
vn -0.2480 0.7731 0.5837
vn -0.5054 0.0697 -0.8601
vn -0.5334 -0.3749 0.7582
vn 0.3793 -0.5436 0.7488
vn 0.5638 -0.4403 0.6987
vn -0.6976 -0.5151 0.4980
vn -0.7691 -0.3028 0.5628
vn -0.9493 0.0135 -0.3141
vn -0.3374 0.5517 0.7627
vn -0.7517 0.1515 0.6419
vn -0.3568 -0.1909 0.9145
vn -0.7152 0.2461 0.6542
vn -0.1784 -0.6991 0.6925
vn -0.3533 0.0149 -0.9354
vn 0.6514 -0.7556 -0.0694
vn -0.0004 -0.9996 -0.0292
vn 0.2389 -0.5974 -0.7655
vn 0.9462 -0.2724 0.1747
vn 0.9548 0.1018 -0.2791
vn 0.9409 -0.2844 0.1837
vn 0.9218 -0.3289 0.2054
vn 0.9568 -0.2147 -0.1961
vn 0.9638 -0.1384 0.2281
vn -0.9442 0.0921 -0.3161
vn -0.9381 -0.1412 0.3163
vn -0.9647 -0.0414 0.2602
vn 0.5539 0.1292 -0.8225
vn -0.5243 -0.0527 -0.8499
vn 0.4341 -0.3361 -0.8358
vn -0.9369 0.2039 -0.2838
vn -0.9263 -0.3116 0.2116
vn -0.9449 -0.2097 0.2513
vn -0.9234 0.2828 -0.2595
vn -0.9471 -0.1610 0.2776
vn 0.4852 0.5491 -0.6805
vn 0.4573 0.4349 -0.7757
vn -0.4211 0.4616 -0.7808
vn -0.4431 -0.5432 0.7132
vn 0.4272 -0.6334 0.6452
vn 0.4140 -0.6166 0.6696
vn 0.2274 0.1542 0.9615
vn 0.9437 -0.2606 0.2038
vn 0.4502 -0.5551 0.6994
vn 0.5022 0.0627 -0.8625
vn -0.4317 -0.5825 0.6886
vn 0.9499 0.1023 -0.2953
vn 0.6521 -0.6880 0.3184
vn -0.4585 -0.5348 0.7097
vn 0.9466 -0.0417 -0.3197
vn 0.9968 0.0058 -0.0797
vn 0.9609 -0.1183 -0.2504
vn -0.4651 -0.4024 0.7885
vn -0.1455 0.4545 -0.8788
vn -0.3616 0.0194 -0.9321
vn -0.8899 0.1306 0.4370
vn -0.9431 -0.1182 -0.3108
vn -0.5033 0.3095 -0.8067
vn 0.0548 -0.7435 0.6664
vn 0.0332 -0.9992 -0.0220
vn -0.0904 -0.5717 0.8155
vn -0.0960 0.8604 0.5005
vn 0.0535 0.2719 0.9608
vn -0.0809 0.3866 0.9187
vn -0.0475 0.0728 -0.9962
vn -0.1008 0.8483 -0.5198
vn -0.0289 0.0619 -0.9977
vn -0.0920 0.8886 -0.4494
vn -0.0938 0.9944 0.0485
vn -0.2558 0.0398 -0.9659
vn -0.3189 0.7900 -0.5237
vn -0.1704 0.4964 0.8512
vn -0.2059 0.7977 -0.5669
vn -0.1509 0.9424 -0.2986
vn -0.0995 0.9935 0.0556
vn -0.1318 0.8970 -0.4218
vn -0.0147 -0.9999 -0.0023
vn 0.0024 -0.8903 -0.4554
vn -0.0788 -0.8261 -0.5580
vn -0.0669 0.1943 0.9787
vn 0.0225 -0.8580 0.5131
vn -0.0336 -0.7705 0.6366
vn -0.1567 0.0670 -0.9854
vn -0.0341 0.8876 0.4593
vn 0.0247 -0.8109 -0.5847
vn 0.0075 -0.7617 -0.6479
vn 0.0745 0.9462 0.3149
vn 0.4287 0.4204 0.7996
vn -0.1148 0.9359 0.3330
vn 0.2162 0.1956 -0.9565
vn -0.0096 0.9465 -0.3227
vn -0.1791 0.9832 0.0361
vn -0.2023 0.9777 0.0557
vn -0.0608 -0.9981 0.0078
vn -0.1325 -0.9911 -0.0149
vn -0.0834 0.8894 0.4495
vn -0.0551 0.9968 0.0577
vn 0.0472 0.8835 0.4661
vn -0.0205 0.9981 0.0576
vn 0.1516 -0.7295 0.6669
vn 0.0284 -0.9996 0.0054
vn 0.0749 -0.9971 -0.0102
vn -0.0109 0.8746 0.4847
vn 0.0352 0.2018 0.9788
vn -0.1075 0.0806 -0.9909
vn -0.0560 0.8914 -0.4498
vn -0.0628 0.0931 -0.9937
vn -0.0292 -0.8172 -0.5756
vn 0.0186 -0.8182 -0.5746
vn 0.0592 -0.7459 0.6634
vn -0.0881 0.8876 -0.4522
vn -0.7166 -0.6975 0.0044
vn -0.1309 0.9902 0.0482
vn -0.5921 -0.3310 -0.7347
vn -0.1470 0.9570 0.2501
vn -0.1307 -0.9630 0.2359
vn 0.6363 -0.6994 0.3256
vn -0.5067 0.4175 0.7543
vn 0.6195 0.6715 0.4065
vn -0.1028 0.1005 -0.9896
vn 0.2060 0.0923 -0.9742
vn 0.2554 -0.8431 -0.4732
vn -0.6477 -0.1495 -0.7471
vn -0.3420 0.9127 -0.2237
vn -0.3164 -0.0112 -0.9486
vn -0.8547 0.4826 -0.1914
vn -0.2916 0.9562 0.0259
vn 0.2313 -0.9728 -0.0122
vn -0.2270 -0.9493 -0.2173
vn 0.1362 -0.9419 -0.3070
vn -0.0133 0.2499 0.9682
vn -0.1294 -0.9027 0.4102
vn 0.2377 -0.8607 0.4503
vn 0.0652 -0.9401 -0.3347
vn -0.3588 -0.9162 -0.1784
vn -0.1495 0.9652 -0.2147
vn -0.4212 -0.9062 0.0376
vn -0.5602 -0.0079 0.8283
vn -0.8717 -0.4900 -0.0067
vn -0.9264 0.3759 0.0230
vn -0.8041 0.5402 0.2482
vn -0.2551 0.9385 0.2327
vn 0.1194 -0.9296 -0.3486
vn -0.0952 0.0655 -0.9933
vn 0.1198 -0.9331 -0.3392
vn -0.2162 0.9760 0.0266
vn -0.2510 0.9431 0.2181
vn -0.2503 0.9390 0.2361
vn 0.1192 -0.9021 0.4148
vn 0.1258 -0.9920 -0.0080
vn 0.0169 -0.9003 0.4349
vn -0.1510 0.2474 0.9571
vn -0.2844 0.1687 0.9437
vn -0.2821 0.9292 -0.2389
vn -0.2167 0.9501 -0.2243
vn -0.1998 0.0545 -0.9783
vn 0.6212 0.6908 0.3700
vn 0.6221 -0.7312 0.2800
vn 0.7452 -0.6488 0.1540
vn -0.5117 0.8587 -0.0289
vn -0.7503 -0.6509 -0.1154
vn -0.5113 -0.5944 -0.6206
vn 0.5877 0.6202 0.5195
vn -0.8572 0.4906 0.1566
vn 0.0030 -0.7461 0.6658
vn -0.1197 0.3276 0.9372
vn -0.6480 0.6787 -0.3457
vn -0.9068 0.0563 -0.4179
vn -0.9744 0.2240 0.0219
vn 0.7665 -0.0130 -0.6421
vn -0.4646 -0.6018 -0.6496
vn -0.0084 -0.6679 -0.7442
vn 0.4249 -0.7819 -0.4562
vn 0.6385 -0.7463 -0.1882
vn 0.5731 -0.8195 0.0012
vn 0.6782 -0.7349 -0.0032
vn -0.6357 -0.7695 -0.0609
vn -0.6269 -0.7710 0.1122
vn 0.6184 -0.7387 0.2683
vn 0.6713 -0.7336 0.1057
vn 0.6519 -0.7581 0.0172
vn 0.6243 -0.7747 0.1002
vn -0.6227 -0.7809 -0.0496
vn 0.3454 -0.6169 0.7072
vn -0.5159 -0.7103 0.4789
vn -0.1717 -0.6402 0.7488
vn -0.7335 -0.5652 -0.3776
vn -0.6359 -0.7627 -0.1178
vn 0.5956 -0.7979 0.0926
vn -0.6284 -0.7779 0.0051
vn -0.2421 0.2779 0.9296
vn -0.8065 0.1221 0.5785
vn -0.6237 0.2385 -0.7444
vn 0.9870 0.0250 0.1586
vn -0.9727 0.1506 -0.1766
vn -0.9880 0.1210 -0.0958
vn -0.6915 -0.7105 -0.1305
vn -0.9877 0.1122 -0.1092
vn -0.9386 0.1789 -0.2949
vn 0.9646 0.1883 0.1847
vn 0.8460 0.1720 0.5047
vn -0.8674 0.2896 -0.4046
vn 0.9914 0.0680 0.1114
vn 0.9943 0.1055 -0.0159
vn 0.9937 0.1044 0.0398
vn 0.8068 0.5537 0.2061
vn 0.7111 0.7028 0.0187
vn 0.9806 0.1948 0.0223
vn 0.7467 0.6650 -0.0157
vn 0.6940 0.6315 0.3457
vn -0.7415 0.6490 0.1703
vn -0.9693 0.1056 0.2219
vn -0.7457 0.6561 -0.1162
vn -0.8282 0.4199 -0.3711
vn -0.0095 0.4894 -0.8720
vn -0.0192 0.1431 -0.9895
vn 0.2876 0.6113 0.7373
vn 0.3854 0.2009 0.9006
vn 0.9284 0.1040 -0.3568
vn 0.6220 0.3618 -0.6944
vn 0.9249 0.3199 -0.2054
vn 0.7751 0.6232 0.1044
vn 0.9666 0.2526 -0.0441
vn 0.9583 0.2522 0.1345
vn -0.9935 0.1113 0.0244
vn -0.7980 0.6025 0.0124
vn -0.6638 0.3757 -0.6467
vn -0.8048 0.5820 -0.1166
vn -0.9813 0.0887 -0.1710
vn -0.8806 0.4587 -0.1186
vn 0.6203 -0.0150 -0.7842
vn -0.7759 0.6238 -0.0938
vn 0.9924 0.1228 -0.0064
vn 0.9760 0.0392 0.2143
vn -0.3312 0.9375 0.1065
vn -0.3707 0.9287 0.0086
vn -0.8457 0.4051 -0.3474
vn -0.5710 0.4580 -0.6813
vn -0.2842 0.9540 0.0959
vn -0.6268 0.7792 0.0047
vn 0.0964 0.4688 -0.8780
vn 0.6479 0.4094 -0.6424
vn -0.3352 0.9408 -0.0499
vn 0.9539 0.0909 -0.2860
vn 0.2743 0.9594 0.0651
vn 0.2899 0.9567 -0.0256
vn 0.3589 0.9215 0.1482
vn -0.2486 0.9280 0.2775
vn -0.3155 0.9488 0.0155
vn -0.8038 0.5672 -0.1794
vn 0.1359 0.9159 0.3778
vn 0.4059 0.9136 0.0242
vn 0.4921 0.6660 -0.5606
vn -0.6969 0.6071 -0.3818
vn 0.9364 0.1329 -0.3247
vn -0.3296 0.6360 -0.6977
vn 0.8707 0.1180 0.4775
vn 0.3395 0.8666 0.3657
vn 0.1630 0.7240 -0.6703
vn -0.6507 0.7570 -0.0590
vn -0.2342 0.9300 0.2832
vn -0.4733 0.6331 0.6125
vn 0.9842 0.1768 0.0020
vn -0.8612 0.4616 -0.2127
vn -0.6206 -0.7748 -0.1207
vn -0.5838 0.8018 0.1274
vn 0.9498 -0.0558 0.3078
vn 0.0962 0.7394 0.6664
vn -0.2568 0.9661 0.0245
vn 0.1829 -0.9830 -0.0144
vn -0.1490 0.9885 0.0260
vn 0.1012 -0.9949 -0.0043
vn -0.0577 0.9969 0.0541
vn 0.0580 -0.9980 -0.0246
vn -0.0000 0.1763 0.9843
vn -0.0000 0.3819 0.9242
vn -0.0521 -0.9983 -0.0258
vn -0.1005 0.9942 0.0390
vn -0.9687 0.0896 -0.2315
vn -0.0000 -0.7264 0.6873
vt 0.423209 0.793785
vt 0.464884 0.838834
vt 0.424701 0.840048
vt 0.468357 0.881332
vt 0.416097 0.891155
vt 0.388845 0.838885
vt 0.567369 0.879717
vt 0.547922 0.837220
vt 0.579037 0.844668
vt 0.549707 0.794263
vt 0.582610 0.796170
vt 0.602276 0.796592
vt 0.617431 0.855287
vt 0.598269 0.849956
vt 0.601115 0.901709
vt 0.583674 0.890608
vt 0.580062 0.754791
vt 0.546804 0.757119
vt 0.573455 0.711359
vt 0.598626 0.752337
vt 0.617289 0.699781
vt 0.620532 0.750242
vt 0.621565 0.796099
vt 0.347330 0.708825
vt 0.379997 0.749138
vt 0.349273 0.747190
vt 0.352581 0.794437
vt 0.329588 0.744940
vt 0.315002 0.794084
vt 0.314985 0.741795
vt 0.329344 0.703695
vt 0.354491 0.840733
vt 0.386734 0.795098
vt 0.357743 0.880856
vt 0.332172 0.842510
vt 0.315019 0.885796
vt 0.315031 0.842108
vt 0.331063 0.794428
vt 0.414559 0.747483
vt 0.448949 0.694770
vt 0.456853 0.745548
vt 0.370455 0.709217
vt 0.399518 0.701783
vt 0.505141 0.748829
vt 0.544177 0.724490
vt 0.507142 0.792801
vt 0.461737 0.792426
vt 0.508784 0.706093
vt 0.508074 0.837122
vt 0.544300 0.865660
vt 0.514661 0.872259
vt 0.478349 0.922822
vt 0.419137 0.937326
vt 0.424097 0.965195
vt 0.495723 0.973192
vt 0.428443 0.990876
vt 0.314782 0.941388
vt 0.333959 0.884940
vt 0.345577 0.936058
vt 0.375705 0.922558
vt 0.382303 0.875623
vt 0.532102 0.902649
vt 0.559814 0.940878
vt 0.545515 0.922196
vt 0.486594 0.948330
vt 0.436532 0.655316
vt 0.382595 0.577465
vt 0.445393 0.577416
vt 0.535122 0.656711
vt 0.607811 0.622342
vt 0.595019 0.704367
vt 0.561397 0.634699
vt 0.362648 0.645806
vt 0.314578 0.640560
vt 0.339216 0.643866
vt 0.559529 0.577420
vt 0.510735 0.577421
vt 0.444090 0.534948
vt 0.509270 0.534980
vt 0.347826 0.577463
vt 0.314357 0.535019
vt 0.343869 0.535021
vt 0.314959 0.577465
vt 0.332242 0.271386
vt 0.357633 0.299914
vt 0.327559 0.284656
vt 0.321315 0.250312
vt 0.314171 0.231740
vt 0.334433 0.243039
vt 0.382847 0.535032
vt 0.558656 0.534925
vt 0.351430 0.248123
vt 0.359600 0.274896
vt 0.333829 0.303559
vt 0.319754 0.286217
vt 0.418691 0.370972
vt 0.418603 0.335552
vt 0.431990 0.354981
vt 0.366602 0.325961
vt 0.343676 0.358303
vt 0.338145 0.328760
vt 0.314003 0.207365
vt 0.345144 0.178504
vt 0.335864 0.210609
vt 0.387039 0.219621
vt 0.422363 0.207716
vt 0.418946 0.229929
vt 0.345500 0.054288
vt 0.315528 0.018181
vt 0.347504 0.018238
vt 0.415450 0.479198
vt 0.378862 0.512649
vt 0.376599 0.479159
vt 0.379180 0.054356
vt 0.421058 0.018359
vt 0.417869 0.054390
vt 0.345824 0.512586
vt 0.344804 0.479148
vt 0.376072 0.404566
vt 0.343784 0.441555
vt 0.343730 0.404567
vt 0.377222 0.128952
vt 0.414680 0.091883
vt 0.416751 0.128948
vt 0.414734 0.404572
vt 0.374336 0.441555
vt 0.314426 0.128944
vt 0.343495 0.091877
vt 0.344319 0.128948
vt 0.377580 0.274898
vt 0.414096 0.254865
vt 0.413016 0.274926
vt 0.383845 0.322909
vt 0.389352 0.351632
vt 0.785443 0.156150
vt 0.765086 0.122612
vt 0.785862 0.122612
vt 0.799682 0.217712
vt 0.787967 0.231864
vt 0.787944 0.209717
vt 0.806383 0.217712
vt 0.817931 0.209717
vt 0.817908 0.231864
vt 0.313408 0.304910
vt 0.313716 0.329378
vt 0.371733 0.216071
vt 0.374628 0.091879
vt 0.314870 0.441555
vt 0.314416 0.404567
vt 0.315301 0.479147
vt 0.315731 0.512570
vt 0.383732 0.018359
vt 0.379817 0.180762
vt 0.313963 0.358401
vt 0.313509 0.286997
vt 0.603163 0.577407
vt 0.606192 0.534877
vt 0.325529 0.253434
vt 0.745241 0.200706
vt 0.748033 0.232049
vt 0.860635 0.200706
vt 0.857842 0.232049
vt 0.709972 0.232115
vt 0.709972 0.171386
vt 0.711885 0.163092
vt 0.722930 0.172839
vt 0.895904 0.200711
vt 0.895904 0.232115
vt 0.893990 0.163092
vt 0.895904 0.171386
vt 0.882945 0.172839
vt 0.728058 0.108499
vt 0.746362 0.095822
vt 0.746436 0.108499
vt 0.722900 0.156121
vt 0.746509 0.122612
vt 0.742320 0.156136
vt 0.820432 0.156150
vt 0.806948 0.122612
vt 0.820014 0.122612
vt 0.841092 0.156147
vt 0.859366 0.122612
vt 0.863555 0.156136
vt 0.820810 0.095822
vt 0.807180 0.054984
vt 0.822926 0.054984
vt 0.820412 0.108499
vt 0.806988 0.095820
vt 0.859513 0.095822
vt 0.859440 0.108499
vt 0.840859 0.095821
vt 0.785464 0.108499
vt 0.765025 0.095821
vt 0.785065 0.095822
vt 0.748996 0.054984
vt 0.765051 0.016269
vt 0.765027 0.054984
vt 0.856880 0.054984
vt 0.782949 0.054984
vt 0.727994 0.095821
vt 0.806711 0.156148
vt 0.799277 0.156148
vt 0.882975 0.156121
vt 0.798935 0.095820
vt 0.798699 0.054984
vt 0.876366 0.054983
vt 0.877882 0.095821
vt 0.730059 0.016269
vt 0.749674 0.016269
vt 0.798960 0.108499
vt 0.877818 0.108499
vt 0.877753 0.122612
vt 0.798985 0.122612
vt 0.840838 0.016269
vt 0.856202 0.016269
vt 0.764725 0.156147
vt 0.782896 0.016268
vt 0.798648 0.016268
vt 0.840857 0.054984
vt 0.840811 0.122612
vt 0.765055 0.108499
vt 0.709972 0.200711
vt 0.449796 0.204123
vt 0.480685 0.220695
vt 0.449700 0.220684
vt 0.449654 0.257610
vt 0.480652 0.238492
vt 0.480599 0.257655
vt 0.449646 0.286082
vt 0.480601 0.302370
vt 0.449661 0.302478
vt 0.449670 0.274956
vt 0.480577 0.286036
vt 0.377299 0.292342
vt 0.415778 0.316747
vt 0.379110 0.250741
vt 0.412883 0.292280
vt 0.427685 0.190243
vt 0.390341 0.194177
vt 0.566812 0.275036
vt 0.595566 0.286095
vt 0.566812 0.286023
vt 0.566827 0.354952
vt 0.595512 0.326825
vt 0.595500 0.354952
vt 0.566782 0.238670
vt 0.595706 0.220705
vt 0.595699 0.238600
vt 0.566815 0.302227
vt 0.566822 0.326817
vt 0.480593 0.274987
vt 0.480612 0.326823
vt 0.449673 0.326828
vt 0.449682 0.238404
vt 0.449765 0.354952
vt 0.480773 0.354952
vt 0.936053 0.746623
vt 0.923121 0.760166
vt 0.936048 0.768188
vt 0.936018 0.819789
vt 0.916592 0.805110
vt 0.913699 0.821253
vt 0.936059 0.797784
vt 0.915423 0.782034
vt 0.933272 0.316595
vt 0.910614 0.334381
vt 0.911752 0.319669
vt 0.595550 0.302456
vt 0.566800 0.257742
vt 0.595621 0.257734
vt 0.566790 0.204124
vt 0.566782 0.220717
vt 0.595577 0.275057
vt 0.506548 0.257674
vt 0.532485 0.275009
vt 0.506526 0.274998
vt 0.506620 0.220701
vt 0.532625 0.204124
vt 0.532558 0.220707
vt 0.532519 0.257694
vt 0.532559 0.238577
vt 0.506519 0.286032
vt 0.532482 0.302308
vt 0.506530 0.302339
vt 0.532468 0.326821
vt 0.506529 0.326822
vt 0.506639 0.354952
vt 0.532541 0.354952
vt 0.532490 0.286028
vt 0.420373 0.176908
vt 0.377808 0.356778
vt 0.414725 0.374942
vt 0.885913 0.762972
vt 0.885325 0.783977
vt 0.892080 0.360976
vt 0.889616 0.328988
vt 0.879460 0.743643
vt 0.891345 0.819504
vt 0.896713 0.317960
vt 0.935973 0.782601
vt 0.917882 0.833832
vt 0.936077 0.838896
vt 0.934622 0.732855
vt 0.924192 0.740812
vt 0.850748 0.805248
vt 0.835136 0.812201
vt 0.849376 0.815349
vt 0.845468 0.793376
vt 0.836471 0.804603
vt 0.917673 0.409579
vt 0.940634 0.420541
vt 0.917720 0.427678
vt 0.838529 0.771488
vt 0.818658 0.776896
vt 0.825597 0.780492
vt 0.891695 0.833437
vt 0.871512 0.724326
vt 0.868327 0.735148
vt 0.941792 0.356512
vt 0.912643 0.364253
vt 0.891324 0.803735
vt 0.812448 0.795354
vt 0.824181 0.797634
vt 0.828406 0.817321
vt 0.830746 0.786410
vt 0.831510 0.796107
vt 0.844654 0.780574
vt 0.901378 0.423637
vt 0.900278 0.405603
vt 0.844856 0.823697
vt 0.877480 0.819001
vt 0.861307 0.830073
vt 0.876501 0.831755
vt 0.872376 0.787311
vt 0.858562 0.774738
vt 0.859427 0.790645
vt 0.915135 0.377867
vt 0.899177 0.387570
vt 0.895628 0.374273
vt 0.872238 0.768855
vt 0.851461 0.762485
vt 0.865460 0.753064
vt 0.845674 0.754660
vt 0.943603 0.383745
vt 0.917627 0.391481
vt 0.865024 0.805893
vt 0.878174 0.804814
vt 0.863616 0.818497
vt 0.914557 0.725788
vt 0.914994 0.703678
vt 0.906472 0.711107
vt 0.881044 0.356556
vt 0.875706 0.338668
vt 0.887944 0.727402
vt 0.924213 0.719241
vt 0.863509 0.352136
vt 0.863138 0.381292
vt 0.852273 0.373989
vt 0.885267 0.719886
vt 0.871271 0.716399
vt 0.896674 0.686606
vt 0.886620 0.697803
vt 0.894062 0.694357
vt 0.881207 0.690837
vt 0.822979 0.016268
vt 0.807221 0.016268
vt 0.875816 0.016269
vt 0.767140 0.911152
vt 0.771025 0.901580
vt 0.764041 0.893569
vt 0.770492 0.925697
vt 0.762619 0.936895
vt 0.711877 0.936747
vt 0.696555 0.911002
vt 0.696701 0.941705
vt 0.712850 0.911002
vt 0.699642 0.883044
vt 0.680259 0.911002
vt 0.669298 0.887352
vt 0.663963 0.911002
vt 0.666683 0.936525
vt 0.745745 0.941028
vt 0.739015 0.911001
vt 0.736641 0.940160
vt 0.748883 0.911001
vt 0.738188 0.889775
vt 0.652548 0.923774
vt 0.650728 0.911086
vt 0.654009 0.898398
vt 0.747331 0.888913
vt 0.729146 0.911001
vt 0.714237 0.884771
vt 0.727561 0.938163
vt 0.684668 0.883866
vt 0.681635 0.941705
vt 0.685829 0.695635
vt 0.708990 0.708576
vt 0.708432 0.689949
vt 0.651216 0.838339
vt 0.635893 0.827677
vt 0.636358 0.838542
vt 0.761434 0.786870
vt 0.785169 0.791226
vt 0.781184 0.780586
vt 0.662889 0.772774
vt 0.648575 0.752749
vt 0.644587 0.767637
vt 0.667608 0.758644
vt 0.655645 0.733289
vt 0.636687 0.810221
vt 0.655557 0.797710
vt 0.638034 0.794237
vt 0.751425 0.706855
vt 0.743897 0.740484
vt 0.762033 0.731608
vt 0.651688 0.827846
vt 0.765163 0.797322
vt 0.787648 0.803114
vt 0.770097 0.809706
vt 0.791133 0.816315
vt 0.756045 0.773861
vt 0.746963 0.789506
vt 0.749903 0.756858
vt 0.741140 0.776355
vt 0.728583 0.733966
vt 0.736307 0.719414
vt 0.690265 0.735383
vt 0.692503 0.712229
vt 0.683428 0.721761
vt 0.675902 0.773849
vt 0.663860 0.828975
vt 0.652656 0.811979
vt 0.662989 0.848260
vt 0.651369 0.848259
vt 0.718851 0.717725
vt 0.726155 0.711178
vt 0.775207 0.821912
vt 0.767474 0.837667
vt 0.779325 0.835265
vt 0.733420 0.750248
vt 0.758294 0.814508
vt 0.673889 0.744932
vt 0.662721 0.839648
vt 0.671987 0.788046
vt 0.658905 0.785523
vt 0.669398 0.798853
vt 0.770171 0.848260
vt 0.779396 0.848260
vt 0.683588 0.751217
vt 0.763232 0.827184
vt 0.753212 0.799839
vt 0.745139 0.819551
vt 0.696225 0.747399
vt 0.672536 0.832167
vt 0.695283 0.790443
vt 0.684106 0.807013
vt 0.757876 0.848260
vt 0.689617 0.767062
vt 0.678758 0.763215
vt 0.751837 0.830942
vt 0.726011 0.777908
vt 0.727747 0.767067
vt 0.738081 0.763188
vt 0.723221 0.747063
vt 0.702554 0.734897
vt 0.699037 0.717821
vt 0.692294 0.778048
vt 0.676496 0.818660
vt 0.666038 0.813500
vt 0.671483 0.841478
vt 0.715282 0.734795
vt 0.755272 0.840706
vt 0.728335 0.757320
vt 0.747224 0.843692
vt 0.679462 0.835501
vt 0.744649 0.834372
vt 0.669902 0.848260
vt 0.678439 0.843499
vt 0.724135 0.790230
vt 0.731506 0.809276
vt 0.737140 0.805935
vt 0.681201 0.821956
vt 0.749698 0.848260
vt 0.689595 0.809913
vt 0.701454 0.798968
vt 0.718747 0.798862
vt 0.691125 0.756638
vt 0.740023 0.822211
vt 0.731965 0.694501
vt 0.728658 0.888542
vt 0.685748 0.848259
vt 0.741199 0.848260
vt 0.676559 0.848260
vt 0.688336 0.824075
vt 0.734432 0.824734
vt 0.686221 0.838135
vt 0.739082 0.837215
vt 0.710682 0.811176
vt 0.697257 0.814380
vt 0.725362 0.813361
vt 0.794502 0.834892
vt 0.769187 0.749663
vt 0.775611 0.765710
vt 0.794901 0.848257
vt 0.640929 0.781632
vt 0.666521 0.709568
vt 0.636356 0.848259
vt 0.165057 0.839231
vt 0.206812 0.794023
vt 0.205395 0.840356
vt 0.161589 0.882055
vt 0.241265 0.839077
vt 0.214392 0.891615
vt 0.081566 0.837294
vt 0.061577 0.879960
vt 0.050187 0.844482
vt 0.080136 0.794155
vt 0.011363 0.854676
vt 0.027453 0.795879
vt 0.030751 0.849572
vt 0.027199 0.901816
vt 0.050209 0.754404
vt 0.047164 0.795723
vt 0.057188 0.711303
vt 0.083344 0.757041
vt 0.031763 0.751718
vt 0.013882 0.699460
vt 0.035870 0.704195
vt 0.008122 0.795077
vt 0.009998 0.749349
vt 0.249910 0.749310
vt 0.282503 0.708944
vt 0.280653 0.747292
vt 0.277433 0.794536
vt 0.300327 0.744987
vt 0.298944 0.794473
vt 0.300463 0.703752
vt 0.275598 0.840835
vt 0.243291 0.795273
vt 0.272406 0.880931
vt 0.297897 0.842557
vt 0.296112 0.884965
vt 0.215427 0.747718
vt 0.181086 0.695152
vt 0.230402 0.702057
vt 0.173187 0.745804
vt 0.259406 0.709407
vt 0.124974 0.748995
vt 0.086190 0.724548
vt 0.121499 0.706399
vt 0.122778 0.792952
vt 0.168249 0.792680
vt 0.121636 0.837433
vt 0.084989 0.865972
vt 0.114850 0.872809
vt 0.151460 0.924131
vt 0.211767 0.938667
vt 0.206881 0.967319
vt 0.133578 0.975415
vt 0.143009 0.950086
vt 0.284332 0.935822
vt 0.254612 0.922405
vt 0.247916 0.875817
vt 0.097049 0.903456
vt 0.068619 0.942013
vt 0.044980 0.890795
vt 0.083305 0.923173
vt 0.194143 0.656045
vt 0.247489 0.577466
vt 0.266383 0.646033
vt 0.095483 0.657314
vt 0.023577 0.623156
vt 0.069552 0.635446
vt 0.289968 0.643994
vt 0.071392 0.577421
vt 0.119669 0.577423
vt 0.185223 0.534962
vt 0.184361 0.577417
vt 0.282127 0.577464
vt 0.269410 0.300468
vt 0.294776 0.271386
vt 0.299459 0.284656
vt 0.306484 0.250312
vt 0.314290 0.247970
vt 0.245931 0.535039
vt 0.120835 0.534998
vt 0.275823 0.248153
vt 0.301489 0.253434
vt 0.293325 0.304171
vt 0.307265 0.286217
vt 0.208695 0.372787
vt 0.207736 0.335642
vt 0.238048 0.352770
vt 0.284195 0.358809
vt 0.260662 0.326638
vt 0.289297 0.329143
vt 0.282910 0.178142
vt 0.291825 0.210419
vt 0.240092 0.219225
vt 0.203883 0.206876
vt 0.237038 0.193441
vt 0.284744 0.054246
vt 0.315138 0.054235
vt 0.252661 0.512749
vt 0.215164 0.479218
vt 0.253997 0.479174
vt 0.209691 0.018239
vt 0.250975 0.054268
vt 0.212078 0.054277
vt 0.285667 0.512634
vt 0.285805 0.479156
vt 0.285942 0.441555
vt 0.252561 0.404567
vt 0.285068 0.404567
vt 0.214464 0.091875
vt 0.251290 0.128949
vt 0.211458 0.128944
vt 0.255333 0.441555
vt 0.213861 0.404572
vt 0.285957 0.091875
vt 0.284433 0.128947
vt 0.249199 0.274905
vt 0.211924 0.254886
vt 0.247827 0.250786
vt 0.293315 0.242924
vt 0.243254 0.323720
vt 0.634500 0.156150
vt 0.654909 0.122612
vt 0.655078 0.156147
vt 0.620451 0.217712
vt 0.631999 0.209717
vt 0.631977 0.231864
vt 0.985614 0.217712
vt 0.973899 0.231864
vt 0.973876 0.209717
vt 0.255597 0.215743
vt 0.254730 0.091874
vt 0.283530 0.018181
vt 0.247850 0.179997
vt 0.028247 0.577410
vt 0.071962 0.534946
vt 0.284898 0.535025
vt 0.674703 0.200706
vt 0.671910 0.232049
vt 0.931173 0.200706
vt 0.933965 0.232049
vt 0.708058 0.163092
vt 0.709972 0.163211
vt 0.897817 0.163092
vt 0.908862 0.172839
vt 0.673582 0.095822
vt 0.691886 0.108499
vt 0.673508 0.108499
vt 0.673434 0.122612
vt 0.697044 0.156121
vt 0.677624 0.156136
vt 0.971375 0.156150
vt 0.984917 0.122612
vt 0.985209 0.156148
vt 0.932441 0.122612
vt 0.950589 0.156147
vt 0.928252 0.156136
vt 0.970997 0.095822
vt 0.984631 0.054984
vt 0.984867 0.095820
vt 0.971395 0.108499
vt 0.984892 0.108499
vt 0.932368 0.108499
vt 0.932294 0.095822
vt 0.950965 0.095821
vt 0.634480 0.108499
vt 0.654938 0.095821
vt 0.654923 0.108499
vt 0.654925 0.016269
vt 0.670948 0.054984
vt 0.654936 0.054984
vt 0.934928 0.054984
vt 0.634879 0.095822
vt 0.691950 0.095821
vt 0.697013 0.172839
vt 0.620779 0.156148
vt 0.908832 0.156121
vt 0.621056 0.095820
vt 0.636994 0.054984
vt 0.915498 0.054983
vt 0.913926 0.095821
vt 0.689838 0.016269
vt 0.690377 0.054983
vt 0.621036 0.108499
vt 0.913990 0.108499
vt 0.914054 0.122612
vt 0.634082 0.122612
vt 0.950999 0.016269
vt 0.950969 0.054984
vt 0.621248 0.054984
vt 0.637047 0.016268
vt 0.968881 0.054984
vt 0.951042 0.122612
vt 0.145191 0.220694
vt 0.175901 0.204123
vt 0.176090 0.220682
vt 0.176179 0.257611
vt 0.145210 0.238484
vt 0.176125 0.238395
vt 0.145242 0.302415
vt 0.176196 0.286099
vt 0.176168 0.302520
vt 0.145255 0.286054
vt 0.176147 0.274965
vt 0.210380 0.317703
vt 0.249624 0.292358
vt 0.207156 0.229503
vt 0.213159 0.292296
vt 0.204472 0.190753
vt 0.031066 0.286124
vt 0.059417 0.275048
vt 0.059422 0.286044
vt 0.059492 0.354952
vt 0.031124 0.326827
vt 0.059475 0.326819
vt 0.059279 0.238666
vt 0.030921 0.220705
vt 0.059276 0.220716
vt 0.059440 0.302276
vt 0.145241 0.257656
vt 0.145236 0.326824
vt 0.176146 0.326829
vt 0.175964 0.354952
vt 0.923354 0.589708
vt 0.936057 0.576206
vt 0.936052 0.597770
vt 0.936019 0.649366
vt 0.916692 0.634633
vt 0.936061 0.627368
vt 0.915592 0.611553
vt 0.935975 0.612170
vt 0.796272 0.333957
vt 0.818957 0.316206
vt 0.797433 0.319246
vt 0.031084 0.302521
vt 0.059362 0.257746
vt 0.030929 0.238598
vt 0.059305 0.204124
vt 0.031009 0.257741
vt 0.093911 0.275019
vt 0.118252 0.257676
vt 0.118260 0.275008
vt 0.118222 0.220700
vt 0.093754 0.204124
vt 0.118173 0.204123
vt 0.093876 0.257696
vt 0.093831 0.238570
vt 0.093919 0.302358
vt 0.118265 0.286051
vt 0.118261 0.302386
vt 0.093936 0.326823
vt 0.118262 0.326824
vt 0.093831 0.220705
vt 0.118215 0.354952
vt 0.093909 0.286048
vt 0.208452 0.175985
vt 0.267320 0.274905
vt 0.249789 0.357798
vt 0.212772 0.376778
vt 0.886139 0.592404
vt 0.777696 0.360523
vt 0.775283 0.328531
vt 0.879743 0.573056
vt 0.924484 0.570357
vt 0.891403 0.648951
vt 0.913751 0.650767
vt 0.782396 0.317514
vt 0.917897 0.663357
vt 0.936077 0.668483
vt 0.934937 0.562431
vt 0.948678 0.563037
vt 0.835215 0.641481
vt 0.850848 0.634574
vt 0.849446 0.644672
vt 0.836574 0.633887
vt 0.845604 0.622687
vt 0.803215 0.409166
vt 0.826158 0.420164
vt 0.827672 0.401768
vt 0.838730 0.600779
vt 0.818842 0.606128
vt 0.832383 0.595050
vt 0.891712 0.662885
vt 0.871852 0.553715
vt 0.868635 0.564528
vt 0.827416 0.356136
vt 0.827484 0.332708
vt 0.891428 0.633182
vt 0.812578 0.624567
vt 0.825771 0.609744
vt 0.824304 0.626881
vt 0.828470 0.646582
vt 0.831637 0.625377
vt 0.830902 0.615677
vt 0.844827 0.609883
vt 0.786898 0.423198
vt 0.785826 0.405163
vt 0.844902 0.653006
vt 0.861333 0.659431
vt 0.877540 0.648407
vt 0.876523 0.661158
vt 0.872530 0.616702
vt 0.858753 0.604088
vt 0.872446 0.598246
vt 0.784753 0.387128
vt 0.800726 0.377450
vt 0.781225 0.373826
vt 0.851688 0.591814
vt 0.865716 0.582435
vt 0.845924 0.583972
vt 0.857280 0.574250
vt 0.829185 0.383372
vt 0.828300 0.369754
vt 0.865123 0.635262
vt 0.878275 0.634222
vt 0.863677 0.647862
vt 0.914893 0.555304
vt 0.915395 0.533196
vt 0.924568 0.548786
vt 0.766667 0.356086
vt 0.888276 0.556840
vt 0.749140 0.351639
vt 0.748724 0.380794
vt 0.764617 0.362075
vt 0.761358 0.338190
vt 0.906852 0.540600
vt 0.871635 0.545787
vt 0.887040 0.527237
vt 0.897126 0.516070
vt 0.894491 0.523813
vt 0.885620 0.549316
vt 0.881647 0.520255
vt 0.968828 0.016268
vt 0.984580 0.016268
vt 0.935606 0.016269
vt 0.934523 0.917621
vt 0.938408 0.927193
vt 0.941572 0.917780
vt 0.937875 0.903075
vt 0.930002 0.891877
vt 0.863938 0.917771
vt 0.879260 0.892026
vt 0.864084 0.887068
vt 0.867026 0.945729
vt 0.880234 0.917771
vt 0.836681 0.941421
vt 0.847642 0.917771
vt 0.831347 0.917772
vt 0.834066 0.892248
vt 0.849018 0.887068
vt 0.906398 0.917771
vt 0.913129 0.887745
vt 0.904024 0.888613
vt 0.905572 0.938997
vt 0.916266 0.917771
vt 0.819931 0.904999
vt 0.821392 0.930376
vt 0.818111 0.917687
vt 0.931424 0.935204
vt 0.881621 0.944002
vt 0.896530 0.917771
vt 0.894944 0.890609
vt 0.852052 0.944907
vt 0.686042 0.524352
vt 0.709177 0.537312
vt 0.692687 0.540948
vt 0.635921 0.656300
vt 0.651227 0.666984
vt 0.636372 0.667162
vt 0.785249 0.620097
vt 0.761520 0.615688
vt 0.781285 0.609428
vt 0.648718 0.581418
vt 0.663002 0.601458
vt 0.644711 0.596297
vt 0.655822 0.561957
vt 0.667739 0.587337
vt 0.636733 0.638857
vt 0.655630 0.626375
vt 0.652694 0.640638
vt 0.751631 0.535644
vt 0.744045 0.569271
vt 0.736483 0.548184
vt 0.651714 0.656493
vt 0.787716 0.631988
vt 0.765233 0.626167
vt 0.791176 0.645197
vt 0.770153 0.638555
vt 0.756154 0.602668
vt 0.747050 0.618300
vt 0.741245 0.605142
vt 0.750033 0.585655
vt 0.738203 0.591970
vt 0.728733 0.562733
vt 0.690416 0.564106
vt 0.683603 0.550467
vt 0.676012 0.602550
vt 0.663882 0.657641
vt 0.662980 0.677015
vt 0.651365 0.677015
vt 0.719028 0.546474
vt 0.726341 0.539931
vt 0.775239 0.650769
vt 0.767486 0.666511
vt 0.763261 0.656022
vt 0.733559 0.579024
vt 0.758344 0.643339
vt 0.753283 0.628664
vt 0.674036 0.573634
vt 0.683726 0.579931
vt 0.662728 0.668313
vt 0.672082 0.616741
vt 0.658998 0.614197
vt 0.669471 0.627536
vt 0.779342 0.664126
vt 0.770165 0.677015
vt 0.678881 0.591921
vt 0.745182 0.648362
vt 0.737201 0.634733
vt 0.696399 0.576131
vt 0.691285 0.585364
vt 0.672552 0.660852
vt 0.671485 0.670160
vt 0.695369 0.619169
vt 0.684166 0.635721
vt 0.757870 0.677015
vt 0.755280 0.669527
vt 0.689760 0.595785
vt 0.751861 0.659762
vt 0.726110 0.606671
vt 0.727889 0.595831
vt 0.723396 0.575823
vt 0.702738 0.563637
vt 0.692397 0.606771
vt 0.676524 0.647357
vt 0.669891 0.677015
vt 0.715467 0.563548
vt 0.728493 0.586086
vt 0.747228 0.672502
vt 0.679473 0.664199
vt 0.744669 0.663180
vt 0.678437 0.672191
vt 0.731566 0.638069
vt 0.724212 0.618997
vt 0.749692 0.677015
vt 0.681227 0.650664
vt 0.701529 0.627703
vt 0.699215 0.546547
vt 0.740064 0.651011
vt 0.666074 0.642176
vt 0.708647 0.518689
vt 0.896042 0.940231
vt 0.685735 0.677015
vt 0.686228 0.666838
vt 0.741198 0.677015
vt 0.676547 0.677015
vt 0.688358 0.652787
vt 0.689654 0.638630
vt 0.697308 0.643104
vt 0.734468 0.653528
vt 0.739084 0.666015
vt 0.710741 0.639927
vt 0.725417 0.642145
vt 0.718813 0.627622
vt 0.732176 0.523263
vt 0.794526 0.663780
vt 0.769330 0.578484
vt 0.779389 0.677016
vt 0.762210 0.560416
vt 0.638119 0.622878
vt 0.666728 0.538248
vt 0.641034 0.610282
vt 0.775733 0.594543
vt 0.636356 0.677015
vt 0.859570 0.619998
vt 0.803196 0.391068
vt 0.832166 0.765778
vt 0.942118 0.402143
vt 0.942698 0.370129
vt 0.857000 0.744904
vt 0.885489 0.613407
vt 0.798255 0.363832
vt 0.506734 0.204123
vt 0.145244 0.274996
vt 0.145141 0.354952
vt 0.145087 0.204123
vt 0.214951 0.441555
vt 0.314749 0.091873
vt 0.414742 0.441555
vt 0.314103 0.176477
vt 0.093852 0.354952
vt 0.435707 0.203873
vt 0.194848 0.354981
vt 0.212908 0.274933
vt 0.190858 0.203868
vt 0.806968 0.108499
vt 0.728122 0.122612
vt 0.971794 0.122612
vt 0.621016 0.122612
vt 0.691822 0.122612
vt 0.314901 0.703498
vt 0.416158 0.512649
vt 0.895904 0.163211
vt 0.729510 0.054983
vt 0.480859 0.204123
vt 0.941824 0.333084
vt 0.595682 0.204124
vt 0.948365 0.733420
vt 0.879002 0.362548
vt 0.774189 0.910992
vt 0.202444 0.993810
vt 0.215378 0.512749
vt 0.247220 0.018239
vt 0.025045 0.534903
vt 0.670270 0.016269
vt 0.621289 0.016268
vt 0.031049 0.275075
vt 0.031128 0.354952
vt 0.030934 0.204124
vt 0.803234 0.427265
vt 0.737870 0.373475
vt 0.916038 0.016269
vt 0.914714 0.939860
vt 0.794904 0.677014
s 1
usemtl skin.003
f 27/1/1 30/2/2 1/3/3
f 1/3/3 40/4/4 16/5/5
f 16/5/5 15/6/6 1/3/3
f 15/6/6 27/1/1 1/3/3
f 23/7/7 14/8/8 2/9/9
f 2/9/9 38/10/10 25/11/11
f 77/12/12 353/13/13 65/14/14
f 65/14/14 378/15/15 75/16/16
f 3/17/17 38/10/10 19/18/18
f 19/18/18 18/19/19 3/17/17
f 66/20/20 373/21/21 354/22/22
f 66/20/20 380/23/23 77/12/12
f 20/24/24 21/25/25 4/26/26
f 21/25/25 26/27/27 4/26/26
f 67/28/28 381/29/29 356/30/30
f 356/30/30 74/31/31 67/28/28
f 5/32/32 39/33/33 15/6/6
f 15/6/6 24/34/34 5/32/32
f 68/35/35 379/36/36 357/37/37
f 357/37/37 78/38/38 68/35/35
f 6/39/39 37/40/40 29/41/41
f 29/41/41 27/1/1 6/39/39
f 6/39/39 39/33/33 21/25/25
f 6/39/39 34/42/42 13/43/43
f 7/44/44 33/45/45 19/18/18
f 19/18/18 28/46/46 7/44/44
f 7/44/44 41/47/47 29/41/41
f 29/41/41 17/48/48 7/44/44
f 28/46/46 14/8/8 8/49/49
f 8/49/49 35/50/50 22/51/51
f 22/51/51 30/2/2 8/49/49
f 8/49/49 41/47/47 28/46/46
f 16/5/5 31/52/52 9/53/53
f 69/54/54 383/55/55 362/56/56
f 362/57/56 76/58/57 69/59/54
f 9/60/53 36/61/58 16/5/5
f 10/62/59 35/50/50 23/7/7
f 75/16/16 363/63/60 70/64/61
f 70/64/61 383/55/55 79/65/62
f 31/52/52 22/51/51 10/62/59
f 32/66/63 44/67/64 43/68/65
f 11/69/66 33/45/45 17/48/48
f 17/48/48 32/66/63 11/69/66
f 366/70/67 73/71/68 71/72/69
f 32/66/63 13/43/43 12/73/70
f 12/73/70 34/42/42 20/24/24
f 74/31/31 367/74/71 72/75/72
f 11/69/66 80/76/73 71/72/69
f 42/77/74 46/78/75 45/79/76
f 81/80/77 389/81/78 83/82/79
f 32/66/63 42/77/74 11/69/66
f 72/75/72 384/83/80 81/80/77
f 46/84/75 48/85/81 45/86/76
f 83/87/79 394/88/82 85/89/83
f 43/68/65 47/90/84 46/78/75
f 80/76/73 45/79/76 82/91/85
f 46/84/75 50/92/86 49/93/87
f 45/86/76 84/94/88 82/95/85
f 169/96/89 133/97/90 134/98/91
f 61/99/92 86/100/93 93/101/94
f 417/102/95 87/103/96 92/104/97
f 168/105/98 135/106/99 136/107/100
f 741/108/101 404/109/102 89/110/103
f 736/111/104 54/112/105 739/113/106
f 738/114/107 55/115/108 736/116/104
f 739/113/106 88/117/109 740/118/110
f 748/119/111 90/120/112 753/121/113
f 747/122/114 58/123/115 750/124/116
f 750/125/116 59/126/117 748/119/111
f 749/127/118 91/128/119 752/129/120
f 163/130/121 132/131/122 131/132/123
f 394/88/82 92/104/97 85/89/83
f 48/85/81 93/101/94 84/94/88
f 166/133/124 133/97/90 165/134/125
f 119/135/126 95/136/127 113/137/128
f 55/138/108 56/139/129 111/140/130
f 55/141/108 121/142/131 54/143/105
f 395/144/132 93/101/94 416/145/133
f 85/89/83 60/146/134 50/92/86
f 752/129/120 57/147/135 747/122/114
f 753/121/113 413/148/136 751/149/137
f 737/150/138 88/117/109 405/151/139
f 738/114/107 89/110/103 56/152/129
f 92/104/97 53/153/140 60/146/134
f 93/101/94 400/154/141 416/145/133
f 82/95/85 395/144/132 390/155/142
f 385/156/143 82/91/85 390/157/142
f 47/158/84 85/89/83 50/92/86
f 12/73/70 81/80/77 44/67/64
f 44/67/64 83/82/79 47/90/84
f 366/70/67 80/76/73 385/156/143
f 20/24/24 72/75/72 12/73/70
f 71/72/69 18/19/19 11/69/66
f 10/62/59 79/65/62 31/52/52
f 23/7/7 70/64/61 10/62/59
f 69/59/54 24/34/34 9/60/53
f 9/53/53 79/65/62 69/54/54
f 68/35/35 26/27/27 5/32/32
f 5/32/32 76/58/57 68/35/35
f 67/28/28 20/24/24 4/26/26
f 4/26/26 78/38/38 67/28/28
f 66/20/20 25/11/11 3/17/17
f 3/17/17 73/71/68 66/20/20
f 2/9/9 75/16/16 23/7/7
f 2/9/9 77/12/12 65/14/14
f 62/159/144 56/139/129 89/160/103
f 64/161/145 88/162/109 54/143/105
f 404/163/102 62/159/144 89/160/103
f 482/164/146 63/165/147 120/166/148
f 88/162/109 452/167/149 405/168/139
f 63/169/147 471/170/150 110/171/151
f 791/172/152 124/173/153 797/174/154
f 108/175/155 122/176/156 129/177/157
f 128/178/158 97/179/159 123/180/160
f 109/181/161 112/182/162 118/183/163
f 125/184/164 105/185/165 127/186/166
f 796/187/167 101/188/168 125/184/164
f 114/189/169 795/190/170 100/191/171
f 794/192/172 99/193/173 115/194/174
f 126/195/175 327/196/176 103/197/177
f 100/191/171 116/198/178 114/189/169
f 115/194/174 103/197/177 117/199/179
f 98/200/180 126/195/175 124/173/153
f 64/161/145 118/183/163 110/171/151
f 121/142/131 107/201/181 128/178/158
f 63/165/147 129/177/157 120/166/148
f 62/159/144 119/135/126 111/140/130
f 111/140/130 107/202/181 55/138/108
f 110/171/151 108/203/155 63/169/147
f 101/204/168 117/199/179 105/205/165
f 114/189/169 102/206/182 98/207/180
f 126/195/175 220/208/183 216/209/184
f 793/210/185 115/194/174 101/204/168
f 795/190/170 98/207/180 791/211/152
f 118/183/163 94/212/186 108/203/155
f 110/171/151 452/167/149 64/161/145
f 107/202/181 113/137/128 97/213/159
f 116/198/178 221/214/187 218/215/188
f 120/166/148 106/216/189 62/159/144
f 121/142/131 109/181/161 64/161/145
f 124/173/153 103/197/177 99/193/173
f 105/205/165 217/217/190 219/218/191
f 796/187/167 125/184/164 100/191/171
f 100/191/171 127/186/166 104/219/192
f 128/178/158 96/220/193 109/181/161
f 129/177/157 95/136/127 106/216/189
f 797/174/154 99/193/173 792/221/194
f 451/222/195 120/166/148 62/159/144
f 62/159/144 111/140/130 56/139/129
f 64/161/145 54/143/105 121/142/131
f 780/223/196 144/224/197 781/225/198
f 779/226/199 145/227/200 141/228/201
f 777/229/202 147/230/203 776/231/204
f 778/232/205 139/233/206 777/229/202
f 170/234/207 138/235/208 166/133/124
f 164/236/209 136/107/100 132/131/122
f 163/130/121 130/237/210 170/234/207
f 169/238/89 135/106/99 167/239/211
f 761/240/212 137/241/213 765/242/214
f 764/243/215 150/244/216 151/245/217
f 762/246/218 152/247/219 153/248/220
f 760/249/221 150/244/216 763/250/222
f 778/232/205 141/228/201 140/251/223
f 776/231/204 142/252/224 782/253/225
f 775/254/226 144/224/197 145/227/200
f 780/255/196 142/252/224 143/256/227
f 153/257/220 173/258/228 149/259/229
f 155/260/230 171/261/231 179/262/232
f 137/263/213 172/264/233 171/261/231
f 150/265/216 175/266/234 151/267/217
f 765/242/214 155/268/230 760/249/221
f 766/269/235 153/248/220 149/270/229
f 764/271/215 152/247/219 759/272/236
f 761/240/212 149/270/229 148/273/237
f 724/274/238 160/275/239 727/276/240
f 725/277/241 159/278/242 156/279/243
f 162/280/244 724/274/238 146/281/245
f 723/282/246 158/283/247 726/284/248
f 726/284/248 157/285/249 721/286/250
f 725/277/241 156/279/243 146/281/245
f 722/287/251 157/285/249 159/288/242
f 727/276/240 161/289/252 723/282/246
f 52/290/253 167/239/211 53/153/140
f 49/93/87 170/234/207 48/85/81
f 60/146/134 164/236/209 50/92/86
f 61/99/92 170/234/207 166/133/124
f 51/291/254 166/133/124 165/134/125
f 49/93/87 164/236/209 163/130/121
f 60/146/134 167/239/211 168/105/98
f 52/292/253 165/134/125 169/96/89
f 172/264/233 181/293/255 180/294/256
f 175/266/234 184/295/257 176/296/258
f 173/258/228 185/297/259 181/293/255
f 171/261/231 187/298/260 179/262/232
f 152/299/219 175/266/234 176/296/258
f 149/259/229 172/264/233 148/300/237
f 155/260/230 174/301/261 150/302/216
f 153/257/220 176/303/258 177/304/262
f 702/305/263 195/306/264 703/307/265
f 699/308/266 178/309/267 702/305/263
f 700/310/268 190/311/269 191/312/270
f 701/313/271 192/314/272 193/315/273
f 179/262/232 182/316/274 174/301/261
f 185/297/259 206/317/275 184/318/257
f 175/266/234 182/319/274 183/320/276
f 172/264/233 154/321/277 171/261/231
f 193/315/273 191/322/270 194/323/278
f 194/323/278 190/324/269 195/306/264
f 178/309/267 194/323/278 195/306/264
f 189/325/279 194/323/278 188/326/280
f 704/327/281 193/315/273 189/325/279
f 700/310/268 192/328/272 698/329/282
f 699/308/266 189/325/279 188/326/280
f 697/330/283 195/306/264 190/324/269
f 708/331/284 196/332/285 710/333/286
f 712/334/287 202/335/288 199/336/289
f 705/337/290 198/338/291 711/339/292
f 709/340/293 197/341/294 202/335/288
f 706/342/295 198/343/291 197/341/294
f 705/337/290 196/344/285 186/345/296
f 712/334/287 200/346/297 707/347/298
f 707/347/298 201/348/299 708/331/284
f 203/349/300 208/350/301 207/351/302
f 176/296/258 206/352/275 204/353/303
f 177/304/262 205/354/304 185/297/259
f 177/304/262 204/355/303 203/349/300
f 208/356/301 214/357/305 212/358/306
f 206/352/275 208/356/301 204/353/303
f 205/354/304 207/351/302 209/359/307
f 205/354/304 210/360/308 206/317/275
f 212/361/306 213/362/309 211/363/310
f 207/351/302 213/362/309 209/359/307
f 209/359/307 214/364/305 210/360/308
f 207/351/302 212/361/306 211/363/310
f 104/219/192 215/365/311 221/214/187
f 127/186/166 219/366/191 215/365/311
f 102/206/182 218/215/188 220/367/183
f 117/199/179 327/196/176 217/217/190
f 241/368/312 225/369/313 240/370/314
f 224/371/315 241/368/312 242/372/316
f 226/373/317 247/374/312 248/375/318
f 230/376/312 246/377/319 247/374/312
f 233/378/312 238/379/320 239/380/312
f 237/381/321 233/378/312 239/380/312
f 235/382/322 308/383/312 309/384/323
f 236/385/312 307/386/324 308/383/312
f 222/387/325 239/380/312 227/388/326
f 239/380/312 223/389/327 227/388/326
f 242/372/316 236/385/312 235/382/322
f 236/385/312 240/370/314 234/390/328
f 245/391/312 228/392/329 230/376/312
f 243/393/330 230/376/312 226/373/317
f 247/374/312 232/394/331 233/378/312
f 248/375/318 233/378/312 231/395/332
f 223/396/327 254/397/333 227/398/326
f 252/399/334 240/400/314 225/401/313
f 265/402/335 309/403/323 243/404/330
f 255/405/336 246/406/319 228/407/329
f 267/408/337 232/409/331 246/406/319
f 234/410/328 310/411/338 307/412/324
f 237/413/321 257/414/339 231/415/332
f 263/416/340 234/410/328 240/400/314
f 311/417/341 235/418/322 309/403/323
f 260/419/342 242/420/316 235/418/322
f 253/421/343 284/422/344 265/402/335
f 268/423/345 273/424/346 253/421/343
f 280/425/347 257/414/339 261/426/348
f 281/427/349 250/428/350 262/429/351
f 274/430/352 267/408/337 255/405/336
f 282/431/353 259/432/354 263/416/340
f 275/433/355 252/399/334 256/434/356
f 269/435/357 261/426/348 249/436/358
f 264/437/359 271/438/360 251/439/361
f 276/440/362 268/423/345 257/414/339
f 311/417/341 279/441/363 260/419/342
f 258/442/364 281/427/349 262/429/351
f 272/443/365 263/416/340 252/399/334
f 285/444/366 255/405/336 266/445/367
f 312/446/368 266/445/367 310/411/338
f 251/439/361 275/447/355 256/448/356
f 267/408/337 277/449/369 258/442/364
f 260/419/342 283/450/370 264/437/359
f 313/451/371 298/452/372 279/441/363
f 277/449/369 300/453/373 281/427/349
f 272/443/365 301/454/374 282/431/353
f 304/455/375 274/430/352 285/444/366
f 314/456/376 285/444/366 312/446/368
f 271/438/360 294/457/377 275/447/355
f 305/458/378 277/449/369 286/459/379
f 279/441/363 302/460/380 283/450/370
f 292/461/381 284/422/344 273/424/346
f 306/462/382 273/424/346 287/463/383
f 299/464/384 276/440/362 280/425/347
f 281/427/349 289/465/385 270/466/386
f 293/467/387 286/459/379 274/430/352
f 282/431/353 297/468/388 278/469/389
f 275/433/355 291/470/390 272/443/365
f 288/471/391 280/425/347 269/435/357
f 283/450/370 290/472/392 271/438/360
f 295/473/393 287/463/383 276/440/362
f 302/460/380 319/474/394 290/472/392
f 291/470/390 316/475/395 301/454/374
f 298/452/372 322/476/396 302/460/380
f 294/477/377 317/478/397 291/470/390
f 303/479/398 324/480/399 315/481/400
f 297/468/388 316/475/395 321/482/401
f 290/472/392 318/483/402 294/457/377
f 314/456/376 321/482/401 320/484/403
f 303/479/398 326/485/404 325/486/405
f 270/466/386 288/471/391 269/435/357
f 300/453/373 295/473/393 299/464/384
f 306/462/382 296/487/406 305/458/378
f 305/458/378 292/461/381 306/462/382
f 292/461/381 304/455/375 303/479/398
f 314/456/376 326/485/404 304/455/375
f 315/481/400 323/488/407 298/452/372
f 297/468/388 312/446/368 278/469/389
f 284/422/344 315/481/400 313/451/371
f 278/469/389 310/411/338 259/432/354
f 265/402/335 313/451/371 311/417/341
f 227/398/326 249/436/358 222/489/325
f 308/383/312 244/490/408 245/391/312
f 309/384/323 245/391/312 243/393/330
f 221/491/187 316/475/395 317/478/397
f 318/483/402 319/474/394 221/492/187
f 221/491/187 317/478/397 318/493/402
f 219/494/191 320/484/403 321/482/401
f 220/495/183 322/476/396 323/488/407
f 215/496/311 321/482/401 316/475/395
f 218/497/188 319/474/394 322/476/396
f 327/498/176 324/480/399 325/486/405
f 325/486/405 326/485/404 327/498/176
f 217/499/190 326/485/404 320/484/403
f 216/500/184 323/488/407 324/480/399
f 222/489/325 261/426/348 237/413/321
f 264/437/359 224/501/315 242/420/316
f 248/502/318 253/421/343 226/503/317
f 224/501/315 256/448/356 229/504/409
f 231/415/332 268/423/345 248/502/318
f 307/412/324 266/445/367 244/505/408
f 258/442/364 238/506/320 232/409/331
f 244/505/408 255/405/336 228/407/329
f 253/421/343 243/404/330 226/503/317
f 229/507/409 252/399/334 225/401/313
f 262/429/351 223/396/327 238/506/320
f 299/464/384 289/465/385 300/453/373
f 250/428/350 270/466/386 254/397/333
f 254/397/333 269/435/357 249/436/358
f 269/435/357 254/397/333 270/466/386
f 361/508/410 358/509/411 328/510/412
f 328/510/412 377/511/413 361/508/410
f 342/512/414 343/513/415 328/510/412
f 358/509/411 342/512/414 328/510/412
f 341/514/416 350/515/417 329/516/418
f 329/516/418 374/517/419 341/514/416
f 353/518/13 434/519/420 422/520/421
f 422/520/421 378/521/15 353/518/13
f 330/522/422 374/517/419 352/523/423
f 345/524/424 346/525/425 330/522/422
f 423/526/426 373/527/21 430/528/427
f 423/526/426 380/529/23 354/530/22
f 348/531/428 347/532/429 331/533/430
f 355/534/431 348/531/428 331/533/430
f 424/535/432 381/29/29 435/536/433
f 431/537/434 356/30/30 424/535/432
f 332/538/435 376/539/436 355/534/431
f 351/540/437 342/512/414 332/538/435
f 425/541/438 379/36/36 433/542/439
f 435/536/433 357/37/37 425/541/438
f 333/543/440 372/544/441 340/545/442
f 358/509/411 360/546/443 333/543/440
f 333/543/440 376/539/436 358/509/411
f 333/543/440 369/547/444 348/531/428
f 334/548/445 368/549/446 344/550/447
f 359/551/448 346/525/425 334/548/445
f 334/548/445 382/552/449 359/551/448
f 344/550/447 360/546/443 334/548/445
f 341/514/416 359/551/448 335/553/450
f 335/553/450 370/554/451 341/514/416
f 361/508/410 349/555/452 335/553/450
f 335/553/450 382/552/449 361/508/410
f 364/556/453 343/513/415 336/557/454
f 426/558/455 383/559/55 436/560/456
f 433/542/439 362/57/56 426/561/455
f 336/562/454 371/563/457 351/540/437
f 337/564/458 370/554/451 349/555/452
f 363/565/60 432/566/459 427/567/460
f 427/567/460 383/559/55 363/565/60
f 349/555/452 364/556/453 337/564/458
f 365/568/461 388/569/462 339/570/463
f 338/571/464 368/549/446 345/524/424
f 365/568/461 344/550/447 338/571/464
f 430/528/427 366/572/67 428/573/465
f 340/545/442 365/568/461 339/570/463
f 339/570/463 369/547/444 340/545/442
f 367/74/71 431/537/434 429/574/466
f 437/575/467 338/571/464 428/573/465
f 386/576/468 392/577/469 387/578/470
f 438/579/471 389/81/78 384/83/80
f 386/576/468 365/568/461 338/571/464
f 429/574/466 384/83/80 367/74/71
f 396/580/472 392/581/469 391/582/473
f 440/583/474 394/88/82 389/584/78
f 387/578/470 393/585/475 388/569/462
f 437/575/467 391/586/473 386/576/468
f 392/581/469 398/587/476 393/588/475
f 441/589/477 391/582/473 439/590/478
f 530/591/479 494/592/480 526/593/481
f 443/594/482 415/595/483 450/596/484
f 444/597/485 417/102/95 449/598/486
f 529/599/487 496/600/488 528/601/489
f 746/602/490 404/109/102 735/603/491
f 406/604/492 742/605/493 744/606/494
f 407/607/495 743/608/496 742/609/493
f 445/610/497 744/606/494 745/611/498
f 447/612/499 755/613/500 758/614/501
f 411/615/502 754/616/503 756/617/504
f 412/618/505 756/619/504 755/613/500
f 448/620/506 749/127/118 757/621/507
f 524/622/508 493/623/509 525/624/510
f 449/598/486 394/88/82 442/625/511
f 450/596/484 396/580/472 441/589/477
f 494/592/480 527/626/512 526/593/481
f 479/627/513 454/628/514 465/629/515
f 407/630/495 470/631/516 408/632/517
f 407/633/495 406/634/492 481/635/518
f 395/144/132 450/596/484 441/589/477
f 414/636/519 442/625/511 398/587/476
f 410/637/520 757/621/507 754/616/503
f 413/148/136 758/614/501 751/149/137
f 737/150/138 445/610/497 745/611/498
f 743/608/496 446/638/521 746/602/490
f 403/639/522 449/598/486 414/636/519
f 400/154/141 450/596/484 416/145/133
f 395/144/132 439/590/478 390/155/142
f 385/640/143 439/641/478 437/575/467
f 393/588/475 442/625/511 440/583/474
f 339/570/463 438/579/471 429/574/466
f 388/569/462 440/642/474 438/579/471
f 366/572/67 437/575/467 428/573/465
f 429/574/466 347/532/429 339/570/463
f 345/524/424 428/573/465 338/571/464
f 337/564/458 436/560/456 427/567/460
f 427/567/460 350/515/417 337/564/458
f 351/540/437 426/561/455 336/562/454
f 336/557/454 436/560/456 364/556/453
f 355/534/431 425/541/438 332/538/435
f 332/538/435 433/542/439 351/540/437
f 347/532/429 424/535/432 331/533/430
f 331/533/430 435/536/433 355/534/431
f 352/523/423 423/526/426 330/522/422
f 330/522/422 430/528/427 345/524/424
f 329/516/418 432/566/459 422/520/421
f 329/516/418 434/519/420 352/523/423
f 418/643/523 446/644/521 408/632/517
f 420/645/524 406/634/492 445/646/497
f 404/163/102 418/643/523 451/222/195
f 482/164/146 419/647/525 421/648/526
f 452/167/149 445/646/497 405/168/139
f 471/170/150 419/649/525 469/650/527
f 485/651/528 798/652/529 804/653/530
f 483/654/531 467/655/532 490/656/533
f 489/657/534 456/658/535 466/659/536
f 472/660/537 468/661/538 478/662/539
f 486/663/540 464/664/541 460/665/542
f 803/666/543 460/665/542 800/667/544
f 802/668/545 474/669/546 459/670/547
f 801/671/548 458/672/549 799/673/550
f 688/674/551 487/675/552 462/676/553
f 476/677/554 459/670/547 474/669/546
f 475/678/555 462/676/553 458/672/549
f 487/675/552 457/679/556 485/651/528
f 478/662/539 420/645/524 469/650/527
f 481/635/518 466/659/536 407/633/495
f 490/656/533 419/647/525 480/680/557
f 479/627/513 418/643/523 470/631/516
f 466/681/536 470/631/516 407/630/495
f 467/682/532 469/650/527 419/649/525
f 460/683/542 477/684/558 475/678/555
f 461/685/559 474/669/546 457/686/556
f 487/675/552 581/687/560 461/688/559
f 800/689/544 475/678/555 801/671/548
f 457/686/556 802/668/545 798/690/529
f 453/691/561 478/662/539 467/682/532
f 452/167/149 469/650/527 420/645/524
f 466/681/536 473/692/562 479/627/513
f 476/677/554 582/693/563 463/694/564
f 465/629/515 480/680/557 418/643/523
f 468/661/538 481/635/518 420/645/524
f 462/676/553 485/651/528 458/672/549
f 464/695/541 578/696/565 477/684/558
f 459/670/547 486/663/540 803/666/543
f 459/670/547 488/697/566 486/663/540
f 455/698/567 489/657/534 468/661/538
f 454/628/514 490/656/533 465/629/515
f 458/672/549 804/653/530 799/673/550
f 451/222/195 480/680/557 482/164/146
f 418/643/523 408/632/517 470/631/516
f 420/645/524 481/635/518 406/634/492
f 505/699/568 788/700/569 789/701/570
f 787/702/571 506/703/572 783/704/573
f 508/705/574 785/706/575 784/707/576
f 500/708/577 786/709/578 785/706/575
f 499/710/579 531/711/580 527/626/512
f 525/624/510 497/712/581 529/599/487
f 491/713/582 524/622/508 531/711/580
f 496/600/488 530/714/479 528/601/489
f 498/715/583 769/716/584 773/717/585
f 772/718/586 511/719/587 771/720/588
f 770/721/589 513/722/590 767/723/591
f 511/719/587 768/724/592 771/720/588
f 786/709/578 502/725/593 787/702/571
f 503/726/594 784/707/576 790/727/595
f 783/704/573 505/699/568 789/701/570
f 788/728/569 503/726/594 790/727/595
f 534/729/596 514/730/597 510/731/598
f 516/732/599 532/733/600 498/734/583
f 498/734/583 533/735/601 509/736/602
f 536/737/603 511/738/587 512/739/604
f 516/740/599 773/717/585 768/724/592
f 774/741/605 514/742/597 770/721/589
f 513/722/590 772/743/586 767/723/591
f 769/716/584 510/744/598 774/741/605
f 521/745/606 731/746/607 734/747/608
f 732/748/609 520/749/610 729/750/611
f 731/746/607 523/751/612 507/752/613
f 519/753/614 730/754/615 733/755/616
f 518/756/617 733/755/616 728/757/618
f 507/752/613 517/758/619 732/748/609
f 729/759/611 518/756/617 728/757/618
f 522/760/620 734/747/608 730/754/615
f 528/601/489 402/761/621 403/639/522
f 531/711/580 397/762/622 396/580/472
f 525/624/510 414/636/519 398/587/476
f 415/595/483 531/711/580 396/580/472
f 401/763/623 527/626/512 415/595/483
f 397/762/622 525/624/510 398/587/476
f 414/636/519 528/601/489 403/639/522
f 402/764/621 526/593/481 401/763/623
f 533/735/601 542/765/624 534/729/596
f 545/766/625 536/737/603 537/767/626
f 534/729/596 546/768/627 538/769/628
f 548/770/629 532/733/600 540/771/630
f 513/772/590 536/737/603 512/739/604
f 533/735/601 510/731/598 509/736/602
f 535/773/631 516/732/599 511/774/587
f 514/730/597 537/775/626 513/776/590
f 556/777/632 694/778/633 695/779/634
f 539/780/635 691/781/636 694/778/633
f 692/782/637 551/783/638 689/784/639
f 693/785/640 553/786/641 690/787/642
f 543/788/643 540/771/630 535/773/631
f 567/789/644 546/768/627 545/790/625
f 536/737/603 543/791/643 535/792/631
f 515/793/645 533/735/601 532/733/600
f 552/794/646 554/795/647 555/796/648
f 551/797/638 555/796/648 556/777/632
f 539/780/635 555/796/648 549/798/649
f 555/796/648 550/799/650 549/798/649
f 696/800/651 554/795/647 693/785/640
f 553/801/641 692/782/637 690/802/642
f 691/781/636 550/799/650 696/800/651
f 689/803/639 556/777/632 695/779/634
f 557/804/652 716/805/653 718/806/654
f 720/807/655 563/808/656 717/809/657
f 559/810/658 713/811/659 719/812/660
f 717/809/657 558/813/661 714/814/662
f 714/814/662 559/815/658 719/816/660
f 713/811/659 557/817/652 718/818/654
f 561/819/663 720/807/655 715/820/664
f 562/821/665 715/820/664 716/805/653
f 564/822/666 569/823/667 565/824/668
f 537/767/626 567/825/644 545/766/625
f 566/826/669 538/769/628 546/768/627
f 538/769/628 565/824/668 537/775/626
f 569/827/667 575/828/670 571/829/671
f 569/827/667 567/825/644 565/830/668
f 566/826/669 568/831/672 564/822/666
f 571/832/671 566/826/669 567/789/644
f 574/833/673 573/834/674 572/835/675
f 574/833/673 568/831/672 570/836/676
f 575/837/670 570/836/676 571/832/671
f 568/831/672 573/834/674 569/823/667
f 463/694/564 576/838/677 488/697/566
f 488/697/566 580/839/678 464/664/541
f 461/685/559 579/840/679 476/677/554
f 477/684/558 688/674/551 462/676/553
f 602/841/312 586/842/680 590/843/681
f 602/841/312 585/844/682 603/845/683
f 608/846/312 587/847/684 609/848/685
f 607/849/686 591/850/312 608/846/312
f 599/851/687 594/852/312 600/853/312
f 598/854/688 594/852/312 592/855/689
f 669/856/312 596/857/690 670/858/691
f 668/859/692 597/860/312 669/856/312
f 583/861/693 600/853/312 598/854/688
f 584/862/694 600/853/312 588/863/695
f 597/860/312 603/845/683 596/857/690
f 597/860/312 601/864/696 602/841/312
f 589/865/697 606/866/312 591/850/312
f 591/850/312 604/867/698 587/847/684
f 593/868/699 608/846/312 594/852/312
f 594/852/312 609/848/685 592/855/689
f 584/869/694 615/870/700 611/871/701
f 601/872/696 613/873/702 586/874/680
f 670/875/691 626/876/703 604/877/698
f 607/878/686 616/879/704 589/880/697
f 593/881/699 628/882/705 607/878/686
f 595/883/706 671/884/707 620/885/708
f 598/886/688 618/887/709 622/888/710
f 595/883/706 624/889/711 601/872/696
f 596/890/690 672/891/712 670/875/691
f 603/892/683 621/893/713 596/890/690
f 614/894/714 645/895/715 634/896/716
f 629/897/717 634/896/716 648/898/718
f 618/887/709 641/899/719 622/888/710
f 611/871/701 642/900/720 623/901/721
f 628/882/705 635/902/722 616/879/704
f 620/885/708 643/903/723 624/889/711
f 613/873/702 636/904/724 617/905/725
f 622/888/710 630/906/726 610/907/727
f 625/908/728 632/909/729 644/910/730
f 629/897/717 637/911/731 618/887/709
f 672/891/712 640/912/732 674/913/733
f 619/914/734 642/900/720 638/915/735
f 624/889/711 633/916/736 613/873/702
f 616/879/704 646/917/737 627/918/738
f 627/918/738 673/919/739 671/884/707
f 612/920/740 636/921/724 632/909/729
f 628/882/705 638/915/735 647/922/741
f 621/893/713 644/910/730 640/912/732
f 674/913/733 659/923/742 676/924/743
f 638/915/735 661/925/744 657/926/745
f 633/916/736 662/927/746 652/928/747
f 635/902/722 665/929/748 646/917/737
f 646/917/737 675/930/749 673/919/739
f 632/909/729 655/931/750 651/932/751
f 638/915/735 666/933/752 647/922/741
f 640/912/732 663/934/753 659/923/742
f 645/895/715 653/935/754 634/896/716
f 634/896/716 667/936/755 648/898/718
f 637/911/731 660/937/756 641/899/719
f 642/900/720 650/938/757 661/925/744
f 647/922/741 654/939/758 635/902/722
f 643/903/723 658/940/759 662/927/746
f 636/904/724 652/928/747 655/941/750
f 641/899/719 649/942/760 630/906/726
f 644/910/730 651/932/751 663/934/753
f 648/898/718 656/943/761 637/911/731
f 680/944/762 663/934/753 651/932/751
f 677/945/763 652/928/747 662/927/746
f 683/946/764 659/923/742 663/934/753
f 678/947/765 655/941/750 652/928/747
f 685/948/766 664/949/767 676/924/743
f 658/940/759 677/945/763 662/927/746
f 679/950/768 651/932/751 655/931/750
f 675/930/749 682/951/769 658/940/759
f 664/949/767 687/952/770 665/929/748
f 649/942/760 631/953/771 630/906/726
f 661/925/744 656/943/761 657/926/745
f 667/936/755 657/926/745 656/943/761
f 666/933/752 653/935/754 654/939/758
f 665/929/748 653/935/754 664/949/767
f 687/952/770 675/930/749 665/929/748
f 684/954/772 676/924/743 659/923/742
f 673/919/739 658/940/759 639/955/773
f 645/895/715 676/924/743 664/949/767
f 671/884/707 639/955/773 620/885/708
f 626/876/703 674/913/733 645/895/715
f 588/956/695 610/907/727 615/870/700
f 605/957/774 669/856/312 606/866/312
f 606/866/312 670/858/691 604/867/698
f 582/958/563 677/945/763 576/959/677
f 679/950/768 582/960/563 680/944/762
f 582/958/563 679/961/768 678/947/765
f 580/962/678 681/963/775 578/964/565
f 581/965/560 683/946/764 579/966/679
f 576/959/677 682/951/769 580/962/678
f 579/966/679 680/944/762 582/960/563
f 688/967/551 685/948/766 577/968/776
f 686/969/777 688/967/551 687/952/770
f 578/964/565 687/952/770 688/967/551
f 577/968/776 684/954/772 581/965/560
f 583/970/693 622/888/710 610/907/727
f 585/971/682 625/908/728 603/892/683
f 609/972/685 614/894/714 629/897/717
f 585/971/682 617/973/725 612/920/740
f 592/974/689 629/897/717 618/887/709
f 668/975/692 627/918/738 671/884/707
f 599/976/687 619/914/734 593/881/699
f 605/977/774 616/879/704 627/918/738
f 604/877/698 614/894/714 587/978/684
f 590/979/681 613/873/702 617/905/725
f 584/869/694 623/901/721 599/976/687
f 660/937/756 650/938/757 649/942/760
f 611/871/701 615/870/700 631/953/771
f 615/870/700 610/907/727 630/906/726
f 630/906/726 631/953/771 615/870/700
f 557/804/652 695/779/634 562/821/665
f 560/980/778 696/800/651 563/808/656
f 690/802/642 547/981/779 559/810/658
f 696/800/651 558/813/661 563/808/656
f 558/813/661 690/787/642 559/815/658
f 547/981/779 689/784/639 557/817/652
f 694/778/633 560/980/778 561/819/663
f 695/779/634 561/819/663 562/821/665
f 196/332/285 703/307/265 697/330/283
f 199/336/289 704/327/281 699/308/266
f 186/345/296 698/329/282 198/338/291
f 197/341/294 704/327/281 202/335/288
f 197/341/294 698/982/282 701/313/271
f 186/345/296 697/983/283 700/310/268
f 199/336/289 702/305/263 200/346/297
f 200/346/297 703/307/265 201/348/299
f 154/321/277 708/331/284 187/298/260
f 180/294/256 707/347/298 154/321/277
f 183/320/276 710/984/286 705/337/290
f 185/297/259 711/985/292 706/342/295
f 181/293/255 706/342/295 709/340/293
f 183/320/276 711/339/292 184/295/257
f 180/294/256 709/340/293 712/334/287
f 187/298/260 710/333/286 182/316/274
f 716/805/653 515/793/645 548/770/629
f 715/820/664 541/986/780 515/793/645
f 544/987/781 718/818/654 543/791/643
f 546/768/627 719/816/660 545/790/625
f 542/765/624 714/814/662 546/768/627
f 719/812/660 544/987/781 545/766/625
f 541/986/780 717/809/657 542/765/624
f 718/806/654 548/770/629 543/788/643
f 140/251/223 723/282/246 139/233/206
f 143/256/227 721/286/250 722/287/251
f 145/227/200 144/224/197 725/277/241
f 147/230/203 721/286/250 142/252/224
f 139/233/206 726/284/248 147/230/203
f 141/228/201 145/227/200 724/274/238
f 144/224/197 722/988/251 725/277/241
f 141/228/201 727/276/240 140/251/223
f 730/754/615 501/989/782 500/708/577
f 504/990/783 728/757/618 503/726/594
f 505/699/568 506/703/572 732/748/609
f 728/757/618 508/705/574 503/726/594
f 733/755/616 500/708/577 508/705/574
f 502/725/593 731/746/607 506/703/572
f 505/699/568 729/750/611 504/991/783
f 734/747/608 502/725/593 501/989/782
f 410/637/520 746/602/490 448/620/506
f 413/148/136 745/611/498 447/612/499
f 745/611/498 412/618/505 447/612/499
f 742/609/493 410/637/520 411/615/502
f 744/606/494 411/992/502 412/618/505
f 746/602/490 409/993/784 448/620/506
f 57/147/135 741/108/101 738/114/107
f 413/148/136 740/118/110 737/150/138
f 59/126/117 740/118/110 90/120/112
f 57/147/135 736/116/104 58/123/115
f 58/994/115 739/113/106 59/126/117
f 409/993/784 741/108/101 91/128/119
f 751/149/137 443/594/482 400/154/141
f 754/616/503 444/597/485 403/639/522
f 757/621/507 399/995/785 444/597/485
f 755/613/500 402/764/621 401/763/623
f 756/617/504 403/639/522 402/761/621
f 758/614/501 401/763/623 443/594/482
f 86/100/93 751/149/137 400/154/141
f 87/103/96 747/122/114 53/153/140
f 399/995/785 752/129/120 87/103/96
f 52/292/253 748/119/111 51/291/254
f 53/153/140 750/124/116 52/290/253
f 51/291/254 753/121/113 86/100/93
f 160/275/239 766/269/235 761/240/212
f 159/278/242 759/272/236 156/279/243
f 162/280/244 762/246/218 766/269/235
f 161/289/252 760/249/221 158/283/247
f 158/283/247 763/250/222 157/285/249
f 146/281/245 759/272/236 762/246/218
f 159/288/242 763/250/222 764/243/215
f 160/275/239 765/242/214 161/289/252
f 521/745/606 774/741/605 523/751/612
f 767/723/591 520/749/610 517/758/619
f 523/751/612 770/721/589 507/752/613
f 768/724/592 522/760/620 519/753/614
f 771/720/588 519/753/614 518/756/617
f 507/752/613 767/723/591 517/758/619
f 520/996/610 771/720/588 518/756/617
f 773/717/585 521/745/606 522/760/620
f 134/98/91 782/253/225 780/255/196
f 136/107/100 781/225/198 775/254/226
f 138/235/208 782/253/225 133/97/90
f 131/132/123 779/226/199 778/232/205
f 131/132/123 777/229/202 130/237/210
f 130/237/210 776/231/204 138/235/208
f 132/131/122 775/254/226 779/226/199
f 134/997/91 781/225/198 135/106/99
f 495/998/786 790/727/595 494/592/480
f 497/712/581 789/701/570 496/600/488
f 790/727/595 499/710/579 494/592/480
f 492/999/787 787/702/571 493/623/509
f 785/706/575 492/999/787 491/713/582
f 784/707/576 491/713/582 499/710/579
f 493/623/509 783/704/573 497/712/581
f 789/701/570 495/1000/786 496/600/488
f 506/703/572 507/752/613 732/748/609
f 145/227/200 146/281/245 724/274/238
f 506/703/572 731/746/607 507/752/613
f 145/227/200 725/277/241 146/281/245
f 122/176/156 792/221/194 95/136/127
f 96/220/193 123/180/160 796/187/167
f 112/182/162 791/211/152 94/212/186
f 97/213/159 794/192/172 793/210/185
f 113/137/128 792/221/194 794/192/172
f 112/182/162 96/220/193 795/190/170
f 123/180/160 793/1001/185 796/187/167
f 94/1002/186 797/174/154 122/176/156
f 799/673/550 483/654/531 454/628/514
f 484/1003/788 455/698/567 803/666/543
f 798/690/529 472/660/537 453/691/561
f 456/1004/535 801/671/548 473/692/562
f 473/692/562 799/673/550 454/628/514
f 472/660/537 802/668/545 455/698/567
f 484/1003/788 800/667/544 456/658/535
f 804/653/530 453/1005/561 483/654/531
f 455/698/567 459/670/547 803/666/543
f 96/220/193 100/191/171 795/190/170
f 455/698/567 802/668/545 459/670/547
f 96/220/193 796/187/167 100/191/171
f 27/1/1 41/47/47 30/2/2
f 1/3/3 30/2/2 40/4/4
f 16/5/5 36/61/58 15/6/6
f 15/6/6 39/33/33 27/1/1
f 23/7/7 35/50/50 14/8/8
f 2/9/9 14/8/8 38/10/10
f 77/12/12 380/23/23 353/13/13
f 65/14/14 353/13/13 378/15/15
f 3/17/17 25/11/11 38/10/10
f 19/18/18 33/45/45 18/19/19
f 66/20/20 73/71/68 373/21/21
f 66/20/20 354/22/22 380/23/23
f 20/24/24 34/42/42 21/25/25
f 21/25/25 39/33/33 26/27/27
f 67/28/28 78/38/38 381/29/29
f 356/30/30 375/1006/789 74/31/31
f 5/32/32 26/27/27 39/33/33
f 15/6/6 36/61/58 24/34/34
f 68/35/35 76/58/57 379/36/36
f 357/37/37 381/29/29 78/38/38
f 6/39/39 13/43/43 37/40/40
f 29/41/41 41/47/47 27/1/1
f 6/39/39 27/1/1 39/33/33
f 6/39/39 21/25/25 34/42/42
f 7/44/44 17/48/48 33/45/45
f 19/18/18 38/10/10 28/46/46
f 7/44/44 28/46/46 41/47/47
f 29/41/41 37/40/40 17/48/48
f 28/46/46 38/10/10 14/8/8
f 8/49/49 14/8/8 35/50/50
f 22/51/51 40/4/4 30/2/2
f 8/49/49 30/2/2 41/47/47
f 16/5/5 40/4/4 31/52/52
f 69/54/54 79/65/62 383/55/55
f 362/57/56 379/36/36 76/58/57
f 9/60/53 24/34/34 36/61/58
f 10/62/59 22/51/51 35/50/50
f 75/16/16 378/15/15 363/63/60
f 70/64/61 363/63/60 383/55/55
f 31/52/52 40/4/4 22/51/51
f 32/66/63 12/73/70 44/67/64
f 11/69/66 18/19/19 33/45/45
f 17/48/48 37/40/40 32/66/63
f 366/70/67 373/21/21 73/71/68
f 32/66/63 37/40/40 13/43/43
f 12/73/70 13/43/43 34/42/42
f 74/31/31 375/1006/789 367/74/71
f 11/69/66 42/77/74 80/76/73
f 42/77/74 43/68/65 46/78/75
f 81/80/77 384/83/80 389/81/78
f 32/66/63 43/68/65 42/77/74
f 72/75/72 367/74/71 384/83/80
f 46/84/75 49/93/87 48/85/81
f 83/87/79 389/584/78 394/88/82
f 43/68/65 44/67/64 47/90/84
f 80/76/73 42/77/74 45/79/76
f 46/84/75 47/158/84 50/92/86
f 45/86/76 48/85/81 84/94/88
f 169/96/89 165/134/125 133/97/90
f 61/99/92 51/291/254 86/100/93
f 417/102/95 399/995/785 87/103/96
f 168/105/98 167/239/211 135/106/99
f 741/108/101 735/603/491 404/109/102
f 736/111/104 55/1007/108 54/112/105
f 738/114/107 56/152/129 55/115/108
f 739/113/106 54/112/105 88/117/109
f 748/119/111 59/126/117 90/120/112
f 747/122/114 57/147/135 58/123/115
f 750/125/116 58/994/115 59/126/117
f 749/127/118 409/993/784 91/128/119
f 163/130/121 164/236/209 132/131/122
f 394/88/82 417/102/95 92/104/97
f 48/85/81 61/99/92 93/101/94
f 166/133/124 138/235/208 133/97/90
f 119/135/126 106/216/189 95/136/127
f 395/144/132 84/94/88 93/101/94
f 85/89/83 92/104/97 60/146/134
f 752/129/120 91/128/119 57/147/135
f 753/121/113 90/120/112 413/148/136
f 737/150/138 740/118/110 88/117/109
f 738/114/107 741/108/101 89/110/103
f 92/104/97 87/103/96 53/153/140
f 93/101/94 86/100/93 400/154/141
f 82/95/85 84/94/88 395/144/132
f 385/156/143 80/76/73 82/91/85
f 47/158/84 83/87/79 85/89/83
f 12/73/70 72/75/72 81/80/77
f 44/67/64 81/80/77 83/82/79
f 366/70/67 71/72/69 80/76/73
f 20/24/24 74/31/31 72/75/72
f 71/72/69 73/71/68 18/19/19
f 10/62/59 70/64/61 79/65/62
f 23/7/7 75/16/16 70/64/61
f 69/59/54 76/58/57 24/34/34
f 9/53/53 31/52/52 79/65/62
f 68/35/35 78/38/38 26/27/27
f 5/32/32 24/34/34 76/58/57
f 67/28/28 74/31/31 20/24/24
f 4/26/26 26/27/27 78/38/38
f 66/20/20 77/12/12 25/11/11
f 3/17/17 18/19/19 73/71/68
f 2/9/9 65/14/14 75/16/16
f 2/9/9 25/11/11 77/12/12
f 404/163/102 451/222/195 62/159/144
f 482/164/146 421/648/526 63/165/147
f 88/162/109 64/161/145 452/167/149
f 63/169/147 421/1008/526 471/170/150
f 791/172/152 98/200/180 124/173/153
f 108/175/155 94/1002/186 122/176/156
f 128/178/158 107/201/181 97/179/159
f 109/181/161 96/220/193 112/182/162
f 125/184/164 101/188/168 105/185/165
f 796/187/167 793/1001/185 101/188/168
f 794/192/172 792/221/194 99/193/173
f 126/195/175 216/209/184 327/196/176
f 100/191/171 104/219/192 116/198/178
f 115/194/174 99/193/173 103/197/177
f 98/200/180 102/1009/182 126/195/175
f 64/161/145 109/181/161 118/183/163
f 121/142/131 55/141/108 107/201/181
f 63/165/147 108/175/155 129/177/157
f 62/159/144 106/216/189 119/135/126
f 111/140/130 119/135/126 107/202/181
f 110/171/151 118/183/163 108/203/155
f 101/204/168 115/194/174 117/199/179
f 114/189/169 116/198/178 102/206/182
f 126/195/175 102/1009/182 220/208/183
f 793/210/185 794/192/172 115/194/174
f 795/190/170 114/189/169 98/207/180
f 118/183/163 112/182/162 94/212/186
f 110/171/151 471/170/150 452/167/149
f 107/202/181 119/135/126 113/137/128
f 116/198/178 104/219/192 221/214/187
f 120/166/148 129/177/157 106/216/189
f 121/142/131 128/178/158 109/181/161
f 124/173/153 126/195/175 103/197/177
f 105/205/165 117/199/179 217/217/190
f 100/191/171 125/184/164 127/186/166
f 128/178/158 123/180/160 96/220/193
f 129/177/157 122/176/156 95/136/127
f 797/174/154 124/173/153 99/193/173
f 451/222/195 482/164/146 120/166/148
f 780/223/196 143/1010/227 144/224/197
f 779/226/199 775/254/226 145/227/200
f 777/229/202 139/233/206 147/230/203
f 778/232/205 140/251/223 139/233/206
f 170/234/207 130/237/210 138/235/208
f 164/236/209 168/105/98 136/107/100
f 163/130/121 131/132/123 130/237/210
f 169/238/89 134/997/91 135/106/99
f 761/240/212 148/273/237 137/241/213
f 764/243/215 763/250/222 150/244/216
f 762/246/218 759/272/236 152/247/219
f 760/249/221 155/268/230 150/244/216
f 778/232/205 779/226/199 141/228/201
f 776/231/204 147/230/203 142/252/224
f 775/254/226 781/225/198 144/224/197
f 780/255/196 782/253/225 142/252/224
f 153/257/220 177/304/262 173/258/228
f 155/260/230 137/263/213 171/261/231
f 137/263/213 148/300/237 172/264/233
f 150/265/216 174/1011/261 175/266/234
f 765/242/214 137/241/213 155/268/230
f 766/269/235 762/246/218 153/248/220
f 764/271/215 151/1012/217 152/247/219
f 761/240/212 766/269/235 149/270/229
f 724/274/238 162/280/244 160/275/239
f 725/277/241 722/988/251 159/278/242
f 723/282/246 161/289/252 158/283/247
f 726/284/248 158/283/247 157/285/249
f 722/287/251 721/286/250 157/285/249
f 727/276/240 160/275/239 161/289/252
f 52/290/253 169/238/89 167/239/211
f 49/93/87 163/130/121 170/234/207
f 60/146/134 168/105/98 164/236/209
f 61/99/92 48/85/81 170/234/207
f 51/291/254 61/99/92 166/133/124
f 49/93/87 50/92/86 164/236/209
f 60/146/134 53/153/140 167/239/211
f 52/292/253 51/291/254 165/134/125
f 172/264/233 173/258/228 181/293/255
f 175/266/234 183/320/276 184/295/257
f 173/258/228 177/304/262 185/297/259
f 171/261/231 154/321/277 187/298/260
f 152/299/219 151/267/217 175/266/234
f 149/259/229 173/258/228 172/264/233
f 155/260/230 179/262/232 174/301/261
f 153/257/220 152/1013/219 176/303/258
f 702/305/263 178/309/267 195/306/264
f 699/308/266 188/326/280 178/309/267
f 700/310/268 697/983/283 190/311/269
f 701/313/271 698/982/282 192/314/272
f 179/262/232 187/298/260 182/316/274
f 185/297/259 205/354/304 206/317/275
f 175/266/234 174/1011/261 182/319/274
f 172/264/233 180/294/256 154/321/277
f 193/315/273 192/314/272 191/322/270
f 194/323/278 191/322/270 190/324/269
f 178/309/267 188/326/280 194/323/278
f 189/325/279 193/315/273 194/323/278
f 704/327/281 701/313/271 193/315/273
f 700/310/268 191/312/270 192/328/272
f 699/308/266 704/327/281 189/325/279
f 697/330/283 703/307/265 195/306/264
f 708/331/284 201/348/299 196/332/285
f 712/334/287 709/340/293 202/335/288
f 705/337/290 186/345/296 198/338/291
f 709/340/293 706/342/295 197/341/294
f 706/342/295 711/985/292 198/343/291
f 705/337/290 710/984/286 196/344/285
f 712/334/287 199/336/289 200/346/297
f 707/347/298 200/346/297 201/348/299
f 203/349/300 204/355/303 208/350/301
f 176/296/258 184/295/257 206/352/275
f 177/304/262 203/349/300 205/354/304
f 177/304/262 176/303/258 204/355/303
f 208/356/301 210/1014/308 214/357/305
f 206/352/275 210/1014/308 208/356/301
f 205/354/304 203/349/300 207/351/302
f 205/354/304 209/359/307 210/360/308
f 212/361/306 214/364/305 213/362/309
f 207/351/302 211/363/310 213/362/309
f 209/359/307 213/362/309 214/364/305
f 207/351/302 208/350/301 212/361/306
f 104/219/192 127/186/166 215/365/311
f 127/186/166 105/185/165 219/366/191
f 102/206/182 116/198/178 218/215/188
f 117/199/179 103/197/177 327/196/176
f 241/368/312 229/1015/409 225/369/313
f 224/371/315 229/1015/409 241/368/312
f 226/373/317 230/376/312 247/374/312
f 230/376/312 228/392/329 246/377/319
f 233/378/312 232/394/331 238/379/320
f 237/381/321 231/395/332 233/378/312
f 235/382/322 236/385/312 308/383/312
f 236/385/312 234/390/328 307/386/324
f 222/387/325 237/381/321 239/380/312
f 239/380/312 238/379/320 223/389/327
f 242/372/316 241/368/312 236/385/312
f 236/385/312 241/368/312 240/370/314
f 245/391/312 244/490/408 228/392/329
f 243/393/330 245/391/312 230/376/312
f 247/374/312 246/377/319 232/394/331
f 248/375/318 247/374/312 233/378/312
f 223/396/327 250/428/350 254/397/333
f 252/399/334 263/416/340 240/400/314
f 265/402/335 311/417/341 309/403/323
f 255/405/336 267/408/337 246/406/319
f 267/408/337 258/442/364 232/409/331
f 234/410/328 259/432/354 310/411/338
f 237/413/321 261/426/348 257/414/339
f 263/416/340 259/432/354 234/410/328
f 311/417/341 260/419/342 235/418/322
f 260/419/342 264/437/359 242/420/316
f 253/421/343 273/424/346 284/422/344
f 268/423/345 287/463/383 273/424/346
f 280/425/347 276/440/362 257/414/339
f 281/427/349 270/466/386 250/428/350
f 274/430/352 286/459/379 267/408/337
f 282/431/353 278/469/389 259/432/354
f 275/433/355 272/443/365 252/399/334
f 269/435/357 280/425/347 261/426/348
f 264/437/359 283/450/370 271/438/360
f 276/440/362 287/463/383 268/423/345
f 311/417/341 313/451/371 279/441/363
f 258/442/364 277/449/369 281/427/349
f 272/443/365 282/431/353 263/416/340
f 285/444/366 274/430/352 255/405/336
f 312/446/368 285/444/366 266/445/367
f 251/439/361 271/438/360 275/447/355
f 267/408/337 286/459/379 277/449/369
f 260/419/342 279/441/363 283/450/370
f 313/451/371 315/481/400 298/452/372
f 277/449/369 296/487/406 300/453/373
f 272/443/365 291/470/390 301/454/374
f 304/455/375 293/467/387 274/430/352
f 314/456/376 304/455/375 285/444/366
f 271/438/360 290/472/392 294/457/377
f 305/458/378 296/487/406 277/449/369
f 279/441/363 298/452/372 302/460/380
f 292/461/381 303/479/398 284/422/344
f 306/462/382 292/461/381 273/424/346
f 299/464/384 295/473/393 276/440/362
f 281/427/349 300/453/373 289/465/385
f 293/467/387 305/458/378 286/459/379
f 282/431/353 301/454/374 297/468/388
f 275/433/355 294/477/377 291/470/390
f 288/471/391 299/464/384 280/425/347
f 283/450/370 302/460/380 290/472/392
f 295/473/393 306/462/382 287/463/383
f 302/460/380 322/476/396 319/474/394
f 291/470/390 317/478/397 316/475/395
f 298/452/372 323/488/407 322/476/396
f 294/477/377 318/493/402 317/478/397
f 303/479/398 325/486/405 324/480/399
f 297/468/388 301/454/374 316/475/395
f 290/472/392 319/474/394 318/483/402
f 314/456/376 297/468/388 321/482/401
f 303/479/398 304/455/375 326/485/404
f 270/466/386 289/465/385 288/471/391
f 300/453/373 296/487/406 295/473/393
f 306/462/382 295/473/393 296/487/406
f 305/458/378 293/467/387 292/461/381
f 292/461/381 293/467/387 304/455/375
f 314/456/376 320/484/403 326/485/404
f 315/481/400 324/480/399 323/488/407
f 297/468/388 314/456/376 312/446/368
f 284/422/344 303/479/398 315/481/400
f 278/469/389 312/446/368 310/411/338
f 265/402/335 284/422/344 313/451/371
f 227/398/326 254/397/333 249/436/358
f 308/383/312 307/386/324 244/490/408
f 309/384/323 308/383/312 245/391/312
f 221/491/187 215/496/311 316/475/395
f 219/494/191 217/499/190 320/484/403
f 220/495/183 218/497/188 322/476/396
f 215/496/311 219/494/191 321/482/401
f 218/497/188 221/492/187 319/474/394
f 327/498/176 216/500/184 324/480/399
f 217/499/190 327/498/176 326/485/404
f 216/500/184 220/495/183 323/488/407
f 222/489/325 249/436/358 261/426/348
f 264/437/359 251/439/361 224/501/315
f 248/502/318 268/423/345 253/421/343
f 224/501/315 251/439/361 256/448/356
f 231/415/332 257/414/339 268/423/345
f 307/412/324 310/411/338 266/445/367
f 258/442/364 262/429/351 238/506/320
f 244/505/408 266/445/367 255/405/336
f 253/421/343 265/402/335 243/404/330
f 229/507/409 256/434/356 252/399/334
f 262/429/351 250/428/350 223/396/327
f 299/464/384 288/471/391 289/465/385
f 361/508/410 382/552/449 358/509/411
f 328/510/412 343/513/415 377/511/413
f 342/512/414 371/563/457 343/513/415
f 358/509/411 376/539/436 342/512/414
f 341/514/416 370/554/451 350/515/417
f 329/516/418 352/523/423 374/517/419
f 353/518/13 380/529/23 434/519/420
f 422/520/421 432/566/459 378/521/15
f 330/522/422 346/525/425 374/517/419
f 345/524/424 368/549/446 346/525/425
f 423/526/426 354/530/22 373/527/21
f 423/526/426 434/519/420 380/529/23
f 348/531/428 369/547/444 347/532/429
f 355/534/431 376/539/436 348/531/428
f 424/535/432 356/30/30 381/29/29
f 431/537/434 375/1006/789 356/30/30
f 332/538/435 342/512/414 376/539/436
f 351/540/437 371/563/457 342/512/414
f 425/541/438 357/37/37 379/36/36
f 435/536/433 381/29/29 357/37/37
f 333/543/440 360/546/443 372/544/441
f 358/509/411 382/552/449 360/546/443
f 333/543/440 348/531/428 376/539/436
f 333/543/440 340/545/442 369/547/444
f 334/548/445 346/525/425 368/549/446
f 359/551/448 374/517/419 346/525/425
f 334/548/445 360/546/443 382/552/449
f 344/550/447 372/544/441 360/546/443
f 341/514/416 374/517/419 359/551/448
f 335/553/450 349/555/452 370/554/451
f 361/508/410 377/511/413 349/555/452
f 335/553/450 359/551/448 382/552/449
f 364/556/453 377/511/413 343/513/415
f 426/558/455 362/1016/56 383/559/55
f 433/542/439 379/36/36 362/57/56
f 336/562/454 343/513/415 371/563/457
f 337/564/458 350/515/417 370/554/451
f 363/565/60 378/521/15 432/566/459
f 427/567/460 436/560/456 383/559/55
f 349/555/452 377/511/413 364/556/453
f 365/568/461 387/578/470 388/569/462
f 338/571/464 344/550/447 368/549/446
f 365/568/461 372/544/441 344/550/447
f 430/528/427 373/527/21 366/572/67
f 340/545/442 372/544/441 365/568/461
f 339/570/463 347/532/429 369/547/444
f 367/74/71 375/1006/789 431/537/434
f 437/575/467 386/576/468 338/571/464
f 386/576/468 391/586/473 392/577/469
f 438/579/471 440/642/474 389/81/78
f 386/576/468 387/578/470 365/568/461
f 429/574/466 438/579/471 384/83/80
f 396/580/472 397/762/622 392/581/469
f 440/583/474 442/625/511 394/88/82
f 387/578/470 392/577/469 393/585/475
f 437/575/467 439/641/478 391/586/473
f 392/581/469 397/762/622 398/587/476
f 441/589/477 396/580/472 391/582/473
f 530/591/479 495/998/786 494/592/480
f 443/594/482 401/763/623 415/595/483
f 444/597/485 399/995/785 417/102/95
f 529/599/487 497/712/581 496/600/488
f 746/602/490 446/638/521 404/109/102
f 406/604/492 407/1017/495 742/605/493
f 407/607/495 408/1018/517 743/608/496
f 445/610/497 406/604/492 744/606/494
f 447/612/499 412/618/505 755/613/500
f 411/615/502 410/637/520 754/616/503
f 412/618/505 411/992/502 756/619/504
f 448/620/506 409/993/784 749/127/118
f 524/622/508 492/999/787 493/623/509
f 449/598/486 417/102/95 394/88/82
f 450/596/484 415/595/483 396/580/472
f 494/592/480 499/710/579 527/626/512
f 479/627/513 473/692/562 454/628/514
f 395/144/132 416/145/133 450/596/484
f 414/636/519 449/598/486 442/625/511
f 410/637/520 448/620/506 757/621/507
f 413/148/136 447/612/499 758/614/501
f 737/150/138 405/151/139 445/610/497
f 743/608/496 408/1018/517 446/638/521
f 403/639/522 444/597/485 449/598/486
f 400/154/141 443/594/482 450/596/484
f 395/144/132 441/589/477 439/590/478
f 385/640/143 390/1019/142 439/641/478
f 393/588/475 398/587/476 442/625/511
f 339/570/463 388/569/462 438/579/471
f 388/569/462 393/585/475 440/642/474
f 366/572/67 385/640/143 437/575/467
f 429/574/466 431/537/434 347/532/429
f 345/524/424 430/528/427 428/573/465
f 337/564/458 364/556/453 436/560/456
f 427/567/460 432/566/459 350/515/417
f 351/540/437 433/542/439 426/561/455
f 336/557/454 426/558/455 436/560/456
f 355/534/431 435/536/433 425/541/438
f 332/538/435 425/541/438 433/542/439
f 347/532/429 431/537/434 424/535/432
f 331/533/430 424/535/432 435/536/433
f 352/523/423 434/519/420 423/526/426
f 330/522/422 423/526/426 430/528/427
f 329/516/418 350/515/417 432/566/459
f 329/516/418 422/520/421 434/519/420
f 404/163/102 446/644/521 418/643/523
f 482/164/146 480/680/557 419/647/525
f 452/167/149 420/645/524 445/646/497
f 471/170/150 421/1008/526 419/649/525
f 485/651/528 457/679/556 798/652/529
f 483/654/531 453/1005/561 467/655/532
f 489/657/534 484/1003/788 456/658/535
f 472/660/537 455/698/567 468/661/538
f 486/663/540 488/697/566 464/664/541
f 803/666/543 486/663/540 460/665/542
f 801/671/548 475/678/555 458/672/549
f 688/674/551 577/1020/776 487/675/552
f 476/677/554 463/694/564 459/670/547
f 475/678/555 477/684/558 462/676/553
f 487/675/552 461/688/559 457/679/556
f 478/662/539 468/661/538 420/645/524
f 481/635/518 489/657/534 466/659/536
f 490/656/533 467/655/532 419/647/525
f 479/627/513 465/629/515 418/643/523
f 466/681/536 479/627/513 470/631/516
f 467/682/532 478/662/539 469/650/527
f 460/683/542 464/695/541 477/684/558
f 461/685/559 476/677/554 474/669/546
f 487/675/552 577/1020/776 581/687/560
f 800/689/544 460/683/542 475/678/555
f 457/686/556 474/669/546 802/668/545
f 453/691/561 472/660/537 478/662/539
f 452/167/149 471/170/150 469/650/527
f 466/681/536 456/1004/535 473/692/562
f 476/677/554 579/840/679 582/693/563
f 465/629/515 490/656/533 480/680/557
f 468/661/538 489/657/534 481/635/518
f 462/676/553 487/675/552 485/651/528
f 464/695/541 580/1021/678 578/696/565
f 459/670/547 463/694/564 488/697/566
f 455/698/567 484/1003/788 489/657/534
f 454/628/514 483/654/531 490/656/533
f 458/672/549 485/651/528 804/653/530
f 451/222/195 418/643/523 480/680/557
f 505/699/568 504/991/783 788/700/569
f 787/702/571 502/725/593 506/703/572
f 508/705/574 500/708/577 785/706/575
f 500/708/577 501/989/782 786/709/578
f 499/710/579 491/713/582 531/711/580
f 525/624/510 493/623/509 497/712/581
f 491/713/582 492/999/787 524/622/508
f 496/600/488 495/1000/786 530/714/479
f 498/715/583 509/1022/602 769/716/584
f 772/718/586 512/1023/604 511/719/587
f 770/721/589 514/742/597 513/722/590
f 511/719/587 516/740/599 768/724/592
f 786/709/578 501/989/782 502/725/593
f 503/726/594 508/705/574 784/707/576
f 783/704/573 506/703/572 505/699/568
f 788/728/569 504/990/783 503/726/594
f 534/729/596 538/769/628 514/730/597
f 516/732/599 540/771/630 532/733/600
f 498/734/583 532/733/600 533/735/601
f 536/737/603 535/792/631 511/738/587
f 516/740/599 498/715/583 773/717/585
f 774/741/605 510/744/598 514/742/597
f 513/722/590 512/1024/604 772/743/586
f 769/716/584 509/1022/602 510/744/598
f 521/745/606 523/751/612 731/746/607
f 732/748/609 517/758/619 520/749/610
f 519/753/614 522/760/620 730/754/615
f 518/756/617 519/753/614 733/755/616
f 729/759/611 520/996/610 518/756/617
f 522/760/620 521/745/606 734/747/608
f 528/601/489 530/714/479 402/761/621
f 531/711/580 524/622/508 397/762/622
f 525/624/510 529/599/487 414/636/519
f 415/595/483 527/626/512 531/711/580
f 401/763/623 526/593/481 527/626/512
f 397/762/622 524/622/508 525/624/510
f 414/636/519 529/599/487 528/601/489
f 402/764/621 530/591/479 526/593/481
f 533/735/601 541/986/780 542/765/624
f 545/766/625 544/987/781 536/737/603
f 534/729/596 542/765/624 546/768/627
f 548/770/629 515/793/645 532/733/600
f 513/772/590 537/767/626 536/737/603
f 533/735/601 534/729/596 510/731/598
f 535/773/631 540/771/630 516/732/599
f 514/730/597 538/769/628 537/775/626
f 556/777/632 539/780/635 694/778/633
f 539/780/635 549/798/649 691/781/636
f 692/782/637 552/1025/646 551/783/638
f 693/785/640 554/795/647 553/786/641
f 543/788/643 548/770/629 540/771/630
f 567/789/644 566/826/669 546/768/627
f 536/737/603 544/987/781 543/791/643
f 515/793/645 541/986/780 533/735/601
f 552/794/646 553/786/641 554/795/647
f 551/797/638 552/794/646 555/796/648
f 539/780/635 556/777/632 555/796/648
f 555/796/648 554/795/647 550/799/650
f 696/800/651 550/799/650 554/795/647
f 553/801/641 552/1025/646 692/782/637
f 691/781/636 549/798/649 550/799/650
f 689/803/639 551/797/638 556/777/632
f 557/804/652 562/821/665 716/805/653
f 720/807/655 560/980/778 563/808/656
f 559/810/658 547/981/779 713/811/659
f 717/809/657 563/808/656 558/813/661
f 714/814/662 558/813/661 559/815/658
f 713/811/659 547/981/779 557/817/652
f 561/819/663 560/980/778 720/807/655
f 562/821/665 561/819/663 715/820/664
f 564/822/666 568/831/672 569/823/667
f 537/767/626 565/830/668 567/825/644
f 566/826/669 564/822/666 538/769/628
f 538/769/628 564/822/666 565/824/668
f 569/827/667 573/1026/674 575/828/670
f 569/827/667 571/829/671 567/825/644
f 566/826/669 570/836/676 568/831/672
f 571/832/671 570/836/676 566/826/669
f 574/833/673 575/837/670 573/834/674
f 574/833/673 572/835/675 568/831/672
f 575/837/670 574/833/673 570/836/676
f 568/831/672 572/835/675 573/834/674
f 463/694/564 582/693/563 576/838/677
f 488/697/566 576/838/677 580/839/678
f 461/685/559 581/1027/560 579/840/679
f 477/684/558 578/696/565 688/674/551
f 602/841/312 601/864/696 586/842/680
f 602/841/312 590/843/681 585/844/682
f 608/846/312 591/850/312 587/847/684
f 607/849/686 589/865/697 591/850/312
f 599/851/687 593/868/699 594/852/312
f 598/854/688 600/853/312 594/852/312
f 669/856/312 597/860/312 596/857/690
f 668/859/692 595/1028/706 597/860/312
f 583/861/693 588/863/695 600/853/312
f 584/862/694 599/851/687 600/853/312
f 597/860/312 602/841/312 603/845/683
f 597/860/312 595/1028/706 601/864/696
f 589/865/697 605/957/774 606/866/312
f 591/850/312 606/866/312 604/867/698
f 593/868/699 607/849/686 608/846/312
f 594/852/312 608/846/312 609/848/685
f 584/869/694 588/956/695 615/870/700
f 601/872/696 624/889/711 613/873/702
f 670/875/691 672/891/712 626/876/703
f 607/878/686 628/882/705 616/879/704
f 593/881/699 619/914/734 628/882/705
f 595/883/706 668/975/692 671/884/707
f 598/886/688 592/974/689 618/887/709
f 595/883/706 620/885/708 624/889/711
f 596/890/690 621/893/713 672/891/712
f 603/892/683 625/908/728 621/893/713
f 614/894/714 626/876/703 645/895/715
f 629/897/717 614/894/714 634/896/716
f 618/887/709 637/911/731 641/899/719
f 611/871/701 631/953/771 642/900/720
f 628/882/705 647/922/741 635/902/722
f 620/885/708 639/955/773 643/903/723
f 613/873/702 633/916/736 636/904/724
f 622/888/710 641/899/719 630/906/726
f 625/908/728 612/920/740 632/909/729
f 629/897/717 648/898/718 637/911/731
f 672/891/712 621/893/713 640/912/732
f 619/914/734 623/901/721 642/900/720
f 624/889/711 643/903/723 633/916/736
f 616/879/704 635/902/722 646/917/737
f 627/918/738 646/917/737 673/919/739
f 612/920/740 617/973/725 636/921/724
f 628/882/705 619/914/734 638/915/735
f 621/893/713 625/908/728 644/910/730
f 674/913/733 640/912/732 659/923/742
f 638/915/735 642/900/720 661/925/744
f 633/916/736 643/903/723 662/927/746
f 635/902/722 654/939/758 665/929/748
f 646/917/737 665/929/748 675/930/749
f 632/909/729 636/921/724 655/931/750
f 638/915/735 657/926/745 666/933/752
f 640/912/732 644/910/730 663/934/753
f 645/895/715 664/949/767 653/935/754
f 634/896/716 653/935/754 667/936/755
f 637/911/731 656/943/761 660/937/756
f 642/900/720 631/953/771 650/938/757
f 647/922/741 666/933/752 654/939/758
f 643/903/723 639/955/773 658/940/759
f 636/904/724 633/916/736 652/928/747
f 641/899/719 660/937/756 649/942/760
f 644/910/730 632/909/729 651/932/751
f 648/898/718 667/936/755 656/943/761
f 680/944/762 683/946/764 663/934/753
f 677/945/763 678/947/765 652/928/747
f 683/946/764 684/954/772 659/923/742
f 678/947/765 679/961/768 655/941/750
f 685/948/766 686/969/777 664/949/767
f 658/940/759 682/951/769 677/945/763
f 679/950/768 680/944/762 651/932/751
f 675/930/749 681/963/775 682/951/769
f 664/949/767 686/969/777 687/952/770
f 649/942/760 650/938/757 631/953/771
f 661/925/744 660/937/756 656/943/761
f 667/936/755 666/933/752 657/926/745
f 666/933/752 667/936/755 653/935/754
f 665/929/748 654/939/758 653/935/754
f 687/952/770 681/963/775 675/930/749
f 684/954/772 685/948/766 676/924/743
f 673/919/739 675/930/749 658/940/759
f 645/895/715 674/913/733 676/924/743
f 671/884/707 673/919/739 639/955/773
f 626/876/703 672/891/712 674/913/733
f 588/956/695 583/970/693 610/907/727
f 605/957/774 668/859/692 669/856/312
f 606/866/312 669/856/312 670/858/691
f 582/958/563 678/947/765 677/945/763
f 580/962/678 682/951/769 681/963/775
f 581/965/560 684/954/772 683/946/764
f 576/959/677 677/945/763 682/951/769
f 579/966/679 683/946/764 680/944/762
f 688/967/551 686/969/777 685/948/766
f 578/964/565 681/963/775 687/952/770
f 577/968/776 685/948/766 684/954/772
f 583/970/693 598/886/688 622/888/710
f 585/971/682 612/920/740 625/908/728
f 609/972/685 587/978/684 614/894/714
f 585/971/682 590/1029/681 617/973/725
f 592/974/689 609/972/685 629/897/717
f 668/975/692 605/977/774 627/918/738
f 599/976/687 623/901/721 619/914/734
f 605/977/774 589/880/697 616/879/704
f 604/877/698 626/876/703 614/894/714
f 590/979/681 586/874/680 613/873/702
f 584/869/694 611/871/701 623/901/721
f 660/937/756 661/925/744 650/938/757
f 557/804/652 689/803/639 695/779/634
f 560/980/778 691/781/636 696/800/651
f 690/802/642 692/782/637 547/981/779
f 696/800/651 693/785/640 558/813/661
f 558/813/661 693/785/640 690/787/642
f 547/981/779 692/782/637 689/784/639
f 694/778/633 691/781/636 560/980/778
f 695/779/634 694/778/633 561/819/663
f 196/332/285 201/348/299 703/307/265
f 199/336/289 202/335/288 704/327/281
f 186/345/296 700/310/268 698/329/282
f 197/341/294 701/313/271 704/327/281
f 197/341/294 198/343/291 698/982/282
f 186/345/296 196/344/285 697/983/283
f 199/336/289 699/308/266 702/305/263
f 200/346/297 702/305/263 703/307/265
f 154/321/277 707/347/298 708/331/284
f 180/294/256 712/334/287 707/347/298
f 183/320/276 182/319/274 710/984/286
f 185/297/259 184/318/257 711/985/292
f 181/293/255 185/297/259 706/342/295
f 183/320/276 705/337/290 711/339/292
f 180/294/256 181/293/255 709/340/293
f 187/298/260 708/331/284 710/333/286
f 716/805/653 715/820/664 515/793/645
f 715/820/664 720/807/655 541/986/780
f 544/987/781 713/811/659 718/818/654
f 546/768/627 714/814/662 719/816/660
f 542/765/624 717/809/657 714/814/662
f 719/812/660 713/811/659 544/987/781
f 541/986/780 720/807/655 717/809/657
f 718/806/654 716/805/653 548/770/629
f 140/251/223 727/276/240 723/282/246
f 143/256/227 142/252/224 721/286/250
f 147/230/203 726/284/248 721/286/250
f 139/233/206 723/282/246 726/284/248
f 144/224/197 143/1010/227 722/988/251
f 141/228/201 724/274/238 727/276/240
f 730/754/615 734/747/608 501/989/782
f 504/990/783 729/759/611 728/757/618
f 728/757/618 733/755/616 508/705/574
f 733/755/616 730/754/615 500/708/577
f 505/699/568 732/748/609 729/750/611
f 734/747/608 731/746/607 502/725/593
f 410/637/520 743/608/496 746/602/490
f 413/148/136 737/150/138 745/611/498
f 745/611/498 744/606/494 412/618/505
f 742/609/493 743/608/496 410/637/520
f 744/606/494 742/605/493 411/992/502
f 746/602/490 735/603/491 409/993/784
f 57/147/135 91/128/119 741/108/101
f 413/148/136 90/120/112 740/118/110
f 59/126/117 739/113/106 740/118/110
f 57/147/135 738/114/107 736/116/104
f 58/994/115 736/111/104 739/113/106
f 409/993/784 735/603/491 741/108/101
f 751/149/137 758/614/501 443/594/482
f 754/616/503 757/621/507 444/597/485
f 757/621/507 749/127/118 399/995/785
f 755/613/500 756/619/504 402/764/621
f 756/617/504 754/616/503 403/639/522
f 758/614/501 755/613/500 401/763/623
f 86/100/93 753/121/113 751/149/137
f 87/103/96 752/129/120 747/122/114
f 399/995/785 749/127/118 752/129/120
f 52/292/253 750/125/116 748/119/111
f 53/153/140 747/122/114 750/124/116
f 51/291/254 748/119/111 753/121/113
f 160/275/239 162/280/244 766/269/235
f 159/278/242 764/271/215 759/272/236
f 162/280/244 146/281/245 762/246/218
f 161/289/252 765/242/214 760/249/221
f 158/283/247 760/249/221 763/250/222
f 146/281/245 156/279/243 759/272/236
f 159/288/242 157/285/249 763/250/222
f 160/275/239 761/240/212 765/242/214
f 521/745/606 769/716/584 774/741/605
f 767/723/591 772/743/586 520/749/610
f 523/751/612 774/741/605 770/721/589
f 768/724/592 773/717/585 522/760/620
f 771/720/588 768/724/592 519/753/614
f 507/752/613 770/721/589 767/723/591
f 520/996/610 772/718/586 771/720/588
f 773/717/585 769/716/584 521/745/606
f 134/98/91 133/97/90 782/253/225
f 136/107/100 135/106/99 781/225/198
f 138/235/208 776/231/204 782/253/225
f 131/132/123 132/131/122 779/226/199
f 131/132/123 778/232/205 777/229/202
f 130/237/210 777/229/202 776/231/204
f 132/131/122 136/107/100 775/254/226
f 134/997/91 780/223/196 781/225/198
f 495/998/786 788/728/569 790/727/595
f 497/712/581 783/704/573 789/701/570
f 790/727/595 784/707/576 499/710/579
f 492/999/787 786/709/578 787/702/571
f 785/706/575 786/709/578 492/999/787
f 784/707/576 785/706/575 491/713/582
f 493/623/509 787/702/571 783/704/573
f 789/701/570 788/700/569 495/1000/786
f 122/176/156 797/174/154 792/221/194
f 112/182/162 795/190/170 791/211/152
f 97/213/159 113/137/128 794/192/172
f 113/137/128 95/136/127 792/221/194
f 123/180/160 97/179/159 793/1001/185
f 94/1002/186 791/172/152 797/174/154
f 799/673/550 804/653/530 483/654/531
f 798/690/529 802/668/545 472/660/537
f 456/1004/535 800/689/544 801/671/548
f 473/692/562 801/671/548 799/673/550
f 484/1003/788 803/666/543 800/667/544
f 804/653/530 798/652/529 453/1005/561
