# Blender 4.3.2
# www.blender.org
mtllib characterSmall.001.mtl
o characterSmall
v 0.126813 0.741788 0.064334
v 0.054683 0.756910 -0.150320
v 0.054683 0.620346 -0.150320
v 0.059610 0.585048 0.151512
v 0.059072 0.737509 0.148232
v 0.123674 0.598305 0.064568
v 0.119400 0.609678 -0.063501
v 0.124313 0.748421 -0.063497
v 0.058137 0.816990 0.076603
v 0.058270 0.824598 -0.067300
v 0.058270 0.518882 -0.067300
v 0.058125 0.494807 0.089283
v 0.104475 0.533398 0.065666
v 0.100071 0.753362 -0.124699
v 0.099850 0.737751 0.111087
v 0.104479 0.797510 0.061830
v 0.104594 0.553116 -0.062381
v 0.054470 0.550246 -0.133436
v 0.100069 0.621154 -0.124699
v 0.059420 0.516928 0.144365
v 0.099130 0.592694 0.115829
v 0.104594 0.801583 -0.062381
v 0.054467 0.797501 -0.130016
v 0.059435 0.789870 0.128702
v 0.055802 0.683932 -0.157871
v 0.060724 0.666275 0.150149
v 0.126382 0.670050 0.062377
v 0.124574 0.675045 -0.065566
v 0.125493 0.601790 0.006606
v 0.127471 0.744738 0.005287
v 0.061146 0.823300 0.008496
v 0.061144 0.496441 0.011139
v 0.088524 0.558678 -0.118194
v 0.088306 0.523962 0.115720
v 0.088515 0.795687 -0.108512
v 0.092614 0.793347 0.101391
v 0.109408 0.537556 0.010037
v 0.099701 0.681180 -0.125508
v 0.102494 0.669105 0.113592
v 0.110420 0.801285 0.007724
v 0.127102 0.672365 0.003982
v 0.034256 0.490026 -0.032858
v 0.039938 0.482367 0.002371
v 0.033853 0.480397 0.036622
v 0.022767 0.480097 -0.025659
v 0.032339 0.474151 -0.000037
v 0.022720 0.472241 0.025439
v 0.048204 0.471776 -0.026288
v 0.056782 0.468928 0.001595
v 0.048154 0.464477 0.027571
v 0.062781 0.400313 -0.031430
v 0.073942 0.395823 0.009610
v 0.062709 0.393579 0.046444
v 0.062212 0.257628 -0.021530
v 0.078769 0.251652 0.017449
v 0.055984 0.249401 0.054039
v 0.057581 0.297533 0.055949
v 0.071033 0.299208 0.019689
v 0.060307 0.303347 -0.018474
v 0.057072 0.427627 0.037668
v 0.057141 0.434635 -0.035741
v 0.031656 0.223010 0.064193
v 0.004112 0.193150 0.005151
v 0.031751 0.223010 -0.037854
v 0.026220 0.757857 -0.152906
v 0.026224 0.618631 -0.156539
v 0.025934 0.581220 0.155098
v 0.025935 0.737527 0.154599
v 0.027762 0.822194 0.078898
v 0.027900 0.829422 -0.069381
v 0.027900 0.512969 -0.069381
v 0.027750 0.488304 0.091308
v 0.026112 0.546523 -0.137576
v 0.025847 0.514337 0.147108
v 0.026109 0.801272 -0.134156
v 0.025860 0.790604 0.133795
v 0.026760 0.684955 -0.160775
v 0.026466 0.665292 0.155925
v 0.029238 0.828741 0.008466
v 0.018473 0.493235 -0.045729
v 0.016303 0.479254 0.044185
v 0.010868 0.480885 -0.030094
v 0.010811 0.471518 0.031011
v 0.023057 0.472690 -0.030882
v 0.022997 0.463580 0.033771
v 0.030048 0.400872 -0.038457
v 0.029961 0.393186 0.054585
v 0.032011 0.260428 -0.035315
v 0.031917 0.248467 0.066113
v 0.028857 0.303786 -0.026588
v 0.028773 0.297277 0.063964
v 0.027266 0.426993 0.045638
v 0.027348 0.435363 -0.042828
v 0.021595 0.127189 -0.004032
v 0.053981 0.125016 0.032357
v 0.054044 0.137940 -0.035627
v 0.090906 0.143964 -0.000822
v 0.027312 0.100944 -0.013946
v 0.055985 0.093726 0.020302
v 0.056042 0.106611 -0.042065
v 0.093157 0.106464 -0.012849
v 0.032208 0.080378 -0.018854
v 0.060246 0.075743 0.010162
v 0.060297 0.083701 -0.044708
v 0.091451 0.085048 -0.018158
v 0.043360 0.187581 0.046121
v 0.086556 0.211049 0.005281
v 0.012733 0.175047 0.002418
v 0.045508 0.194171 -0.034712
v 0.013001 0.204214 -0.024601
v 0.063266 0.233190 0.046352
v 0.030919 0.132698 -0.024855
v 0.077961 0.134217 0.021821
v 0.036168 0.103437 -0.036737
v 0.080051 0.098601 0.009261
v 0.041923 0.081160 -0.037876
v 0.081217 0.079072 0.000453
v 0.019583 0.183930 -0.024345
v 0.071305 0.200135 0.032888
v 0.012531 0.198935 0.036824
v 0.063998 0.233955 -0.017418
v 0.030378 0.124243 0.019931
v 0.078463 0.142854 -0.023862
v 0.033146 0.094817 0.008635
v 0.080551 0.107199 -0.036803
v 0.040216 0.076701 0.001504
v 0.081065 0.085667 -0.039247
v 0.071887 0.204687 -0.024287
v 0.021313 0.179558 0.030744
v 0.105312 0.456823 -0.016877
v 0.107311 0.460287 0.003741
v 0.103836 0.454594 0.021076
v 0.100497 0.410824 -0.018304
v 0.102001 0.401863 0.009074
v 0.099119 0.406532 0.033655
v 0.102249 0.429347 0.027806
v 0.220274 0.438539 -0.001388
v 0.103674 0.433812 -0.019723
v 0.138122 0.453771 -0.012733
v 0.138194 0.455127 0.003875
v 0.136809 0.449625 0.019293
v 0.133834 0.410615 -0.015804
v 0.134000 0.402205 0.008597
v 0.132612 0.406788 0.025990
v 0.135392 0.427124 0.027544
v 0.191436 0.423567 0.027073
v 0.136668 0.431104 -0.020242
v 0.220017 0.436301 0.010290
v 0.219297 0.435815 0.021172
v 0.216137 0.409885 -0.003552
v 0.216447 0.403578 0.013635
v 0.215230 0.407373 0.025270
v 0.217664 0.420846 0.027292
v 0.262793 0.430126 -0.008360
v 0.218611 0.423462 -0.007112
v 0.188764 0.408361 0.025055
v 0.189834 0.410217 -0.007939
v 0.192552 0.426769 -0.011327
v 0.190387 0.403543 0.011853
v 0.194600 0.445876 0.007999
v 0.194196 0.445116 -0.005448
v 0.193046 0.441779 0.020531
v 0.074893 0.465511 0.002962
v 0.070517 0.460848 0.025252
v 0.072953 0.404800 -0.026318
v 0.074192 0.434633 -0.030147
v 0.070099 0.405753 0.038814
v 0.071430 0.428269 0.033775
v 0.080524 0.396903 0.009407
v 0.072953 0.464841 -0.025119
v 0.237727 0.432430 -0.010122
v 0.237848 0.431245 0.010938
v 0.229989 0.431441 0.029215
v 0.232931 0.408690 -0.014042
v 0.232375 0.404458 0.016917
v 0.223485 0.408222 0.036264
v 0.226084 0.419443 0.039967
v 0.328870 0.403644 -0.001622
v 0.237185 0.419683 -0.020101
v 0.266311 0.428280 0.012358
v 0.261508 0.427878 0.031662
v 0.257378 0.406504 -0.012195
v 0.261818 0.401303 0.018298
v 0.256178 0.404432 0.038935
v 0.259364 0.415540 0.042519
v 0.289844 0.396148 0.016158
v 0.260621 0.417695 -0.018514
v 0.332195 0.401898 0.015077
v 0.327398 0.402230 0.030632
v 0.321364 0.387774 -0.004716
v 0.325303 0.383555 0.019860
v 0.319995 0.386468 0.036490
v 0.324159 0.393849 0.039381
v 0.329459 0.393076 0.015738
v 0.325589 0.395207 -0.009806
v 0.285401 0.400604 -0.011446
v 0.287392 0.408348 0.038086
v 0.284204 0.398828 0.034841
v 0.294334 0.419265 0.010782
v 0.290817 0.420846 -0.007974
v 0.288641 0.410195 -0.017164
v 0.289533 0.418923 0.028258
v 0.232529 0.414455 0.054342
v 0.230590 0.403171 0.051372
v 0.251491 0.412772 0.051759
v 0.249551 0.401486 0.048789
v 0.242847 0.408214 0.067189
v 0.241680 0.396659 0.064948
v 0.256143 0.410401 0.053493
v 0.254974 0.398845 0.051252
v 0.262666 0.401763 0.081482
v 0.261846 0.393659 0.079911
v 0.271989 0.403297 0.071877
v 0.271171 0.395192 0.070307
v 0.077279 0.057368 -0.034353
v 0.051334 0.057016 -0.005479
v 0.082528 0.057141 -0.009160
v 0.049963 0.057781 -0.032433
v 0.081406 0.057115 -0.022121
v 0.048718 0.056911 -0.019447
v 0.063874 0.057926 -0.037447
v 0.072647 -0.000074 0.072113
v 0.097306 -0.000074 0.067925
v 0.057943 -0.000074 -0.043027
v 0.081471 -0.000074 -0.046172
v 0.053509 -0.000074 0.015499
v 0.085253 -0.000074 0.072513
v 0.104086 -0.000074 0.007541
v 0.071922 -0.000074 -0.048242
v 0.078582 -0.000074 0.011747
v 0.051948 -0.000074 0.045615
v 0.108185 -0.000074 0.036360
v 0.082124 -0.000074 0.043623
v 0.096436 -0.000074 -0.024376
v 0.045640 -0.000074 -0.017158
v 0.074664 -0.000074 -0.023492
v 0.058639 -0.000074 0.059675
v 0.106445 -0.000074 0.051771
v 0.083896 -0.000074 0.059560
v 0.090066 -0.000074 -0.040212
v 0.072532 -0.000074 -0.041330
v 0.047847 -0.000074 -0.034111
v 0.050418 -0.000074 0.000313
v 0.098829 -0.000074 -0.006154
v 0.076810 -0.000074 -0.004190
v 0.107361 -0.000074 0.021626
v 0.080354 -0.000074 0.027686
v 0.050309 -0.000074 0.030880
v 0.073032 0.018685 0.071775
v 0.101968 0.018685 0.067371
v 0.055935 0.018685 -0.045792
v 0.081957 0.017554 -0.045886
v 0.049961 0.018685 0.015795
v 0.087798 0.018685 0.072020
v 0.106510 0.018685 0.007275
v 0.072162 0.018685 -0.049702
v 0.050787 0.018685 0.048044
v 0.111322 0.018685 0.038135
v 0.096738 0.018685 -0.026860
v 0.043003 0.018685 -0.019228
v 0.058637 0.018685 0.063100
v 0.109035 0.018685 0.054697
v 0.088918 0.016827 -0.037205
v 0.046138 0.018685 -0.037599
v 0.046945 0.018685 -0.000465
v 0.100746 0.018685 -0.007269
v 0.110354 0.018685 0.022357
v 0.048864 0.018685 0.032268
v 0.073615 0.026738 0.070585
v 0.097302 0.026738 0.068054
v 0.056066 0.030774 -0.043859
v 0.078878 0.031105 -0.043486
v 0.054338 0.030774 0.017982
v 0.102882 0.030774 0.011402
v 0.068048 0.030852 -0.046822
v 0.055100 0.030774 0.045138
v 0.107183 0.030774 0.037188
v 0.093927 0.030774 -0.023464
v 0.046674 0.031222 -0.019776
v 0.060276 0.030774 0.059031
v 0.105284 0.030774 0.052568
v 0.086129 0.030648 -0.034578
v 0.049809 0.031103 -0.033334
v 0.051353 0.030774 0.006234
v 0.099938 0.030774 0.000313
v 0.106282 0.030774 0.022482
v 0.053389 0.030774 0.030422
v 0.075536 0.038337 0.063368
v 0.090659 0.038337 0.060613
v 0.055938 0.047396 -0.041656
v 0.075775 0.044192 -0.042056
v 0.065903 0.040158 0.016790
v 0.092598 0.042504 0.013965
v 0.066084 0.044013 -0.042897
v 0.060718 0.039842 0.039876
v 0.098847 0.042509 0.036560
v 0.087877 0.046132 -0.023278
v 0.047667 0.044658 -0.019054
v 0.065291 0.041128 0.053832
v 0.096805 0.041527 0.049670
v 0.082633 0.043789 -0.033895
v 0.050427 0.043746 -0.031998
v 0.062100 0.043850 0.005142
v 0.086990 0.047503 0.005446
v 0.097053 0.042170 0.024150
v 0.063941 0.040584 0.028482
v 0.096586 -0.000074 -0.015341
v 0.075737 -0.000074 -0.013840
v 0.047479 -0.000074 -0.008349
v 0.098748 0.018685 -0.017105
v 0.044273 0.018685 -0.009739
v 0.096738 0.030774 -0.011749
v 0.047776 0.030774 -0.005389
v 0.088870 0.047503 -0.010952
v 0.050340 0.047503 -0.005868
v 0.079525 0.053299 -0.033595
v 0.072571 0.051561 -0.041654
v 0.064558 0.053340 -0.040881
v 0.058369 0.054157 -0.038035
v 0.083669 0.050477 -0.009112
v 0.083543 0.053608 -0.022368
v 0.049904 0.052055 -0.031749
v 0.048403 0.052855 -0.019110
v 0.050095 0.050477 -0.005021
v 0.063566 0.050947 0.001402
v 0.079091 0.050477 0.001783
v 0.067078 0.056885 -0.000186
v -0.127160 0.741788 0.064099
v -0.054632 0.756910 -0.150422
v -0.054632 0.620346 -0.150422
v -0.060120 0.585048 0.151401
v -0.059577 0.737509 0.148122
v -0.124023 0.598305 0.064338
v -0.119510 0.609678 -0.063723
v -0.124422 0.748421 -0.063728
v -0.058508 0.816990 0.076495
v -0.058375 0.824598 -0.067408
v -0.058375 0.518882 -0.067408
v -0.058520 0.494807 0.089175
v -0.104824 0.533398 0.065472
v -0.100067 0.753362 -0.124885
v -0.100286 0.737751 0.110901
v -0.104821 0.797510 0.061636
v -0.104706 0.553116 -0.062576
v -0.054450 0.550246 -0.133537
v -0.100067 0.621154 -0.124885
v -0.059915 0.516928 0.144254
v -0.099574 0.592694 0.115644
v -0.104706 0.801583 -0.062576
v -0.054453 0.797501 -0.130117
v -0.059901 0.789870 0.128591
v -0.055738 0.683932 -0.157974
v 0.000028 0.758168 -0.154235
v 0.000032 0.617054 -0.157867
v -0.061232 0.666275 0.150036
v -0.000259 0.579967 0.155904
v -0.000259 0.737403 0.155214
v -0.126725 0.670050 0.062142
v -0.124679 0.675045 -0.065798
v -0.125732 0.601790 0.006373
v -0.127708 0.744738 0.005051
v -0.000189 0.822786 0.079751
v -0.000049 0.829288 -0.071295
v -0.061391 0.823300 0.008382
v -0.061393 0.496441 0.011025
v -0.000049 0.511160 -0.071295
v -0.000201 0.484372 0.093171
v -0.088532 0.558678 -0.118358
v -0.088749 0.523962 0.115556
v -0.088541 0.795687 -0.108676
v -0.093030 0.793347 0.101219
v -0.109654 0.537556 0.009834
v 0.000015 0.545654 -0.139694
v -0.099696 0.681180 -0.125693
v -0.000253 0.512072 0.148482
v -0.102932 0.669105 0.113401
v -0.110663 0.801285 0.007519
v 0.000013 0.801244 -0.137965
v -0.000240 0.791609 0.135171
v 0.000037 0.685092 -0.163064
v -0.000260 0.664388 0.156050
v -0.127339 0.672365 0.003745
v -0.000123 0.830073 0.008439
v -0.000162 0.477734 0.050869
v -0.000073 0.494311 -0.045010
v -0.034424 0.490026 -0.032922
v -0.040170 0.482367 0.002297
v -0.034148 0.480397 0.036559
v -0.000148 0.470852 0.036137
v -0.000082 0.481612 -0.035241
v -0.022947 0.480097 -0.025702
v -0.032566 0.474151 -0.000097
v -0.022994 0.472241 0.025396
v -0.000151 0.462753 0.039476
v -0.000081 0.473532 -0.036175
v -0.048383 0.471776 -0.026378
v -0.057013 0.468928 0.001489
v -0.048433 0.464477 0.027481
v -0.000172 0.392823 0.062075
v -0.000073 0.401384 -0.044923
v -0.062950 0.400313 -0.031546
v -0.074189 0.395823 0.009473
v -0.063022 0.393579 0.046327
v -0.000180 0.248067 0.070355
v -0.000079 0.262547 -0.038285
v -0.062401 0.257628 -0.021646
v -0.079031 0.251652 0.017303
v -0.056314 0.249401 0.053935
v -0.000181 0.297042 0.071336
v -0.057914 0.297533 0.055842
v -0.071299 0.299208 0.019557
v -0.060501 0.303347 -0.018586
v -0.000083 0.304189 -0.034055
v -0.057371 0.427627 0.037562
v -0.057303 0.434635 -0.035847
v -0.000072 0.436033 -0.045672
v -0.000164 0.426408 0.052972
v -0.032004 0.223010 0.064134
v -0.004349 0.193150 0.005143
v -0.031910 0.223010 -0.037913
v -0.000120 0.193150 0.005147
v -0.026163 0.757857 -0.152955
v -0.026160 0.618631 -0.156587
v -0.026449 0.581220 0.155050
v -0.026449 0.737527 0.154550
v -0.028136 0.822194 0.078846
v -0.027998 0.829422 -0.069433
v -0.027998 0.512969 -0.069433
v -0.028147 0.488304 0.091256
v -0.026083 0.546523 -0.137624
v -0.026348 0.514337 0.147059
v -0.026087 0.801272 -0.134204
v -0.026335 0.790604 0.133747
v -0.026691 0.684955 -0.160825
v -0.026985 0.665292 0.155876
v -0.029482 0.828741 0.008412
v -0.018617 0.493235 -0.045763
v -0.016613 0.479254 0.044154
v -0.011039 0.480885 -0.030115
v -0.011096 0.471518 0.030991
v -0.023229 0.472690 -0.030925
v -0.023289 0.463580 0.033728
v -0.030204 0.400872 -0.038513
v -0.030290 0.393186 0.054529
v -0.032173 0.260428 -0.035374
v -0.032267 0.248467 0.066053
v -0.029035 0.303786 -0.026641
v -0.029119 0.297277 0.063911
v -0.027578 0.426993 0.045587
v -0.027496 0.435363 -0.042879
v -0.000174 0.223010 0.064163
v -0.000080 0.223010 -0.037884
v -0.021817 0.127189 -0.004073
v -0.054269 0.125016 0.032257
v -0.054206 0.137940 -0.035727
v -0.091132 0.143964 -0.000991
v -0.027513 0.100944 -0.013997
v -0.056249 0.093726 0.020198
v -0.056191 0.106611 -0.042169
v -0.093362 0.106464 -0.013022
v -0.032401 0.080378 -0.018914
v -0.060494 0.075743 0.010050
v -0.060443 0.083701 -0.044820
v -0.091645 0.085048 -0.018328
v -0.043673 0.187581 0.046040
v -0.086793 0.211049 0.005120
v -0.012966 0.175047 0.002394
v -0.045671 0.194171 -0.034797
v -0.013183 0.204214 -0.024626
v -0.063579 0.233190 0.046234
v -0.000093 0.201254 -0.023387
v -0.031100 0.132698 -0.024912
v -0.078230 0.134217 0.021676
v -0.036329 0.103437 -0.036804
v -0.080295 0.098601 0.009112
v -0.042080 0.081160 -0.037954
v -0.081447 0.079072 0.000302
v -0.019767 0.183930 -0.024382
v -0.071593 0.200135 0.032755
v -0.012829 0.198935 0.036801
v -0.064195 0.233955 -0.017537
v -0.000147 0.195972 0.035004
v -0.030644 0.124243 0.019874
v -0.078647 0.142854 -0.024007
v -0.033390 0.094817 0.008573
v -0.080710 0.107199 -0.036952
v -0.040448 0.076701 0.001429
v -0.081222 0.085667 -0.039398
v -0.072069 0.204687 -0.024421
v -0.021598 0.179558 0.030704
v -0.105508 0.456823 -0.017073
v -0.107547 0.460287 0.003542
v -0.104103 0.454594 0.020883
v -0.100691 0.410824 -0.018491
v -0.102247 0.401863 0.008884
v -0.099411 0.406532 0.033471
v -0.102527 0.429347 0.027616
v -0.220499 0.438539 -0.001797
v -0.103867 0.433812 -0.019916
v -0.138327 0.453771 -0.012990
v -0.138428 0.455127 0.003618
v -0.137074 0.449625 0.019039
v -0.134032 0.410615 -0.016053
v -0.134245 0.402205 0.008348
v -0.132887 0.406788 0.025744
v -0.135672 0.427124 0.027293
v -0.191714 0.423567 0.026717
v -0.136859 0.431104 -0.020496
v -0.220266 0.436301 0.009881
v -0.219566 0.435815 0.020764
v -0.216358 0.409885 -0.003954
v -0.216699 0.403578 0.013233
v -0.215504 0.407373 0.024870
v -0.217942 0.420846 0.026887
v -0.263007 0.430126 -0.008848
v -0.218825 0.423462 -0.007518
v -0.189039 0.408361 0.024704
v -0.190048 0.410217 -0.008292
v -0.192760 0.426769 -0.011685
v -0.190638 0.403543 0.011499
v -0.194844 0.445876 0.007637
v -0.194415 0.445116 -0.005809
v -0.193313 0.441779 0.020172
v -0.075126 0.465511 0.002823
v -0.070793 0.460848 0.025121
v -0.073133 0.404800 -0.026453
v -0.074363 0.434633 -0.030284
v -0.070398 0.405753 0.038683
v -0.071722 0.428269 0.033642
v -0.080769 0.396903 0.009258
v -0.073134 0.464841 -0.025255
v -0.237937 0.432430 -0.010564
v -0.238096 0.431245 0.010497
v -0.230270 0.431441 0.028788
v -0.233132 0.408690 -0.014474
v -0.232634 0.404458 0.016485
v -0.223780 0.408222 0.035849
v -0.226387 0.419443 0.039547
v -0.329096 0.403644 -0.002233
v -0.237375 0.419683 -0.020541
v -0.266561 0.428280 0.011863
v -0.261794 0.427878 0.031177
v -0.257584 0.406504 -0.012673
v -0.262081 0.401303 0.017812
v -0.256478 0.404432 0.038459
v -0.259672 0.415540 0.042037
v -0.290101 0.396148 0.015620
v -0.260813 0.417695 -0.018998
v -0.332450 0.401898 0.014460
v -0.327684 0.402230 0.030024
v -0.321582 0.387774 -0.005313
v -0.325567 0.383555 0.019256
v -0.320291 0.386468 0.035896
v -0.324460 0.393849 0.038779
v -0.329715 0.393076 0.015126
v -0.325798 0.395207 -0.010410
v -0.285607 0.400604 -0.011977
v -0.287689 0.408348 0.037552
v -0.284498 0.398828 0.034313
v -0.294583 0.419265 0.010236
v -0.291029 0.420846 -0.008514
v -0.288838 0.410195 -0.017700
v -0.289813 0.418923 0.027720
v -0.232857 0.414455 0.053910
v -0.230912 0.403171 0.050943
v -0.251816 0.412772 0.051292
v -0.249871 0.401486 0.048325
v -0.243201 0.408214 0.066738
v -0.242027 0.396659 0.064499
v -0.256469 0.410401 0.053017
v -0.255296 0.398845 0.050778
v -0.263044 0.401763 0.080994
v -0.262223 0.393659 0.079424
v -0.272351 0.403297 0.071373
v -0.271528 0.395192 0.069804
v -0.077442 0.057368 -0.034497
v -0.051552 0.057016 -0.005574
v -0.082738 0.057141 -0.009313
v -0.050130 0.057781 -0.032526
v -0.081593 0.057115 -0.022272
v -0.048909 0.056911 -0.019537
v -0.064034 0.057926 -0.037566
v -0.073008 -0.000074 0.071978
v -0.097660 -0.000074 0.067744
v -0.058090 -0.000074 -0.043134
v -0.081613 -0.000074 -0.046323
v -0.053765 -0.000074 0.015399
v -0.085616 -0.000074 0.072355
v -0.104326 -0.000074 0.007348
v -0.072060 -0.000074 -0.048376
v -0.078831 -0.000074 0.011601
v -0.052260 -0.000074 0.045518
v -0.108480 -0.000074 0.036159
v -0.082434 -0.000074 0.043470
v -0.096618 -0.000074 -0.024555
v -0.045835 -0.000074 -0.017243
v -0.074848 -0.000074 -0.023630
v -0.058977 -0.000074 0.059566
v -0.106770 -0.000074 0.051573
v -0.084236 -0.000074 0.059404
v -0.090219 -0.000074 -0.040379
v -0.072684 -0.000074 -0.041465
v -0.048011 -0.000074 -0.034200
v -0.050647 -0.000074 0.000220
v -0.099044 -0.000074 -0.006338
v -0.077030 -0.000074 -0.004333
v -0.107628 -0.000074 0.021426
v -0.080633 -0.000074 0.027537
v -0.050594 -0.000074 0.030786
v -0.073392 0.018685 0.071639
v -0.102320 0.018685 0.067181
v -0.056079 0.018685 -0.045896
v -0.082100 0.017554 -0.046038
v -0.050217 0.018685 0.015702
v -0.088159 0.018685 0.071857
v -0.106751 0.018685 0.007077
v -0.072299 0.018685 -0.049836
v -0.051104 0.018685 0.047949
v -0.111620 0.018685 0.037928
v -0.096917 0.018685 -0.027039
v -0.043196 0.018685 -0.019308
v -0.058982 0.018685 0.062991
v -0.109366 0.018685 0.054494
v -0.089077 0.016827 -0.037370
v -0.046295 0.018685 -0.037684
v -0.047173 0.018685 -0.000553
v -0.100962 0.018685 -0.007456
v -0.110623 0.018685 0.022152
v -0.049153 0.018685 0.032177
v -0.073976 0.026738 0.070448
v -0.097656 0.026738 0.067873
v -0.056212 0.030774 -0.043963
v -0.079024 0.031105 -0.043633
v -0.054599 0.030774 0.017880
v -0.103132 0.030774 0.011210
v -0.068189 0.030852 -0.046948
v -0.055412 0.030774 0.045036
v -0.107482 0.030774 0.036989
v -0.094111 0.030774 -0.023639
v -0.046865 0.031222 -0.019863
v -0.060615 0.030774 0.058919
v -0.105610 0.030774 0.052372
v -0.086292 0.030648 -0.034738
v -0.049974 0.031103 -0.033426
v -0.051594 0.030774 0.006139
v -0.100166 0.030774 0.000127
v -0.106552 0.030774 0.022284
v -0.053673 0.030774 0.030323
v -0.075881 0.038337 0.063227
v -0.090999 0.038337 0.060445
v -0.056088 0.047396 -0.041760
v -0.075926 0.044192 -0.042197
v -0.066161 0.040158 0.016667
v -0.092851 0.042504 0.013792
v -0.066232 0.044013 -0.043020
v -0.061019 0.039842 0.039763
v -0.099141 0.042509 0.036377
v -0.088061 0.046132 -0.023441
v -0.047859 0.044658 -0.019142
v -0.065619 0.041128 0.053710
v -0.097125 0.041527 0.049490
v -0.082797 0.043789 -0.034049
v -0.050597 0.043746 -0.032092
v -0.062339 0.043850 0.005027
v -0.087228 0.047503 0.005285
v -0.097325 0.042170 0.023970
v -0.064221 0.040584 0.028364
v -0.096785 -0.000074 -0.015521
v -0.075939 -0.000074 -0.013981
v -0.047691 -0.000074 -0.008437
v -0.098944 0.018685 -0.017289
v -0.044485 0.018685 -0.009821
v -0.096944 0.030774 -0.011929
v -0.047994 0.030774 -0.005478
v -0.089079 0.047503 -0.011117
v -0.050556 0.047503 -0.005962
v -0.079690 0.053299 -0.033743
v -0.072721 0.051561 -0.041789
v -0.064710 0.053340 -0.041001
v -0.058526 0.054157 -0.038143
v -0.083881 0.050477 -0.009268
v -0.083729 0.053608 -0.022523
v -0.050072 0.052055 -0.031842
v -0.048597 0.052855 -0.019200
v -0.050313 0.050477 -0.005114
v -0.063796 0.050947 0.001284
v -0.079322 0.050477 0.001635
v -0.067305 0.056885 -0.000311
v -0.303595 0.394188 -0.008644
v -0.302394 0.392649 0.035104
v -0.313517 0.410582 0.012347
v -0.307834 0.389851 0.017438
v -0.306074 0.401099 0.038165
v -0.310062 0.412246 -0.005372
v -0.307318 0.402701 -0.014055
v -0.308747 0.410576 0.028873
v 0.303383 0.394188 -0.008080
v 0.302099 0.392649 0.035665
v 0.313266 0.410582 0.012929
v 0.307574 0.389851 0.018009
v 0.305775 0.401099 0.038733
v 0.309844 0.412246 -0.004797
v 0.307116 0.402701 -0.013485
v 0.308465 0.410576 0.029446
v 0.275831 0.398725 0.017229
v 0.273378 0.411945 0.040303
v 0.276805 0.425485 -0.008166
v 0.274632 0.413944 -0.017839
v 0.275520 0.423401 0.029959
v 0.271390 0.403553 -0.011822
v 0.270192 0.401630 0.036888
v 0.280323 0.423772 0.011570
v -0.276090 0.398725 0.016717
v -0.273679 0.411945 0.039795
v -0.277017 0.425485 -0.008680
v -0.274826 0.413944 -0.018349
v -0.275804 0.423401 0.029447
v -0.271595 0.403553 -0.012326
v -0.270488 0.401630 0.036386
v -0.280572 0.423772 0.011049
v 0.163392 0.425304 0.027591
v 0.161760 0.410175 -0.012114
v 0.161360 0.402542 0.010283
v 0.166220 0.449727 -0.009295
v 0.164963 0.445937 0.020106
v 0.160593 0.407399 0.025717
v 0.164610 0.428942 -0.016064
v 0.165058 0.450866 0.005890
v -0.163670 0.425304 0.027287
v -0.161967 0.410175 -0.012415
v -0.161607 0.402542 0.009984
v -0.166430 0.449727 -0.009604
v -0.165229 0.445937 0.019799
v -0.160868 0.407399 0.025418
v -0.164809 0.428942 -0.016370
v -0.165296 0.450866 0.005584
v 0.060145 0.345557 0.051196
v 0.061543 0.351830 -0.024952
v -0.000177 0.344933 0.066706
v 0.072487 0.347516 0.014649
v -0.000078 0.352786 -0.039489
v 0.029367 0.345231 0.059274
v 0.029452 0.352328 -0.032522
v -0.060467 0.345557 0.051084
v -0.061726 0.351830 -0.025067
v -0.072744 0.347516 0.014514
v -0.029704 0.345231 0.059219
v -0.029619 0.352328 -0.032577
v -0.147999 0.410395 -0.014232
v -0.147929 0.402374 0.009166
v -0.152378 0.451750 -0.011298
v -0.151151 0.447781 0.019420
v -0.146877 0.407094 0.025581
v -0.150834 0.430022 -0.018433
v -0.151862 0.452997 0.004601
v 0.147798 0.410395 -0.013958
v 0.147684 0.402374 0.009440
v 0.152171 0.451750 -0.011015
v 0.150887 0.447781 0.019700
v 0.146601 0.407094 0.025853
v 0.150639 0.430022 -0.018154
v 0.151626 0.452997 0.004883
v 0.087175 0.457720 0.023165
v 0.088933 0.434222 -0.024934
v 0.084609 0.406143 0.036234
v 0.089133 0.460831 -0.020998
v 0.091102 0.462899 0.003352
v 0.086726 0.407811 -0.022310
v 0.086839 0.428807 0.030792
v 0.091263 0.399383 0.009240
v -0.087448 0.457720 0.023003
v -0.089114 0.434222 -0.025099
v -0.084906 0.406143 0.036077
v -0.089321 0.460831 -0.021164
v -0.091335 0.462899 0.003183
v -0.086911 0.407811 -0.022471
v -0.087124 0.428807 0.030630
v -0.091507 0.399383 0.009070
vn 0.9557 0.1572 0.2487
vn 0.9996 -0.0215 -0.0205
vn 0.9878 0.1556 0.0037
vn 0.7279 0.6614 0.1807
vn 0.6335 0.5804 0.5118
vn 0.7713 0.1248 0.6242
vn 0.9734 -0.0092 0.2289
vn 0.2989 0.6669 -0.6825
vn 0.7515 0.2145 -0.6239
vn 0.2935 0.2673 -0.9178
vn 0.3435 -0.0201 -0.9389
vn 0.0906 0.2578 -0.9619
vn 0.0009 0.0219 -0.9998
vn 0.0009 0.2383 -0.9712
vn 0.0007 0.6880 -0.7257
vn 0.1421 0.7087 -0.6910
vn 0.3573 -0.1384 -0.9237
vn 0.7782 -0.0137 -0.6278
vn 0.7616 -0.1086 -0.6389
vn 0.6673 -0.4875 -0.5631
vn 0.3167 -0.5880 -0.7443
vn 0.1359 -0.6270 -0.7671
vn 0.0009 -0.1680 -0.9858
vn 0.1381 -0.1567 -0.9779
vn 0.1001 0.0120 -0.9949
vn 0.4157 -0.0533 0.9079
vn 0.7791 -0.4696 0.4153
vn 0.8136 -0.0903 0.5744
vn 0.4331 0.0176 0.9012
vn 0.0696 -0.0610 0.9957
vn -0.0009 0.0014 1.0000
vn -0.0009 -0.0608 0.9981
vn 0.1035 -0.5726 0.8133
vn 0.4244 0.1794 0.8875
vn 0.8018 0.0159 0.5974
vn 0.3390 0.5877 0.7346
vn 0.0945 0.6401 0.7625
vn -0.0009 0.1904 0.9817
vn 0.1013 0.1947 0.9756
vn 0.0831 0.0078 0.9965
vn 0.9633 -0.1440 0.2263
vn 0.8389 -0.5386 -0.0784
vn 0.9893 -0.1397 -0.0427
vn 0.8511 -0.5081 0.1319
vn 0.9674 -0.1553 -0.1999
vn 0.9779 -0.0281 -0.2072
vn 0.8242 -0.5212 -0.2212
vn 0.9640 0.1698 -0.2048
vn 0.6075 0.6272 -0.4874
vn 0.7337 0.6553 -0.1797
vn 0.7530 0.6567 0.0420
vn 0.2971 0.9536 0.0492
vn 0.2798 0.9254 0.2558
vn 0.0994 0.9498 0.2967
vn -0.0000 0.9988 0.0497
vn -0.0003 0.9510 0.3091
vn 0.2937 0.9386 -0.1811
vn 0.0002 0.9765 -0.2155
vn 0.0910 0.9751 -0.2023
vn 0.1071 0.9929 0.0521
vn 0.6010 -0.7930 -0.1000
vn 0.3898 -0.9108 0.1362
vn 0.6330 -0.7662 -0.1104
vn 0.4304 -0.8294 -0.3562
vn 0.0005 -0.8547 -0.5192
vn 0.1563 -0.8462 -0.5094
vn 0.4395 -0.8797 0.1818
vn 0.3999 -0.5259 0.7507
vn -0.0003 -0.9543 0.2988
vn 0.1741 -0.9437 0.2812
vn 0.4479 -0.8009 -0.3975
vn 0.1481 -0.7898 -0.5952
vn 0.5704 -0.0861 -0.8168
vn 0.1933 -0.9390 0.2844
vn -0.0009 -0.4191 0.9079
vn 0.3668 -0.2382 0.8993
vn -0.0003 -0.9654 0.2609
vn 0.9125 0.4080 0.0303
vn 0.2686 0.7869 -0.5556
vn -0.0009 0.3996 0.9167
vn 0.2116 0.4982 0.8409
vn 0.6440 -0.0628 0.7624
vn 0.2966 -0.2685 -0.9165
vn 0.2245 0.7207 0.6559
vn 0.1994 0.9729 0.1171
vn 0.2066 0.4199 -0.8838
vn 0.2171 -0.9759 -0.0220
vn 0.2190 -0.6095 -0.7620
vn 0.1229 -0.9908 -0.0564
vn 0.2579 0.0719 -0.9635
vn 0.2112 -0.1091 -0.9713
vn 0.1773 0.1146 -0.9775
vn -0.0009 0.3061 0.9520
vn 0.2397 0.1782 0.9543
vn 0.2368 0.2954 0.9256
vn 0.1758 0.2329 0.9565
vn 0.1930 -0.5196 0.8323
vn 0.1405 0.2184 0.9657
vn 0.2601 0.0453 0.9645
vn -0.0009 -0.0722 0.9974
vn 0.2957 -0.0074 0.9553
vn 0.9977 0.0229 0.0642
vn 0.7318 0.0471 -0.6799
vn 0.7242 0.0044 -0.6895
vn 0.6535 -0.0036 0.7569
vn 0.9859 0.1416 0.0895
vn 0.2368 0.1035 -0.9660
vn 0.2329 0.0251 -0.9722
vn 0.6896 -0.1100 -0.7158
vn 0.2260 -0.1210 -0.9666
vn 0.6787 0.0423 0.7332
vn 0.9993 -0.0324 0.0211
vn -0.0009 0.0956 0.9954
vn 0.2480 0.0900 0.9646
vn 0.1766 0.9803 0.0885
vn 0.1708 0.6701 0.7223
vn 0.1517 0.9842 0.0916
vn 0.3255 0.0044 -0.9455
vn 0.3399 -0.6135 -0.7128
vn 0.0439 -0.3174 0.9473
vn 0.6910 -0.1265 0.7117
vn 0.7212 -0.0735 0.6889
vn 0.7239 -0.0604 0.6873
vn 0.7260 0.1521 -0.6706
vn 0.0009 0.1378 -0.9905
vn 0.0009 0.2435 -0.9699
vn 0.2440 0.2681 0.9320
vn 0.6647 -0.0038 0.7471
vn 0.0009 -0.0106 -0.9999
vn 0.0009 -0.1154 -0.9933
vn 0.0009 0.0816 -0.9967
vn 0.6335 0.0711 0.7705
vn 0.0009 -0.0909 -0.9959
vn 0.0008 -0.4210 -0.9071
vn 0.0006 -0.7375 -0.6754
vn 0.1994 -0.3463 0.9167
vn 0.1228 -0.0805 -0.9892
vn -0.0004 -0.9237 0.3831
vn -0.4819 -0.8740 -0.0628
vn -0.2601 -0.7397 0.6206
vn 0.0009 -0.2827 -0.9592
vn 0.0005 -0.8253 -0.5646
vn -0.2665 -0.5473 -0.7934
vn -0.9848 -0.1663 -0.0502
vn -0.7476 -0.3814 0.5437
vn -0.7192 -0.2760 0.6376
vn -0.9507 -0.3100 -0.0123
vn -0.6949 -0.3729 0.6149
vn 0.6530 0.1758 -0.7367
vn 0.9980 0.0514 0.0379
vn 0.6837 0.1786 -0.7076
vn -0.6842 -0.1911 -0.7038
vn -0.0108 0.1491 -0.9888
vn -0.7426 -0.0059 -0.6697
vn 0.6056 0.1822 -0.7746
vn 0.9878 -0.1445 -0.0574
vn 0.6293 -0.0630 -0.7746
vn 0.9999 0.0046 -0.0115
vn -0.6615 0.0085 -0.7499
vn 0.0195 -0.2806 0.9596
vn 0.6883 -0.2393 0.6848
vn 0.0412 -0.4665 0.8836
vn -0.7487 -0.2233 0.6241
vn 0.0790 0.0176 0.9967
vn -0.0552 0.1398 -0.9886
vn -0.6120 -0.2304 -0.7565
vn 0.6985 -0.2540 0.6690
vn -0.9188 -0.3802 -0.1060
vn -0.6614 -0.5294 0.5312
vn 0.0368 -0.0323 -0.9988
vn 0.9888 0.1473 -0.0252
vn -0.9775 -0.1741 -0.1196
vn -0.9646 -0.2619 0.0325
vn -0.0389 -0.0885 -0.9953
vn -0.7488 -0.2338 -0.6202
vn -0.0002 -0.4178 0.9085
vn 0.9214 0.0414 0.3863
vn 0.9615 0.1405 -0.2361
vn -0.0008 -0.5166 0.8562
vn 0.0491 -0.6437 0.7637
vn 0.0972 0.6990 0.7085
vn 0.1983 0.0174 -0.9800
vn 0.1559 0.7591 -0.6321
vn 0.0706 0.0460 -0.9964
vn 0.2469 0.6737 -0.6965
vn 0.2090 0.6834 0.6995
vn 0.3283 0.6971 -0.6374
vn 0.1779 -0.5006 0.8472
vn 0.2264 0.9624 0.1499
vn 0.2176 0.8780 -0.4263
vn 0.2433 0.7637 -0.5979
vn 0.0170 -0.9998 0.0047
vn -0.1020 -0.7465 -0.6576
vn 0.0349 -0.9989 -0.0329
vn 0.0199 0.1104 0.9937
vn -0.2264 -0.7381 0.6356
vn -0.4155 0.2479 0.8751
vn 0.1761 0.0366 -0.9837
vn 0.1131 -0.6664 -0.7370
vn 0.1530 0.9795 0.1313
vn 0.0475 -0.6514 -0.7572
vn 0.0135 0.1339 0.9909
vn 0.0151 -0.9991 -0.0403
vn -0.0966 0.8509 0.5163
vn 0.0952 0.8541 0.5114
vn -0.1788 0.1152 -0.9771
vn -0.0072 0.8592 -0.5117
vn -0.1987 0.1024 -0.9747
vn 0.1904 0.9791 0.0710
vn -0.0752 -0.9972 -0.0029
vn 0.1435 0.7135 0.6858
vn -0.0014 -0.6228 0.7824
vn 0.2767 0.9504 0.1422
vn 0.0836 0.7078 0.7015
vn 0.1488 0.9794 0.1364
vn 0.0279 -0.9996 -0.0068
vn 0.0259 -0.6361 0.7712
vn 0.0203 0.1190 0.9927
vn 0.1998 0.7699 -0.6061
vn 0.1593 0.0368 -0.9866
vn 0.0985 -0.6694 -0.7364
vn 0.7554 -0.6545 0.0308
vn 0.5369 -0.1648 0.8274
vn 0.2891 0.7189 -0.6322
vn 0.2045 0.7053 0.6788
vn 0.3163 0.0157 -0.9485
vn 0.4514 -0.5698 -0.6867
vn 0.5288 -0.2200 -0.8198
vn 0.1818 0.9783 0.0989
vn 0.2087 0.2284 0.9509
vn 0.1921 -0.9811 0.0247
vn 0.1836 0.8726 0.4525
vn 0.2208 0.9733 0.0629
vn 0.1732 -0.8958 0.4093
vn -0.6824 -0.6281 0.3740
vn 0.3117 0.3345 0.8894
vn 0.0785 0.1052 -0.9913
vn -0.2869 -0.7095 -0.6437
vn -0.5753 0.5196 0.6317
vn 0.4323 0.8075 -0.4013
vn 0.6075 -0.1826 -0.7730
vn 0.2086 0.0262 -0.9776
vn 0.4082 0.9109 0.0607
vn 0.8095 0.4788 -0.3398
vn -0.3295 -0.9437 -0.0292
vn 0.2386 -0.8688 -0.4338
vn 0.4419 -0.8962 0.0389
vn 0.0524 0.2129 0.9757
vn 0.1304 -0.8033 0.5811
vn 0.5502 -0.0391 0.8341
vn -0.0905 -0.8163 -0.5705
vn 0.5278 0.8043 0.2731
vn 0.2377 -0.8541 -0.4625
vn -0.1510 -0.9884 -0.0138
vn 0.1973 0.8995 -0.3897
vn 0.9378 -0.3471 -0.0002
vn 0.7478 0.5066 0.4292
vn 0.9332 0.3558 0.0503
vn 0.3362 0.8269 0.4509
vn -0.2876 -0.7440 0.6031
vn -0.1979 -0.8229 -0.5326
vn 0.0719 0.0771 -0.9944
vn -0.1639 -0.8022 -0.5741
vn -0.1560 -0.8110 -0.5638
vn 0.3101 0.9486 0.0637
vn 0.3274 0.8410 0.4307
vn 0.3653 0.9289 0.0601
vn -0.1843 -0.9827 -0.0193
vn -0.1666 -0.7781 0.6057
vn -0.0660 -0.7824 0.6193
vn 0.3192 0.8354 0.4474
vn 0.1332 0.2090 0.9688
vn 0.1971 0.1606 0.9671
vn -0.2679 -0.9629 -0.0321
vn 0.3529 0.8368 -0.4186
vn 0.2892 0.8637 -0.4128
vn 0.1459 0.0761 -0.9864
vn -0.7306 -0.6529 0.1998
vn -0.4183 0.5623 0.7133
vn -0.5186 0.6380 0.5693
vn 0.3519 -0.5915 -0.7255
vn 0.0261 -0.7229 0.6905
vn -0.5760 -0.7463 0.3335
vn 0.5998 0.6857 -0.4124
vn 0.1224 0.3691 0.9213
vn 0.7784 -0.6217 -0.0872
vn 0.8708 0.4713 0.1400
vn -0.0715 0.2083 -0.9755
vn 0.7095 0.1624 -0.6857
vn -0.0000 -1.0000 -0.0000
vn 0.2952 -0.6642 -0.6868
vn 0.6361 -0.6116 -0.4704
vn -0.3331 -0.7245 -0.6035
vn -0.6365 -0.6998 -0.3243
vn -0.5840 -0.8118 -0.0001
vn -0.7015 -0.7126 -0.0151
vn 0.6658 -0.7393 -0.1009
vn 0.6513 -0.7306 0.2050
vn -0.5690 -0.7074 0.4194
vn -0.6885 -0.7247 0.0269
vn -0.6418 -0.7470 0.1732
vn 0.7055 -0.6825 -0.1910
vn 0.6311 -0.7715 -0.0808
vn -0.2540 -0.6448 0.7209
vn 0.1133 -0.6648 0.7384
vn 0.4452 -0.6804 0.5821
vn 0.6201 -0.7601 -0.1945
vn 0.6470 -0.7355 -0.2009
vn -0.6078 -0.7779 0.1593
vn 0.6650 -0.7467 0.0148
vn -0.6825 -0.7064 0.1878
vn 0.1521 0.1251 0.9804
vn 0.5681 0.1431 -0.8104
vn -0.9692 0.0220 0.2452
vn 0.9503 0.1018 -0.2943
vn 0.9838 0.0891 -0.1557
vn 0.9782 0.0822 -0.1909
vn -0.9494 0.1301 0.2857
vn 0.7995 0.1678 -0.5768
vn -0.9802 0.0488 0.1919
vn -0.9964 0.0816 -0.0231
vn -0.9948 0.0820 0.0598
vn -0.8772 0.3667 0.3099
vn -0.8515 0.5243 -0.0121
vn -0.9897 0.1400 0.0310
vn -0.7014 0.4487 0.5538
vn -0.7368 0.1057 0.6678
vn 0.8075 0.5048 0.3052
vn 0.6771 0.0760 0.7319
vn 0.9425 0.0764 0.3254
vn 0.8267 0.5100 -0.2377
vn 0.7716 0.2750 -0.5736
vn 0.8977 0.1199 -0.4241
vn 0.0749 0.0681 -0.9949
vn 0.5537 0.2545 -0.7929
vn -0.2294 0.3728 0.8991
vn -0.2772 0.0921 0.9564
vn -0.8718 0.0699 -0.4848
vn -0.5351 0.1953 -0.8219
vn -0.4484 -0.0160 -0.8937
vn -0.8595 0.4709 0.1986
vn -0.9824 0.1725 -0.0715
vn 0.9960 0.0814 0.0376
vn 0.8734 0.4397 -0.2093
vn 0.9579 0.0652 -0.2797
vn 0.9205 0.3246 -0.2173
vn -0.0121 0.2312 -0.9728
vn 0.8865 0.4616 0.0339
vn -0.9095 0.2217 -0.3517
vn -0.9632 0.1717 0.2070
vn -0.9964 0.0832 -0.0138
vn 0.4081 0.8790 0.2466
vn 0.7980 0.2596 -0.5439
vn 0.4276 0.9039 -0.0084
vn 0.7577 0.6526 0.0040
vn -0.0322 0.2023 -0.9788
vn 0.8666 0.4701 -0.1676
vn 0.4513 0.8917 0.0354
vn -0.9332 0.0213 -0.3587
vn -0.8285 0.5535 0.0843
vn -0.4047 0.6717 0.6205
vn -0.3786 0.9240 -0.0540
vn -0.4083 0.8647 0.2924
vn 0.2659 0.7770 0.5705
vn 0.4460 0.4397 0.7796
vn 0.4180 0.9016 -0.1117
vn 0.8630 0.4062 -0.3006
vn 0.8710 0.3212 -0.3718
vn 0.4767 0.2471 -0.8436
vn -0.1087 0.7544 0.6474
vn -0.5168 0.8553 0.0376
vn -0.5194 0.2501 -0.8171
vn -0.9065 0.0368 -0.4205
vn -0.3924 0.4998 -0.7721
vn 0.7955 0.3570 -0.4895
vn 0.2999 0.3973 -0.8673
vn -0.8770 0.0886 0.4722
vn -0.2408 0.3900 0.8888
vn -0.7997 -0.0314 0.5996
vn 0.8372 0.5196 -0.1707
vn -0.0971 0.4483 -0.8886
vn 0.7653 0.6174 0.1822
vn 0.1977 0.7526 0.6281
vn -0.3459 0.9225 0.1711
vn 0.3913 0.8764 0.2808
vn -0.9959 0.0858 0.0284
vn -0.0368 -0.6670 -0.7442
vn -0.9562 0.1572 0.2469
vn -0.9995 -0.0215 -0.0224
vn -0.9738 -0.0092 0.2271
vn -0.7283 0.6614 0.1793
vn -0.9878 0.1556 0.0019
vn -0.6344 0.5804 0.5106
vn -0.7724 0.1248 0.6227
vn -0.7503 0.2145 -0.6253
vn -0.2976 0.6669 -0.6831
vn -0.2918 0.2673 -0.9184
vn -0.3417 -0.0201 -0.9396
vn -0.0888 0.2578 -0.9621
vn -0.0982 0.0120 -0.9951
vn -0.3556 -0.1384 -0.9243
vn -0.7771 -0.0137 -0.6293
vn -0.6662 -0.4875 -0.5644
vn -0.7604 -0.1086 -0.6403
vn -0.1345 -0.6270 -0.7673
vn -0.1363 -0.1567 -0.9782
vn -0.4174 -0.0533 0.9072
vn -0.7799 -0.4696 0.4139
vn -0.4013 -0.5259 0.7499
vn -0.4348 0.0176 0.9004
vn -0.8146 -0.0903 0.5729
vn -0.0714 -0.0610 0.9956
vn -0.0849 0.0078 0.9964
vn -0.1051 -0.5726 0.8131
vn -0.4261 0.1794 0.8867
vn -0.8029 0.0159 0.5959
vn -0.3404 0.5877 0.7340
vn -0.0959 0.6401 0.7623
vn -0.1031 0.1947 0.9754
vn -0.9638 -0.1440 0.2245
vn -0.8388 -0.5386 -0.0799
vn -0.8514 -0.5081 0.1303
vn -0.9892 -0.1398 -0.0445
vn -0.9671 -0.1553 -0.2017
vn -0.8238 -0.5212 -0.2228
vn -0.9775 -0.0280 -0.2090
vn -0.9636 0.1698 -0.2066
vn -0.6066 0.6272 -0.4885
vn -0.7530 0.6567 0.0406
vn -0.7334 0.6553 -0.1811
vn -0.2972 0.9536 0.0487
vn -0.2803 0.9254 0.2552
vn -0.1000 0.9498 0.2965
vn -0.1072 0.9929 0.0519
vn -0.2933 0.9386 -0.1816
vn -0.1408 0.7087 -0.6913
vn -0.0906 0.9751 -0.2025
vn -0.6008 -0.7930 -0.1011
vn -0.3900 -0.9108 0.1355
vn -0.4398 -0.8797 0.1810
vn -0.4298 -0.8294 -0.3570
vn -0.3153 -0.5880 -0.7449
vn -0.1554 -0.8462 -0.5097
vn -0.1747 -0.9437 0.2809
vn -0.4471 -0.8009 -0.3983
vn -0.5689 -0.0862 -0.8179
vn -0.6328 -0.7662 -0.1115
vn -0.1939 -0.9390 0.2840
vn -0.2675 0.7869 -0.5561
vn -0.9126 0.4079 0.0286
vn -0.3684 -0.2382 0.8986
vn -0.6454 -0.0628 0.7612
vn -0.1470 -0.7898 -0.5955
vn -0.2258 0.7207 0.6555
vn -0.2050 0.4199 -0.8841
vn -0.2949 -0.2685 -0.9170
vn -0.2171 -0.9759 -0.0224
vn -0.2176 -0.6095 -0.7624
vn -0.3386 -0.6135 -0.7135
vn -0.2094 -0.1091 -0.9717
vn -0.2561 0.0719 -0.9640
vn -0.1755 0.1146 -0.9778
vn -0.2415 0.1782 0.9539
vn -0.2386 0.2954 0.9251
vn -0.1776 0.2329 0.9562
vn -0.1946 -0.5196 0.8320
vn -0.1794 -0.5006 0.8469
vn -0.2619 0.0453 0.9640
vn -0.0009 0.0375 0.9993
vn -0.7305 0.0471 -0.6812
vn -0.9978 0.0229 0.0624
vn -0.7229 0.0044 -0.6909
vn -0.6549 -0.0036 0.7557
vn -0.6661 -0.0038 0.7458
vn -0.2350 0.1035 -0.9665
vn -0.2311 0.0251 -0.9726
vn -0.6883 -0.1100 -0.7171
vn -0.2242 -0.1210 -0.9670
vn -0.6801 0.0423 0.7319
vn -0.9993 -0.0324 0.0193
vn -0.2498 0.0900 0.9641
vn -0.1768 0.9803 0.0882
vn -0.1721 0.6701 0.7220
vn -0.2103 0.6834 0.6991
vn -0.2131 0.4982 0.8405
vn -0.3237 0.0044 -0.9461
vn -0.6923 -0.1265 0.7105
vn -0.0457 -0.3174 0.9472
vn -0.7224 -0.0735 0.6875
vn -0.9860 0.1416 0.0877
vn -0.7252 -0.0604 0.6859
vn -0.7248 0.1521 -0.6720
vn -0.2457 0.2681 0.9315
vn -0.2011 -0.3463 0.9163
vn -0.2975 -0.0074 0.9547
vn -0.1210 -0.0804 -0.9894
vn 0.4820 -0.8740 -0.0619
vn 0.0001 -0.9958 -0.0911
vn 0.2679 -0.5473 -0.7929
vn 0.7466 -0.3814 0.5451
vn 0.9849 -0.1663 -0.0484
vn 0.7181 -0.2760 0.6389
vn 0.9507 -0.3100 -0.0105
vn 0.6937 -0.3729 0.6162
vn -0.6517 0.1758 -0.7379
vn -0.9980 0.0514 0.0361
vn -0.9887 0.1473 -0.0271
vn 0.6855 -0.1911 -0.7026
vn 0.0126 0.1491 -0.9887
vn -0.0350 -0.0323 -0.9989
vn -0.6042 0.1822 -0.7757
vn -0.9877 -0.1445 -0.0593
vn -0.9999 0.0046 -0.0134
vn -0.6824 0.1786 -0.7088
vn 0.6628 0.0085 -0.7487
vn 0.7439 -0.0059 -0.6683
vn -0.6896 -0.2393 0.6835
vn -0.0213 -0.2806 0.9596
vn -0.0428 -0.4664 0.8835
vn 0.7476 -0.2233 0.6255
vn 0.6604 -0.5294 0.5325
vn 0.6134 -0.2304 -0.7554
vn 0.0570 0.1398 -0.9885
vn -0.0014 -0.4178 0.9085
vn 0.9190 -0.3802 -0.1043
vn 0.9777 -0.1740 -0.1178
vn 0.2589 -0.7397 0.6211
vn -0.6998 -0.2540 0.6677
vn 0.9644 -0.2621 0.0343
vn 0.7499 -0.2338 -0.6188
vn 0.0407 -0.0885 -0.9952
vn -0.9221 0.0414 0.3846
vn -0.0505 -0.6437 0.7636
vn -0.1228 -0.9908 -0.0567
vn -0.0985 0.6990 0.7083
vn -0.1423 0.2184 0.9654
vn -0.1965 0.0175 -0.9803
vn -0.1547 0.7591 -0.6324
vn -0.2456 0.6737 -0.6970
vn -0.1519 0.9842 0.0914
vn -0.3272 0.6971 -0.6380
vn -0.2168 0.8780 -0.4268
vn -0.2267 0.9624 0.1495
vn -0.2422 0.7637 -0.5984
vn -0.0170 -0.9998 0.0047
vn 0.1032 -0.7465 -0.6574
vn -0.1118 -0.6664 -0.7372
vn -0.0217 0.1104 0.9937
vn 0.2252 -0.7381 0.6361
vn -0.0000 -0.6228 0.7824
vn -0.1742 0.0366 -0.9840
vn -0.0461 -0.6514 -0.7573
vn 0.0956 0.8509 0.5165
vn 0.4139 0.2479 0.8759
vn -0.0961 0.8541 0.5112
vn 0.1806 0.1152 -0.9768
vn 0.0081 0.8592 -0.5116
vn -0.1906 0.9791 0.0706
vn -0.2770 0.9504 0.1416
vn 0.0752 -0.9972 -0.0028
vn -0.0348 -0.9989 -0.0329
vn -0.1448 0.7135 0.6855
vn -0.0849 0.7078 0.7013
vn -0.1490 0.9794 0.1361
vn -0.0279 -0.9996 -0.0068
vn -0.0273 -0.6361 0.7711
vn -0.0222 0.1190 0.9927
vn -0.1986 0.7699 -0.6064
vn -0.1574 0.0368 -0.9868
vn -0.0971 -0.6694 -0.7365
vn -0.5384 -0.1648 0.8264
vn -0.7555 -0.6545 0.0294
vn -0.6349 0.0711 0.7693
vn -0.2880 0.7189 -0.6327
vn -0.1996 0.9729 0.1167
vn -0.2057 0.7053 0.6784
vn -0.4501 -0.5699 -0.6875
vn -0.5272 -0.2200 -0.8208
vn -0.1845 0.8726 0.4522
vn -0.1740 -0.8958 0.4089
vn 0.6817 -0.6280 0.3753
vn -0.3134 0.3345 0.8888
vn 0.5741 0.5197 0.6327
vn -0.0766 0.1052 -0.9915
vn 0.2006 0.1024 -0.9743
vn 0.2881 -0.7095 -0.6432
vn -0.6061 -0.1826 -0.7742
vn -0.4316 0.8075 -0.4021
vn -0.2068 0.0262 -0.9780
vn -0.8089 0.4787 -0.3413
vn -0.4083 0.9109 0.0599
vn 0.3295 -0.9437 -0.0286
vn -0.2378 -0.8688 -0.4343
vn 0.1989 -0.8229 -0.5322
vn -0.0542 0.2129 0.9756
vn -0.1315 -0.8033 0.5808
vn 0.2865 -0.7440 0.6036
vn 0.0916 -0.8163 -0.5704
vn -0.5284 0.8042 0.2721
vn -0.1966 0.8995 -0.3901
vn -0.4420 -0.8962 0.0381
vn -0.5518 -0.0391 0.8331
vn -0.9378 -0.3471 -0.0020
vn -0.9333 0.3558 0.0486
vn -0.7486 0.5065 0.4278
vn -0.3370 0.8269 0.4503
vn 0.1650 -0.8022 -0.5737
vn -0.0701 0.0771 -0.9946
vn 0.1571 -0.8110 -0.5635
vn -0.3102 0.9486 0.0631
vn -0.3282 0.8410 0.4301
vn -0.3200 0.8354 0.4469
vn 0.1654 -0.7781 0.6060
vn 0.1843 -0.9827 -0.0189
vn 0.0649 -0.7824 0.6194
vn -0.1350 0.2090 0.9685
vn -0.1989 0.1606 0.9668
vn -0.3521 0.8368 -0.4193
vn -0.2884 0.8637 -0.4134
vn 0.4169 0.5624 0.7141
vn 0.7303 -0.6529 0.2011
vn 0.5175 0.6379 0.5703
vn -0.2369 -0.8541 -0.4630
vn -0.0275 -0.7229 0.6904
vn -0.3506 -0.5915 -0.7261
vn 0.5755 -0.7462 0.3346
vn -0.5991 0.6857 -0.4135
vn -0.1241 0.3690 0.9211
vn -0.7782 -0.6218 -0.0887
vn -0.8711 0.4712 0.1385
vn 0.0732 0.2083 -0.9753
vn -0.6279 -0.0630 -0.7757
vn -0.9611 0.1405 -0.2379
vn -0.0808 0.0176 0.9966
vn -0.2939 -0.6643 -0.6873
vn 0.0382 -0.6670 -0.7441
vn 0.3342 -0.7244 -0.6029
vn 0.6371 -0.6998 -0.3231
vn 0.5840 -0.8118 0.0010
vn 0.7015 -0.7125 -0.0138
vn -0.6656 -0.7393 -0.1021
vn -0.6517 -0.7306 0.2038
vn 0.5682 -0.7074 0.4204
vn 0.6822 -0.7063 0.1891
vn 0.6885 -0.7247 0.0282
vn 0.6416 -0.7470 0.1745
vn -0.7051 -0.6825 -0.1923
vn 0.2526 -0.6448 0.7214
vn -0.4463 -0.6804 0.5813
vn -0.1147 -0.6648 0.7382
vn -0.6353 -0.6116 -0.4715
vn -0.6196 -0.7601 -0.1956
vn 0.6075 -0.7779 0.1605
vn -0.6651 -0.7467 0.0135
vn -0.1539 0.1250 0.9801
vn -0.6784 0.0760 0.7307
vn -0.5666 0.1431 -0.8114
vn 0.9688 0.0220 0.2470
vn -0.9497 0.1018 -0.2960
vn -0.6467 -0.7355 -0.2020
vn -0.9835 0.0891 -0.1575
vn -0.9778 0.0822 -0.1928
vn -0.8969 0.1199 -0.4257
vn 0.9489 0.1301 0.2874
vn 0.7356 0.1057 0.6692
vn -0.7984 0.1678 -0.5783
vn 0.9798 0.0488 0.1937
vn 0.9964 0.0815 -0.0212
vn 0.9947 0.0821 0.0616
vn 0.8766 0.3667 0.3115
vn 0.8284 0.5536 0.0857
vn 0.8515 0.5242 -0.0104
vn 0.9896 0.1400 0.0329
vn 0.7004 0.4487 0.5551
vn -0.8080 0.5048 0.3037
vn -0.9431 0.0765 0.3236
vn -0.8262 0.5100 -0.2393
vn -0.7706 0.2750 -0.5750
vn -0.0731 0.0681 -0.9950
vn -0.5522 0.2544 -0.7939
vn 0.0140 0.2312 -0.9728
vn 0.2276 0.3728 0.8995
vn 0.2752 0.0924 0.9569
vn 0.8727 0.0699 -0.4832
vn 0.5366 0.1953 -0.8209
vn 0.9101 0.2218 -0.3500
vn 0.8592 0.4709 0.2002
vn 0.9825 0.1725 -0.0697
vn 0.9628 0.1716 0.2088
vn -0.9960 0.0813 0.0357
vn -0.8865 0.4616 0.0323
vn -0.8730 0.4398 -0.2109
vn -0.9573 0.0652 -0.2815
vn -0.9201 0.3247 -0.2191
vn 0.4500 -0.0160 -0.8929
vn -0.8662 0.4701 -0.1692
vn 0.9965 0.0833 -0.0120
vn 0.8761 0.0886 0.4739
vn -0.4085 0.8790 0.2458
vn -0.4513 0.8917 0.0345
vn -0.7970 0.2595 -0.5454
vn -0.4752 0.2471 -0.8445
vn -0.4275 0.9040 -0.0092
vn -0.3918 0.8764 0.2801
vn -0.7577 0.6526 0.0026
vn 0.0340 0.2023 -0.9787
vn 0.5210 0.2501 -0.8161
vn -0.4178 0.9016 -0.1124
vn 0.9339 0.0212 -0.3570
vn 0.4036 0.6717 0.6212
vn 0.3456 0.9225 0.1717
vn 0.3787 0.9240 -0.0533
vn 0.4078 0.8647 0.2931
vn -0.2670 0.7770 0.5700
vn -0.8624 0.4062 -0.3022
vn 0.1075 0.7544 0.6476
vn 0.5168 0.8553 0.0386
vn 0.9073 0.0368 -0.4188
vn -0.7946 0.3571 -0.4910
vn -0.2983 0.3973 -0.8679
vn 0.2391 0.3900 0.8892
vn 0.0988 0.4483 -0.8884
vn -0.8369 0.5196 -0.1723
vn -0.1989 0.7526 0.6277
vn -0.4475 0.4397 0.7787
vn -0.7655 0.6175 0.1808
vn 0.9959 0.0857 0.0303
vn -0.8703 0.3212 -0.3735
vn -0.6309 -0.7715 -0.0820
vn -0.7083 0.1624 -0.6870
vn 0.3938 0.4999 -0.7714
vn -0.1440 0.0761 -0.9866
vn -0.3654 0.9289 0.0594
vn 0.2680 -0.9629 -0.0316
vn -0.2209 0.9733 0.0624
vn 0.1511 -0.9884 -0.0135
vn 0.1426 0.9802 0.1371
vn 0.1876 0.7698 -0.6101
vn 0.0167 -0.9996 -0.0212
vn 0.0131 -0.6387 0.7694
vn 0.1499 0.0386 -0.9880
vn 0.0876 -0.6692 -0.7379
vn 0.0742 0.7066 0.7037
vn -0.1428 0.9802 0.1368
vn -0.1865 0.7698 -0.6104
vn -0.0167 -0.9996 -0.0212
vn -0.0862 -0.6692 -0.7381
vn -0.0145 -0.6387 0.7694
vn -0.1480 0.0386 -0.9882
vn -0.0755 0.7066 0.7036
vn -0.0009 0.1761 0.9844
vn -0.1532 0.9795 0.1310
vn -0.0150 -0.9991 -0.0403
vn -0.0153 0.1339 0.9909
vn -0.0687 0.0460 -0.9966
vn -0.1922 -0.9811 0.0243
vn -0.1820 0.9783 0.0986
vn -0.2105 0.2284 0.9505
vn -0.3146 0.0157 -0.9491
vn 0.0007 -0.6212 -0.7836
vn -0.0008 -0.5806 0.8142
vn -0.0007 0.6481 0.7616
vn 0.7986 -0.0314 0.6010
vt 0.424189 0.840543
vt 0.461125 0.792446
vt 0.464336 0.838546
vt 0.416717 0.891313
vt 0.381879 0.875987
vt 0.388363 0.839070
vt 0.422632 0.794167
vt 0.566789 0.877794
vt 0.547299 0.836224
vt 0.578397 0.842760
vt 0.581898 0.795908
vt 0.597619 0.848015
vt 0.620819 0.793294
vt 0.616772 0.853315
vt 0.600537 0.899719
vt 0.583095 0.888653
vt 0.579292 0.753821
vt 0.549020 0.792867
vt 0.546067 0.756194
vt 0.544645 0.723253
vt 0.574039 0.710092
vt 0.595691 0.703076
vt 0.619721 0.748357
vt 0.597837 0.751342
vt 0.601547 0.796005
vt 0.348695 0.746560
vt 0.370282 0.707710
vt 0.379394 0.748660
vt 0.352067 0.794337
vt 0.329024 0.744340
vt 0.314521 0.794038
vt 0.314430 0.744770
vt 0.328721 0.702267
vt 0.354042 0.840060
vt 0.386191 0.794961
vt 0.357348 0.881251
vt 0.333591 0.885364
vt 0.314618 0.841490
vt 0.331745 0.841868
vt 0.330568 0.794359
vt 0.413924 0.746695
vt 0.448209 0.693178
vt 0.456179 0.745664
vt 0.398831 0.701742
vt 0.504429 0.747971
vt 0.506491 0.792522
vt 0.508008 0.704406
vt 0.507486 0.836775
vt 0.542416 0.864527
vt 0.513779 0.871163
vt 0.468510 0.881365
vt 0.479157 0.922805
vt 0.419565 0.937381
vt 0.424599 0.965218
vt 0.496721 0.973106
vt 0.429012 0.990871
vt 0.314511 0.941935
vt 0.345272 0.936565
vt 0.375354 0.923035
vt 0.533244 0.902573
vt 0.561199 0.940729
vt 0.546777 0.922084
vt 0.487495 0.948280
vt 0.435746 0.653777
vt 0.381262 0.577779
vt 0.445485 0.577770
vt 0.535591 0.655029
vt 0.607121 0.620608
vt 0.561972 0.632999
vt 0.361914 0.644380
vt 0.346644 0.709066
vt 0.313881 0.639752
vt 0.338499 0.642475
vt 0.499833 0.577771
vt 0.555856 0.577771
vt 0.499825 0.533686
vt 0.346813 0.577779
vt 0.313472 0.533689
vt 0.342897 0.533687
vt 0.314240 0.577779
vt 0.334052 0.271301
vt 0.357396 0.300091
vt 0.329014 0.286781
vt 0.322390 0.251659
vt 0.313386 0.238894
vt 0.334027 0.242630
vt 0.379403 0.533687
vt 0.444533 0.533687
vt 0.556533 0.533686
vt 0.357750 0.248681
vt 0.359286 0.273939
vt 0.332089 0.303960
vt 0.321848 0.288750
vt 0.433662 0.354178
vt 0.449266 0.326720
vt 0.449485 0.354250
vt 0.366558 0.325732
vt 0.343994 0.358074
vt 0.338463 0.328531
vt 0.313384 0.207136
vt 0.344557 0.178094
vt 0.341915 0.209838
vt 0.418808 0.228852
vt 0.449323 0.220507
vt 0.449271 0.239104
vt 0.343530 0.090906
vt 0.314626 0.017308
vt 0.347540 0.017308
vt 0.414719 0.446112
vt 0.377733 0.512503
vt 0.375206 0.446113
vt 0.414715 0.091274
vt 0.383767 0.017308
vt 0.419431 0.017308
vt 0.346142 0.512510
vt 0.344101 0.446113
vt 0.375666 0.404281
vt 0.344048 0.404281
vt 0.377258 0.128712
vt 0.416572 0.128622
vt 0.413916 0.404274
vt 0.314033 0.128516
vt 0.344355 0.128615
vt 0.412771 0.274270
vt 0.449197 0.256444
vt 0.449187 0.274815
vt 0.415545 0.317015
vt 0.418053 0.335450
vt 0.764886 0.156253
vt 0.785226 0.107684
vt 0.785902 0.156261
vt 0.799007 0.216144
vt 0.788083 0.231730
vt 0.787603 0.209281
vt 0.806236 0.216144
vt 0.817640 0.209281
vt 0.817160 0.231730
vt 0.313740 0.329149
vt 0.313373 0.306234
vt 0.372191 0.215842
vt 0.374663 0.091035
vt 0.315648 0.446113
vt 0.314837 0.404281
vt 0.314860 0.512509
vt 0.379954 0.180533
vt 0.314468 0.358172
vt 0.313369 0.290182
vt 0.603223 0.533686
vt 0.601924 0.577769
vt 0.331166 0.256618
vt 0.745586 0.200221
vt 0.747370 0.231809
vt 0.859657 0.200221
vt 0.857873 0.231809
vt 0.709669 0.231837
vt 0.709669 0.170960
vt 0.711467 0.163309
vt 0.721847 0.172340
vt 0.895574 0.201072
vt 0.895574 0.231837
vt 0.893776 0.163309
vt 0.895574 0.170960
vt 0.883396 0.172340
vt 0.727815 0.107591
vt 0.746092 0.080597
vt 0.745571 0.107637
vt 0.721819 0.156184
vt 0.741924 0.156224
vt 0.819341 0.156261
vt 0.806946 0.107689
vt 0.820018 0.107684
vt 0.863319 0.156224
vt 0.840570 0.107660
vt 0.859673 0.107637
vt 0.820450 0.080597
vt 0.806937 0.054180
vt 0.822707 0.054203
vt 0.806573 0.080594
vt 0.859151 0.080597
vt 0.764674 0.107660
vt 0.784794 0.080597
vt 0.764428 0.054143
vt 0.749316 0.015651
vt 0.764815 0.015651
vt 0.840985 0.080600
vt 0.856585 0.054132
vt 0.782536 0.054203
vt 0.729421 0.054235
vt 0.748658 0.054132
vt 0.840357 0.156253
vt 0.806497 0.156257
vt 0.798746 0.156257
vt 0.883424 0.156184
vt 0.798670 0.080594
vt 0.798306 0.054180
vt 0.875823 0.054235
vt 0.877532 0.080594
vt 0.729683 0.015651
vt 0.798297 0.107689
vt 0.877428 0.107591
vt 0.840815 0.054143
vt 0.855928 0.015651
vt 0.764259 0.080600
vt 0.783049 0.015663
vt 0.798628 0.015651
vt 0.709669 0.201072
vt 0.449523 0.204607
vt 0.480124 0.220366
vt 0.479999 0.257885
vt 0.449223 0.302051
vt 0.479967 0.285858
vt 0.480002 0.302736
vt 0.449178 0.285334
vt 0.413400 0.253148
vt 0.413721 0.291399
vt 0.434697 0.204330
vt 0.422225 0.207221
vt 0.566295 0.274906
vt 0.595486 0.285901
vt 0.566268 0.285870
vt 0.566418 0.354247
vt 0.595450 0.326418
vt 0.595727 0.354264
vt 0.566331 0.238259
vt 0.595577 0.220463
vt 0.595572 0.238385
vt 0.566261 0.302736
vt 0.566248 0.326375
vt 0.479969 0.274904
vt 0.480017 0.326307
vt 0.480076 0.238202
vt 0.480251 0.354141
vt 0.936043 0.747008
vt 0.923453 0.760350
vt 0.936042 0.768567
vt 0.936038 0.820137
vt 0.916280 0.805196
vt 0.913156 0.821296
vt 0.936042 0.798169
vt 0.915442 0.782105
vt 0.819123 0.316250
vt 0.797225 0.333975
vt 0.797550 0.318382
vt 0.595475 0.302736
vt 0.595521 0.257994
vt 0.566295 0.257912
vt 0.566497 0.203804
vt 0.566331 0.220418
vt 0.595515 0.274908
vt 0.532118 0.257914
vt 0.532117 0.274905
vt 0.532351 0.203915
vt 0.532180 0.220442
vt 0.532164 0.238293
vt 0.532094 0.285856
vt 0.532103 0.302735
vt 0.532102 0.326282
vt 0.532268 0.354131
vt 0.419455 0.177066
vt 0.390478 0.193948
vt 0.377553 0.292302
vt 0.378918 0.250740
vt 0.383620 0.322861
vt 0.389307 0.352126
vt 0.377764 0.356368
vt 0.377725 0.275083
vt 0.386719 0.219392
vt 0.413831 0.374713
vt 0.419551 0.370201
vt 0.886209 0.762623
vt 0.885320 0.783617
vt 0.777659 0.360222
vt 0.775246 0.328194
vt 0.880033 0.743203
vt 0.890829 0.819226
vt 0.782364 0.317118
vt 0.936035 0.782914
vt 0.917158 0.833933
vt 0.936043 0.839292
vt 0.935345 0.733206
vt 0.924802 0.741013
vt 0.850441 0.804389
vt 0.834730 0.811118
vt 0.848924 0.814470
vt 0.845332 0.792443
vt 0.836175 0.803540
vt 0.802891 0.409291
vt 0.825644 0.420676
vt 0.802602 0.427387
vt 0.838707 0.770458
vt 0.818760 0.775581
vt 0.825647 0.779275
vt 0.890980 0.833163
vt 0.869023 0.734549
vt 0.888750 0.727085
vt 0.872363 0.723774
vt 0.827988 0.356680
vt 0.798520 0.363699
vt 0.891034 0.803458
vt 0.812287 0.796118
vt 0.823986 0.796395
vt 0.827928 0.816141
vt 0.830711 0.785266
vt 0.831336 0.794974
vt 0.844701 0.779631
vt 0.786338 0.423044
vt 0.785572 0.404993
vt 0.844285 0.822752
vt 0.876973 0.818524
vt 0.860643 0.829363
vt 0.875811 0.831263
vt 0.872324 0.786765
vt 0.858692 0.773995
vt 0.859328 0.789913
vt 0.800398 0.377537
vt 0.784805 0.386943
vt 0.781503 0.373582
vt 0.872450 0.768309
vt 0.851767 0.761641
vt 0.865900 0.752422
vt 0.846093 0.753734
vt 0.829294 0.383941
vt 0.803179 0.391195
vt 0.864707 0.805239
vt 0.877870 0.804349
vt 0.863117 0.817822
vt 0.925131 0.719445
vt 0.907509 0.711057
vt 0.915383 0.725852
vt 0.767249 0.355598
vt 0.762244 0.337615
vt 0.765097 0.361551
vt 0.738160 0.372496
vt 0.749799 0.350854
vt 0.886180 0.719532
vt 0.872236 0.715844
vt 0.895340 0.694131
vt 0.882537 0.690427
vt 0.887850 0.697470
vt 0.898063 0.686418
vt 0.840361 0.015651
vt 0.806601 0.015663
vt 0.822019 0.015663
vt 0.875560 0.015651
vt 0.766859 0.911082
vt 0.770744 0.901510
vt 0.763760 0.893499
vt 0.770211 0.925627
vt 0.762338 0.936825
vt 0.711596 0.936677
vt 0.696274 0.910932
vt 0.696421 0.941635
vt 0.712570 0.910932
vt 0.699362 0.882974
vt 0.679979 0.910932
vt 0.669017 0.887282
vt 0.663683 0.910932
vt 0.666402 0.936456
vt 0.745465 0.940958
vt 0.738734 0.910931
vt 0.736360 0.940090
vt 0.747051 0.888843
vt 0.737908 0.889706
vt 0.652267 0.923704
vt 0.650448 0.911016
vt 0.653728 0.898328
vt 0.748602 0.910932
vt 0.728378 0.888472
vt 0.713956 0.884701
vt 0.727281 0.938093
vt 0.684388 0.883796
vt 0.681354 0.941635
vt 0.685829 0.695635
vt 0.709035 0.707892
vt 0.708318 0.689391
vt 0.651216 0.838339
vt 0.636815 0.828293
vt 0.636358 0.838542
vt 0.761434 0.786870
vt 0.784626 0.791663
vt 0.781184 0.780586
vt 0.662889 0.772774
vt 0.648575 0.752749
vt 0.644587 0.767637
vt 0.667608 0.758644
vt 0.655645 0.733289
vt 0.636687 0.810221
vt 0.655736 0.797824
vt 0.638034 0.794237
vt 0.751425 0.706855
vt 0.743698 0.740467
vt 0.762160 0.730646
vt 0.651688 0.827846
vt 0.766139 0.797810
vt 0.786770 0.803304
vt 0.770097 0.809706
vt 0.790282 0.816064
vt 0.756045 0.773861
vt 0.746963 0.789506
vt 0.738081 0.763188
vt 0.749903 0.756858
vt 0.727102 0.734129
vt 0.735818 0.718438
vt 0.690493 0.734814
vt 0.692503 0.712229
vt 0.681709 0.721092
vt 0.675902 0.773849
vt 0.663860 0.828975
vt 0.652804 0.811466
vt 0.651984 0.847741
vt 0.662721 0.839648
vt 0.718851 0.717725
vt 0.726702 0.710939
vt 0.775207 0.821851
vt 0.767474 0.837667
vt 0.778828 0.834668
vt 0.733420 0.750248
vt 0.758294 0.814508
vt 0.673889 0.744932
vt 0.671792 0.787590
vt 0.659328 0.785637
vt 0.668594 0.798637
vt 0.769809 0.847741
vt 0.778660 0.847798
vt 0.683588 0.751217
vt 0.763232 0.827184
vt 0.753212 0.799839
vt 0.745139 0.819551
vt 0.696225 0.747399
vt 0.672580 0.831952
vt 0.692294 0.778048
vt 0.684106 0.807013
vt 0.757514 0.847741
vt 0.678758 0.763215
vt 0.691125 0.756638
vt 0.751837 0.830942
vt 0.741140 0.776355
vt 0.724027 0.790583
vt 0.727865 0.767257
vt 0.723221 0.747063
vt 0.702700 0.734670
vt 0.699037 0.717821
vt 0.689960 0.767062
vt 0.676496 0.818660
vt 0.665722 0.812987
vt 0.662628 0.847741
vt 0.671022 0.841116
vt 0.715429 0.734568
vt 0.727865 0.756596
vt 0.753335 0.841094
vt 0.744649 0.834372
vt 0.747224 0.843692
vt 0.679750 0.835250
vt 0.668719 0.847741
vt 0.678439 0.843499
vt 0.736824 0.806172
vt 0.718289 0.798618
vt 0.731506 0.809276
vt 0.680551 0.820931
vt 0.749336 0.847741
vt 0.690572 0.808936
vt 0.702430 0.798724
vt 0.725767 0.778640
vt 0.695283 0.790443
vt 0.739621 0.822169
vt 0.731475 0.694422
vt 0.728866 0.910932
vt 0.685895 0.837050
vt 0.685422 0.848102
vt 0.741032 0.847741
vt 0.676732 0.847741
vt 0.698378 0.813838
vt 0.688192 0.824436
vt 0.733890 0.824390
vt 0.738812 0.836505
vt 0.725362 0.813361
vt 0.710079 0.810501
vt 0.794359 0.834625
vt 0.769187 0.749663
vt 0.775611 0.765710
vt 0.794071 0.847746
vt 0.640929 0.781632
vt 0.667034 0.709545
vt 0.635994 0.847741
vt 0.205075 0.841165
vt 0.167894 0.792612
vt 0.206425 0.794302
vt 0.213092 0.892060
vt 0.164771 0.839372
vt 0.247610 0.876372
vt 0.240912 0.839472
vt 0.081350 0.836963
vt 0.061439 0.878760
vt 0.050009 0.843329
vt 0.046919 0.795987
vt 0.030597 0.848442
vt 0.007910 0.793258
vt 0.027226 0.796032
vt 0.027123 0.900645
vt 0.011233 0.853570
vt 0.049903 0.754191
vt 0.079860 0.793006
vt 0.084560 0.723965
vt 0.083012 0.756778
vt 0.009719 0.748336
vt 0.033980 0.703702
vt 0.031469 0.751533
vt 0.280135 0.746760
vt 0.258394 0.708087
vt 0.281875 0.709276
vt 0.276985 0.794544
vt 0.249421 0.748845
vt 0.299788 0.744428
vt 0.298477 0.794450
vt 0.299865 0.702364
vt 0.275218 0.840274
vt 0.242874 0.795054
vt 0.272086 0.881446
vt 0.295777 0.885443
vt 0.297500 0.841963
vt 0.214966 0.746963
vt 0.180580 0.693943
vt 0.229864 0.702249
vt 0.172761 0.746006
vt 0.124594 0.748679
vt 0.121061 0.705265
vt 0.122463 0.792695
vt 0.121385 0.837636
vt 0.086117 0.865495
vt 0.160724 0.882526
vt 0.114993 0.872283
vt 0.150060 0.924580
vt 0.210795 0.939017
vt 0.205917 0.967651
vt 0.132131 0.975845
vt 0.141589 0.950525
vt 0.284079 0.936417
vt 0.254367 0.923054
vt 0.095251 0.904000
vt 0.066684 0.942564
vt 0.044873 0.889609
vt 0.081443 0.923720
vt 0.193570 0.654851
vt 0.247379 0.577779
vt 0.265733 0.644745
vt 0.093658 0.656259
vt 0.055405 0.710773
vt 0.022813 0.622214
vt 0.067560 0.634447
vt 0.289294 0.642673
vt 0.129023 0.577772
vt 0.129118 0.533691
vt 0.182637 0.577771
vt 0.281709 0.577779
vt 0.268898 0.301442
vt 0.291197 0.271842
vt 0.297011 0.287295
vt 0.305907 0.251701
vt 0.313384 0.246016
vt 0.247387 0.533689
vt 0.073421 0.577772
vt 0.270475 0.248715
vt 0.295323 0.256799
vt 0.295298 0.304572
vt 0.305394 0.289180
vt 0.193938 0.355121
vt 0.176015 0.328031
vt 0.207023 0.335239
vt 0.284512 0.358580
vt 0.260256 0.327132
vt 0.289615 0.328914
vt 0.282865 0.177913
vt 0.285628 0.210190
vt 0.206546 0.229302
vt 0.175926 0.219668
vt 0.203923 0.207845
vt 0.284546 0.090778
vt 0.314613 0.090700
vt 0.253341 0.512512
vt 0.214391 0.446114
vt 0.254895 0.446135
vt 0.214500 0.090826
vt 0.247743 0.017308
vt 0.254392 0.090764
vt 0.285985 0.512515
vt 0.286115 0.446113
vt 0.252155 0.404241
vt 0.285386 0.404280
vt 0.250952 0.128649
vt 0.210862 0.128516
vt 0.213588 0.404272
vt 0.283022 0.128585
vt 0.213024 0.273701
vt 0.176112 0.256466
vt 0.211851 0.254735
vt 0.293270 0.242695
vt 0.210397 0.317612
vt 0.634112 0.107684
vt 0.654452 0.156253
vt 0.633436 0.156261
vt 0.620331 0.216144
vt 0.631735 0.209281
vt 0.631255 0.231730
vt 0.984912 0.216144
vt 0.973988 0.231730
vt 0.973508 0.209281
vt 0.254233 0.215514
vt 0.026664 0.533691
vt 0.027849 0.577770
vt 0.673752 0.200221
vt 0.671968 0.231809
vt 0.931491 0.200221
vt 0.933275 0.231809
vt 0.707871 0.163309
vt 0.709669 0.163423
vt 0.897372 0.163309
vt 0.907752 0.172340
vt 0.673246 0.080597
vt 0.691523 0.107591
vt 0.673767 0.107637
vt 0.697519 0.156184
vt 0.677414 0.156224
vt 0.971807 0.156261
vt 0.984202 0.107689
vt 0.984651 0.156257
vt 0.927829 0.156224
vt 0.950579 0.107660
vt 0.950792 0.156253
vt 0.970699 0.080597
vt 0.984211 0.054180
vt 0.984575 0.080594
vt 0.971131 0.107684
vt 0.931997 0.080597
vt 0.931476 0.107637
vt 0.634545 0.080597
vt 0.654665 0.107660
vt 0.654910 0.054143
vt 0.670023 0.015651
vt 0.670680 0.054132
vt 0.934564 0.054132
vt 0.950164 0.080600
vt 0.655079 0.080600
vt 0.689917 0.054235
vt 0.691627 0.080594
vt 0.697491 0.172340
vt 0.620592 0.156257
vt 0.620668 0.080594
vt 0.636802 0.054203
vt 0.915326 0.054235
vt 0.913617 0.080594
vt 0.689655 0.015651
vt 0.621041 0.107689
vt 0.913720 0.107591
vt 0.907724 0.156184
vt 0.935221 0.015651
vt 0.950334 0.054143
vt 0.621032 0.054180
vt 0.636114 0.015663
vt 0.145397 0.220346
vt 0.175617 0.203610
vt 0.145435 0.257886
vt 0.176002 0.238678
vt 0.176076 0.303006
vt 0.145445 0.285869
vt 0.176141 0.285954
vt 0.176127 0.274825
vt 0.212919 0.292865
vt 0.188960 0.203956
vt 0.030728 0.285918
vt 0.059219 0.274906
vt 0.059234 0.285883
vt 0.059157 0.354297
vt 0.030753 0.326476
vt 0.059246 0.326424
vt 0.059200 0.238244
vt 0.030667 0.220373
vt 0.059200 0.220400
vt 0.059238 0.302736
vt 0.145431 0.326349
vt 0.175682 0.354323
vt 0.923919 0.589915
vt 0.936044 0.576656
vt 0.936043 0.598211
vt 0.936038 0.649765
vt 0.916482 0.634717
vt 0.936043 0.627815
vt 0.915780 0.611622
vt 0.936035 0.612530
vt 0.911203 0.334156
vt 0.933308 0.316285
vt 0.911008 0.319288
vt 0.030704 0.258005
vt 0.059220 0.257916
vt 0.059113 0.203743
vt 0.030707 0.274909
vt 0.093400 0.257917
vt 0.093400 0.274906
vt 0.093392 0.203856
vt 0.093398 0.220424
vt 0.093398 0.238277
vt 0.093401 0.285867
vt 0.093400 0.302736
vt 0.093401 0.326326
vt 0.093395 0.354175
vt 0.238441 0.193212
vt 0.209258 0.175756
vt 0.247444 0.179769
vt 0.248443 0.292318
vt 0.268288 0.274533
vt 0.247863 0.251013
vt 0.238015 0.351967
vt 0.249383 0.358293
vt 0.213559 0.376549
vt 0.886662 0.591967
vt 0.892139 0.360916
vt 0.890318 0.328884
vt 0.880602 0.572511
vt 0.925382 0.570586
vt 0.890949 0.648597
vt 0.913262 0.650799
vt 0.896187 0.317278
vt 0.917190 0.663459
vt 0.936043 0.668939
vt 0.935971 0.562842
vt 0.949700 0.563685
vt 0.834898 0.640157
vt 0.850648 0.633522
vt 0.849072 0.643593
vt 0.836388 0.632588
vt 0.845610 0.621546
vt 0.916752 0.410023
vt 0.939488 0.421443
vt 0.941342 0.403078
vt 0.839115 0.599522
vt 0.819139 0.604527
vt 0.832869 0.593684
vt 0.891017 0.662534
vt 0.869643 0.563793
vt 0.889413 0.556445
vt 0.941931 0.357450
vt 0.942432 0.332580
vt 0.891247 0.632831
vt 0.812557 0.625025
vt 0.826004 0.608262
vt 0.824241 0.625371
vt 0.828067 0.645141
vt 0.831599 0.623994
vt 0.831032 0.614283
vt 0.845055 0.608730
vt 0.900179 0.423750
vt 0.899440 0.405699
vt 0.844385 0.651848
vt 0.860703 0.658556
vt 0.877097 0.647813
vt 0.875860 0.660545
vt 0.872635 0.616027
vt 0.859079 0.603177
vt 0.872871 0.597572
vt 0.898701 0.387647
vt 0.914851 0.378266
vt 0.895420 0.374281
vt 0.852227 0.590782
vt 0.866415 0.581647
vt 0.846599 0.582841
vt 0.858121 0.573317
vt 0.943195 0.384714
vt 0.942563 0.371082
vt 0.864909 0.634456
vt 0.878078 0.633643
vt 0.908267 0.540529
vt 0.925839 0.549020
vt 0.916053 0.555370
vt 0.881194 0.356275
vt 0.852079 0.373128
vt 0.879032 0.362225
vt 0.863751 0.351504
vt 0.876216 0.338284
vt 0.873046 0.553037
vt 0.886888 0.548877
vt 0.896198 0.523531
vt 0.883417 0.519751
vt 0.898967 0.515834
vt 0.888689 0.526826
vt 0.872966 0.545107
vt 0.916937 0.533274
vt 0.950720 0.015651
vt 0.968441 0.054203
vt 0.984533 0.015651
vt 0.654456 0.015651
vt 0.934161 0.917252
vt 0.938046 0.926824
vt 0.941210 0.917411
vt 0.937513 0.902706
vt 0.929640 0.891508
vt 0.863576 0.917402
vt 0.878898 0.891657
vt 0.863722 0.886699
vt 0.866664 0.945360
vt 0.879872 0.917402
vt 0.836319 0.941052
vt 0.847280 0.917402
vt 0.830984 0.917403
vt 0.833704 0.891879
vt 0.848656 0.886699
vt 0.906036 0.917402
vt 0.912766 0.887376
vt 0.903662 0.888244
vt 0.914352 0.939491
vt 0.915904 0.917402
vt 0.819569 0.904630
vt 0.821030 0.930007
vt 0.817749 0.917319
vt 0.931062 0.934835
vt 0.895679 0.939862
vt 0.896167 0.917402
vt 0.894582 0.890240
vt 0.851690 0.944538
vt 0.685814 0.524204
vt 0.708995 0.536481
vt 0.692459 0.540801
vt 0.636616 0.656768
vt 0.650999 0.666836
vt 0.636144 0.667015
vt 0.784478 0.620385
vt 0.761292 0.615540
vt 0.781057 0.609280
vt 0.648490 0.581270
vt 0.662774 0.601310
vt 0.644483 0.596149
vt 0.655594 0.561809
vt 0.667511 0.587189
vt 0.636505 0.638709
vt 0.655582 0.626341
vt 0.652614 0.639978
vt 0.751403 0.535496
vt 0.743618 0.569106
vt 0.735767 0.547060
vt 0.651486 0.656346
vt 0.786609 0.632031
vt 0.765981 0.626507
vt 0.790098 0.644797
vt 0.769925 0.638407
vt 0.755926 0.602520
vt 0.746822 0.618153
vt 0.741017 0.604994
vt 0.737975 0.591822
vt 0.749806 0.585507
vt 0.727024 0.562749
vt 0.690416 0.563389
vt 0.681657 0.549651
vt 0.675784 0.602402
vt 0.663654 0.657494
vt 0.652114 0.676674
vt 0.662500 0.668165
vt 0.662752 0.676708
vt 0.718800 0.546327
vt 0.726660 0.539544
vt 0.775011 0.650560
vt 0.767258 0.666363
vt 0.763034 0.655874
vt 0.733331 0.578876
vt 0.758116 0.643191
vt 0.753055 0.628516
vt 0.673809 0.573487
vt 0.683498 0.579783
vt 0.671659 0.616137
vt 0.659193 0.614164
vt 0.668439 0.627173
vt 0.778933 0.663834
vt 0.769937 0.676706
vt 0.678653 0.591773
vt 0.744954 0.648215
vt 0.736657 0.634822
vt 0.696171 0.575983
vt 0.691057 0.585216
vt 0.672369 0.660489
vt 0.670796 0.669651
vt 0.692169 0.606623
vt 0.695141 0.619022
vt 0.683939 0.635573
vt 0.757642 0.676713
vt 0.753114 0.669767
vt 0.689876 0.595637
vt 0.751633 0.659614
vt 0.723876 0.619202
vt 0.725638 0.607256
vt 0.727778 0.595873
vt 0.723168 0.575675
vt 0.702657 0.563261
vt 0.676296 0.647209
vt 0.668841 0.676706
vt 0.715386 0.563172
vt 0.727795 0.585214
vt 0.744441 0.663032
vt 0.679534 0.663800
vt 0.678209 0.672043
vt 0.718127 0.627230
vt 0.749464 0.676711
vt 0.680347 0.649491
vt 0.702277 0.627311
vt 0.698987 0.546400
vt 0.690403 0.637505
vt 0.739432 0.650821
vt 0.665531 0.641515
vt 0.708305 0.517983
vt 0.905209 0.938628
vt 0.685675 0.665605
vt 0.685544 0.677056
vt 0.741161 0.676709
vt 0.747000 0.672354
vt 0.676854 0.676701
vt 0.698201 0.642414
vt 0.687985 0.653001
vt 0.733697 0.653037
vt 0.738601 0.665157
vt 0.725189 0.641997
vt 0.709911 0.639105
vt 0.731458 0.523035
vt 0.794155 0.663365
vt 0.769102 0.578336
vt 0.778787 0.676788
vt 0.762108 0.559307
vt 0.637891 0.622730
vt 0.667013 0.538078
vt 0.640806 0.610135
vt 0.775505 0.594395
vt 0.636128 0.676671
vt 0.863245 0.647029
vt 0.859621 0.619098
vt 0.917069 0.391927
vt 0.832426 0.764657
vt 0.827469 0.402308
vt 0.828641 0.370310
vt 0.857558 0.744141
vt 0.885650 0.612956
vt 0.912633 0.364605
vt 0.506311 0.274905
vt 0.506321 0.285857
vt 0.506161 0.354136
vt 0.506237 0.220404
vt 0.506307 0.302736
vt 0.506302 0.326295
vt 0.506301 0.257899
vt 0.506088 0.203826
vt 0.117992 0.274905
vt 0.118030 0.285868
vt 0.117555 0.354180
vt 0.117980 0.326337
vt 0.117775 0.220385
vt 0.117990 0.302736
vt 0.117967 0.257902
vt 0.117323 0.203765
vt 0.313385 0.176248
vt 0.145443 0.274905
vt 0.145319 0.203674
vt 0.145411 0.238185
vt 0.145435 0.302736
vt 0.145359 0.354184
vt 0.480375 0.203737
vt 0.427786 0.190023
vt 0.204862 0.190633
vt 0.249191 0.274533
vt 0.239198 0.219570
vt 0.242360 0.323778
vt 0.210098 0.372558
vt 0.616409 0.697945
vt 0.314291 0.702090
vt 0.314669 0.886247
vt 0.416811 0.512496
vt 0.895574 0.163423
vt 0.727712 0.080594
vt 0.828453 0.333255
vt 0.595849 0.203525
vt 0.949078 0.733969
vt 0.916136 0.703752
vt 0.748889 0.379998
vt 0.773908 0.910923
vt 0.013528 0.698485
vt 0.201489 0.994125
vt 0.183319 0.533689
vt 0.284048 0.533689
vt 0.073408 0.533691
vt 0.282118 0.017308
vt 0.213588 0.512510
vt 0.209834 0.017308
vt 0.620696 0.015663
vt 0.030572 0.354320
vt 0.030670 0.238188
vt 0.030736 0.302736
vt 0.030488 0.203604
vt 0.916436 0.428118
vt 0.862796 0.380646
vt 0.968954 0.015663
vt 0.915588 0.015651
vt 0.881258 0.943633
vt 0.731338 0.637921
vt 0.794208 0.676620
s 1
usemtl skin.002
f 1/1/1 41/2/2 30/3/3
f 30/3/3 16/4/4 1/1/1
f 1/1/1 36/5/5 15/6/6
f 15/6/6 27/7/7 1/1/1
f 23/8/8 14/9/9 2/10/10
f 14/9/9 25/11/11 2/10/10
f 65/12/12 380/13/13 353/14/14
f 65/12/12 378/15/15 75/16/16
f 3/17/17 38/18/18 19/19/19
f 3/17/17 33/20/20 18/21/21
f 73/22/22 354/23/23 66/24/24
f 66/24/24 380/13/13 77/25/25
f 4/26/26 34/27/27 21/28/28
f 21/28/28 26/29/29 4/26/26
f 67/30/30 381/31/31 356/32/32
f 356/32/32 74/33/33 67/30/30
f 5/34/34 39/35/35 15/6/6
f 15/6/6 24/36/36 5/34/34
f 76/37/37 357/38/38 68/39/39
f 357/38/38 78/40/40 68/39/39
f 6/41/41 37/42/42 29/43/43
f 29/43/43 27/7/7 6/41/41
f 6/41/41 39/35/35 21/28/28
f 21/28/28 13/44/44 6/41/41
f 7/45/45 33/20/20 19/19/19
f 19/19/19 28/46/46 7/45/45
f 7/45/45 41/2/2 29/43/43
f 29/43/43 17/47/47 7/45/45
f 8/48/48 38/18/18 14/9/9
f 8/48/48 35/49/49 22/50/50
f 8/48/48 40/51/51 30/3/3
f 30/3/3 28/46/46 8/48/48
f 16/4/4 31/52/52 9/53/53
f 69/54/54 383/55/55 362/56/56
f 362/57/56 76/37/37 69/58/54
f 9/59/53 36/5/5 16/4/4
f 10/60/57 35/49/49 23/8/8
f 75/16/16 363/61/58 70/62/59
f 70/62/59 383/55/55 79/63/60
f 31/52/52 22/50/50 10/60/57
f 32/64/61 44/65/62 43/66/63
f 11/67/64 33/20/20 17/47/47
f 11/67/64 37/42/42 32/64/61
f 366/68/65 73/22/22 71/69/66
f 32/64/61 13/44/44 12/70/67
f 12/70/67 34/27/27 20/71/68
f 74/33/33 367/72/69 72/73/70
f 71/69/66 42/74/71 80/75/72
f 43/66/63 45/76/73 42/74/71
f 81/77/74 389/78/75 83/79/76
f 32/64/61 42/74/71 11/67/64
f 72/73/70 384/80/77 81/77/74
f 46/81/78 48/82/79 45/83/73
f 83/84/76 394/85/80 85/86/81
f 43/66/63 47/87/82 46/88/78
f 80/75/72 45/76/73 82/89/83
f 46/81/78 50/90/84 49/91/85
f 45/83/73 84/92/86 82/93/83
f 770/94/87 133/95/88 134/96/89
f 61/97/90 86/98/91 93/99/92
f 417/100/93 87/101/94 92/102/95
f 769/103/96 135/104/97 136/105/98
f 91/106/99 404/107/100 89/108/101
f 58/109/102 54/110/103 59/111/104
f 58/112/102 56/113/105 55/114/106
f 59/111/104 88/115/107 90/116/108
f 738/117/109 90/116/108 743/118/110
f 737/119/111 58/112/102 740/120/112
f 740/121/112 59/111/104 738/117/109
f 739/122/113 91/106/99 742/123/114
f 767/124/115 132/125/116 131/126/117
f 394/85/80 92/102/95 85/86/81
f 48/82/79 93/99/92 84/92/86
f 764/127/118 133/95/88 768/128/119
f 106/129/120 113/130/121 119/131/122
f 55/132/106 56/133/105 111/134/123
f 55/135/106 121/136/124 54/137/103
f 84/92/86 416/138/125 395/139/126
f 50/90/84 92/102/95 60/140/127
f 742/123/114 57/141/128 737/119/111
f 743/118/110 413/142/129 741/143/130
f 90/116/108 405/144/131 413/142/129
f 91/106/99 56/113/105 57/141/128
f 60/140/127 87/101/94 53/145/132
f 93/99/92 400/146/133 416/138/125
f 82/93/83 395/139/126 390/147/134
f 80/75/72 390/148/134 385/149/135
f 47/150/82 85/86/81 50/90/84
f 72/73/70 44/65/62 12/70/67
f 81/77/74 47/87/82 44/65/62
f 366/68/65 80/75/72 385/149/135
f 20/71/68 72/73/70 12/70/67
f 71/69/66 18/21/21 11/67/64
f 10/60/57 79/63/60 31/52/52
f 23/8/8 70/62/59 10/60/57
f 69/58/54 24/36/36 9/59/53
f 9/53/53 79/63/60 69/54/54
f 68/39/39 26/29/29 5/34/34
f 5/34/34 76/37/37 68/39/39
f 67/30/30 20/71/68 4/26/26
f 4/26/26 78/40/40 67/30/30
f 3/17/17 77/25/25 25/11/11
f 18/21/21 66/24/24 3/17/17
f 65/12/12 23/8/8 2/10/10
f 2/10/10 77/25/25 65/12/12
f 62/151/136 56/133/105 89/152/101
f 64/153/137 88/154/107 54/137/103
f 404/155/100 62/151/136 89/152/101
f 482/156/138 63/157/139 120/158/140
f 88/154/107 452/159/141 405/160/131
f 63/161/139 471/162/142 110/163/143
f 94/164/144 124/165/145 122/166/146
f 108/167/147 122/166/146 129/168/148
f 128/169/149 97/170/150 123/171/151
f 118/172/152 96/173/153 112/174/154
f 125/175/155 105/176/156 127/177/157
f 123/171/151 101/178/158 125/175/155
f 96/173/153 114/179/159 112/174/154
f 95/180/160 115/181/161 113/130/121
f 103/182/162 216/183/163 327/184/164
f 100/185/165 116/186/166 114/179/159
f 115/181/161 103/182/162 117/187/167
f 124/165/145 102/188/168 126/189/169
f 110/163/143 109/190/170 118/172/152
f 121/136/124 107/191/171 128/169/149
f 63/157/139 129/168/148 120/158/140
f 111/134/123 106/129/120 119/131/122
f 111/134/123 107/192/171 55/132/106
f 63/161/139 118/172/152 108/193/147
f 101/194/158 117/187/167 105/195/156
f 114/179/159 102/196/168 98/197/172
f 126/189/169 220/198/173 216/183/163
f 113/130/121 101/194/158 97/199/150
f 112/174/154 98/197/172 94/200/144
f 108/193/147 112/174/154 94/200/144
f 110/163/143 452/159/141 64/153/137
f 119/131/122 97/199/150 107/192/171
f 104/201/174 218/202/175 116/186/166
f 120/158/140 106/129/120 62/151/136
f 64/153/137 128/169/149 109/190/170
f 99/203/176 126/189/169 103/182/162
f 105/195/156 217/204/177 219/205/178
f 96/173/153 125/175/155 100/185/165
f 125/175/155 104/201/174 100/185/165
f 109/190/170 123/171/151 96/173/153
f 129/168/148 95/180/160 106/129/120
f 122/166/146 99/203/176 95/180/160
f 451/206/179 120/158/140 62/151/136
f 62/151/136 111/134/123 56/133/105
f 64/153/137 54/137/103 121/136/124
f 134/207/89 144/208/180 135/104/97
f 136/105/98 141/209/181 132/125/116
f 138/210/182 139/211/183 147/212/184
f 131/126/117 139/211/183 130/213/185
f 764/127/118 130/213/185 138/210/182
f 763/214/186 136/105/98 132/125/116
f 767/124/115 130/213/185 766/215/187
f 770/216/87 135/104/97 765/217/188
f 160/218/189 137/219/190 161/220/191
f 159/221/192 150/222/193 151/223/194
f 146/224/195 152/225/196 153/226/197
f 158/227/198 150/222/193 157/228/199
f 131/126/117 141/209/181 140/229/200
f 138/210/182 142/230/201 133/95/88
f 136/105/98 144/208/180 145/231/202
f 134/96/89 142/230/201 143/232/203
f 153/233/197 173/234/204 149/235/205
f 155/236/206 171/237/207 179/238/208
f 137/239/190 172/240/209 171/237/207
f 150/241/193 175/242/210 151/243/194
f 158/227/198 137/219/190 155/244/206
f 146/224/195 149/245/205 162/246/211
f 159/247/192 152/225/196 156/248/212
f 162/246/211 148/249/213 160/218/189
f 725/250/214 160/218/189 728/251/215
f 723/252/216 156/248/212 726/253/217
f 721/254/218 162/246/211 725/250/214
f 724/255/219 158/227/198 727/256/220
f 727/256/220 157/228/199 722/257/221
f 721/254/218 156/248/212 146/224/195
f 723/258/216 157/228/199 159/221/192
f 728/251/215 161/220/191 724/255/219
f 52/259/222 167/260/223 53/145/132
f 49/91/85 170/261/224 48/82/79
f 60/140/127 164/262/225 50/90/84
f 61/97/90 170/261/224 166/263/226
f 61/97/90 165/264/227 51/265/228
f 49/91/85 164/262/225 163/266/229
f 60/140/127 167/260/223 168/267/230
f 52/268/222 165/264/227 169/269/231
f 172/240/209 181/270/232 180/271/233
f 175/242/210 184/272/234 176/273/235
f 173/234/204 185/274/236 181/270/232
f 171/237/207 187/275/237 179/238/208
f 152/276/196 175/242/210 176/273/235
f 149/235/205 172/240/209 148/277/213
f 155/236/206 174/278/238 150/279/193
f 153/233/197 176/280/235 177/281/239
f 702/282/240 195/283/241 703/284/242
f 699/285/243 178/286/244 702/282/240
f 700/287/245 190/288/246 191/289/247
f 701/290/248 192/291/249 193/292/250
f 179/238/208 182/293/251 174/278/238
f 184/294/234 205/295/252 206/296/253
f 175/242/210 182/297/251 183/298/254
f 172/240/209 154/299/255 171/237/207
f 193/292/250 191/300/247 194/301/256
f 194/301/256 190/302/246 195/283/241
f 178/286/244 194/301/256 195/283/241
f 189/303/257 194/301/256 188/304/258
f 701/290/248 189/303/257 704/305/259
f 700/287/245 192/306/249 698/307/260
f 699/285/243 189/303/257 188/304/258
f 697/308/261 195/283/241 190/302/246
f 708/309/262 196/310/263 710/311/264
f 712/312/265 202/313/266 199/314/267
f 705/315/268 198/316/269 711/317/270
f 709/318/271 197/319/272 202/313/266
f 706/320/273 198/321/269 197/319/272
f 705/315/268 196/322/263 186/323/274
f 712/312/265 200/324/275 707/325/276
f 708/309/262 200/324/275 201/326/277
f 204/327/278 207/328/279 203/329/280
f 176/273/235 206/330/253 204/331/278
f 177/281/239 205/295/252 185/274/236
f 177/281/239 204/327/278 203/329/280
f 210/332/281 212/333/282 208/334/283
f 206/330/253 208/334/283 204/331/278
f 205/295/252 207/328/279 209/335/284
f 206/296/253 209/335/284 210/336/281
f 211/337/285 214/338/286 213/339/287
f 207/328/279 213/339/287 209/335/284
f 210/336/281 213/339/287 214/338/286
f 207/328/279 212/340/282 211/337/285
f 127/177/157 221/341/288 104/201/174
f 127/177/157 219/342/178 215/343/289
f 102/196/168 218/202/175 220/344/173
f 117/187/167 327/184/164 217/204/177
f 241/345/290 225/346/291 240/347/292
f 224/348/293 241/345/290 242/349/294
f 226/350/295 247/351/290 248/352/296
f 230/353/290 246/354/297 247/351/290
f 233/355/290 238/356/298 239/357/290
f 237/358/299 233/355/290 239/357/290
f 235/359/300 308/360/290 309/361/301
f 308/360/290 234/362/302 307/363/303
f 222/364/304 239/357/290 227/365/305
f 239/357/290 223/366/306 227/365/305
f 242/349/294 236/367/290 235/359/300
f 236/367/290 240/347/292 234/362/302
f 230/353/290 244/368/307 228/369/308
f 243/370/309 230/353/290 226/350/295
f 247/351/290 232/371/310 233/355/290
f 231/372/311 247/351/290 233/355/290
f 223/373/306 254/374/312 227/375/305
f 252/376/313 240/377/292 225/378/291
f 265/379/314 309/380/301 243/381/309
f 255/382/315 246/383/297 228/384/308
f 267/385/316 232/386/310 246/383/297
f 234/387/302 310/388/317 307/389/303
f 237/390/299 257/391/318 231/392/311
f 263/393/319 234/387/302 240/377/292
f 311/394/320 235/395/300 309/380/301
f 260/396/321 242/397/294 235/395/300
f 253/398/322 284/399/323 265/379/314
f 287/400/324 253/398/322 268/401/325
f 280/402/326 257/391/318 261/403/327
f 281/404/328 250/405/329 262/406/330
f 274/407/331 267/385/316 255/382/315
f 282/408/332 259/409/333 263/393/319
f 256/410/334 272/411/335 252/376/313
f 269/412/336 261/403/327 249/413/337
f 264/414/338 271/415/339 251/416/340
f 276/417/341 268/401/325 257/391/318
f 311/394/320 279/418/342 260/396/321
f 258/419/343 281/404/328 262/406/330
f 252/376/313 282/408/332 263/393/319
f 285/420/344 255/382/315 266/421/345
f 312/422/346 266/421/345 310/388/317
f 251/416/340 275/423/347 256/424/334
f 267/385/316 277/425/348 258/419/343
f 260/396/321 283/426/349 264/414/338
f 313/427/350 298/428/351 279/418/342
f 277/425/348 300/429/352 281/404/328
f 272/411/335 301/430/353 282/408/332
f 285/420/344 293/431/354 274/407/331
f 314/432/355 285/420/344 312/422/346
f 271/415/339 294/433/356 275/423/347
f 286/434/357 296/435/358 277/425/348
f 279/418/342 302/436/359 283/426/349
f 273/437/360 303/438/361 284/399/323
f 306/439/362 273/437/360 287/400/324
f 299/440/363 276/417/341 280/402/326
f 281/404/328 289/441/364 270/442/365
f 274/407/331 305/443/366 286/434/357
f 282/408/332 297/444/367 278/445/368
f 275/446/347 291/447/369 272/411/335
f 288/448/370 280/402/326 269/412/336
f 302/436/359 271/415/339 283/426/349
f 295/449/371 287/400/324 276/417/341
f 290/450/372 322/451/373 319/452/374
f 291/447/369 316/453/375 301/430/353
f 298/428/351 322/451/373 302/436/359
f 294/454/356 317/455/376 291/447/369
f 315/456/377 325/457/378 324/458/379
f 297/444/367 316/453/375 321/459/380
f 290/450/372 318/460/381 294/433/356
f 314/432/355 321/459/380 320/461/382
f 303/438/361 326/462/383 325/457/378
f 269/412/336 289/441/364 288/448/370
f 300/429/352 295/449/371 299/440/363
f 306/439/362 296/435/358 305/443/366
f 293/431/354 306/439/362 305/443/366
f 292/463/384 304/464/385 303/438/361
f 304/464/385 320/461/382 326/462/383
f 315/456/377 323/465/386 298/428/351
f 297/444/367 312/422/346 278/445/368
f 284/399/323 315/456/377 313/427/350
f 278/445/368 310/388/317 259/409/333
f 265/379/314 313/427/350 311/394/320
f 227/375/305 249/413/337 222/466/304
f 245/467/290 307/363/303 244/368/307
f 243/370/309 308/360/290 245/467/290
f 215/468/289 317/455/376 221/469/288
f 318/460/381 319/452/374 221/470/288
f 221/469/288 317/455/376 318/471/381
f 217/472/177 321/459/380 219/473/178
f 220/474/173 322/451/373 323/465/386
f 219/473/178 316/453/375 215/468/289
f 218/475/175 319/452/374 322/451/373
f 216/476/163 325/457/378 327/477/164
f 325/457/378 326/462/383 327/477/164
f 217/472/177 326/462/383 320/461/382
f 216/476/163 323/465/386 324/458/379
f 222/466/304 261/403/327 237/390/299
f 264/414/338 224/478/293 242/397/294
f 248/479/296 253/398/322 226/480/295
f 224/478/293 256/424/334 229/481/387
f 231/392/311 268/401/325 248/479/296
f 307/389/303 266/421/345 244/482/307
f 258/419/343 238/483/298 232/386/310
f 266/421/345 228/384/308 244/482/307
f 253/398/322 243/381/309 226/480/295
f 229/484/387 252/376/313 225/378/291
f 238/483/298 250/405/329 223/373/306
f 288/448/370 300/429/352 299/440/363
f 250/405/329 270/442/365 254/374/312
f 254/374/312 269/412/336 249/413/337
f 269/412/336 254/374/312 270/442/365
f 328/485/388 382/486/389 358/487/390
f 343/488/391 361/489/392 328/485/388
f 328/485/388 371/490/393 343/488/391
f 358/487/390 342/491/394 328/485/388
f 341/492/395 350/493/396 329/494/397
f 352/495/398 341/492/395 329/494/397
f 422/496/399 380/497/13 434/498/400
f 422/496/399 378/499/15 353/500/14
f 330/501/401 374/502/402 352/495/398
f 330/501/401 368/503/403 346/504/404
f 354/505/23 430/506/405 423/507/406
f 423/507/406 380/497/13 354/505/23
f 331/508/407 369/509/408 347/510/409
f 355/511/410 348/512/411 331/508/407
f 424/513/412 381/31/31 435/514/413
f 431/515/414 356/32/32 424/513/412
f 332/516/415 376/517/416 355/511/410
f 351/518/417 342/491/394 332/516/415
f 357/38/38 433/519/418 425/520/419
f 435/514/413 357/38/38 425/520/419
f 333/521/420 372/522/421 340/523/422
f 358/487/390 360/524/423 333/521/420
f 333/521/420 376/517/416 358/487/390
f 340/523/422 348/512/411 333/521/420
f 334/525/424 368/503/403 344/526/425
f 359/527/426 346/504/404 334/525/424
f 334/525/424 382/486/389 359/527/426
f 344/526/425 360/524/423 334/525/424
f 335/528/427 374/502/402 359/527/426
f 335/528/427 370/529/428 341/492/395
f 335/528/427 377/530/429 349/531/430
f 359/527/426 361/489/392 335/528/427
f 364/532/431 343/488/391 336/533/432
f 426/534/433 383/535/55 436/536/434
f 433/519/418 362/57/56 426/537/433
f 336/538/432 371/490/393 351/518/417
f 337/539/435 370/529/428 349/531/430
f 363/540/58 432/541/436 427/542/437
f 427/542/437 383/535/55 363/540/58
f 349/531/430 364/532/431 337/539/435
f 365/543/438 388/544/439 339/545/440
f 338/546/441 368/503/403 345/547/442
f 338/546/441 372/522/421 344/526/425
f 430/506/405 366/548/65 428/549/443
f 340/523/422 365/543/438 339/545/440
f 339/545/440 369/509/408 340/523/422
f 367/72/69 431/515/414 429/550/444
f 428/549/443 386/551/445 338/546/441
f 391/552/446 387/553/447 386/551/445
f 438/554/448 389/78/75 384/80/77
f 386/551/445 365/543/438 338/546/441
f 429/550/444 384/80/77 367/72/69
f 396/555/449 392/556/450 391/557/446
f 440/558/451 394/85/80 389/559/75
f 387/553/447 393/560/452 388/544/439
f 437/561/453 391/552/446 386/551/445
f 392/556/450 398/562/454 393/563/452
f 441/564/455 391/557/446 439/565/456
f 778/566/457 494/567/458 776/568/459
f 443/569/460 415/570/461 450/571/462
f 444/572/463 417/100/93 449/573/464
f 777/574/465 496/575/466 773/576/467
f 448/577/468 404/107/100 409/578/469
f 406/579/470 411/580/471 412/581/472
f 411/582/471 408/583/473 410/584/474
f 445/585/475 412/581/472 447/586/476
f 447/586/476 745/587/477 748/588/478
f 411/582/471 744/589/479 746/590/480
f 412/581/472 746/591/480 745/587/477
f 448/577/468 739/122/113 747/592/481
f 775/593/482 493/594/483 771/595/484
f 449/573/464 394/85/80 442/596/485
f 450/571/462 396/555/449 441/564/455
f 494/567/458 772/597/486 776/568/459
f 473/598/487 465/599/488 479/600/489
f 407/601/490 470/602/491 408/603/473
f 407/604/490 406/605/470 481/606/492
f 416/138/125 441/564/455 395/139/126
f 398/562/454 449/573/464 442/596/485
f 410/584/474 747/592/481 744/589/479
f 413/142/129 748/588/478 741/143/130
f 405/144/131 447/586/476 413/142/129
f 408/583/473 448/577/468 410/584/474
f 414/607/493 444/572/463 449/573/464
f 400/146/133 450/571/462 416/138/125
f 395/139/126 439/565/456 390/147/134
f 390/608/134 437/561/453 385/609/135
f 393/563/452 442/596/485 440/558/451
f 388/544/439 429/550/444 339/545/440
f 393/560/452 438/554/448 388/544/439
f 366/548/65 437/561/453 428/549/443
f 429/550/444 347/510/409 339/545/440
f 345/547/442 428/549/443 338/546/441
f 337/539/435 436/536/434 427/542/437
f 427/542/437 350/493/396 337/539/435
f 351/518/417 426/537/433 336/538/432
f 336/533/432 436/536/434 364/532/431
f 355/511/410 425/520/419 332/516/415
f 332/516/415 433/519/418 351/518/417
f 347/510/409 424/513/412 331/508/407
f 331/508/407 435/514/413 355/511/410
f 330/501/401 434/498/400 423/507/406
f 423/507/406 345/547/442 330/501/401
f 350/493/396 422/496/399 329/494/397
f 329/494/397 434/498/400 352/495/398
f 418/610/494 446/611/495 408/603/473
f 420/612/496 406/605/470 445/613/475
f 404/155/100 418/610/494 451/206/179
f 482/156/138 419/614/497 421/615/498
f 452/159/141 445/613/475 405/160/131
f 471/162/142 419/616/497 469/617/499
f 485/618/500 453/619/501 483/620/502
f 483/620/502 467/621/503 490/622/504
f 489/623/505 456/624/506 466/625/507
f 478/626/508 455/627/509 468/628/510
f 486/629/511 464/630/512 460/631/513
f 484/632/514 460/631/513 456/624/506
f 474/633/515 455/627/509 472/634/516
f 475/635/517 454/636/518 473/598/487
f 462/637/519 577/638/520 487/639/521
f 476/640/522 459/641/523 474/633/515
f 475/635/517 462/637/519 458/642/524
f 485/618/500 461/643/525 457/644/526
f 469/617/499 468/628/510 420/612/496
f 481/606/492 466/625/507 407/604/490
f 490/622/504 419/614/497 480/645/527
f 470/602/491 465/599/488 418/610/494
f 466/646/507 470/602/491 407/601/490
f 419/616/497 478/626/508 469/617/499
f 460/647/513 477/648/528 475/635/517
f 461/649/525 474/633/515 457/650/526
f 487/639/521 581/651/529 461/643/525
f 460/647/513 473/598/487 456/652/506
f 457/650/526 472/634/516 453/653/501
f 467/654/503 472/634/516 478/626/508
f 452/159/141 469/617/499 420/612/496
f 456/652/506 479/600/489 466/646/507
f 579/655/530 463/656/531 476/640/522
f 465/599/488 480/645/527 418/610/494
f 420/612/496 489/623/505 481/606/492
f 458/642/524 487/639/521 485/618/500
f 464/657/512 578/658/532 477/648/528
f 455/627/509 486/629/511 484/632/514
f 463/656/531 486/629/511 459/641/523
f 468/628/510 484/632/514 489/623/505
f 454/636/518 490/622/504 465/599/488
f 458/642/524 483/620/502 454/636/518
f 451/206/179 480/645/527 482/156/138
f 418/610/494 408/603/473 470/602/491
f 420/612/496 481/606/492 406/605/470
f 505/659/533 495/660/534 496/575/466
f 502/661/535 497/662/536 493/594/483
f 499/663/537 500/664/538 491/665/539
f 500/664/538 492/666/540 491/665/539
f 772/597/486 491/665/539 774/667/541
f 771/595/484 497/662/536 777/574/465
f 491/665/539 775/593/482 774/667/541
f 496/575/466 778/668/457 773/576/467
f 498/669/542 521/670/543 522/671/544
f 520/672/545 511/673/546 518/674/547
f 507/675/548 513/676/549 517/677/550
f 511/673/546 519/678/551 518/674/547
f 492/666/540 502/661/535 493/594/483
f 503/679/552 499/663/537 494/567/458
f 497/662/536 505/659/533 496/575/466
f 495/680/534 503/679/552 494/567/458
f 534/681/553 514/682/554 510/683/555
f 516/684/556 532/685/557 498/686/542
f 498/686/542 533/687/558 509/688/559
f 536/689/560 511/690/546 512/691/561
f 519/678/551 498/669/542 522/671/544
f 510/692/555 507/675/548 523/693/562
f 513/676/549 520/694/545 517/677/550
f 509/695/559 523/693/562 521/670/543
f 521/670/543 733/696/563 736/697/564
f 517/677/550 731/698/565 734/699/566
f 523/693/562 729/700/567 733/696/563
f 519/678/551 732/701/568 735/702/569
f 518/674/547 735/702/569 730/703/570
f 729/700/567 517/677/550 734/699/566
f 731/704/565 518/674/547 730/703/570
f 522/671/544 736/697/564 732/701/568
f 528/705/571 402/706/572 403/707/573
f 531/708/574 397/709/575 396/555/449
f 525/710/576 414/607/493 398/562/454
f 415/570/461 531/708/574 396/555/449
f 526/711/577 415/570/461 401/712/578
f 397/709/575 525/710/576 398/562/454
f 414/607/493 528/705/571 403/707/573
f 402/713/572 526/711/577 401/712/578
f 533/687/558 542/714/579 534/681/553
f 545/715/580 536/689/560 537/716/581
f 534/681/553 546/717/582 538/718/583
f 548/719/584 532/685/557 540/720/585
f 513/721/549 536/689/560 512/691/561
f 533/687/558 510/683/555 509/688/559
f 535/722/586 516/684/556 511/723/546
f 514/682/554 537/724/581 513/725/549
f 556/726/587 694/727/588 695/728/589
f 539/729/590 691/730/591 694/727/588
f 692/731/592 551/732/593 689/733/594
f 693/734/595 553/735/596 690/736/597
f 543/737/598 540/720/585 535/722/586
f 545/738/580 566/739/599 546/717/582
f 536/689/560 543/740/598 535/741/586
f 515/742/600 533/687/558 532/685/557
f 552/743/601 554/744/602 555/745/603
f 551/746/593 555/745/603 556/726/587
f 539/729/590 555/745/603 549/747/604
f 555/745/603 550/748/605 549/747/604
f 550/748/605 693/734/595 696/749/606
f 553/750/596 692/731/592 690/751/597
f 691/730/591 550/748/605 696/749/606
f 689/752/594 556/726/587 695/728/589
f 557/753/607 716/754/608 718/755/609
f 720/756/610 563/757/611 717/758/612
f 559/759/613 713/760/614 719/761/615
f 717/758/612 558/762/616 714/763/617
f 714/763/617 559/764/613 719/765/615
f 713/760/614 557/766/607 718/767/609
f 561/768/618 720/756/610 715/769/619
f 716/754/608 561/768/618 715/769/619
f 568/770/620 565/771/621 564/772/622
f 537/716/581 567/773/623 545/715/580
f 566/739/599 538/718/583 546/717/582
f 538/718/583 565/771/621 537/724/581
f 573/774/624 571/775/625 569/776/626
f 569/776/626 567/773/623 565/777/621
f 566/739/599 568/770/620 564/772/622
f 567/778/623 570/779/627 566/739/599
f 572/780/628 575/781/629 573/782/624
f 574/783/630 568/770/620 570/779/627
f 571/784/625 574/783/630 570/779/627
f 568/770/620 573/782/624 569/785/626
f 582/786/631 488/787/632 463/656/531
f 488/787/632 580/788/633 464/630/512
f 461/649/525 579/655/530 476/640/522
f 477/648/528 688/789/634 462/637/519
f 602/790/290 586/791/635 590/792/636
f 602/790/290 585/793/637 603/794/638
f 608/795/290 587/796/639 609/797/640
f 607/798/641 591/799/290 608/795/290
f 599/800/642 594/801/290 600/802/290
f 598/803/643 594/801/290 592/804/644
f 669/805/290 596/806/645 670/807/646
f 669/805/290 595/808/647 597/809/290
f 583/810/648 600/802/290 598/803/643
f 584/811/649 600/802/290 588/812/650
f 597/809/290 603/794/638 596/806/645
f 597/809/290 601/813/651 602/790/290
f 591/799/290 605/814/652 606/815/290
f 591/799/290 604/816/653 587/796/639
f 593/817/654 608/795/290 594/801/290
f 592/804/644 608/795/290 609/797/640
f 584/818/649 615/819/655 611/820/656
f 601/821/651 613/822/657 586/823/635
f 670/824/646 626/825/658 604/826/653
f 607/827/641 616/828/659 589/829/660
f 593/830/654 628/831/661 607/827/641
f 595/832/647 671/833/662 620/834/663
f 598/835/643 618/836/664 622/837/665
f 595/832/647 624/838/666 601/821/651
f 596/839/645 672/840/667 670/824/646
f 603/841/638 621/842/668 596/839/645
f 614/843/669 645/844/670 634/845/671
f 614/843/669 648/846/672 629/847/673
f 618/836/664 641/848/674 622/837/665
f 611/820/656 642/849/675 623/850/676
f 628/831/661 635/851/677 616/828/659
f 620/834/663 643/852/678 624/838/666
f 617/853/679 633/854/680 636/855/681
f 622/837/665 630/856/682 610/857/683
f 625/858/684 632/859/685 644/860/686
f 629/847/673 637/861/687 618/836/664
f 672/840/667 640/862/688 674/863/689
f 619/864/690 642/849/675 638/865/691
f 613/822/657 643/852/678 633/854/680
f 616/828/659 646/866/692 627/867/693
f 627/867/693 673/868/694 671/833/662
f 612/869/695 636/870/681 632/859/685
f 628/831/661 638/865/691 647/871/696
f 621/842/668 644/860/686 640/862/688
f 674/863/689 659/872/697 676/873/698
f 638/865/691 661/874/699 657/875/700
f 633/854/680 662/876/701 652/877/702
f 646/866/692 654/878/703 665/879/704
f 646/866/692 675/880/705 673/868/694
f 632/859/685 655/881/706 651/882/707
f 647/871/696 657/875/700 666/883/708
f 640/862/688 663/884/709 659/872/697
f 634/845/671 664/885/710 653/886/711
f 634/845/671 667/887/712 648/846/672
f 637/861/687 660/888/713 641/848/674
f 642/849/675 650/889/714 661/874/699
f 635/851/677 666/883/708 654/878/703
f 643/852/678 658/890/715 662/876/701
f 636/855/681 652/877/702 655/891/706
f 641/848/674 649/892/716 630/856/682
f 632/859/685 663/884/709 644/860/686
f 648/846/672 656/893/717 637/861/687
f 651/882/707 683/894/718 663/884/709
f 677/895/719 652/877/702 662/876/701
f 683/894/718 659/872/697 663/884/709
f 678/896/720 655/891/706 652/877/702
f 676/873/698 686/897/721 664/885/710
f 658/890/715 677/895/719 662/876/701
f 679/898/722 651/882/707 655/881/706
f 675/880/705 682/899/723 658/890/715
f 664/885/710 687/900/724 665/879/704
f 630/856/682 650/889/714 631/901/725
f 661/874/699 656/893/717 657/875/700
f 667/887/712 657/875/700 656/893/717
f 667/887/712 654/878/703 666/883/708
f 665/879/704 653/886/711 664/885/710
f 665/879/704 681/902/726 675/880/705
f 684/903/727 676/873/698 659/872/697
f 673/868/694 658/890/715 639/904/728
f 645/844/670 676/873/698 664/885/710
f 671/833/662 639/904/728 620/834/663
f 626/825/658 674/863/689 645/844/670
f 588/905/650 610/857/683 615/819/655
f 606/815/290 668/906/729 669/805/290
f 604/816/653 669/805/290 670/807/646
f 678/896/720 576/907/730 582/908/631
f 679/898/722 582/909/631 680/910/731
f 582/908/631 679/911/722 678/896/720
f 682/899/723 578/912/532 580/913/633
f 581/914/529 683/894/718 579/915/530
f 677/895/719 580/913/633 576/907/730
f 579/915/530 680/910/731 582/909/631
f 686/897/721 577/916/520 688/917/634
f 686/897/721 688/917/634 687/900/724
f 578/912/532 687/900/724 688/917/634
f 577/916/520 684/903/727 581/914/529
f 583/918/648 622/837/665 610/857/683
f 585/919/637 625/858/684 603/841/638
f 609/920/640 614/843/669 629/847/673
f 585/919/637 617/921/679 612/869/695
f 592/922/644 629/847/673 618/836/664
f 668/923/729 627/867/693 671/833/662
f 599/924/642 619/864/690 593/830/654
f 589/829/660 627/867/693 605/925/652
f 604/826/653 614/843/669 587/926/639
f 590/927/636 613/822/657 617/853/679
f 599/924/642 611/820/656 623/850/676
f 661/874/699 649/892/716 660/888/713
f 611/820/656 615/819/655 631/901/725
f 615/819/655 610/857/683 630/856/682
f 630/856/682 631/901/725 615/819/655
f 557/753/607 695/728/589 562/928/732
f 560/929/733 696/749/606 563/757/611
f 690/751/597 547/930/734 559/759/613
f 696/749/606 558/762/616 563/757/611
f 558/762/616 690/736/597 559/764/613
f 547/930/734 689/733/594 557/766/607
f 694/727/588 560/929/733 561/768/618
f 562/928/732 694/727/588 561/768/618
f 196/310/263 703/284/242 697/308/261
f 199/314/267 704/305/259 699/285/243
f 186/323/274 698/307/260 198/316/269
f 197/319/272 704/305/259 202/313/266
f 197/319/272 698/931/260 701/290/248
f 186/323/274 697/932/261 700/287/245
f 199/314/267 702/282/240 200/324/275
f 201/326/277 702/282/240 703/284/242
f 187/275/237 707/325/276 708/309/262
f 180/271/233 707/325/276 154/299/255
f 183/298/254 710/933/264 705/315/268
f 185/274/236 711/934/270 706/320/273
f 181/270/232 706/320/273 709/318/271
f 183/298/254 711/317/270 184/272/234
f 180/271/233 709/318/271 712/312/265
f 187/275/237 710/311/264 182/293/251
f 548/719/584 715/769/619 515/742/600
f 715/769/619 541/935/735 515/742/600
f 544/936/736 718/767/609 543/740/598
f 546/717/582 719/765/615 545/738/580
f 542/714/579 714/763/617 546/717/582
f 719/761/615 544/936/736 545/715/580
f 541/935/735 717/758/612 542/714/579
f 718/755/609 548/719/584 543/737/598
f 762/937/737 724/255/219 758/938/738
f 757/939/739 722/257/221 723/258/216
f 760/940/740 726/253/217 721/254/218
f 761/941/741 722/257/221 756/942/742
f 758/938/738 727/256/220 761/941/741
f 725/250/214 759/943/743 721/254/218
f 757/944/739 726/253/217 760/940/740
f 759/943/743 728/251/215 762/937/737
f 732/701/568 755/945/744 751/946/745
f 750/947/746 730/703/570 749/948/747
f 729/700/567 734/699/566 753/949/748
f 730/703/570 754/950/749 749/948/747
f 735/702/569 751/946/745 754/950/749
f 752/951/750 733/696/563 729/700/567
f 734/699/566 750/952/746 753/949/748
f 736/697/564 752/951/750 755/945/744
f 741/143/130 443/569/460 400/146/133
f 744/589/479 444/572/463 403/707/573
f 747/592/481 399/953/751 444/572/463
f 745/587/477 402/713/572 401/712/578
f 746/590/480 403/707/573 402/706/572
f 748/588/478 401/712/578 443/569/460
f 86/98/91 741/143/130 400/146/133
f 87/101/94 737/119/111 53/145/132
f 399/953/751 742/123/114 87/101/94
f 52/268/222 738/117/109 51/265/228
f 53/145/132 740/120/112 52/259/222
f 51/265/228 743/118/110 86/98/91
f 755/945/744 502/661/535 501/954/752
f 753/949/748 504/955/753 505/659/533
f 502/661/535 752/951/750 506/956/754
f 754/950/749 500/664/538 508/957/755
f 749/948/747 508/957/755 503/679/552
f 505/659/533 506/956/754 753/949/748
f 504/958/753 749/948/747 503/679/552
f 751/946/745 501/954/752 500/664/538
f 141/209/181 762/937/737 140/229/200
f 143/959/203 760/940/740 144/208/180
f 141/209/181 145/231/202 759/943/743
f 139/211/183 761/941/741 147/212/184
f 147/212/184 756/942/742 142/230/201
f 145/231/202 144/208/180 760/940/740
f 143/232/203 756/942/742 757/939/739
f 140/229/200 758/938/738 139/211/183
f 145/231/202 721/254/218 759/943/743
f 506/956/754 729/700/567 753/949/748
f 145/231/202 760/940/740 721/254/218
f 506/956/754 752/951/750 729/700/567
f 169/960/231 765/217/188 167/260/223
f 163/266/229 766/215/187 170/261/224
f 168/267/230 763/214/186 164/262/225
f 166/263/226 766/215/187 764/127/118
f 166/263/226 768/128/119 165/264/227
f 163/266/229 763/214/186 767/124/115
f 168/267/230 765/217/188 769/103/96
f 169/269/231 768/128/119 770/94/87
f 773/576/467 530/961/756 528/705/571
f 774/667/541 524/962/757 531/708/574
f 771/595/484 529/963/758 525/710/576
f 527/964/759 774/667/541 531/708/574
f 776/568/459 527/964/759 526/711/577
f 524/962/757 771/595/484 525/710/576
f 529/963/758 773/576/467 528/705/571
f 530/965/756 776/568/459 526/711/577
f 1/1/1 27/7/7 41/2/2
f 30/3/3 40/51/51 16/4/4
f 1/1/1 16/4/4 36/5/5
f 15/6/6 39/35/35 27/7/7
f 23/8/8 35/49/49 14/9/9
f 14/9/9 38/18/18 25/11/11
f 65/12/12 77/25/25 380/13/13
f 65/12/12 353/14/14 378/15/15
f 3/17/17 25/11/11 38/18/18
f 3/17/17 19/19/19 33/20/20
f 73/22/22 373/966/760 354/23/23
f 66/24/24 354/23/23 380/13/13
f 4/26/26 20/71/68 34/27/27
f 21/28/28 39/35/35 26/29/29
f 67/30/30 78/40/40 381/31/31
f 356/32/32 375/967/761 74/33/33
f 5/34/34 26/29/29 39/35/35
f 15/6/6 36/5/5 24/36/36
f 76/37/37 379/968/762 357/38/38
f 357/38/38 381/31/31 78/40/40
f 6/41/41 13/44/44 37/42/42
f 29/43/43 41/2/2 27/7/7
f 6/41/41 27/7/7 39/35/35
f 21/28/28 34/27/27 13/44/44
f 7/45/45 17/47/47 33/20/20
f 19/19/19 38/18/18 28/46/46
f 7/45/45 28/46/46 41/2/2
f 29/43/43 37/42/42 17/47/47
f 8/48/48 28/46/46 38/18/18
f 8/48/48 14/9/9 35/49/49
f 8/48/48 22/50/50 40/51/51
f 30/3/3 41/2/2 28/46/46
f 16/4/4 40/51/51 31/52/52
f 69/54/54 79/63/60 383/55/55
f 362/57/56 379/968/762 76/37/37
f 9/59/53 24/36/36 36/5/5
f 10/60/57 22/50/50 35/49/49
f 75/16/16 378/15/15 363/61/58
f 70/62/59 363/61/58 383/55/55
f 31/52/52 40/51/51 22/50/50
f 32/64/61 12/70/67 44/65/62
f 11/67/64 18/21/21 33/20/20
f 11/67/64 17/47/47 37/42/42
f 366/68/65 373/966/760 73/22/22
f 32/64/61 37/42/42 13/44/44
f 12/70/67 13/44/44 34/27/27
f 74/33/33 375/967/761 367/72/69
f 71/69/66 11/67/64 42/74/71
f 43/66/63 46/88/78 45/76/73
f 81/77/74 384/80/77 389/78/75
f 32/64/61 43/66/63 42/74/71
f 72/73/70 367/72/69 384/80/77
f 46/81/78 49/91/85 48/82/79
f 83/84/76 389/559/75 394/85/80
f 43/66/63 44/65/62 47/87/82
f 80/75/72 42/74/71 45/76/73
f 46/81/78 47/150/82 50/90/84
f 45/83/73 48/82/79 84/92/86
f 770/94/87 768/128/119 133/95/88
f 61/97/90 51/265/228 86/98/91
f 417/100/93 399/953/751 87/101/94
f 769/103/96 765/217/188 135/104/97
f 91/106/99 409/578/469 404/107/100
f 58/109/102 55/969/106 54/110/103
f 58/112/102 57/141/128 56/113/105
f 59/111/104 54/110/103 88/115/107
f 738/117/109 59/111/104 90/116/108
f 737/119/111 57/141/128 58/112/102
f 740/121/112 58/109/102 59/111/104
f 739/122/113 409/578/469 91/106/99
f 767/124/115 763/214/186 132/125/116
f 394/85/80 417/100/93 92/102/95
f 48/82/79 61/97/90 93/99/92
f 764/127/118 138/210/182 133/95/88
f 106/129/120 95/180/160 113/130/121
f 84/92/86 93/99/92 416/138/125
f 50/90/84 85/86/81 92/102/95
f 742/123/114 91/106/99 57/141/128
f 743/118/110 90/116/108 413/142/129
f 90/116/108 88/115/107 405/144/131
f 91/106/99 89/108/101 56/113/105
f 60/140/127 92/102/95 87/101/94
f 93/99/92 86/98/91 400/146/133
f 82/93/83 84/92/86 395/139/126
f 80/75/72 82/89/83 390/148/134
f 47/150/82 83/84/76 85/86/81
f 72/73/70 81/77/74 44/65/62
f 81/77/74 83/79/76 47/87/82
f 366/68/65 71/69/66 80/75/72
f 20/71/68 74/33/33 72/73/70
f 71/69/66 73/22/22 18/21/21
f 10/60/57 70/62/59 79/63/60
f 23/8/8 75/16/16 70/62/59
f 69/58/54 76/37/37 24/36/36
f 9/53/53 31/52/52 79/63/60
f 68/39/39 78/40/40 26/29/29
f 5/34/34 24/36/36 76/37/37
f 67/30/30 74/33/33 20/71/68
f 4/26/26 26/29/29 78/40/40
f 3/17/17 66/24/24 77/25/25
f 18/21/21 73/22/22 66/24/24
f 65/12/12 75/16/16 23/8/8
f 2/10/10 25/11/11 77/25/25
f 404/155/100 451/206/179 62/151/136
f 482/156/138 421/615/498 63/157/139
f 88/154/107 64/153/137 452/159/141
f 63/161/139 421/970/498 471/162/142
f 94/164/144 98/971/172 124/165/145
f 108/167/147 94/164/144 122/166/146
f 128/169/149 107/191/171 97/170/150
f 118/172/152 109/190/170 96/173/153
f 125/175/155 101/178/158 105/176/156
f 123/171/151 97/170/150 101/178/158
f 96/173/153 100/185/165 114/179/159
f 95/180/160 99/203/176 115/181/161
f 103/182/162 126/189/169 216/183/163
f 100/185/165 104/201/174 116/186/166
f 115/181/161 99/203/176 103/182/162
f 124/165/145 98/971/172 102/188/168
f 110/163/143 64/153/137 109/190/170
f 121/136/124 55/135/106 107/191/171
f 63/157/139 108/167/147 129/168/148
f 111/134/123 62/151/136 106/129/120
f 111/134/123 119/131/122 107/192/171
f 63/161/139 110/163/143 118/172/152
f 101/194/158 115/181/161 117/187/167
f 114/179/159 116/186/166 102/196/168
f 126/189/169 102/188/168 220/198/173
f 113/130/121 115/181/161 101/194/158
f 112/174/154 114/179/159 98/197/172
f 108/193/147 118/172/152 112/174/154
f 110/163/143 471/162/142 452/159/141
f 119/131/122 113/130/121 97/199/150
f 104/201/174 221/341/288 218/202/175
f 120/158/140 129/168/148 106/129/120
f 64/153/137 121/136/124 128/169/149
f 99/203/176 124/165/145 126/189/169
f 105/195/156 117/187/167 217/204/177
f 96/173/153 123/171/151 125/175/155
f 125/175/155 127/177/157 104/201/174
f 109/190/170 128/169/149 123/171/151
f 129/168/148 122/166/146 95/180/160
f 122/166/146 124/165/145 99/203/176
f 451/206/179 482/156/138 120/158/140
f 134/207/89 143/959/203 144/208/180
f 136/105/98 145/231/202 141/209/181
f 138/210/182 130/213/185 139/211/183
f 131/126/117 140/229/200 139/211/183
f 764/127/118 766/215/187 130/213/185
f 763/214/186 769/103/96 136/105/98
f 767/124/115 131/126/117 130/213/185
f 770/216/87 134/207/89 135/104/97
f 160/218/189 148/249/213 137/219/190
f 159/221/192 157/228/199 150/222/193
f 146/224/195 156/248/212 152/225/196
f 158/227/198 155/244/206 150/222/193
f 131/126/117 132/125/116 141/209/181
f 138/210/182 147/212/184 142/230/201
f 136/105/98 135/104/97 144/208/180
f 134/96/89 133/95/88 142/230/201
f 153/233/197 177/281/239 173/234/204
f 155/236/206 137/239/190 171/237/207
f 137/239/190 148/277/213 172/240/209
f 150/241/193 174/972/238 175/242/210
f 158/227/198 161/220/191 137/219/190
f 146/224/195 153/226/197 149/245/205
f 159/247/192 151/973/194 152/225/196
f 162/246/211 149/245/205 148/249/213
f 725/250/214 162/246/211 160/218/189
f 723/252/216 159/247/192 156/248/212
f 721/254/218 146/224/195 162/246/211
f 724/255/219 161/220/191 158/227/198
f 727/256/220 158/227/198 157/228/199
f 721/254/218 726/253/217 156/248/212
f 723/258/216 722/257/221 157/228/199
f 728/251/215 160/218/189 161/220/191
f 52/259/222 169/960/231 167/260/223
f 49/91/85 163/266/229 170/261/224
f 60/140/127 168/267/230 164/262/225
f 61/97/90 48/82/79 170/261/224
f 61/97/90 166/263/226 165/264/227
f 49/91/85 50/90/84 164/262/225
f 60/140/127 53/145/132 167/260/223
f 52/268/222 51/265/228 165/264/227
f 172/240/209 173/234/204 181/270/232
f 175/242/210 183/298/254 184/272/234
f 173/234/204 177/281/239 185/274/236
f 171/237/207 154/299/255 187/275/237
f 152/276/196 151/243/194 175/242/210
f 149/235/205 173/234/204 172/240/209
f 155/236/206 179/238/208 174/278/238
f 153/233/197 152/974/196 176/280/235
f 702/282/240 178/286/244 195/283/241
f 699/285/243 188/304/258 178/286/244
f 700/287/245 697/932/261 190/288/246
f 701/290/248 698/931/260 192/291/249
f 179/238/208 187/275/237 182/293/251
f 184/294/234 185/274/236 205/295/252
f 175/242/210 174/972/238 182/297/251
f 172/240/209 180/271/233 154/299/255
f 193/292/250 192/291/249 191/300/247
f 194/301/256 191/300/247 190/302/246
f 178/286/244 188/304/258 194/301/256
f 189/303/257 193/292/250 194/301/256
f 701/290/248 193/292/250 189/303/257
f 700/287/245 191/289/247 192/306/249
f 699/285/243 704/305/259 189/303/257
f 697/308/261 703/284/242 195/283/241
f 708/309/262 201/326/277 196/310/263
f 712/312/265 709/318/271 202/313/266
f 705/315/268 186/323/274 198/316/269
f 709/318/271 706/320/273 197/319/272
f 706/320/273 711/934/270 198/321/269
f 705/315/268 710/933/264 196/322/263
f 712/312/265 199/314/267 200/324/275
f 708/309/262 707/325/276 200/324/275
f 204/327/278 208/975/283 207/328/279
f 176/273/235 184/272/234 206/330/253
f 177/281/239 203/329/280 205/295/252
f 177/281/239 176/280/235 204/327/278
f 210/332/281 214/976/286 212/333/282
f 206/330/253 210/332/281 208/334/283
f 205/295/252 203/329/280 207/328/279
f 206/296/253 205/295/252 209/335/284
f 211/337/285 212/340/282 214/338/286
f 207/328/279 211/337/285 213/339/287
f 210/336/281 209/335/284 213/339/287
f 207/328/279 208/975/283 212/340/282
f 127/177/157 215/343/289 221/341/288
f 127/177/157 105/176/156 219/342/178
f 102/196/168 116/186/166 218/202/175
f 117/187/167 103/182/162 327/184/164
f 241/345/290 229/977/387 225/346/291
f 224/348/293 229/977/387 241/345/290
f 226/350/295 230/353/290 247/351/290
f 230/353/290 228/369/308 246/354/297
f 233/355/290 232/371/310 238/356/298
f 237/358/299 231/372/311 233/355/290
f 235/359/300 236/367/290 308/360/290
f 308/360/290 236/367/290 234/362/302
f 222/364/304 237/358/299 239/357/290
f 239/357/290 238/356/298 223/366/306
f 242/349/294 241/345/290 236/367/290
f 236/367/290 241/345/290 240/347/292
f 230/353/290 245/467/290 244/368/307
f 243/370/309 245/467/290 230/353/290
f 247/351/290 246/354/297 232/371/310
f 231/372/311 248/352/296 247/351/290
f 223/373/306 250/405/329 254/374/312
f 252/376/313 263/393/319 240/377/292
f 265/379/314 311/394/320 309/380/301
f 255/382/315 267/385/316 246/383/297
f 267/385/316 258/419/343 232/386/310
f 234/387/302 259/409/333 310/388/317
f 237/390/299 261/403/327 257/391/318
f 263/393/319 259/409/333 234/387/302
f 311/394/320 260/396/321 235/395/300
f 260/396/321 264/414/338 242/397/294
f 253/398/322 273/437/360 284/399/323
f 287/400/324 273/437/360 253/398/322
f 280/402/326 276/417/341 257/391/318
f 281/404/328 270/442/365 250/405/329
f 274/407/331 286/434/357 267/385/316
f 282/408/332 278/445/368 259/409/333
f 256/410/334 275/446/347 272/411/335
f 269/412/336 280/402/326 261/403/327
f 264/414/338 283/426/349 271/415/339
f 276/417/341 287/400/324 268/401/325
f 311/394/320 313/427/350 279/418/342
f 258/419/343 277/425/348 281/404/328
f 252/376/313 272/411/335 282/408/332
f 285/420/344 274/407/331 255/382/315
f 312/422/346 285/420/344 266/421/345
f 251/416/340 271/415/339 275/423/347
f 267/385/316 286/434/357 277/425/348
f 260/396/321 279/418/342 283/426/349
f 313/427/350 315/456/377 298/428/351
f 277/425/348 296/435/358 300/429/352
f 272/411/335 291/447/369 301/430/353
f 285/420/344 304/464/385 293/431/354
f 314/432/355 304/464/385 285/420/344
f 271/415/339 290/450/372 294/433/356
f 286/434/357 305/443/366 296/435/358
f 279/418/342 298/428/351 302/436/359
f 273/437/360 292/463/384 303/438/361
f 306/439/362 292/463/384 273/437/360
f 299/440/363 295/449/371 276/417/341
f 281/404/328 300/429/352 289/441/364
f 274/407/331 293/431/354 305/443/366
f 282/408/332 301/430/353 297/444/367
f 275/446/347 294/454/356 291/447/369
f 288/448/370 299/440/363 280/402/326
f 302/436/359 290/450/372 271/415/339
f 295/449/371 306/439/362 287/400/324
f 290/450/372 302/436/359 322/451/373
f 291/447/369 317/455/376 316/453/375
f 298/428/351 323/465/386 322/451/373
f 294/454/356 318/471/381 317/455/376
f 315/456/377 303/438/361 325/457/378
f 297/444/367 301/430/353 316/453/375
f 290/450/372 319/452/374 318/460/381
f 314/432/355 297/444/367 321/459/380
f 303/438/361 304/464/385 326/462/383
f 269/412/336 270/442/365 289/441/364
f 300/429/352 296/435/358 295/449/371
f 306/439/362 295/449/371 296/435/358
f 293/431/354 292/463/384 306/439/362
f 292/463/384 293/431/354 304/464/385
f 304/464/385 314/432/355 320/461/382
f 315/456/377 324/458/379 323/465/386
f 297/444/367 314/432/355 312/422/346
f 284/399/323 303/438/361 315/456/377
f 278/445/368 312/422/346 310/388/317
f 265/379/314 284/399/323 313/427/350
f 227/375/305 254/374/312 249/413/337
f 245/467/290 308/360/290 307/363/303
f 243/370/309 309/361/301 308/360/290
f 215/468/289 316/453/375 317/455/376
f 217/472/177 320/461/382 321/459/380
f 220/474/173 218/475/175 322/451/373
f 219/473/178 321/459/380 316/453/375
f 218/475/175 221/470/288 319/452/374
f 216/476/163 324/458/379 325/457/378
f 217/472/177 327/477/164 326/462/383
f 216/476/163 220/474/173 323/465/386
f 222/466/304 249/413/337 261/403/327
f 264/414/338 251/416/340 224/478/293
f 248/479/296 268/401/325 253/398/322
f 224/478/293 251/416/340 256/424/334
f 231/392/311 257/391/318 268/401/325
f 307/389/303 310/388/317 266/421/345
f 258/419/343 262/406/330 238/483/298
f 266/421/345 255/382/315 228/384/308
f 253/398/322 265/379/314 243/381/309
f 229/484/387 256/410/334 252/376/313
f 238/483/298 262/406/330 250/405/329
f 288/448/370 289/441/364 300/429/352
f 328/485/388 361/489/392 382/486/389
f 343/488/391 377/530/429 361/489/392
f 328/485/388 342/491/394 371/490/393
f 358/487/390 376/517/416 342/491/394
f 341/492/395 370/529/428 350/493/396
f 352/495/398 374/502/402 341/492/395
f 422/496/399 353/500/14 380/497/13
f 422/496/399 432/541/436 378/499/15
f 330/501/401 346/504/404 374/502/402
f 330/501/401 345/547/442 368/503/403
f 354/505/23 373/978/760 430/506/405
f 423/507/406 434/498/400 380/497/13
f 331/508/407 348/512/411 369/509/408
f 355/511/410 376/517/416 348/512/411
f 424/513/412 356/32/32 381/31/31
f 431/515/414 375/967/761 356/32/32
f 332/516/415 342/491/394 376/517/416
f 351/518/417 371/490/393 342/491/394
f 357/38/38 379/968/762 433/519/418
f 435/514/413 381/31/31 357/38/38
f 333/521/420 360/524/423 372/522/421
f 358/487/390 382/486/389 360/524/423
f 333/521/420 348/512/411 376/517/416
f 340/523/422 369/509/408 348/512/411
f 334/525/424 346/504/404 368/503/403
f 359/527/426 374/502/402 346/504/404
f 334/525/424 360/524/423 382/486/389
f 344/526/425 372/522/421 360/524/423
f 335/528/427 341/492/395 374/502/402
f 335/528/427 349/531/430 370/529/428
f 335/528/427 361/489/392 377/530/429
f 359/527/426 382/486/389 361/489/392
f 364/532/431 377/530/429 343/488/391
f 426/534/433 362/979/56 383/535/55
f 433/519/418 379/968/762 362/57/56
f 336/538/432 343/488/391 371/490/393
f 337/539/435 350/493/396 370/529/428
f 363/540/58 378/499/15 432/541/436
f 427/542/437 436/536/434 383/535/55
f 349/531/430 377/530/429 364/532/431
f 365/543/438 387/553/447 388/544/439
f 338/546/441 344/526/425 368/503/403
f 338/546/441 365/543/438 372/522/421
f 430/506/405 373/978/760 366/548/65
f 340/523/422 372/522/421 365/543/438
f 339/545/440 347/510/409 369/509/408
f 367/72/69 375/967/761 431/515/414
f 428/549/443 437/561/453 386/551/445
f 391/552/446 392/980/450 387/553/447
f 438/554/448 440/981/451 389/78/75
f 386/551/445 387/553/447 365/543/438
f 429/550/444 438/554/448 384/80/77
f 396/555/449 397/709/575 392/556/450
f 440/558/451 442/596/485 394/85/80
f 387/553/447 392/980/450 393/560/452
f 437/561/453 439/982/456 391/552/446
f 392/556/450 397/709/575 398/562/454
f 441/564/455 396/555/449 391/557/446
f 778/566/457 495/680/534 494/567/458
f 443/569/460 401/712/578 415/570/461
f 444/572/463 399/953/751 417/100/93
f 777/574/465 497/662/536 496/575/466
f 448/577/468 446/983/495 404/107/100
f 406/579/470 407/984/490 411/580/471
f 411/582/471 407/985/490 408/583/473
f 445/585/475 406/579/470 412/581/472
f 447/586/476 412/581/472 745/587/477
f 411/582/471 410/584/474 744/589/479
f 412/581/472 411/580/471 746/591/480
f 448/577/468 409/578/469 739/122/113
f 775/593/482 492/666/540 493/594/483
f 449/573/464 417/100/93 394/85/80
f 450/571/462 415/570/461 396/555/449
f 494/567/458 499/663/537 772/597/486
f 473/598/487 454/636/518 465/599/488
f 416/138/125 450/571/462 441/564/455
f 398/562/454 414/607/493 449/573/464
f 410/584/474 448/577/468 747/592/481
f 413/142/129 447/586/476 748/588/478
f 405/144/131 445/585/475 447/586/476
f 408/583/473 446/983/495 448/577/468
f 414/607/493 403/707/573 444/572/463
f 400/146/133 443/569/460 450/571/462
f 395/139/126 441/564/455 439/565/456
f 390/608/134 439/982/456 437/561/453
f 393/563/452 398/562/454 442/596/485
f 388/544/439 438/554/448 429/550/444
f 393/560/452 440/981/451 438/554/448
f 366/548/65 385/609/135 437/561/453
f 429/550/444 431/515/414 347/510/409
f 345/547/442 430/506/405 428/549/443
f 337/539/435 364/532/431 436/536/434
f 427/542/437 432/541/436 350/493/396
f 351/518/417 433/519/418 426/537/433
f 336/533/432 426/534/433 436/536/434
f 355/511/410 435/514/413 425/520/419
f 332/516/415 425/520/419 433/519/418
f 347/510/409 431/515/414 424/513/412
f 331/508/407 424/513/412 435/514/413
f 330/501/401 352/495/398 434/498/400
f 423/507/406 430/506/405 345/547/442
f 350/493/396 432/541/436 422/496/399
f 329/494/397 422/496/399 434/498/400
f 404/155/100 446/611/495 418/610/494
f 482/156/138 480/645/527 419/614/497
f 452/159/141 420/612/496 445/613/475
f 471/162/142 421/970/498 419/616/497
f 485/618/500 457/644/526 453/619/501
f 483/620/502 453/619/501 467/621/503
f 489/623/505 484/632/514 456/624/506
f 478/626/508 472/634/516 455/627/509
f 486/629/511 488/787/632 464/630/512
f 484/632/514 486/629/511 460/631/513
f 474/633/515 459/641/523 455/627/509
f 475/635/517 458/642/524 454/636/518
f 462/637/519 688/789/634 577/638/520
f 476/640/522 463/656/531 459/641/523
f 475/635/517 477/648/528 462/637/519
f 485/618/500 487/639/521 461/643/525
f 469/617/499 478/626/508 468/628/510
f 481/606/492 489/623/505 466/625/507
f 490/622/504 467/621/503 419/614/497
f 470/602/491 479/600/489 465/599/488
f 466/646/507 479/600/489 470/602/491
f 419/616/497 467/654/503 478/626/508
f 460/647/513 464/657/512 477/648/528
f 461/649/525 476/640/522 474/633/515
f 487/639/521 577/638/520 581/651/529
f 460/647/513 475/635/517 473/598/487
f 457/650/526 474/633/515 472/634/516
f 467/654/503 453/653/501 472/634/516
f 452/159/141 471/162/142 469/617/499
f 456/652/506 473/598/487 479/600/489
f 579/655/530 582/786/631 463/656/531
f 465/599/488 490/622/504 480/645/527
f 420/612/496 468/628/510 489/623/505
f 458/642/524 462/637/519 487/639/521
f 464/657/512 580/986/633 578/658/532
f 455/627/509 459/641/523 486/629/511
f 463/656/531 488/787/632 486/629/511
f 468/628/510 455/627/509 484/632/514
f 454/636/518 483/620/502 490/622/504
f 458/642/524 485/618/500 483/620/502
f 451/206/179 418/610/494 480/645/527
f 505/659/533 504/955/753 495/660/534
f 502/661/535 506/956/754 497/662/536
f 499/663/537 508/957/755 500/664/538
f 500/664/538 501/954/752 492/666/540
f 772/597/486 499/663/537 491/665/539
f 771/595/484 493/594/483 497/662/536
f 491/665/539 492/666/540 775/593/482
f 496/575/466 495/660/534 778/668/457
f 498/669/542 509/695/559 521/670/543
f 520/672/545 512/987/561 511/673/546
f 507/675/548 514/988/554 513/676/549
f 511/673/546 516/989/556 519/678/551
f 492/666/540 501/954/752 502/661/535
f 503/679/552 508/957/755 499/663/537
f 497/662/536 506/956/754 505/659/533
f 495/680/534 504/958/753 503/679/552
f 534/681/553 538/718/583 514/682/554
f 516/684/556 540/720/585 532/685/557
f 498/686/542 532/685/557 533/687/558
f 536/689/560 535/741/586 511/690/546
f 519/678/551 516/989/556 498/669/542
f 510/692/555 514/988/554 507/675/548
f 513/676/549 512/990/561 520/694/545
f 509/695/559 510/692/555 523/693/562
f 521/670/543 523/693/562 733/696/563
f 517/677/550 520/694/545 731/698/565
f 523/693/562 507/675/548 729/700/567
f 519/678/551 522/671/544 732/701/568
f 518/674/547 519/678/551 735/702/569
f 729/700/567 507/675/548 517/677/550
f 731/704/565 520/672/545 518/674/547
f 522/671/544 521/670/543 736/697/564
f 528/705/571 530/961/756 402/706/572
f 531/708/574 524/962/757 397/709/575
f 525/710/576 529/963/758 414/607/493
f 415/570/461 527/964/759 531/708/574
f 526/711/577 527/964/759 415/570/461
f 397/709/575 524/962/757 525/710/576
f 414/607/493 529/963/758 528/705/571
f 402/713/572 530/965/756 526/711/577
f 533/687/558 541/935/735 542/714/579
f 545/715/580 544/936/736 536/689/560
f 534/681/553 542/714/579 546/717/582
f 548/719/584 515/742/600 532/685/557
f 513/721/549 537/716/581 536/689/560
f 533/687/558 534/681/553 510/683/555
f 535/722/586 540/720/585 516/684/556
f 514/682/554 538/718/583 537/724/581
f 556/726/587 539/729/590 694/727/588
f 539/729/590 549/747/604 691/730/591
f 692/731/592 552/991/601 551/732/593
f 693/734/595 554/744/602 553/735/596
f 543/737/598 548/719/584 540/720/585
f 545/738/580 567/778/623 566/739/599
f 536/689/560 544/936/736 543/740/598
f 515/742/600 541/935/735 533/687/558
f 552/743/601 553/735/596 554/744/602
f 551/746/593 552/743/601 555/745/603
f 539/729/590 556/726/587 555/745/603
f 555/745/603 554/744/602 550/748/605
f 550/748/605 554/744/602 693/734/595
f 553/750/596 552/991/601 692/731/592
f 691/730/591 549/747/604 550/748/605
f 689/752/594 551/746/593 556/726/587
f 557/753/607 562/928/732 716/754/608
f 720/756/610 560/929/733 563/757/611
f 559/759/613 547/930/734 713/760/614
f 717/758/612 563/757/611 558/762/616
f 714/763/617 558/762/616 559/764/613
f 713/760/614 547/930/734 557/766/607
f 561/768/618 560/929/733 720/756/610
f 716/754/608 562/928/732 561/768/618
f 568/770/620 569/785/626 565/771/621
f 537/716/581 565/777/621 567/773/623
f 566/739/599 564/772/622 538/718/583
f 538/718/583 564/772/622 565/771/621
f 573/774/624 575/992/629 571/775/625
f 569/776/626 571/775/625 567/773/623
f 566/739/599 570/779/627 568/770/620
f 567/778/623 571/784/625 570/779/627
f 572/780/628 574/783/630 575/781/629
f 574/783/630 572/780/628 568/770/620
f 571/784/625 575/781/629 574/783/630
f 568/770/620 572/780/628 573/782/624
f 582/786/631 576/993/730 488/787/632
f 488/787/632 576/993/730 580/788/633
f 461/649/525 581/994/529 579/655/530
f 477/648/528 578/658/532 688/789/634
f 602/790/290 601/813/651 586/791/635
f 602/790/290 590/792/636 585/793/637
f 608/795/290 591/799/290 587/796/639
f 607/798/641 589/995/660 591/799/290
f 599/800/642 593/817/654 594/801/290
f 598/803/643 600/802/290 594/801/290
f 669/805/290 597/809/290 596/806/645
f 669/805/290 668/906/729 595/808/647
f 583/810/648 588/812/650 600/802/290
f 584/811/649 599/800/642 600/802/290
f 597/809/290 602/790/290 603/794/638
f 597/809/290 595/808/647 601/813/651
f 591/799/290 589/995/660 605/814/652
f 591/799/290 606/815/290 604/816/653
f 593/817/654 607/798/641 608/795/290
f 592/804/644 594/801/290 608/795/290
f 584/818/649 588/905/650 615/819/655
f 601/821/651 624/838/666 613/822/657
f 670/824/646 672/840/667 626/825/658
f 607/827/641 628/831/661 616/828/659
f 593/830/654 619/864/690 628/831/661
f 595/832/647 668/923/729 671/833/662
f 598/835/643 592/922/644 618/836/664
f 595/832/647 620/834/663 624/838/666
f 596/839/645 621/842/668 672/840/667
f 603/841/638 625/858/684 621/842/668
f 614/843/669 626/825/658 645/844/670
f 614/843/669 634/845/671 648/846/672
f 618/836/664 637/861/687 641/848/674
f 611/820/656 631/901/725 642/849/675
f 628/831/661 647/871/696 635/851/677
f 620/834/663 639/904/728 643/852/678
f 617/853/679 613/822/657 633/854/680
f 622/837/665 641/848/674 630/856/682
f 625/858/684 612/869/695 632/859/685
f 629/847/673 648/846/672 637/861/687
f 672/840/667 621/842/668 640/862/688
f 619/864/690 623/850/676 642/849/675
f 613/822/657 624/838/666 643/852/678
f 616/828/659 635/851/677 646/866/692
f 627/867/693 646/866/692 673/868/694
f 612/869/695 617/921/679 636/870/681
f 628/831/661 619/864/690 638/865/691
f 621/842/668 625/858/684 644/860/686
f 674/863/689 640/862/688 659/872/697
f 638/865/691 642/849/675 661/874/699
f 633/854/680 643/852/678 662/876/701
f 646/866/692 635/851/677 654/878/703
f 646/866/692 665/879/704 675/880/705
f 632/859/685 636/870/681 655/881/706
f 647/871/696 638/865/691 657/875/700
f 640/862/688 644/860/686 663/884/709
f 634/845/671 645/844/670 664/885/710
f 634/845/671 653/886/711 667/887/712
f 637/861/687 656/893/717 660/888/713
f 642/849/675 631/901/725 650/889/714
f 635/851/677 647/871/696 666/883/708
f 643/852/678 639/904/728 658/890/715
f 636/855/681 633/854/680 652/877/702
f 641/848/674 660/888/713 649/892/716
f 632/859/685 651/882/707 663/884/709
f 648/846/672 667/887/712 656/893/717
f 651/882/707 680/910/731 683/894/718
f 677/895/719 678/896/720 652/877/702
f 683/894/718 684/903/727 659/872/697
f 678/896/720 679/911/722 655/891/706
f 676/873/698 685/996/763 686/897/721
f 658/890/715 682/899/723 677/895/719
f 679/898/722 680/910/731 651/882/707
f 675/880/705 681/902/726 682/899/723
f 664/885/710 686/897/721 687/900/724
f 630/856/682 649/892/716 650/889/714
f 661/874/699 660/888/713 656/893/717
f 667/887/712 666/883/708 657/875/700
f 667/887/712 653/886/711 654/878/703
f 665/879/704 654/878/703 653/886/711
f 665/879/704 687/900/724 681/902/726
f 684/903/727 685/996/763 676/873/698
f 673/868/694 675/880/705 658/890/715
f 645/844/670 674/863/689 676/873/698
f 671/833/662 673/868/694 639/904/728
f 626/825/658 672/840/667 674/863/689
f 588/905/650 583/918/648 610/857/683
f 606/815/290 605/814/652 668/906/729
f 604/816/653 606/815/290 669/805/290
f 678/896/720 677/895/719 576/907/730
f 682/899/723 681/902/726 578/912/532
f 581/914/529 684/903/727 683/894/718
f 677/895/719 682/899/723 580/913/633
f 579/915/530 683/894/718 680/910/731
f 686/897/721 685/996/763 577/916/520
f 578/912/532 681/902/726 687/900/724
f 577/916/520 685/996/763 684/903/727
f 583/918/648 598/835/643 622/837/665
f 585/919/637 612/869/695 625/858/684
f 609/920/640 587/926/639 614/843/669
f 585/919/637 590/997/636 617/921/679
f 592/922/644 609/920/640 629/847/673
f 668/923/729 605/925/652 627/867/693
f 599/924/642 623/850/676 619/864/690
f 589/829/660 616/828/659 627/867/693
f 604/826/653 626/825/658 614/843/669
f 590/927/636 586/823/635 613/822/657
f 599/924/642 584/818/649 611/820/656
f 661/874/699 650/889/714 649/892/716
f 557/753/607 689/752/594 695/728/589
f 560/929/733 691/730/591 696/749/606
f 690/751/597 692/731/592 547/930/734
f 696/749/606 693/734/595 558/762/616
f 558/762/616 693/734/595 690/736/597
f 547/930/734 692/731/592 689/733/594
f 694/727/588 691/730/591 560/929/733
f 562/928/732 695/728/589 694/727/588
f 196/310/263 201/326/277 703/284/242
f 199/314/267 202/313/266 704/305/259
f 186/323/274 700/287/245 698/307/260
f 197/319/272 701/290/248 704/305/259
f 197/319/272 198/321/269 698/931/260
f 186/323/274 196/322/263 697/932/261
f 199/314/267 699/285/243 702/282/240
f 201/326/277 200/324/275 702/282/240
f 187/275/237 154/299/255 707/325/276
f 180/271/233 712/312/265 707/325/276
f 183/298/254 182/297/251 710/933/264
f 185/274/236 184/294/234 711/934/270
f 181/270/232 185/274/236 706/320/273
f 183/298/254 705/315/268 711/317/270
f 180/271/233 181/270/232 709/318/271
f 187/275/237 708/309/262 710/311/264
f 548/719/584 716/754/608 715/769/619
f 715/769/619 720/756/610 541/935/735
f 544/936/736 713/760/614 718/767/609
f 546/717/582 714/763/617 719/765/615
f 542/714/579 717/758/612 714/763/617
f 719/761/615 713/760/614 544/936/736
f 541/935/735 720/756/610 717/758/612
f 718/755/609 716/754/608 548/719/584
f 762/937/737 728/251/215 724/255/219
f 757/939/739 756/942/742 722/257/221
f 761/941/741 727/256/220 722/257/221
f 758/938/738 724/255/219 727/256/220
f 757/944/739 723/252/216 726/253/217
f 759/943/743 725/250/214 728/251/215
f 732/701/568 736/697/564 755/945/744
f 750/947/746 731/704/565 730/703/570
f 730/703/570 735/702/569 754/950/749
f 735/702/569 732/701/568 751/946/745
f 734/699/566 731/698/565 750/952/746
f 736/697/564 733/696/563 752/951/750
f 741/143/130 748/588/478 443/569/460
f 744/589/479 747/592/481 444/572/463
f 747/592/481 739/122/113 399/953/751
f 745/587/477 746/591/480 402/713/572
f 746/590/480 744/589/479 403/707/573
f 748/588/478 745/587/477 401/712/578
f 86/98/91 743/118/110 741/143/130
f 87/101/94 742/123/114 737/119/111
f 399/953/751 739/122/113 742/123/114
f 52/268/222 740/121/112 738/117/109
f 53/145/132 737/119/111 740/120/112
f 51/265/228 738/117/109 743/118/110
f 755/945/744 752/951/750 502/661/535
f 753/949/748 750/952/746 504/955/753
f 754/950/749 751/946/745 500/664/538
f 749/948/747 754/950/749 508/957/755
f 504/958/753 750/947/746 749/948/747
f 751/946/745 755/945/744 501/954/752
f 141/209/181 759/943/743 762/937/737
f 143/959/203 757/944/739 760/940/740
f 139/211/183 758/938/738 761/941/741
f 147/212/184 761/941/741 756/942/742
f 143/232/203 142/230/201 756/942/742
f 140/229/200 762/937/737 758/938/738
f 169/960/231 770/216/87 765/217/188
f 163/266/229 767/124/115 766/215/187
f 168/267/230 769/103/96 763/214/186
f 166/263/226 170/261/224 766/215/187
f 166/263/226 764/127/118 768/128/119
f 163/266/229 164/262/225 763/214/186
f 168/267/230 167/260/223 765/217/188
f 169/269/231 165/264/227 768/128/119
f 773/576/467 778/668/457 530/961/756
f 774/667/541 775/593/482 524/962/757
f 771/595/484 777/574/465 529/963/758
f 527/964/759 772/597/486 774/667/541
f 776/568/459 772/597/486 527/964/759
f 524/962/757 775/593/482 771/595/484
f 529/963/758 777/574/465 773/576/467
f 530/965/756 778/566/457 776/568/459
