# Blender 4.3.2
# www.blender.org
mtllib characterSmall.003.mtl
o characterSmall
v 0.163126 0.958670 0.084634
v 0.072438 0.978213 -0.193619
v 0.072438 0.801721 -0.193619
v 0.075251 0.756103 0.196504
v 0.074596 0.953139 0.192259
v 0.159067 0.773236 0.084899
v 0.155051 0.787934 -0.080659
v 0.161400 0.967242 -0.080595
v 0.074229 1.055859 0.099680
v 0.076096 1.065692 -0.086287
v 0.076096 0.670591 -0.086287
v 0.074065 0.639477 0.116067
v 0.134243 0.689352 0.086091
v 0.130792 0.973628 -0.159974
v 0.127731 0.953452 0.144736
v 0.134292 1.030684 0.081134
v 0.135904 0.714835 -0.079386
v 0.071963 0.711125 -0.171801
v 0.130789 0.802765 -0.159974
v 0.075091 0.668067 0.187266
v 0.126744 0.765984 0.150855
v 0.135904 1.035947 -0.079386
v 0.071919 1.030672 -0.167382
v 0.075294 1.020810 0.167024
v 0.073973 0.883898 -0.203363
v 0.076708 0.861079 0.194757
v 0.162592 0.865957 0.082100
v 0.161761 0.872413 -0.083266
v 0.162099 0.777739 0.010015
v 0.164671 0.962483 0.008334
v 0.078921 1.064014 0.011699
v 0.078886 0.641590 0.015115
v 0.115793 0.722022 -0.151703
v 0.112758 0.677157 0.150588
v 0.115667 1.028328 -0.139190
v 0.118494 1.025304 0.132120
v 0.141272 0.694726 0.014259
v 0.130324 0.880341 -0.161023
v 0.131119 0.864736 0.148004
v 0.142607 1.035563 0.011282
v 0.164210 0.868950 0.006642
v 0.044656 0.633298 -0.042060
v 0.051585 0.623400 0.003534
v 0.043317 0.620854 0.047726
v 0.029725 0.620467 -0.032892
v 0.041793 0.612783 0.000333
v 0.029062 0.610314 0.033143
v 0.062605 0.609713 -0.033406
v 0.073362 0.606032 0.002730
v 0.061906 0.600279 0.036197
v 0.081503 0.517356 -0.039878
v 0.095444 0.511552 0.013290
v 0.080493 0.508653 0.060759
v 0.080651 0.332952 -0.027091
v 0.101590 0.325229 0.023477
v 0.071714 0.322320 0.070495
v 0.073754 0.384524 0.072983
v 0.091565 0.386690 0.026281
v 0.078154 0.392039 -0.023165
v 0.073313 0.552655 0.049351
v 0.074265 0.561712 -0.045516
v 0.040154 0.288213 0.083330
v 0.005254 0.249622 0.006705
v 0.041478 0.288213 -0.048546
v 0.035685 0.979437 -0.197296
v 0.035732 0.799505 -0.201990
v 0.031690 0.751155 0.200742
v 0.031696 0.953163 0.200097
v 0.034948 1.062585 0.102288
v 0.036872 1.071926 -0.089334
v 0.036872 0.662949 -0.089334
v 0.034787 0.631073 0.118326
v 0.035364 0.706314 -0.177485
v 0.031671 0.664718 0.190415
v 0.035320 1.035546 -0.173065
v 0.031844 1.021759 0.173211
v 0.036476 0.885220 -0.207459
v 0.032367 0.859809 0.201818
v 0.037686 1.071046 0.011285
v 0.024412 0.637445 -0.058879
v 0.020549 0.619377 0.057293
v 0.014399 0.621485 -0.038764
v 0.013606 0.609379 0.040204
v 0.030161 0.610894 -0.039638
v 0.029322 0.599120 0.043914
v 0.039284 0.518078 -0.049345
v 0.038077 0.508144 0.070894
v 0.041784 0.336571 -0.045261
v 0.040468 0.321113 0.085815
v 0.037605 0.392606 -0.034020
v 0.036431 0.384194 0.083001
v 0.034699 0.551836 0.059300
v 0.035846 0.562654 -0.055026
v 0.027955 0.164376 -0.004957
v 0.069380 0.161568 0.042452
v 0.070262 0.178271 -0.045405
v 0.117490 0.186056 0.000008
v 0.035460 0.130458 -0.017701
v 0.072111 0.121129 0.026896
v 0.072920 0.137782 -0.053702
v 0.120540 0.137591 -0.015508
v 0.041845 0.103879 -0.023986
v 0.077737 0.097888 0.013842
v 0.078449 0.108174 -0.057067
v 0.118398 0.109914 -0.022390
v 0.055492 0.242425 0.060113
v 0.111796 0.272755 0.007844
v 0.016427 0.226227 0.003275
v 0.059220 0.250942 -0.044323
v 0.017091 0.263921 -0.031640
v 0.081214 0.301369 0.060647
v 0.040250 0.171496 -0.031756
v 0.100494 0.173459 0.029117
v 0.047174 0.133680 -0.047050
v 0.103343 0.127430 0.012911
v 0.054624 0.104889 -0.048455
v 0.104953 0.102191 0.001541
v 0.025594 0.237707 -0.031231
v 0.091762 0.258651 0.043341
v 0.015761 0.257099 0.047736
v 0.082911 0.302359 -0.021757
v 0.039024 0.160569 0.026114
v 0.101681 0.184622 -0.029913
v 0.042734 0.122539 0.011549
v 0.104531 0.138542 -0.046612
v 0.051955 0.099127 0.002417
v 0.105224 0.110714 -0.049765
v 0.093187 0.264533 -0.030541
v 0.027181 0.232056 0.039982
v 0.136296 0.590388 -0.020571
v 0.138636 0.594865 0.006098
v 0.133942 0.587507 0.028459
v 0.130090 0.530940 -0.022471
v 0.131712 0.519359 0.012927
v 0.127698 0.525392 0.044660
v 0.131811 0.554878 0.037138
v 0.284682 0.566758 0.000800
v 0.134213 0.560648 -0.024268
v 0.178649 0.586444 -0.014830
v 0.178546 0.588196 0.006635
v 0.176574 0.581085 0.026544
v 0.173143 0.530670 -0.018848
v 0.173071 0.519801 0.012688
v 0.171071 0.525724 0.035149
v 0.174646 0.552005 0.037190
v 0.247079 0.547409 0.037241
v 0.176858 0.557149 -0.024550
v 0.284212 0.563865 0.015888
v 0.283153 0.563237 0.029942
v 0.279361 0.529726 -0.002046
v 0.279559 0.521575 0.020170
v 0.277849 0.526480 0.035191
v 0.280971 0.543892 0.037832
v 0.339713 0.555884 -0.007710
v 0.282600 0.547272 -0.006617
v 0.243649 0.527756 0.034601
v 0.245420 0.530156 -0.008025
v 0.248973 0.551546 -0.012371
v 0.245902 0.521530 0.017559
v 0.251392 0.576240 0.012628
v 0.251028 0.575258 -0.004754
v 0.249236 0.570946 0.028805
v 0.096752 0.601615 0.004710
v 0.090833 0.595589 0.033464
v 0.094588 0.523154 -0.033152
v 0.096234 0.561709 -0.038086
v 0.090134 0.524386 0.050985
v 0.091913 0.553484 0.044490
v 0.103953 0.512948 0.013105
v 0.094575 0.600750 -0.031603
v 0.307339 0.558863 -0.010282
v 0.307248 0.557331 0.016936
v 0.296877 0.557584 0.040463
v 0.301188 0.528181 -0.015404
v 0.300105 0.522713 0.024598
v 0.288388 0.527576 0.049496
v 0.291703 0.542078 0.054312
v 0.425026 0.521661 0.001776
v 0.306757 0.542389 -0.023184
v 0.344014 0.553499 0.019106
v 0.337580 0.552980 0.043997
v 0.332759 0.525356 -0.012730
v 0.338139 0.518635 0.026729
v 0.330607 0.522679 0.053333
v 0.334681 0.537035 0.058001
v 0.374382 0.511973 0.024294
v 0.337024 0.539820 -0.020858
v 0.429126 0.519404 0.023395
v 0.422743 0.519832 0.043441
v 0.415362 0.501150 -0.002311
v 0.420163 0.495698 0.029496
v 0.413107 0.499462 0.050924
v 0.418454 0.509002 0.054709
v 0.425583 0.508003 0.024217
v 0.420882 0.510756 -0.008839
v 0.368965 0.517731 -0.011433
v 0.370954 0.527739 0.052602
v 0.366873 0.515437 0.048371
v 0.380248 0.541849 0.017399
v 0.375923 0.543892 -0.006881
v 0.373220 0.530127 -0.018783
v 0.373838 0.541407 0.039927
v 0.299863 0.535632 0.072965
v 0.297392 0.521049 0.069104
v 0.324398 0.533457 0.069850
v 0.321927 0.518871 0.065989
v 0.313046 0.527567 0.089689
v 0.311564 0.512633 0.086779
v 0.330390 0.530392 0.072145
v 0.328906 0.515458 0.069236
v 0.338490 0.519230 0.108393
v 0.337449 0.508756 0.106353
v 0.350651 0.521212 0.096090
v 0.349613 0.510737 0.094052
v 0.100273 0.074141 -0.043486
v 0.066405 0.073687 -0.006476
v 0.106761 0.073847 -0.010866
v 0.064950 0.074674 -0.041326
v 0.105464 0.073814 -0.027629
v 0.063188 0.073551 -0.024558
v 0.082987 0.074863 -0.047641
v 0.093034 -0.000096 0.094049
v 0.124952 -0.000096 0.088926
v 0.075387 -0.000096 -0.054922
v 0.105831 -0.000096 -0.058709
v 0.068968 -0.000096 0.020659
v 0.109320 -0.000096 0.094714
v 0.134423 -0.000096 0.010971
v 0.093515 -0.000096 -0.061498
v 0.101415 -0.000096 0.016106
v 0.066596 -0.000096 0.059560
v 0.139382 -0.000096 0.048263
v 0.105617 -0.000096 0.057342
v 0.124913 -0.000096 -0.030366
v 0.059183 -0.000096 -0.021637
v 0.096767 -0.000096 -0.029480
v 0.075078 -0.000096 0.077810
v 0.136952 -0.000096 0.068158
v 0.107720 -0.000096 0.077958
v 0.116868 -0.000096 -0.050906
v 0.094221 -0.000096 -0.052558
v 0.062235 -0.000096 -0.043519
v 0.065152 -0.000096 0.000998
v 0.127791 -0.000096 -0.006790
v 0.099313 -0.000096 -0.004510
v 0.138490 -0.000096 0.029212
v 0.103518 -0.000096 0.036725
v 0.064653 -0.000096 0.040499
v 0.093536 0.024149 0.093617
v 0.130982 0.024149 0.088265
v 0.072825 0.024149 -0.058520
v 0.106456 0.022686 -0.058335
v 0.064380 0.024149 0.021001
v 0.112615 0.024149 0.094107
v 0.137560 0.024149 0.010655
v 0.093842 0.024149 -0.063381
v 0.065068 0.024149 0.062686
v 0.143415 0.024149 0.050593
v 0.125333 0.024149 -0.033572
v 0.055800 0.024149 -0.024343
v 0.075036 0.024149 0.082237
v 0.140265 0.024149 0.071970
v 0.115349 0.021747 -0.047034
v 0.060067 0.024149 -0.048046
v 0.060673 0.024149 -0.000048
v 0.130282 0.024149 -0.008208
v 0.142350 0.024149 0.030192
v 0.062768 0.024149 0.042275
v 0.094304 0.034556 0.092085
v 0.124945 0.034556 0.089093
v 0.072972 0.039771 -0.056020
v 0.102447 0.040199 -0.055270
v 0.070011 0.039771 0.023878
v 0.132822 0.039771 0.015946
v 0.088491 0.039872 -0.059708
v 0.070675 0.039771 0.058982
v 0.138078 0.039771 0.049321
v 0.121660 0.039771 -0.029218
v 0.060551 0.040350 -0.025007
v 0.077202 0.039771 0.076997
v 0.135443 0.039771 0.069175
v 0.111713 0.039609 -0.043672
v 0.064761 0.040197 -0.042491
v 0.066292 0.039771 0.008661
v 0.129149 0.039771 0.001581
v 0.137086 0.039771 0.030305
v 0.068638 0.039771 0.039944
v 0.096871 0.049546 0.082781
v 0.116447 0.049546 0.079399
v 0.072781 0.061253 -0.053175
v 0.098420 0.057113 -0.053458
v 0.084970 0.051900 0.022474
v 0.119502 0.054931 0.019137
v 0.085907 0.056881 -0.054659
v 0.077998 0.051491 0.052248
v 0.127311 0.054938 0.048412
v 0.113840 0.059621 -0.029048
v 0.061825 0.057715 -0.024062
v 0.083744 0.053152 0.070336
v 0.124519 0.053669 0.065329
v 0.107187 0.056592 -0.042830
v 0.065545 0.056537 -0.040758
v 0.080193 0.056671 0.007376
v 0.112356 0.061392 0.008063
v 0.125139 0.054500 0.032353
v 0.082297 0.052450 0.037561
v 0.125002 -0.000096 -0.018688
v 0.098040 -0.000096 -0.016994
v 0.061457 -0.000096 -0.010230
v 0.127816 0.024149 -0.020943
v 0.057330 0.024149 -0.012065
v 0.125155 0.039771 -0.014045
v 0.061806 0.039771 -0.006402
v 0.114978 0.061392 -0.013107
v 0.065124 0.061392 -0.006991
v 0.103167 0.068883 -0.042479
v 0.094276 0.066636 -0.052976
v 0.083911 0.068935 -0.052071
v 0.075879 0.069991 -0.048466
v 0.108235 0.065235 -0.010791
v 0.108227 0.069282 -0.027923
v 0.064865 0.067274 -0.040442
v 0.062777 0.068309 -0.024127
v 0.064798 0.065235 -0.005899
v 0.082132 0.065842 0.002560
v 0.102190 0.065235 0.003235
v 0.086689 0.073517 0.000550
v -0.165086 0.958670 0.081339
v -0.068831 0.978213 -0.195037
v -0.068831 0.801721 -0.195037
v -0.079477 0.756103 0.194951
v -0.078737 0.953139 0.190720
v -0.161035 0.773236 0.081686
v -0.153695 0.787934 -0.083758
v -0.160043 0.967242 -0.083822
v -0.076512 1.055859 0.098167
v -0.074645 1.065692 -0.087800
v -0.074645 0.670591 -0.087800
v -0.076677 0.639477 0.114554
v -0.136238 0.689352 0.083376
v -0.127848 0.973628 -0.162570
v -0.130907 0.953452 0.142140
v -0.136188 1.030684 0.078419
v -0.134577 0.714835 -0.082101
v -0.068794 0.711125 -0.173214
v -0.127848 0.802765 -0.162570
v -0.079128 0.668067 0.185718
v -0.130043 0.765984 0.148278
v -0.134577 1.035947 -0.082101
v -0.068839 1.030672 -0.168795
v -0.078925 1.020810 0.165476
v -0.070172 0.883898 -0.204810
v 0.001852 0.979839 -0.199321
v 0.001900 0.797466 -0.204015
v -0.080898 0.861079 0.193175
v -0.002171 0.749536 0.201475
v -0.002162 0.953003 0.200584
v -0.164502 0.865957 0.078816
v -0.160351 0.872413 -0.086500
v -0.162561 0.777739 0.006756
v -0.165099 0.962483 0.005023
v -0.001183 1.063350 0.103062
v 0.000777 1.071754 -0.092137
v -0.079436 1.064014 0.010110
v -0.079470 0.641590 0.013525
v 0.000777 0.660612 -0.092137
v -0.001357 0.625991 0.120404
v -0.113018 0.722022 -0.154000
v -0.116052 0.677157 0.148291
v -0.113144 1.028328 -0.141487
v -0.121417 1.025304 0.129712
v -0.141824 0.694726 0.011417
v 0.001664 0.705190 -0.180529
v -0.127359 0.880341 -0.163610
v -0.002075 0.661790 0.191884
v -0.134357 0.864736 0.145340
v -0.143101 1.035563 0.008414
v 0.001641 1.035510 -0.178295
v -0.001902 1.023057 0.174682
v 0.001967 0.885397 -0.210731
v -0.002173 0.858640 0.201665
v -0.164607 0.868950 0.003341
v -0.000258 1.072767 0.010904
v -0.000808 0.617412 0.065737
v 0.000436 0.638836 -0.058168
v -0.044099 0.633298 -0.042951
v -0.051939 0.623400 0.002495
v -0.044561 0.620854 0.046844
v -0.000617 0.608518 0.046699
v 0.000309 0.622425 -0.045543
v -0.029352 0.620467 -0.033485
v -0.042085 0.612783 -0.000509
v -0.030015 0.610314 0.032550
v -0.000660 0.598051 0.051014
v 0.000321 0.611982 -0.046750
v -0.062216 0.609713 -0.034659
v -0.073696 0.606032 0.001253
v -0.062914 0.600279 0.034944
v -0.000954 0.507675 0.080219
v 0.000434 0.518740 -0.058056
v -0.080981 0.517356 -0.041509
v -0.095988 0.511552 0.011368
v -0.081991 0.508653 0.059128
v -0.001061 0.320597 0.090919
v 0.000348 0.339310 -0.049477
v -0.080387 0.332952 -0.028708
v -0.102337 0.325229 0.021430
v -0.073411 0.322320 0.069039
v -0.001074 0.383891 0.092187
v -0.075501 0.384524 0.071484
v -0.092371 0.386690 0.024435
v -0.077968 0.392039 -0.024732
v 0.000293 0.393127 -0.044011
v -0.074585 0.552655 0.047867
v -0.073632 0.561712 -0.047000
v 0.000444 0.563519 -0.059024
v -0.000836 0.551080 0.068455
v -0.042115 0.288213 0.082505
v -0.005681 0.249622 0.006596
v -0.040791 0.288213 -0.049372
v -0.000215 0.249622 0.006650
v -0.032011 0.979437 -0.197975
v -0.031964 0.799505 -0.202669
v -0.036007 0.751155 0.200063
v -0.036000 0.953163 0.199417
v -0.037289 1.062585 0.101563
v -0.035365 1.071926 -0.090059
v -0.035365 0.662949 -0.090059
v -0.037450 0.631073 0.117601
v -0.032088 0.706314 -0.178162
v -0.035781 0.664718 0.189738
v -0.032132 1.035546 -0.173743
v -0.035608 1.021759 0.172534
v -0.032600 0.885220 -0.208152
v -0.036708 0.859809 0.201124
v -0.038199 1.071046 0.010523
v -0.023521 0.637445 -0.059360
v -0.021989 0.619377 0.056866
v -0.013912 0.621485 -0.039048
v -0.014705 0.609379 0.039920
v -0.029655 0.610894 -0.040239
v -0.030494 0.599120 0.043314
v -0.038579 0.518078 -0.050127
v -0.039786 0.508144 0.070112
v -0.041161 0.336571 -0.046094
v -0.042477 0.321113 0.084982
v -0.037208 0.392606 -0.034771
v -0.038383 0.384194 0.082250
v -0.036176 0.551836 0.058588
v -0.035029 0.562654 -0.055737
v -0.000981 0.288213 0.082917
v 0.000343 0.288213 -0.048959
v -0.028146 0.164376 -0.005520
v -0.070513 0.161568 0.041047
v -0.069631 0.178271 -0.046809
v -0.117760 0.186056 -0.002353
v -0.035391 0.130458 -0.018412
v -0.072930 0.121129 0.025440
v -0.072121 0.137782 -0.055158
v -0.120501 0.137591 -0.017928
v -0.041649 0.103879 -0.024824
v -0.078296 0.097888 0.012275
v -0.077584 0.108174 -0.058633
v -0.118219 0.109914 -0.024765
v -0.056981 0.242425 0.058984
v -0.112225 0.272755 0.005595
v -0.016784 0.226227 0.002941
v -0.058612 0.250942 -0.045506
v -0.016746 0.263921 -0.031979
v -0.082709 0.301369 0.059001
v 0.000155 0.260096 -0.030225
v -0.039898 0.171496 -0.032561
v -0.101354 0.173459 0.027091
v -0.046516 0.133680 -0.047990
v -0.103875 0.127430 0.010830
v -0.053934 0.104889 -0.049545
v -0.105260 0.102191 -0.000569
v -0.025258 0.237707 -0.031742
v -0.092907 0.258651 0.041487
v -0.017013 0.257099 0.047407
v -0.082754 0.302359 -0.023420
v -0.000602 0.253270 0.045234
v -0.039836 0.160569 0.025323
v -0.101354 0.184622 -0.031951
v -0.043251 0.122539 0.010686
v -0.103868 0.138542 -0.048704
v -0.052289 0.099127 0.001370
v -0.104501 0.110714 -0.051871
v -0.092850 0.264533 -0.032408
v -0.028273 0.232056 0.039425
v -0.136150 0.590388 -0.023306
v -0.139027 0.594865 0.003311
v -0.134780 0.587507 0.025761
v -0.129907 0.530940 -0.025081
v -0.132241 0.519359 0.010278
v -0.128865 0.525392 0.042085
v -0.132823 0.554878 0.034482
v -0.284935 0.566758 -0.004918
v -0.133995 0.560648 -0.026960
v -0.178611 0.586444 -0.018416
v -0.178936 0.588196 0.003047
v -0.177368 0.581085 0.022991
v -0.173024 0.530670 -0.022323
v -0.173587 0.519801 0.009208
v -0.172036 0.525724 0.031705
v -0.175654 0.552005 0.033674
v -0.248070 0.547409 0.032271
v -0.176625 0.557149 -0.028099
v -0.284771 0.563865 0.010176
v -0.283994 0.563237 0.024249
v -0.279558 0.529726 -0.007657
v -0.280201 0.521575 0.014551
v -0.278794 0.526480 0.029603
v -0.281968 0.543892 0.032181
v -0.339786 0.555884 -0.014531
v -0.282705 0.547272 -0.012292
v -0.244590 0.527756 0.029700
v -0.245506 0.530156 -0.012953
v -0.248971 0.551546 -0.017370
v -0.246501 0.521530 0.012616
v -0.251891 0.576240 0.007576
v -0.251179 0.575258 -0.009796
v -0.250060 0.570946 0.023793
v -0.097120 0.601615 0.002763
v -0.091783 0.595589 0.031631
v -0.094200 0.523154 -0.035047
v -0.095745 0.561709 -0.040013
v -0.091433 0.524386 0.049163
v -0.093084 0.553484 0.042633
v -0.104489 0.512948 0.011013
v -0.094215 0.600750 -0.033498
v -0.307367 0.558863 -0.016453
v -0.307820 0.557331 0.010762
v -0.297923 0.557584 0.034493
v -0.301112 0.528181 -0.021450
v -0.300832 0.522713 0.018565
v -0.289618 0.527576 0.043693
v -0.293031 0.542078 0.048442
v -0.425273 0.521661 -0.006760
v -0.306523 0.542389 -0.029340
v -0.344622 0.553499 0.012193
v -0.338689 0.552980 0.037208
v -0.332733 0.525356 -0.019410
v -0.338903 0.518635 0.019933
v -0.331905 0.522679 0.046682
v -0.336075 0.537035 0.051268
v -0.375088 0.511973 0.016771
v -0.336832 0.539820 -0.027622
v -0.429804 0.519404 0.014773
v -0.423827 0.519832 0.034943
v -0.415526 0.501150 -0.010652
v -0.420964 0.495698 0.021052
v -0.414342 0.499462 0.042618
v -0.419764 0.509002 0.046295
v -0.426277 0.508003 0.015666
v -0.420914 0.510756 -0.017289
v -0.368956 0.517731 -0.018840
v -0.372230 0.527739 0.045142
v -0.368067 0.515437 0.040994
v -0.380817 0.541849 0.009760
v -0.376004 0.543892 -0.014429
v -0.373064 0.530127 -0.026274
v -0.374858 0.541407 0.032411
v -0.301562 0.535632 0.066927
v -0.299013 0.521049 0.063117
v -0.326032 0.533457 0.063321
v -0.323483 0.518871 0.059510
v -0.315080 0.527567 0.083383
v -0.313537 0.512633 0.080504
v -0.332065 0.530392 0.065495
v -0.330523 0.515458 0.062616
v -0.340892 0.519230 0.101573
v -0.339812 0.508756 0.099555
v -0.352806 0.521212 0.089031
v -0.351724 0.510737 0.087012
v -0.099674 0.074141 -0.045493
v -0.066556 0.073687 -0.007810
v -0.106815 0.073847 -0.013010
v -0.064402 0.074674 -0.042624
v -0.105182 0.073814 -0.029743
v -0.062976 0.073551 -0.025824
v -0.082310 0.074863 -0.049301
v -0.095197 -0.000096 0.092160
v -0.127006 -0.000096 0.086397
v -0.074564 -0.000096 -0.056427
v -0.104925 -0.000096 -0.060825
v -0.069663 -0.000096 0.019268
v -0.111496 -0.000096 0.092498
v -0.134910 -0.000096 0.008267
v -0.092556 -0.000096 -0.063366
v -0.102012 -0.000096 0.014064
v -0.068072 -0.000096 0.058208
v -0.140616 -0.000096 0.045452
v -0.107044 -0.000096 0.055207
v -0.124573 -0.000096 -0.032871
v -0.059031 -0.000096 -0.022823
v -0.096449 -0.000096 -0.031419
v -0.076919 -0.000096 0.076285
v -0.138589 -0.000096 0.065392
v -0.109559 -0.000096 0.075777
v -0.116116 -0.000096 -0.053245
v -0.093444 -0.000096 -0.054442
v -0.061643 -0.000096 -0.044762
v -0.065455 -0.000096 -0.000313
v -0.127923 -0.000096 -0.009357
v -0.099497 -0.000096 -0.006506
v -0.139342 -0.000096 0.026423
v -0.104528 -0.000096 0.034637
v -0.065747 -0.000096 0.039190
v -0.095690 0.024149 0.091717
v -0.133021 0.024149 0.085615
v -0.071932 0.024149 -0.059973
v -0.105557 0.022686 -0.060463
v -0.065082 0.024149 0.019701
v -0.114776 0.024149 0.091824
v -0.138041 0.024149 0.007889
v -0.092847 0.024149 -0.065255
v -0.066607 0.024149 0.061364
v -0.144695 0.024149 0.047701
v -0.124929 0.024149 -0.036085
v -0.055596 0.024149 -0.025461
v -0.076965 0.024149 0.080711
v -0.141978 0.024149 0.069137
v -0.114676 0.021747 -0.049343
v -0.059385 0.024149 -0.049245
v -0.060957 0.024149 -0.001269
v -0.130387 0.024149 -0.010825
v -0.143222 0.024149 0.027326
v -0.063900 0.024149 0.041004
v -0.096430 0.034556 0.090170
v -0.127002 0.034556 0.086564
v -0.072127 0.039771 -0.057477
v -0.101611 0.040199 -0.057318
v -0.070770 0.039771 0.022464
v -0.133411 0.039771 0.013273
v -0.087569 0.039872 -0.061475
v -0.072141 0.039771 0.057548
v -0.139337 0.039771 0.046536
v -0.121343 0.039771 -0.031657
v -0.060331 0.040350 -0.026221
v -0.079028 0.039771 0.075429
v -0.137098 0.039771 0.066439
v -0.111108 0.039609 -0.045909
v -0.064190 0.040197 -0.043786
v -0.066749 0.039771 0.007326
v -0.129448 0.039771 -0.001015
v -0.137962 0.039771 0.027544
v -0.069720 0.039771 0.038555
v -0.098808 0.049546 0.080817
v -0.118311 0.049546 0.077043
v -0.071992 0.061253 -0.054628
v -0.097624 0.057113 -0.055426
v -0.085698 0.051900 0.020761
v -0.120155 0.054931 0.016731
v -0.085086 0.056881 -0.056375
v -0.079324 0.051491 0.050669
v -0.128551 0.054938 0.045843
v -0.113528 0.059621 -0.031330
v -0.061624 0.057715 -0.025302
v -0.085433 0.053152 0.068638
v -0.126100 0.053669 0.062813
v -0.106599 0.056592 -0.044977
v -0.065010 0.056537 -0.042068
v -0.080621 0.056671 0.005762
v -0.112788 0.061392 0.005803
v -0.126058 0.054500 0.029831
v -0.083329 0.052450 0.035899
v -0.124895 -0.000096 -0.021197
v -0.097973 -0.000096 -0.018962
v -0.061533 -0.000096 -0.011465
v -0.127664 0.024149 -0.023507
v -0.057373 0.024149 -0.013216
v -0.125142 0.039771 -0.016557
v -0.061959 0.039771 -0.007645
v -0.114987 0.061392 -0.015416
v -0.065265 0.061392 -0.008300
v -0.102588 0.068883 -0.044545
v -0.093487 0.066636 -0.054860
v -0.083143 0.068935 -0.053748
v -0.075185 0.069991 -0.049982
v -0.108293 0.065235 -0.012965
v -0.107939 0.069282 -0.030093
v -0.064334 0.067274 -0.041739
v -0.062576 0.068309 -0.025385
v -0.064960 0.065235 -0.007202
v -0.082461 0.065842 0.000908
v -0.102528 0.065235 0.001180
v -0.086977 0.073517 -0.001194
v -0.392241 0.509439 -0.014744
v -0.391204 0.507451 0.041805
v -0.405310 0.530627 0.012265
v -0.398026 0.503834 0.018912
v -0.395996 0.518372 0.045718
v -0.400637 0.532778 -0.010593
v -0.396989 0.520441 -0.021782
v -0.399341 0.530619 0.033678
v 0.392163 0.509439 -0.006870
v 0.389990 0.507451 0.049647
v 0.404688 0.530627 0.020396
v 0.397273 0.503834 0.026895
v 0.394704 0.518372 0.053655
v 0.400475 0.532778 -0.002551
v 0.397052 0.520441 -0.013811
v 0.398290 0.530619 0.041685
v 0.356260 0.515303 0.025513
v 0.352818 0.532388 0.055303
v 0.357818 0.549887 -0.007294
v 0.355123 0.534972 -0.019820
v 0.355708 0.547194 0.041960
v 0.350862 0.521543 -0.012083
v 0.348741 0.519058 0.050852
v 0.362132 0.547674 0.018252
v -0.356994 0.515303 0.018353
v -0.354151 0.532388 0.048206
v -0.357894 0.549887 -0.014478
v -0.354948 0.534972 -0.026948
v -0.356775 0.547194 0.034808
v -0.350843 0.521543 -0.019126
v -0.349986 0.519058 0.043838
v -0.362720 0.547674 0.010976
v 0.210830 0.549653 0.037580
v 0.209189 0.530101 -0.013751
v 0.208409 0.520236 0.015189
v 0.214920 0.581217 -0.010055
v 0.212949 0.576319 0.027925
v 0.207235 0.526513 0.035125
v 0.212919 0.554355 -0.018822
v 0.213239 0.582689 0.009556
v -0.211836 0.549653 0.033337
v -0.209167 0.530101 -0.017951
v -0.208966 0.520236 0.010999
v -0.214969 0.581217 -0.014371
v -0.213763 0.576319 0.023642
v -0.208193 0.526513 0.030955
v -0.212794 0.554355 -0.023095
v -0.213682 0.582689 0.005270
v 0.077124 0.446590 0.066870
v 0.079828 0.454697 -0.031522
v -0.001014 0.445784 0.086203
v 0.093504 0.449121 0.019784
v 0.000364 0.455933 -0.051034
v 0.037254 0.446169 0.076947
v 0.038445 0.455340 -0.041682
v -0.078744 0.446590 0.065306
v -0.079475 0.454697 -0.033121
v -0.094179 0.449121 0.017900
v -0.039085 0.446169 0.076181
v -0.037894 0.455340 -0.042449
v -0.191095 0.530385 -0.020135
v -0.191279 0.520018 0.010103
v -0.196788 0.583832 -0.016394
v -0.195564 0.578702 0.023318
v -0.190113 0.526119 0.031330
v -0.194710 0.555751 -0.025598
v -0.196309 0.585443 0.004158
v 0.191168 0.530385 -0.016298
v 0.190744 0.520018 0.013938
v 0.196784 0.583832 -0.012444
v 0.194763 0.578702 0.027236
v 0.189152 0.526119 0.035137
v 0.194888 0.555751 -0.021687
v 0.195892 0.585443 0.008095
v 0.112386 0.591547 0.030963
v 0.115223 0.561179 -0.031176
v 0.108916 0.524890 0.047823
v 0.115436 0.595568 -0.026087
v 0.117694 0.598240 0.005405
v 0.112341 0.527046 -0.027810
v 0.111862 0.554180 0.040815
v 0.117832 0.516153 0.013015
v -0.113282 0.591547 0.028697
v -0.114868 0.561179 -0.033486
v -0.110150 0.524890 0.045624
v -0.115183 0.595568 -0.028402
v -0.118072 0.598240 0.003038
v -0.112053 0.527046 -0.030063
v -0.112953 0.554180 0.038558
v -0.118364 0.516153 0.010644
vn 0.9534 0.1572 0.2573
vn 0.9997 -0.0215 -0.0114
vn 0.9877 0.1556 0.0127
vn 0.7263 0.6614 0.1873
vn 0.6288 0.5804 0.5175
vn 0.7655 0.1248 0.6312
vn 0.9713 -0.0092 0.2377
vn 0.3051 0.6669 -0.6798
vn 0.7572 0.2145 -0.6170
vn 0.3019 0.2673 -0.9151
vn 0.3520 -0.0201 -0.9358
vn 0.0993 0.2578 -0.9611
vn 0.0100 0.0219 -0.9997
vn 0.0097 0.2383 -0.9711
vn 0.0073 0.6880 -0.7257
vn 0.1484 0.7087 -0.6897
vn 0.3657 -0.1384 -0.9204
vn 0.7839 -0.0137 -0.6207
vn 0.7674 -0.1086 -0.6319
vn 0.6724 -0.4875 -0.5570
vn 0.3235 -0.5880 -0.7414
vn 0.1429 -0.6270 -0.7658
vn 0.0099 -0.1680 -0.9857
vn 0.1470 -0.1567 -0.9766
vn 0.1091 0.0120 -0.9940
vn 0.4074 -0.0533 0.9117
vn 0.7753 -0.4696 0.4224
vn 0.8083 -0.0903 0.5818
vn 0.4249 0.0176 0.9051
vn 0.0605 -0.0610 0.9963
vn -0.0100 0.0014 0.9999
vn -0.0100 -0.0608 0.9981
vn 0.0961 -0.5726 0.8142
vn 0.4163 0.1794 0.8913
vn 0.7963 0.0159 0.6047
vn 0.3323 0.5877 0.7377
vn 0.0875 0.6401 0.7633
vn -0.0099 0.1904 0.9817
vn 0.0924 0.1947 0.9765
vn 0.0740 0.0078 0.9972
vn 0.9612 -0.1440 0.2351
vn 0.8396 -0.5386 -0.0707
vn 0.9896 -0.1397 -0.0337
vn 0.8499 -0.5081 0.1396
vn 0.9692 -0.1553 -0.1911
vn 0.9797 -0.0281 -0.1982
vn 0.8262 -0.5212 -0.2137
vn 0.9658 0.1698 -0.1960
vn 0.6119 0.6272 -0.4819
vn 0.7353 0.6553 -0.1731
vn 0.7525 0.6567 0.0488
vn 0.2967 0.9536 0.0519
vn 0.2774 0.9254 0.2583
vn 0.0967 0.9498 0.2976
vn -0.0005 0.9988 0.0497
vn -0.0031 0.9510 0.3091
vn 0.2953 0.9386 -0.1784
vn 0.0022 0.9765 -0.2155
vn 0.0928 0.9751 -0.2015
vn 0.1066 0.9929 0.0531
vn 0.6018 -0.7930 -0.0945
vn 0.3885 -0.9108 0.1398
vn 0.6340 -0.7662 -0.1046
vn 0.4336 -0.8294 -0.3523
vn 0.0052 -0.8547 -0.5192
vn 0.1609 -0.8462 -0.5080
vn 0.4378 -0.8797 0.1858
vn 0.3931 -0.5259 0.7543
vn -0.0030 -0.9543 0.2988
vn 0.1716 -0.9437 0.2828
vn 0.4515 -0.8009 -0.3934
vn 0.1535 -0.7898 -0.5938
vn 0.5779 -0.0861 -0.8116
vn 0.1907 -0.9390 0.2861
vn -0.0092 -0.4191 0.9079
vn 0.3586 -0.2382 0.9026
vn -0.0026 -0.9654 0.2609
vn 0.9122 0.4079 0.0386
vn 0.2736 0.7869 -0.5531
vn -0.0092 0.3996 0.9166
vn 0.2039 0.4982 0.8428
vn 0.6370 -0.0628 0.7683
vn 0.3049 -0.2685 -0.9138
vn 0.2186 0.7207 0.6579
vn 0.1983 0.9729 0.1189
vn 0.2147 0.4199 -0.8818
vn 0.2173 -0.9759 -0.0201
vn 0.2259 -0.6095 -0.7599
vn 0.1234 -0.9908 -0.0553
vn 0.2666 0.0719 -0.9611
vn 0.2200 -0.1091 -0.9694
vn 0.1862 0.1146 -0.9758
vn -0.0096 0.3061 0.9519
vn 0.2310 0.1782 0.9565
vn 0.2284 0.2954 0.9277
vn 0.1671 0.2329 0.9581
vn 0.1854 -0.5196 0.8341
vn 0.1317 0.2184 0.9669
vn 0.2513 0.0453 0.9669
vn -0.0100 -0.0722 0.9973
vn 0.2870 -0.0074 0.9579
vn 0.9970 0.0229 0.0733
vn 0.7380 0.0471 -0.6732
vn 0.7305 0.0044 -0.6829
vn 0.6466 -0.0036 0.7628
vn 0.9850 0.1416 0.0985
vn 0.2456 0.1035 -0.9638
vn 0.2417 0.0251 -0.9700
vn 0.6961 -0.1100 -0.7095
vn 0.2348 -0.1210 -0.9645
vn 0.6720 0.0423 0.7393
vn 0.9990 -0.0324 0.0302
vn -0.0100 0.0956 0.9954
vn 0.2393 0.0900 0.9668
vn 0.1758 0.9803 0.0901
vn 0.1642 0.6701 0.7238
vn 0.1509 0.9842 0.0930
vn 0.3341 0.0044 -0.9425
vn 0.3464 -0.6135 -0.7097
vn 0.0353 -0.3174 0.9476
vn 0.6844 -0.1265 0.7180
vn 0.7149 -0.0735 0.6954
vn 0.7176 -0.0604 0.6938
vn 0.7321 0.1521 -0.6640
vn 0.0099 0.1378 -0.9904
vn 0.0097 0.2435 -0.9698
vn 0.2355 0.2681 0.9342
vn 0.6579 -0.0038 0.7531
vn 0.0100 -0.0106 -0.9999
vn 0.0100 -0.1154 -0.9933
vn 0.0100 0.0816 -0.9966
vn 0.6265 0.0711 0.7762
vn 0.0100 -0.0909 -0.9958
vn 0.0091 -0.4210 -0.9070
vn 0.0068 -0.7375 -0.6753
vn 0.1911 -0.3463 0.9184
vn 0.1318 -0.0805 -0.9880
vn -0.0039 -0.9237 0.3831
vn -0.4813 -0.8740 -0.0672
vn -0.2657 -0.7397 0.6182
vn 0.0096 -0.2827 -0.9591
vn 0.0057 -0.8253 -0.5646
vn -0.2593 -0.5473 -0.7958
vn -0.9843 -0.1663 -0.0592
vn -0.7526 -0.3814 0.5368
vn -0.7250 -0.2760 0.6310
vn -0.9505 -0.3100 -0.0209
vn -0.7004 -0.3729 0.6086
vn 0.6597 0.1758 -0.7307
vn 0.9976 0.0514 0.0470
vn 0.6901 0.1786 -0.7013
vn -0.6778 -0.1911 -0.7100
vn -0.0018 0.1491 -0.9888
vn -0.7365 -0.0059 -0.6764
vn 0.6127 0.1822 -0.7691
vn 0.9883 -0.1445 -0.0484
vn 0.6363 -0.0630 -0.7688
vn 1.0000 0.0046 -0.0024
vn -0.6546 0.0085 -0.7559
vn 0.0108 -0.2806 0.9598
vn 0.6821 -0.2393 0.6910
vn 0.0331 -0.4665 0.8839
vn -0.7544 -0.2233 0.6173
vn 0.0699 0.0176 0.9974
vn -0.0462 0.1398 -0.9891
vn -0.6051 -0.2304 -0.7621
vn 0.6924 -0.2540 0.6753
vn -0.9178 -0.3802 -0.1144
vn -0.6662 -0.5294 0.5252
vn 0.0459 -0.0323 -0.9984
vn 0.9890 0.1473 -0.0162
vn -0.9763 -0.1741 -0.1285
vn -0.9648 -0.2619 0.0237
vn -0.0298 -0.0885 -0.9956
vn -0.7431 -0.2338 -0.6270
vn -0.0085 -0.4178 0.9085
vn 0.9179 0.0414 0.3947
vn 0.9636 0.1405 -0.2273
vn -0.0086 -0.5166 0.8562
vn 0.0421 -0.6437 0.7641
vn 0.0907 0.6990 0.7094
vn 0.2073 0.0174 -0.9781
vn 0.1617 0.7591 -0.6306
vn 0.0796 0.0460 -0.9958
vn 0.2532 0.6737 -0.6943
vn 0.2026 0.6834 0.7014
vn 0.3341 0.6971 -0.6344
vn 0.1701 -0.5006 0.8488
vn 0.2250 0.9624 0.1520
vn 0.2214 0.8780 -0.4243
vn 0.2488 0.7637 -0.5957
vn 0.0169 -0.9998 0.0049
vn -0.0960 -0.7465 -0.6585
vn 0.0352 -0.9989 -0.0325
vn 0.0108 0.1104 0.9938
vn -0.2322 -0.7381 0.6335
vn -0.4235 0.2479 0.8713
vn 0.1850 0.0366 -0.9821
vn 0.1198 -0.6664 -0.7359
vn 0.1518 0.9795 0.1326
vn 0.0544 -0.6514 -0.7568
vn 0.0044 0.1339 0.9910
vn 0.0155 -0.9991 -0.0401
vn -0.1013 0.8509 0.5154
vn 0.0905 0.8541 0.5123
vn -0.1699 0.1152 -0.9787
vn -0.0026 0.8592 -0.5117
vn -0.1898 0.1024 -0.9765
vn 0.1898 0.9791 0.0727
vn -0.0752 -0.9972 -0.0036
vn 0.1373 0.7135 0.6871
vn -0.0086 -0.6228 0.7824
vn 0.2754 0.9504 0.1447
vn 0.0772 0.7078 0.7022
vn 0.1475 0.9794 0.1378
vn 0.0280 -0.9996 -0.0065
vn 0.0189 -0.6361 0.7714
vn 0.0113 0.1190 0.9928
vn 0.2053 0.7699 -0.6042
vn 0.1683 0.0368 -0.9851
vn 0.1052 -0.6694 -0.7354
vn 0.7551 -0.6545 0.0377
vn 0.5293 -0.1648 0.8322
vn 0.2949 0.7189 -0.6295
vn 0.1983 0.7053 0.6806
vn 0.3249 0.0157 -0.9456
vn 0.4576 -0.5698 -0.6825
vn 0.5362 -0.2200 -0.8149
vn 0.1809 0.9783 0.1006
vn 0.2001 0.2284 0.9528
vn 0.1919 -0.9811 0.0264
vn 0.1795 0.8726 0.4542
vn 0.2202 0.9733 0.0649
vn 0.1695 -0.8958 0.4109
vn -0.6858 -0.6281 0.3677
vn 0.3036 0.3345 0.8922
vn 0.0875 0.1052 -0.9906
vn -0.2810 -0.7095 -0.6463
vn -0.5811 0.5196 0.6264
vn 0.4360 0.8075 -0.3974
vn 0.6145 -0.1826 -0.7675
vn 0.2175 0.0262 -0.9757
vn 0.4076 0.9109 0.0644
vn 0.8126 0.4788 -0.3324
vn -0.3292 -0.9437 -0.0322
vn 0.2425 -0.8688 -0.4316
vn 0.4416 -0.8962 0.0430
vn 0.0435 0.2129 0.9761
vn 0.1251 -0.8033 0.5823
vn 0.5426 -0.0391 0.8391
vn -0.0853 -0.8163 -0.5713
vn 0.5253 0.8043 0.2779
vn 0.2419 -0.8541 -0.4603
vn -0.1509 -0.9884 -0.0152
vn 0.2009 0.8995 -0.3879
vn 0.9378 -0.3471 0.0083
vn 0.7438 0.5066 0.4360
vn 0.9327 0.3558 0.0588
vn 0.3321 0.8269 0.4539
vn -0.2931 -0.7440 0.6004
vn -0.1930 -0.8229 -0.5344
vn 0.0810 0.0771 -0.9937
vn -0.1587 -0.8022 -0.5755
vn -0.1509 -0.8110 -0.5652
vn 0.3095 0.9486 0.0665
vn 0.3235 0.8410 0.4336
vn 0.3647 0.9289 0.0634
vn -0.1841 -0.9827 -0.0209
vn -0.1721 -0.7781 0.6042
vn -0.0717 -0.7824 0.6187
vn 0.3151 0.8354 0.4503
vn 0.1243 0.2090 0.9700
vn 0.1883 0.1606 0.9689
vn -0.2676 -0.9629 -0.0346
vn 0.3567 0.8368 -0.4154
vn 0.2929 0.8637 -0.4102
vn 0.1548 0.0761 -0.9850
vn -0.7324 -0.6529 0.1931
vn -0.4247 0.5623 0.7095
vn -0.5237 0.6380 0.5645
vn 0.3585 -0.5915 -0.7222
vn 0.0198 -0.7229 0.6907
vn -0.5791 -0.7463 0.3282
vn 0.6035 0.6857 -0.4069
vn 0.1140 0.3691 0.9224
vn 0.7791 -0.6217 -0.0801
vn 0.8695 0.4713 0.1479
vn -0.0626 0.2083 -0.9761
vn 0.7158 0.1624 -0.6792
vn -0.0000 -1.0000 -0.0000
vn 0.3015 -0.6642 -0.6840
vn 0.6404 -0.6116 -0.4645
vn -0.3275 -0.7245 -0.6065
vn -0.6335 -0.6998 -0.3301
vn -0.5839 -0.8118 -0.0054
vn -0.7013 -0.7126 -0.0215
vn 0.6666 -0.7393 -0.0948
vn 0.6494 -0.7306 0.2109
vn -0.5728 -0.7074 0.4142
vn -0.6887 -0.7247 0.0206
vn -0.6434 -0.7470 0.1674
vn 0.7072 -0.6825 -0.1845
vn 0.6318 -0.7715 -0.0750
vn -0.2605 -0.6448 0.7186
vn 0.1066 -0.6648 0.7394
vn 0.4399 -0.6804 0.5862
vn 0.6218 -0.7601 -0.1889
vn 0.6488 -0.7355 -0.1950
vn -0.6093 -0.7779 0.1538
vn 0.6649 -0.7467 0.0208
vn -0.6842 -0.7064 0.1816
vn 0.1431 0.1251 0.9818
vn 0.5755 0.1431 -0.8052
vn -0.9714 0.0220 0.2364
vn 0.9529 0.1018 -0.2856
vn 0.9852 0.0891 -0.1467
vn 0.9799 0.0822 -0.1820
vn -0.9520 0.1301 0.2771
vn 0.8047 0.1678 -0.5695
vn -0.9819 0.0488 0.1829
vn -0.9961 0.0816 -0.0322
vn -0.9953 0.0820 0.0507
vn -0.8800 0.3667 0.3019
vn -0.8513 0.5243 -0.0198
vn -0.9899 0.1400 0.0220
vn -0.7064 0.4487 0.5474
vn -0.7429 0.1057 0.6611
vn 0.8047 0.5048 0.3125
vn 0.6704 0.0760 0.7381
vn 0.9395 0.0764 0.3339
vn 0.8288 0.5100 -0.2301
vn 0.7768 0.2750 -0.5665
vn 0.9015 0.1199 -0.4159
vn 0.0840 0.0681 -0.9941
vn 0.5609 0.2545 -0.7878
vn -0.2375 0.3728 0.8970
vn -0.2859 0.0921 0.9538
vn -0.8674 0.0699 -0.4928
vn -0.5276 0.1953 -0.8268
vn -0.4402 -0.0160 -0.8978
vn -0.8613 0.4709 0.1908
vn -0.9817 0.1725 -0.0804
vn 0.9956 0.0814 0.0467
vn 0.8753 0.4397 -0.2014
vn 0.9604 0.0652 -0.2709
vn 0.9225 0.3246 -0.2089
vn -0.0033 0.2312 -0.9729
vn 0.8861 0.4616 0.0420
vn -0.9062 0.2217 -0.3600
vn -0.9650 0.1717 0.1982
vn -0.9963 0.0832 -0.0229
vn 0.4058 0.8790 0.2503
vn 0.8029 0.2596 -0.5366
vn 0.4276 0.9039 -0.0045
vn 0.7576 0.6526 0.0109
vn -0.0233 0.2023 -0.9790
vn 0.8680 0.4701 -0.1597
vn 0.4510 0.8917 0.0395
vn -0.9299 0.0213 -0.3672
vn -0.8293 0.5535 0.0767
vn -0.4104 0.6717 0.6168
vn -0.3781 0.9240 -0.0574
vn -0.4110 0.8647 0.2886
vn 0.2607 0.7770 0.5729
vn 0.4389 0.4397 0.7836
vn 0.4190 0.9016 -0.1079
vn 0.8657 0.4062 -0.2927
vn 0.8743 0.3212 -0.3639
vn 0.4844 0.2471 -0.8392
vn -0.1146 0.7544 0.6463
vn -0.5171 0.8553 0.0329
vn -0.5119 0.2501 -0.8218
vn -0.9027 0.0368 -0.4288
vn -0.3853 0.4998 -0.7757
vn 0.8000 0.3570 -0.4822
vn 0.3078 0.3973 -0.8645
vn -0.8813 0.0886 0.4642
vn -0.2488 0.3900 0.8865
vn -0.8051 -0.0314 0.5923
vn 0.8387 0.5196 -0.1631
vn -0.0890 0.4483 -0.8895
vn 0.7636 0.6174 0.1892
vn 0.1920 0.7526 0.6299
vn -0.3475 0.9225 0.1680
vn 0.3887 0.8764 0.2843
vn -0.9961 0.0858 0.0193
vn -0.0300 -0.6670 -0.7445
vn -0.9584 0.1572 0.2381
vn -0.9993 -0.0215 -0.0315
vn -0.9759 -0.0092 0.2182
vn -0.7299 0.6614 0.1727
vn -0.9878 0.1556 -0.0071
vn -0.6390 0.5804 0.5048
vn -0.7781 0.1248 0.6157
vn -0.7446 0.2145 -0.6321
vn -0.2914 0.6669 -0.6858
vn -0.2834 0.2673 -0.9210
vn -0.3332 -0.0201 -0.9427
vn -0.0800 0.2578 -0.9629
vn -0.0892 0.0120 -0.9959
vn -0.3472 -0.1384 -0.9275
vn -0.7713 -0.0137 -0.6363
vn -0.6610 -0.4875 -0.5704
vn -0.7545 -0.1086 -0.6472
vn -0.1275 -0.6270 -0.7685
vn -0.1274 -0.1567 -0.9794
vn -0.4256 -0.0533 0.9033
vn -0.7836 -0.4696 0.4067
vn -0.4081 -0.5259 0.7462
vn -0.4430 0.0176 0.8964
vn -0.8198 -0.0903 0.5655
vn -0.0805 -0.0610 0.9949
vn -0.0940 0.0078 0.9955
vn -0.1125 -0.5726 0.8121
vn -0.4341 0.1794 0.8828
vn -0.8083 0.0159 0.5885
vn -0.3470 0.5877 0.7309
vn -0.1028 0.6401 0.7614
vn -0.1119 0.1947 0.9745
vn -0.9658 -0.1440 0.2158
vn -0.8380 -0.5386 -0.0876
vn -0.8525 -0.5081 0.1225
vn -0.9887 -0.1398 -0.0535
vn -0.9652 -0.1553 -0.2105
vn -0.8218 -0.5212 -0.2303
vn -0.9756 -0.0280 -0.2179
vn -0.9617 0.1698 -0.2153
vn -0.6021 0.6272 -0.4940
vn -0.7534 0.6567 0.0337
vn -0.7317 0.6553 -0.1878
vn -0.2977 0.9536 0.0460
vn -0.2826 0.9254 0.2527
vn -0.1027 0.9498 0.2956
vn -0.1076 0.9929 0.0509
vn -0.2917 0.9386 -0.1843
vn -0.1345 0.7087 -0.6925
vn -0.0888 0.9751 -0.2033
vn -0.5998 -0.7930 -0.1066
vn -0.3912 -0.9108 0.1320
vn -0.4414 -0.8797 0.1770
vn -0.4265 -0.8294 -0.3609
vn -0.3085 -0.5880 -0.7477
vn -0.1507 -0.8462 -0.5111
vn -0.1772 -0.9437 0.2793
vn -0.4435 -0.8009 -0.4024
vn -0.5615 -0.0861 -0.8230
vn -0.6318 -0.7662 -0.1173
vn -0.1965 -0.9390 0.2822
vn -0.2625 0.7869 -0.5585
vn -0.9128 0.4079 0.0202
vn -0.3766 -0.2382 0.8952
vn -0.6523 -0.0628 0.7553
vn -0.1415 -0.7898 -0.5968
vn -0.2317 0.7207 0.6534
vn -0.1969 0.4199 -0.8860
vn -0.2865 -0.2685 -0.9197
vn -0.2169 -0.9759 -0.0244
vn -0.2106 -0.6095 -0.7643
vn -0.3321 -0.6135 -0.7165
vn -0.2005 -0.1091 -0.9736
vn -0.2473 0.0719 -0.9663
vn -0.1666 0.1146 -0.9793
vn -0.2502 0.1782 0.9517
vn -0.2470 0.2954 0.9229
vn -0.1863 0.2329 0.9545
vn -0.2021 -0.5196 0.8302
vn -0.1871 -0.5006 0.8452
vn -0.2706 0.0453 0.9616
vn -0.0100 0.0375 0.9992
vn -0.7243 0.0471 -0.6879
vn -0.9983 0.0229 0.0533
vn -0.7166 0.0044 -0.6975
vn -0.6618 -0.0036 0.7497
vn -0.6729 -0.0038 0.7397
vn -0.2262 0.1035 -0.9686
vn -0.2222 0.0251 -0.9747
vn -0.6817 -0.1100 -0.7233
vn -0.2154 -0.1210 -0.9690
vn -0.6867 0.0423 0.7257
vn -0.9994 -0.0324 0.0102
vn -0.2586 0.0900 0.9618
vn -0.1776 0.9803 0.0866
vn -0.1787 0.6701 0.7204
vn -0.2166 0.6834 0.6971
vn -0.2208 0.4982 0.8385
vn -0.3151 0.0044 -0.9491
vn -0.6987 -0.1265 0.7041
vn -0.0543 -0.3174 0.9468
vn -0.7287 -0.0735 0.6809
vn -0.9868 0.1416 0.0787
vn -0.7314 -0.0604 0.6793
vn -0.7187 0.1521 -0.6785
vn -0.2542 0.2681 0.9293
vn -0.2095 -0.3463 0.9144
vn -0.3061 -0.0074 0.9520
vn -0.1120 -0.0804 -0.9905
vn 0.4826 -0.8740 -0.0575
vn 0.0009 -0.9958 -0.0911
vn 0.2752 -0.5473 -0.7904
vn 0.7416 -0.3814 0.5518
vn 0.9853 -0.1663 -0.0394
vn 0.7122 -0.2760 0.6454
vn 0.9507 -0.3100 -0.0019
vn 0.6881 -0.3729 0.6225
vn -0.6449 0.1758 -0.7438
vn -0.9983 0.0514 0.0270
vn -0.9884 0.1473 -0.0361
vn 0.6919 -0.1911 -0.6963
vn 0.0216 0.1491 -0.9886
vn -0.0259 -0.0323 -0.9991
vn -0.5971 0.1822 -0.7812
vn -0.9871 -0.1445 -0.0683
vn -0.9997 0.0046 -0.0225
vn -0.6759 0.1786 -0.7150
vn 0.6696 0.0085 -0.7426
vn 0.7500 -0.0059 -0.6615
vn -0.6958 -0.2393 0.6772
vn -0.0300 -0.2806 0.9594
vn -0.0509 -0.4664 0.8831
vn 0.7419 -0.2233 0.6323
vn 0.6555 -0.5294 0.5385
vn 0.6203 -0.2304 -0.7498
vn 0.0660 0.1398 -0.9880
vn -0.0097 -0.4178 0.9085
vn 0.9199 -0.3802 -0.0960
vn 0.9787 -0.1740 -0.1088
vn 0.2533 -0.7397 0.6234
vn -0.7058 -0.2540 0.6613
vn 0.9641 -0.2621 0.0431
vn 0.7555 -0.2338 -0.6120
vn 0.0497 -0.0885 -0.9948
vn -0.9256 0.0414 0.3762
vn -0.0575 -0.6437 0.7631
vn -0.1223 -0.9908 -0.0578
vn -0.1050 0.6990 0.7074
vn -0.1511 0.2184 0.9641
vn -0.1876 0.0175 -0.9821
vn -0.1490 0.7591 -0.6337
vn -0.2393 0.6737 -0.6992
vn -0.1527 0.9842 0.0900
vn -0.3213 0.6971 -0.6410
vn -0.2129 0.8780 -0.4287
vn -0.2280 0.9624 0.1474
vn -0.2368 0.7637 -0.6006
vn -0.0170 -0.9998 0.0045
vn 0.1092 -0.7465 -0.6564
vn -0.1050 -0.6664 -0.7382
vn -0.0308 0.1104 0.9934
vn 0.2194 -0.7381 0.6381
vn -0.0071 -0.6228 0.7824
vn -0.1653 0.0366 -0.9856
vn -0.0392 -0.6514 -0.7577
vn 0.0909 0.8509 0.5174
vn 0.4059 0.2479 0.8797
vn -0.1008 0.8541 0.5103
vn 0.1895 0.1152 -0.9751
vn 0.0128 0.8592 -0.5115
vn -0.1912 0.9791 0.0689
vn -0.2783 0.9504 0.1391
vn 0.0753 -0.9972 -0.0021
vn -0.0345 -0.9989 -0.0332
vn -0.1510 0.7135 0.6842
vn -0.0913 0.7078 0.7005
vn -0.1503 0.9794 0.1348
vn -0.0279 -0.9996 -0.0071
vn -0.0344 -0.6361 0.7709
vn -0.0312 0.1190 0.9924
vn -0.1931 0.7699 -0.6082
vn -0.1484 0.0368 -0.9882
vn -0.0904 -0.6694 -0.7374
vn -0.5459 -0.1648 0.8215
vn -0.7557 -0.6545 0.0225
vn -0.6419 0.0711 0.7635
vn -0.2822 0.7189 -0.6353
vn -0.2007 0.9729 0.1149
vn -0.2119 0.7053 0.6765
vn -0.4438 -0.5699 -0.6916
vn -0.5197 -0.2200 -0.8255
vn -0.1886 0.8726 0.4505
vn -0.1777 -0.8958 0.4073
vn 0.6783 -0.6280 0.3815
vn -0.3215 0.3345 0.8859
vn 0.5683 0.5197 0.6380
vn -0.0676 0.1052 -0.9921
vn 0.2094 0.1024 -0.9724
vn 0.2939 -0.7095 -0.6405
vn -0.5990 -0.1826 -0.7797
vn -0.4279 0.8075 -0.4061
vn -0.1979 0.0261 -0.9799
vn -0.8058 0.4787 -0.3486
vn -0.4088 0.9109 0.0562
vn 0.3298 -0.9437 -0.0255
vn -0.2338 -0.8688 -0.4364
vn 0.2037 -0.8229 -0.5304
vn -0.0631 0.2129 0.9750
vn -0.1368 -0.8033 0.5796
vn 0.2810 -0.7440 0.6062
vn 0.0968 -0.8163 -0.5695
vn -0.5308 0.8042 0.2673
vn -0.1931 0.8995 -0.3918
vn -0.4423 -0.8962 0.0341
vn -0.5594 -0.0391 0.8280
vn -0.9378 -0.3471 -0.0105
vn -0.9337 0.3558 0.0401
vn -0.7525 0.5065 0.4209
vn -0.3411 0.8269 0.4472
vn 0.1702 -0.8022 -0.5722
vn -0.0610 0.0771 -0.9952
vn 0.1622 -0.8110 -0.5621
vn -0.3107 0.9486 0.0603
vn -0.3321 0.8410 0.4271
vn -0.3241 0.8354 0.4439
vn 0.1599 -0.7781 0.6075
vn 0.1845 -0.9827 -0.0172
vn 0.0592 -0.7824 0.6200
vn -0.1438 0.2090 0.9673
vn -0.2077 0.1606 0.9649
vn -0.3483 0.8368 -0.4225
vn -0.2846 0.8637 -0.4160
vn 0.4104 0.5624 0.7179
vn 0.7284 -0.6529 0.2078
vn 0.5123 0.6379 0.5749
vn -0.2327 -0.8541 -0.4651
vn -0.0337 -0.7229 0.6901
vn -0.3439 -0.5915 -0.7292
vn 0.5724 -0.7462 0.3398
vn -0.5953 0.6857 -0.4189
vn -0.1324 0.3690 0.9199
vn -0.7773 -0.6218 -0.0957
vn -0.8723 0.4712 0.1306
vn 0.0821 0.2083 -0.9746
vn -0.6208 -0.0630 -0.7814
vn -0.9589 0.1405 -0.2466
vn -0.0899 0.0176 0.9958
vn -0.2877 -0.6643 -0.6899
vn 0.0449 -0.6670 -0.7437
vn 0.3397 -0.7244 -0.5998
vn 0.6400 -0.6998 -0.3173
vn 0.5839 -0.8118 0.0063
vn 0.7016 -0.7125 -0.0074
vn -0.6646 -0.7393 -0.1082
vn -0.6536 -0.7306 0.1979
vn 0.5643 -0.7074 0.4256
vn 0.6804 -0.7063 0.1953
vn 0.6882 -0.7247 0.0345
vn 0.6399 -0.7470 0.1803
vn -0.7033 -0.6825 -0.1987
vn 0.2460 -0.6448 0.7237
vn -0.4516 -0.6804 0.5772
vn -0.1214 -0.6648 0.7371
vn -0.6309 -0.6116 -0.4773
vn -0.6178 -0.7601 -0.2013
vn 0.6060 -0.7779 0.1660
vn -0.6652 -0.7467 0.0074
vn -0.1628 0.1250 0.9787
vn -0.6851 0.0760 0.7245
vn -0.5592 0.1431 -0.8166
vn 0.9665 0.0220 0.2558
vn -0.9470 0.1018 -0.3047
vn -0.6448 -0.7355 -0.2079
vn -0.9820 0.0891 -0.1665
vn -0.9760 0.0822 -0.2017
vn -0.8930 0.1199 -0.4339
vn 0.9463 0.1301 0.2961
vn 0.7294 0.1057 0.6758
vn -0.7931 0.1678 -0.5855
vn 0.9780 0.0488 0.2026
vn 0.9966 0.0815 -0.0121
vn 0.9941 0.0821 0.0707
vn 0.8738 0.3667 0.3195
vn 0.8276 0.5536 0.0933
vn 0.8516 0.5242 -0.0027
vn 0.9893 0.1400 0.0419
vn 0.6953 0.4487 0.5614
vn -0.8108 0.5048 0.2963
vn -0.9460 0.0765 0.3150
vn -0.8240 0.5100 -0.2468
vn -0.7653 0.2750 -0.5820
vn -0.0641 0.0681 -0.9956
vn -0.5450 0.2544 -0.7989
vn 0.0228 0.2312 -0.9726
vn 0.2194 0.3728 0.9016
vn 0.2665 0.0924 0.9594
vn 0.8771 0.0699 -0.4752
vn 0.5440 0.1953 -0.8160
vn 0.9133 0.2218 -0.3417
vn 0.8573 0.4709 0.2080
vn 0.9831 0.1725 -0.0607
vn 0.9608 0.1716 0.2176
vn -0.9963 0.0813 0.0267
vn -0.8868 0.4616 0.0242
vn -0.8710 0.4398 -0.2189
vn -0.9547 0.0652 -0.2902
vn -0.9181 0.3247 -0.2274
vn 0.4581 -0.0160 -0.8888
vn -0.8647 0.4701 -0.1771
vn 0.9965 0.0833 -0.0029
vn 0.8718 0.0886 0.4818
vn -0.4107 0.8790 0.2421
vn -0.4516 0.8917 0.0304
vn -0.7920 0.2595 -0.5526
vn -0.4675 0.2471 -0.8487
vn -0.4274 0.9040 -0.0131
vn -0.3943 0.8764 0.2765
vn -0.7577 0.6526 -0.0043
vn 0.0429 0.2023 -0.9784
vn 0.5284 0.2501 -0.8113
vn -0.4167 0.9016 -0.1162
vn 0.9371 0.0212 -0.3485
vn 0.3979 0.6717 0.6249
vn 0.3441 0.9225 0.1749
vn 0.3792 0.9240 -0.0498
vn 0.4052 0.8647 0.2968
vn -0.2722 0.7770 0.5676
vn -0.8596 0.4062 -0.3100
vn 0.1016 0.7544 0.6485
vn 0.5164 0.8553 0.0433
vn 0.9111 0.0368 -0.4105
vn -0.7901 0.3571 -0.4982
vn -0.2904 0.3973 -0.8706
vn 0.2310 0.3900 0.8914
vn 0.1069 0.4483 -0.8875
vn -0.8353 0.5196 -0.1799
vn -0.2046 0.7526 0.6259
vn -0.4545 0.4397 0.7746
vn -0.7671 0.6175 0.1738
vn 0.9955 0.0857 0.0394
vn -0.8668 0.3212 -0.3814
vn -0.6302 -0.7715 -0.0877
vn -0.7020 0.1624 -0.6934
vn 0.4008 0.4999 -0.7678
vn -0.1351 0.0761 -0.9879
vn -0.3659 0.9289 0.0560
vn 0.2682 -0.9629 -0.0292
vn -0.2215 0.9733 0.0604
vn 0.1512 -0.9884 -0.0122
vn 0.1413 0.9802 0.1384
vn 0.1932 0.7698 -0.6083
vn 0.0169 -0.9996 -0.0210
vn 0.0061 -0.6387 0.7695
vn 0.1589 0.0386 -0.9865
vn 0.0943 -0.6692 -0.7371
vn 0.0678 0.7066 0.7043
vn -0.1441 0.9802 0.1355
vn -0.1809 0.7698 -0.6121
vn -0.0165 -0.9996 -0.0213
vn -0.0795 -0.6692 -0.7389
vn -0.0215 -0.6387 0.7692
vn -0.1390 0.0386 -0.9895
vn -0.0819 0.7066 0.7028
vn -0.0099 0.1761 0.9843
vn -0.1544 0.9795 0.1296
vn -0.0147 -0.9991 -0.0404
vn -0.0243 0.1339 0.9907
vn -0.0596 0.0460 -0.9972
vn -0.1924 -0.9811 0.0226
vn -0.1829 0.9783 0.0969
vn -0.2192 0.2284 0.9486
vn -0.3059 0.0157 -0.9519
vn 0.0079 -0.6212 -0.7836
vn -0.0082 -0.5806 0.8141
vn -0.0076 0.6481 0.7615
vn 0.7931 -0.0314 0.6083
vt 0.424189 0.840543
vt 0.461125 0.792446
vt 0.464336 0.838546
vt 0.416717 0.891313
vt 0.381879 0.875987
vt 0.388363 0.839070
vt 0.422632 0.794167
vt 0.566789 0.877794
vt 0.547299 0.836224
vt 0.578397 0.842760
vt 0.581898 0.795908
vt 0.597619 0.848015
vt 0.620819 0.793294
vt 0.616772 0.853315
vt 0.600537 0.899719
vt 0.583095 0.888653
vt 0.579292 0.753821
vt 0.549020 0.792867
vt 0.546067 0.756194
vt 0.544645 0.723253
vt 0.574039 0.710092
vt 0.595691 0.703076
vt 0.619721 0.748357
vt 0.597837 0.751342
vt 0.601547 0.796005
vt 0.348695 0.746560
vt 0.370282 0.707710
vt 0.379394 0.748660
vt 0.352067 0.794337
vt 0.329024 0.744340
vt 0.314521 0.794038
vt 0.314430 0.744770
vt 0.328721 0.702267
vt 0.354042 0.840060
vt 0.386191 0.794961
vt 0.357348 0.881251
vt 0.333591 0.885364
vt 0.314618 0.841490
vt 0.331745 0.841868
vt 0.330568 0.794359
vt 0.413924 0.746695
vt 0.448209 0.693178
vt 0.456179 0.745664
vt 0.398831 0.701742
vt 0.504429 0.747971
vt 0.506491 0.792522
vt 0.508008 0.704406
vt 0.507486 0.836775
vt 0.542416 0.864527
vt 0.513779 0.871163
vt 0.468510 0.881365
vt 0.479157 0.922805
vt 0.419565 0.937381
vt 0.424599 0.965218
vt 0.496721 0.973106
vt 0.429012 0.990871
vt 0.314511 0.941935
vt 0.345272 0.936565
vt 0.375354 0.923035
vt 0.533244 0.902573
vt 0.561199 0.940729
vt 0.546777 0.922084
vt 0.487495 0.948280
vt 0.435746 0.653777
vt 0.381262 0.577779
vt 0.445485 0.577770
vt 0.535591 0.655029
vt 0.607121 0.620608
vt 0.561972 0.632999
vt 0.361914 0.644380
vt 0.346644 0.709066
vt 0.313881 0.639752
vt 0.338499 0.642475
vt 0.499833 0.577771
vt 0.555856 0.577771
vt 0.499825 0.533686
vt 0.346813 0.577779
vt 0.313472 0.533689
vt 0.342897 0.533687
vt 0.314240 0.577779
vt 0.334052 0.271301
vt 0.357396 0.300091
vt 0.329014 0.286781
vt 0.322390 0.251659
vt 0.313386 0.238894
vt 0.334027 0.242630
vt 0.379403 0.533687
vt 0.444533 0.533687
vt 0.556533 0.533686
vt 0.357750 0.248681
vt 0.359286 0.273939
vt 0.332089 0.303960
vt 0.321848 0.288750
vt 0.433662 0.354178
vt 0.449266 0.326720
vt 0.449485 0.354250
vt 0.366558 0.325732
vt 0.343994 0.358074
vt 0.338463 0.328531
vt 0.313384 0.207136
vt 0.344557 0.178094
vt 0.341915 0.209838
vt 0.418808 0.228852
vt 0.449323 0.220507
vt 0.449271 0.239104
vt 0.343530 0.090906
vt 0.314626 0.017308
vt 0.347540 0.017308
vt 0.414719 0.446112
vt 0.377733 0.512503
vt 0.375206 0.446113
vt 0.414715 0.091274
vt 0.383767 0.017308
vt 0.419431 0.017308
vt 0.346142 0.512510
vt 0.344101 0.446113
vt 0.375666 0.404281
vt 0.344048 0.404281
vt 0.377258 0.128712
vt 0.416572 0.128622
vt 0.413916 0.404274
vt 0.314033 0.128516
vt 0.344355 0.128615
vt 0.412771 0.274270
vt 0.449197 0.256444
vt 0.449187 0.274815
vt 0.415545 0.317015
vt 0.418053 0.335450
vt 0.764886 0.156253
vt 0.785226 0.107684
vt 0.785902 0.156261
vt 0.799007 0.216144
vt 0.788083 0.231730
vt 0.787603 0.209281
vt 0.806236 0.216144
vt 0.817640 0.209281
vt 0.817160 0.231730
vt 0.313740 0.329149
vt 0.313373 0.306234
vt 0.372191 0.215842
vt 0.374663 0.091035
vt 0.315648 0.446113
vt 0.314837 0.404281
vt 0.314860 0.512509
vt 0.379954 0.180533
vt 0.314468 0.358172
vt 0.313369 0.290182
vt 0.603223 0.533686
vt 0.601924 0.577769
vt 0.331166 0.256618
vt 0.745586 0.200221
vt 0.747370 0.231809
vt 0.859657 0.200221
vt 0.857873 0.231809
vt 0.709669 0.231837
vt 0.709669 0.170960
vt 0.711467 0.163309
vt 0.721847 0.172340
vt 0.895574 0.201072
vt 0.895574 0.231837
vt 0.893776 0.163309
vt 0.895574 0.170960
vt 0.883396 0.172340
vt 0.727815 0.107591
vt 0.746092 0.080597
vt 0.745571 0.107637
vt 0.721819 0.156184
vt 0.741924 0.156224
vt 0.819341 0.156261
vt 0.806946 0.107689
vt 0.820018 0.107684
vt 0.863319 0.156224
vt 0.840570 0.107660
vt 0.859673 0.107637
vt 0.820450 0.080597
vt 0.806937 0.054180
vt 0.822707 0.054203
vt 0.806573 0.080594
vt 0.859151 0.080597
vt 0.764674 0.107660
vt 0.784794 0.080597
vt 0.764428 0.054143
vt 0.749316 0.015651
vt 0.764815 0.015651
vt 0.840985 0.080600
vt 0.856585 0.054132
vt 0.782536 0.054203
vt 0.729421 0.054235
vt 0.748658 0.054132
vt 0.840357 0.156253
vt 0.806497 0.156257
vt 0.798746 0.156257
vt 0.883424 0.156184
vt 0.798670 0.080594
vt 0.798306 0.054180
vt 0.875823 0.054235
vt 0.877532 0.080594
vt 0.729683 0.015651
vt 0.798297 0.107689
vt 0.877428 0.107591
vt 0.840815 0.054143
vt 0.855928 0.015651
vt 0.764259 0.080600
vt 0.783049 0.015663
vt 0.798628 0.015651
vt 0.709669 0.201072
vt 0.449523 0.204607
vt 0.480124 0.220366
vt 0.479999 0.257885
vt 0.449223 0.302051
vt 0.479967 0.285858
vt 0.480002 0.302736
vt 0.449178 0.285334
vt 0.413400 0.253148
vt 0.413721 0.291399
vt 0.434697 0.204330
vt 0.422225 0.207221
vt 0.566295 0.274906
vt 0.595486 0.285901
vt 0.566268 0.285870
vt 0.566418 0.354247
vt 0.595450 0.326418
vt 0.595727 0.354264
vt 0.566331 0.238259
vt 0.595577 0.220463
vt 0.595572 0.238385
vt 0.566261 0.302736
vt 0.566248 0.326375
vt 0.479969 0.274904
vt 0.480017 0.326307
vt 0.480076 0.238202
vt 0.480251 0.354141
vt 0.936043 0.747008
vt 0.923453 0.760350
vt 0.936042 0.768567
vt 0.936038 0.820137
vt 0.916280 0.805196
vt 0.913156 0.821296
vt 0.936042 0.798169
vt 0.915442 0.782105
vt 0.819123 0.316250
vt 0.797225 0.333975
vt 0.797550 0.318382
vt 0.595475 0.302736
vt 0.595521 0.257994
vt 0.566295 0.257912
vt 0.566497 0.203804
vt 0.566331 0.220418
vt 0.595515 0.274908
vt 0.532118 0.257914
vt 0.532117 0.274905
vt 0.532351 0.203915
vt 0.532180 0.220442
vt 0.532164 0.238293
vt 0.532094 0.285856
vt 0.532103 0.302735
vt 0.532102 0.326282
vt 0.532268 0.354131
vt 0.419455 0.177066
vt 0.390478 0.193948
vt 0.377553 0.292302
vt 0.378918 0.250740
vt 0.383620 0.322861
vt 0.389307 0.352126
vt 0.377764 0.356368
vt 0.377725 0.275083
vt 0.386719 0.219392
vt 0.413831 0.374713
vt 0.419551 0.370201
vt 0.886209 0.762623
vt 0.885320 0.783617
vt 0.777659 0.360222
vt 0.775246 0.328194
vt 0.880033 0.743203
vt 0.890829 0.819226
vt 0.782364 0.317118
vt 0.936035 0.782914
vt 0.917158 0.833933
vt 0.936043 0.839292
vt 0.935345 0.733206
vt 0.924802 0.741013
vt 0.850441 0.804389
vt 0.834730 0.811118
vt 0.848924 0.814470
vt 0.845332 0.792443
vt 0.836175 0.803540
vt 0.802891 0.409291
vt 0.825644 0.420676
vt 0.802602 0.427387
vt 0.838707 0.770458
vt 0.818760 0.775581
vt 0.825647 0.779275
vt 0.890980 0.833163
vt 0.869023 0.734549
vt 0.888750 0.727085
vt 0.872363 0.723774
vt 0.827988 0.356680
vt 0.798520 0.363699
vt 0.891034 0.803458
vt 0.812287 0.796118
vt 0.823986 0.796395
vt 0.827928 0.816141
vt 0.830711 0.785266
vt 0.831336 0.794974
vt 0.844701 0.779631
vt 0.786338 0.423044
vt 0.785572 0.404993
vt 0.844285 0.822752
vt 0.876973 0.818524
vt 0.860643 0.829363
vt 0.875811 0.831263
vt 0.872324 0.786765
vt 0.858692 0.773995
vt 0.859328 0.789913
vt 0.800398 0.377537
vt 0.784805 0.386943
vt 0.781503 0.373582
vt 0.872450 0.768309
vt 0.851767 0.761641
vt 0.865900 0.752422
vt 0.846093 0.753734
vt 0.829294 0.383941
vt 0.803179 0.391195
vt 0.864707 0.805239
vt 0.877870 0.804349
vt 0.863117 0.817822
vt 0.925131 0.719445
vt 0.907509 0.711057
vt 0.915383 0.725852
vt 0.767249 0.355598
vt 0.762244 0.337615
vt 0.765097 0.361551
vt 0.738160 0.372496
vt 0.749799 0.350854
vt 0.886180 0.719532
vt 0.872236 0.715844
vt 0.895340 0.694131
vt 0.882537 0.690427
vt 0.887850 0.697470
vt 0.898063 0.686418
vt 0.840361 0.015651
vt 0.806601 0.015663
vt 0.822019 0.015663
vt 0.875560 0.015651
vt 0.766859 0.911082
vt 0.770744 0.901510
vt 0.763760 0.893499
vt 0.770211 0.925627
vt 0.762338 0.936825
vt 0.711596 0.936677
vt 0.696274 0.910932
vt 0.696421 0.941635
vt 0.712570 0.910932
vt 0.699362 0.882974
vt 0.679979 0.910932
vt 0.669017 0.887282
vt 0.663683 0.910932
vt 0.666402 0.936456
vt 0.745465 0.940958
vt 0.738734 0.910931
vt 0.736360 0.940090
vt 0.747051 0.888843
vt 0.737908 0.889706
vt 0.652267 0.923704
vt 0.650448 0.911016
vt 0.653728 0.898328
vt 0.748602 0.910932
vt 0.728378 0.888472
vt 0.713956 0.884701
vt 0.727281 0.938093
vt 0.684388 0.883796
vt 0.681354 0.941635
vt 0.685829 0.695635
vt 0.709035 0.707892
vt 0.708318 0.689391
vt 0.651216 0.838339
vt 0.636815 0.828293
vt 0.636358 0.838542
vt 0.761434 0.786870
vt 0.784626 0.791663
vt 0.781184 0.780586
vt 0.662889 0.772774
vt 0.648575 0.752749
vt 0.644587 0.767637
vt 0.667608 0.758644
vt 0.655645 0.733289
vt 0.636687 0.810221
vt 0.655736 0.797824
vt 0.638034 0.794237
vt 0.751425 0.706855
vt 0.743698 0.740467
vt 0.762160 0.730646
vt 0.651688 0.827846
vt 0.766139 0.797810
vt 0.786770 0.803304
vt 0.770097 0.809706
vt 0.790282 0.816064
vt 0.756045 0.773861
vt 0.746963 0.789506
vt 0.738081 0.763188
vt 0.749903 0.756858
vt 0.727102 0.734129
vt 0.735818 0.718438
vt 0.690493 0.734814
vt 0.692503 0.712229
vt 0.681709 0.721092
vt 0.675902 0.773849
vt 0.663860 0.828975
vt 0.652804 0.811466
vt 0.651984 0.847741
vt 0.662721 0.839648
vt 0.718851 0.717725
vt 0.726702 0.710939
vt 0.775207 0.821851
vt 0.767474 0.837667
vt 0.778828 0.834668
vt 0.733420 0.750248
vt 0.758294 0.814508
vt 0.673889 0.744932
vt 0.671792 0.787590
vt 0.659328 0.785637
vt 0.668594 0.798637
vt 0.769809 0.847741
vt 0.778660 0.847798
vt 0.683588 0.751217
vt 0.763232 0.827184
vt 0.753212 0.799839
vt 0.745139 0.819551
vt 0.696225 0.747399
vt 0.672580 0.831952
vt 0.692294 0.778048
vt 0.684106 0.807013
vt 0.757514 0.847741
vt 0.678758 0.763215
vt 0.691125 0.756638
vt 0.751837 0.830942
vt 0.741140 0.776355
vt 0.724027 0.790583
vt 0.727865 0.767257
vt 0.723221 0.747063
vt 0.702700 0.734670
vt 0.699037 0.717821
vt 0.689960 0.767062
vt 0.676496 0.818660
vt 0.665722 0.812987
vt 0.662628 0.847741
vt 0.671022 0.841116
vt 0.715429 0.734568
vt 0.727865 0.756596
vt 0.753335 0.841094
vt 0.744649 0.834372
vt 0.747224 0.843692
vt 0.679750 0.835250
vt 0.668719 0.847741
vt 0.678439 0.843499
vt 0.736824 0.806172
vt 0.718289 0.798618
vt 0.731506 0.809276
vt 0.680551 0.820931
vt 0.749336 0.847741
vt 0.690572 0.808936
vt 0.702430 0.798724
vt 0.725767 0.778640
vt 0.695283 0.790443
vt 0.739621 0.822169
vt 0.731475 0.694422
vt 0.728866 0.910932
vt 0.685895 0.837050
vt 0.685422 0.848102
vt 0.741032 0.847741
vt 0.676732 0.847741
vt 0.698378 0.813838
vt 0.688192 0.824436
vt 0.733890 0.824390
vt 0.738812 0.836505
vt 0.725362 0.813361
vt 0.710079 0.810501
vt 0.794359 0.834625
vt 0.769187 0.749663
vt 0.775611 0.765710
vt 0.794071 0.847746
vt 0.640929 0.781632
vt 0.667034 0.709545
vt 0.635994 0.847741
vt 0.205075 0.841165
vt 0.167894 0.792612
vt 0.206425 0.794302
vt 0.213092 0.892060
vt 0.164771 0.839372
vt 0.247610 0.876372
vt 0.240912 0.839472
vt 0.081350 0.836963
vt 0.061439 0.878760
vt 0.050009 0.843329
vt 0.046919 0.795987
vt 0.030597 0.848442
vt 0.007910 0.793258
vt 0.027226 0.796032
vt 0.027123 0.900645
vt 0.011233 0.853570
vt 0.049903 0.754191
vt 0.079860 0.793006
vt 0.084560 0.723965
vt 0.083012 0.756778
vt 0.009719 0.748336
vt 0.033980 0.703702
vt 0.031469 0.751533
vt 0.280135 0.746760
vt 0.258394 0.708087
vt 0.281875 0.709276
vt 0.276985 0.794544
vt 0.249421 0.748845
vt 0.299788 0.744428
vt 0.298477 0.794450
vt 0.299865 0.702364
vt 0.275218 0.840274
vt 0.242874 0.795054
vt 0.272086 0.881446
vt 0.295777 0.885443
vt 0.297500 0.841963
vt 0.214966 0.746963
vt 0.180580 0.693943
vt 0.229864 0.702249
vt 0.172761 0.746006
vt 0.124594 0.748679
vt 0.121061 0.705265
vt 0.122463 0.792695
vt 0.121385 0.837636
vt 0.086117 0.865495
vt 0.160724 0.882526
vt 0.114993 0.872283
vt 0.150060 0.924580
vt 0.210795 0.939017
vt 0.205917 0.967651
vt 0.132131 0.975845
vt 0.141589 0.950525
vt 0.284079 0.936417
vt 0.254367 0.923054
vt 0.095251 0.904000
vt 0.066684 0.942564
vt 0.044873 0.889609
vt 0.081443 0.923720
vt 0.193570 0.654851
vt 0.247379 0.577779
vt 0.265733 0.644745
vt 0.093658 0.656259
vt 0.055405 0.710773
vt 0.022813 0.622214
vt 0.067560 0.634447
vt 0.289294 0.642673
vt 0.129023 0.577772
vt 0.129118 0.533691
vt 0.182637 0.577771
vt 0.281709 0.577779
vt 0.268898 0.301442
vt 0.291197 0.271842
vt 0.297011 0.287295
vt 0.305907 0.251701
vt 0.313384 0.246016
vt 0.247387 0.533689
vt 0.073421 0.577772
vt 0.270475 0.248715
vt 0.295323 0.256799
vt 0.295298 0.304572
vt 0.305394 0.289180
vt 0.193938 0.355121
vt 0.176015 0.328031
vt 0.207023 0.335239
vt 0.284512 0.358580
vt 0.260256 0.327132
vt 0.289615 0.328914
vt 0.282865 0.177913
vt 0.285628 0.210190
vt 0.206546 0.229302
vt 0.175926 0.219668
vt 0.203923 0.207845
vt 0.284546 0.090778
vt 0.314613 0.090700
vt 0.253341 0.512512
vt 0.214391 0.446114
vt 0.254895 0.446135
vt 0.214500 0.090826
vt 0.247743 0.017308
vt 0.254392 0.090764
vt 0.285985 0.512515
vt 0.286115 0.446113
vt 0.252155 0.404241
vt 0.285386 0.404280
vt 0.250952 0.128649
vt 0.210862 0.128516
vt 0.213588 0.404272
vt 0.283022 0.128585
vt 0.213024 0.273701
vt 0.176112 0.256466
vt 0.211851 0.254735
vt 0.293270 0.242695
vt 0.210397 0.317612
vt 0.634112 0.107684
vt 0.654452 0.156253
vt 0.633436 0.156261
vt 0.620331 0.216144
vt 0.631735 0.209281
vt 0.631255 0.231730
vt 0.984912 0.216144
vt 0.973988 0.231730
vt 0.973508 0.209281
vt 0.254233 0.215514
vt 0.026664 0.533691
vt 0.027849 0.577770
vt 0.673752 0.200221
vt 0.671968 0.231809
vt 0.931491 0.200221
vt 0.933275 0.231809
vt 0.707871 0.163309
vt 0.709669 0.163423
vt 0.897372 0.163309
vt 0.907752 0.172340
vt 0.673246 0.080597
vt 0.691523 0.107591
vt 0.673767 0.107637
vt 0.697519 0.156184
vt 0.677414 0.156224
vt 0.971807 0.156261
vt 0.984202 0.107689
vt 0.984651 0.156257
vt 0.927829 0.156224
vt 0.950579 0.107660
vt 0.950792 0.156253
vt 0.970699 0.080597
vt 0.984211 0.054180
vt 0.984575 0.080594
vt 0.971131 0.107684
vt 0.931997 0.080597
vt 0.931476 0.107637
vt 0.634545 0.080597
vt 0.654665 0.107660
vt 0.654910 0.054143
vt 0.670023 0.015651
vt 0.670680 0.054132
vt 0.934564 0.054132
vt 0.950164 0.080600
vt 0.655079 0.080600
vt 0.689917 0.054235
vt 0.691627 0.080594
vt 0.697491 0.172340
vt 0.620592 0.156257
vt 0.620668 0.080594
vt 0.636802 0.054203
vt 0.915326 0.054235
vt 0.913617 0.080594
vt 0.689655 0.015651
vt 0.621041 0.107689
vt 0.913720 0.107591
vt 0.907724 0.156184
vt 0.935221 0.015651
vt 0.950334 0.054143
vt 0.621032 0.054180
vt 0.636114 0.015663
vt 0.145397 0.220346
vt 0.175617 0.203610
vt 0.145435 0.257886
vt 0.176002 0.238678
vt 0.176076 0.303006
vt 0.145445 0.285869
vt 0.176141 0.285954
vt 0.176127 0.274825
vt 0.212919 0.292865
vt 0.188960 0.203956
vt 0.030728 0.285918
vt 0.059219 0.274906
vt 0.059234 0.285883
vt 0.059157 0.354297
vt 0.030753 0.326476
vt 0.059246 0.326424
vt 0.059200 0.238244
vt 0.030667 0.220373
vt 0.059200 0.220400
vt 0.059238 0.302736
vt 0.145431 0.326349
vt 0.175682 0.354323
vt 0.923919 0.589915
vt 0.936044 0.576656
vt 0.936043 0.598211
vt 0.936038 0.649765
vt 0.916482 0.634717
vt 0.936043 0.627815
vt 0.915780 0.611622
vt 0.936035 0.612530
vt 0.911203 0.334156
vt 0.933308 0.316285
vt 0.911008 0.319288
vt 0.030704 0.258005
vt 0.059220 0.257916
vt 0.059113 0.203743
vt 0.030707 0.274909
vt 0.093400 0.257917
vt 0.093400 0.274906
vt 0.093392 0.203856
vt 0.093398 0.220424
vt 0.093398 0.238277
vt 0.093401 0.285867
vt 0.093400 0.302736
vt 0.093401 0.326326
vt 0.093395 0.354175
vt 0.238441 0.193212
vt 0.209258 0.175756
vt 0.247444 0.179769
vt 0.248443 0.292318
vt 0.268288 0.274533
vt 0.247863 0.251013
vt 0.238015 0.351967
vt 0.249383 0.358293
vt 0.213559 0.376549
vt 0.886662 0.591967
vt 0.892139 0.360916
vt 0.890318 0.328884
vt 0.880602 0.572511
vt 0.925382 0.570586
vt 0.890949 0.648597
vt 0.913262 0.650799
vt 0.896187 0.317278
vt 0.917190 0.663459
vt 0.936043 0.668939
vt 0.935971 0.562842
vt 0.949700 0.563685
vt 0.834898 0.640157
vt 0.850648 0.633522
vt 0.849072 0.643593
vt 0.836388 0.632588
vt 0.845610 0.621546
vt 0.916752 0.410023
vt 0.939488 0.421443
vt 0.941342 0.403078
vt 0.839115 0.599522
vt 0.819139 0.604527
vt 0.832869 0.593684
vt 0.891017 0.662534
vt 0.869643 0.563793
vt 0.889413 0.556445
vt 0.941931 0.357450
vt 0.942432 0.332580
vt 0.891247 0.632831
vt 0.812557 0.625025
vt 0.826004 0.608262
vt 0.824241 0.625371
vt 0.828067 0.645141
vt 0.831599 0.623994
vt 0.831032 0.614283
vt 0.845055 0.608730
vt 0.900179 0.423750
vt 0.899440 0.405699
vt 0.844385 0.651848
vt 0.860703 0.658556
vt 0.877097 0.647813
vt 0.875860 0.660545
vt 0.872635 0.616027
vt 0.859079 0.603177
vt 0.872871 0.597572
vt 0.898701 0.387647
vt 0.914851 0.378266
vt 0.895420 0.374281
vt 0.852227 0.590782
vt 0.866415 0.581647
vt 0.846599 0.582841
vt 0.858121 0.573317
vt 0.943195 0.384714
vt 0.942563 0.371082
vt 0.864909 0.634456
vt 0.878078 0.633643
vt 0.908267 0.540529
vt 0.925839 0.549020
vt 0.916053 0.555370
vt 0.881194 0.356275
vt 0.852079 0.373128
vt 0.879032 0.362225
vt 0.863751 0.351504
vt 0.876216 0.338284
vt 0.873046 0.553037
vt 0.886888 0.548877
vt 0.896198 0.523531
vt 0.883417 0.519751
vt 0.898967 0.515834
vt 0.888689 0.526826
vt 0.872966 0.545107
vt 0.916937 0.533274
vt 0.950720 0.015651
vt 0.968441 0.054203
vt 0.984533 0.015651
vt 0.654456 0.015651
vt 0.934161 0.917252
vt 0.938046 0.926824
vt 0.941210 0.917411
vt 0.937513 0.902706
vt 0.929640 0.891508
vt 0.863576 0.917402
vt 0.878898 0.891657
vt 0.863722 0.886699
vt 0.866664 0.945360
vt 0.879872 0.917402
vt 0.836319 0.941052
vt 0.847280 0.917402
vt 0.830984 0.917403
vt 0.833704 0.891879
vt 0.848656 0.886699
vt 0.906036 0.917402
vt 0.912766 0.887376
vt 0.903662 0.888244
vt 0.914352 0.939491
vt 0.915904 0.917402
vt 0.819569 0.904630
vt 0.821030 0.930007
vt 0.817749 0.917319
vt 0.931062 0.934835
vt 0.895679 0.939862
vt 0.896167 0.917402
vt 0.894582 0.890240
vt 0.851690 0.944538
vt 0.685814 0.524204
vt 0.708995 0.536481
vt 0.692459 0.540801
vt 0.636616 0.656768
vt 0.650999 0.666836
vt 0.636144 0.667015
vt 0.784478 0.620385
vt 0.761292 0.615540
vt 0.781057 0.609280
vt 0.648490 0.581270
vt 0.662774 0.601310
vt 0.644483 0.596149
vt 0.655594 0.561809
vt 0.667511 0.587189
vt 0.636505 0.638709
vt 0.655582 0.626341
vt 0.652614 0.639978
vt 0.751403 0.535496
vt 0.743618 0.569106
vt 0.735767 0.547060
vt 0.651486 0.656346
vt 0.786609 0.632031
vt 0.765981 0.626507
vt 0.790098 0.644797
vt 0.769925 0.638407
vt 0.755926 0.602520
vt 0.746822 0.618153
vt 0.741017 0.604994
vt 0.737975 0.591822
vt 0.749806 0.585507
vt 0.727024 0.562749
vt 0.690416 0.563389
vt 0.681657 0.549651
vt 0.675784 0.602402
vt 0.663654 0.657494
vt 0.652114 0.676674
vt 0.662500 0.668165
vt 0.662752 0.676708
vt 0.718800 0.546327
vt 0.726660 0.539544
vt 0.775011 0.650560
vt 0.767258 0.666363
vt 0.763034 0.655874
vt 0.733331 0.578876
vt 0.758116 0.643191
vt 0.753055 0.628516
vt 0.673809 0.573487
vt 0.683498 0.579783
vt 0.671659 0.616137
vt 0.659193 0.614164
vt 0.668439 0.627173
vt 0.778933 0.663834
vt 0.769937 0.676706
vt 0.678653 0.591773
vt 0.744954 0.648215
vt 0.736657 0.634822
vt 0.696171 0.575983
vt 0.691057 0.585216
vt 0.672369 0.660489
vt 0.670796 0.669651
vt 0.692169 0.606623
vt 0.695141 0.619022
vt 0.683939 0.635573
vt 0.757642 0.676713
vt 0.753114 0.669767
vt 0.689876 0.595637
vt 0.751633 0.659614
vt 0.723876 0.619202
vt 0.725638 0.607256
vt 0.727778 0.595873
vt 0.723168 0.575675
vt 0.702657 0.563261
vt 0.676296 0.647209
vt 0.668841 0.676706
vt 0.715386 0.563172
vt 0.727795 0.585214
vt 0.744441 0.663032
vt 0.679534 0.663800
vt 0.678209 0.672043
vt 0.718127 0.627230
vt 0.749464 0.676711
vt 0.680347 0.649491
vt 0.702277 0.627311
vt 0.698987 0.546400
vt 0.690403 0.637505
vt 0.739432 0.650821
vt 0.665531 0.641515
vt 0.708305 0.517983
vt 0.905209 0.938628
vt 0.685675 0.665605
vt 0.685544 0.677056
vt 0.741161 0.676709
vt 0.747000 0.672354
vt 0.676854 0.676701
vt 0.698201 0.642414
vt 0.687985 0.653001
vt 0.733697 0.653037
vt 0.738601 0.665157
vt 0.725189 0.641997
vt 0.709911 0.639105
vt 0.731458 0.523035
vt 0.794155 0.663365
vt 0.769102 0.578336
vt 0.778787 0.676788
vt 0.762108 0.559307
vt 0.637891 0.622730
vt 0.667013 0.538078
vt 0.640806 0.610135
vt 0.775505 0.594395
vt 0.636128 0.676671
vt 0.863245 0.647029
vt 0.859621 0.619098
vt 0.917069 0.391927
vt 0.832426 0.764657
vt 0.827469 0.402308
vt 0.828641 0.370310
vt 0.857558 0.744141
vt 0.885650 0.612956
vt 0.912633 0.364605
vt 0.506311 0.274905
vt 0.506321 0.285857
vt 0.506161 0.354136
vt 0.506237 0.220404
vt 0.506307 0.302736
vt 0.506302 0.326295
vt 0.506301 0.257899
vt 0.506088 0.203826
vt 0.117992 0.274905
vt 0.118030 0.285868
vt 0.117555 0.354180
vt 0.117980 0.326337
vt 0.117775 0.220385
vt 0.117990 0.302736
vt 0.117967 0.257902
vt 0.117323 0.203765
vt 0.313385 0.176248
vt 0.145443 0.274905
vt 0.145319 0.203674
vt 0.145411 0.238185
vt 0.145435 0.302736
vt 0.145359 0.354184
vt 0.480375 0.203737
vt 0.427786 0.190023
vt 0.204862 0.190633
vt 0.249191 0.274533
vt 0.239198 0.219570
vt 0.242360 0.323778
vt 0.210098 0.372558
vt 0.616409 0.697945
vt 0.314291 0.702090
vt 0.314669 0.886247
vt 0.416811 0.512496
vt 0.895574 0.163423
vt 0.727712 0.080594
vt 0.828453 0.333255
vt 0.595849 0.203525
vt 0.949078 0.733969
vt 0.916136 0.703752
vt 0.748889 0.379998
vt 0.773908 0.910923
vt 0.013528 0.698485
vt 0.201489 0.994125
vt 0.183319 0.533689
vt 0.284048 0.533689
vt 0.073408 0.533691
vt 0.282118 0.017308
vt 0.213588 0.512510
vt 0.209834 0.017308
vt 0.620696 0.015663
vt 0.030572 0.354320
vt 0.030670 0.238188
vt 0.030736 0.302736
vt 0.030488 0.203604
vt 0.916436 0.428118
vt 0.862796 0.380646
vt 0.968954 0.015663
vt 0.915588 0.015651
vt 0.881258 0.943633
vt 0.731338 0.637921
vt 0.794208 0.676620
s 1
usemtl skin.004
f 1/1/1 41/2/2 30/3/3
f 30/3/3 16/4/4 1/1/1
f 1/1/1 36/5/5 15/6/6
f 15/6/6 27/7/7 1/1/1
f 23/8/8 14/9/9 2/10/10
f 14/9/9 25/11/11 2/10/10
f 65/12/12 380/13/13 353/14/14
f 65/12/12 378/15/15 75/16/16
f 3/17/17 38/18/18 19/19/19
f 3/17/17 33/20/20 18/21/21
f 73/22/22 354/23/23 66/24/24
f 66/24/24 380/13/13 77/25/25
f 4/26/26 34/27/27 21/28/28
f 21/28/28 26/29/29 4/26/26
f 67/30/30 381/31/31 356/32/32
f 356/32/32 74/33/33 67/30/30
f 5/34/34 39/35/35 15/6/6
f 15/6/6 24/36/36 5/34/34
f 76/37/37 357/38/38 68/39/39
f 357/38/38 78/40/40 68/39/39
f 6/41/41 37/42/42 29/43/43
f 29/43/43 27/7/7 6/41/41
f 6/41/41 39/35/35 21/28/28
f 21/28/28 13/44/44 6/41/41
f 7/45/45 33/20/20 19/19/19
f 19/19/19 28/46/46 7/45/45
f 7/45/45 41/2/2 29/43/43
f 29/43/43 17/47/47 7/45/45
f 8/48/48 38/18/18 14/9/9
f 8/48/48 35/49/49 22/50/50
f 8/48/48 40/51/51 30/3/3
f 30/3/3 28/46/46 8/48/48
f 16/4/4 31/52/52 9/53/53
f 69/54/54 383/55/55 362/56/56
f 362/57/56 76/37/37 69/58/54
f 9/59/53 36/5/5 16/4/4
f 10/60/57 35/49/49 23/8/8
f 75/16/16 363/61/58 70/62/59
f 70/62/59 383/55/55 79/63/60
f 31/52/52 22/50/50 10/60/57
f 32/64/61 44/65/62 43/66/63
f 11/67/64 33/20/20 17/47/47
f 11/67/64 37/42/42 32/64/61
f 366/68/65 73/22/22 71/69/66
f 32/64/61 13/44/44 12/70/67
f 12/70/67 34/27/27 20/71/68
f 74/33/33 367/72/69 72/73/70
f 71/69/66 42/74/71 80/75/72
f 43/66/63 45/76/73 42/74/71
f 81/77/74 389/78/75 83/79/76
f 32/64/61 42/74/71 11/67/64
f 72/73/70 384/80/77 81/77/74
f 46/81/78 48/82/79 45/83/73
f 83/84/76 394/85/80 85/86/81
f 43/66/63 47/87/82 46/88/78
f 80/75/72 45/76/73 82/89/83
f 46/81/78 50/90/84 49/91/85
f 45/83/73 84/92/86 82/93/83
f 770/94/87 133/95/88 134/96/89
f 61/97/90 86/98/91 93/99/92
f 417/100/93 87/101/94 92/102/95
f 769/103/96 135/104/97 136/105/98
f 91/106/99 404/107/100 89/108/101
f 58/109/102 54/110/103 59/111/104
f 58/112/102 56/113/105 55/114/106
f 59/111/104 88/115/107 90/116/108
f 738/117/109 90/116/108 743/118/110
f 737/119/111 58/112/102 740/120/112
f 740/121/112 59/111/104 738/117/109
f 739/122/113 91/106/99 742/123/114
f 767/124/115 132/125/116 131/126/117
f 394/85/80 92/102/95 85/86/81
f 48/82/79 93/99/92 84/92/86
f 764/127/118 133/95/88 768/128/119
f 106/129/120 113/130/121 119/131/122
f 55/132/106 56/133/105 111/134/123
f 55/135/106 121/136/124 54/137/103
f 84/92/86 416/138/125 395/139/126
f 50/90/84 92/102/95 60/140/127
f 742/123/114 57/141/128 737/119/111
f 743/118/110 413/142/129 741/143/130
f 90/116/108 405/144/131 413/142/129
f 91/106/99 56/113/105 57/141/128
f 60/140/127 87/101/94 53/145/132
f 93/99/92 400/146/133 416/138/125
f 82/93/83 395/139/126 390/147/134
f 80/75/72 390/148/134 385/149/135
f 47/150/82 85/86/81 50/90/84
f 72/73/70 44/65/62 12/70/67
f 81/77/74 47/87/82 44/65/62
f 366/68/65 80/75/72 385/149/135
f 20/71/68 72/73/70 12/70/67
f 71/69/66 18/21/21 11/67/64
f 10/60/57 79/63/60 31/52/52
f 23/8/8 70/62/59 10/60/57
f 69/58/54 24/36/36 9/59/53
f 9/53/53 79/63/60 69/54/54
f 68/39/39 26/29/29 5/34/34
f 5/34/34 76/37/37 68/39/39
f 67/30/30 20/71/68 4/26/26
f 4/26/26 78/40/40 67/30/30
f 3/17/17 77/25/25 25/11/11
f 18/21/21 66/24/24 3/17/17
f 65/12/12 23/8/8 2/10/10
f 2/10/10 77/25/25 65/12/12
f 62/151/136 56/133/105 89/152/101
f 64/153/137 88/154/107 54/137/103
f 404/155/100 62/151/136 89/152/101
f 482/156/138 63/157/139 120/158/140
f 88/154/107 452/159/141 405/160/131
f 63/161/139 471/162/142 110/163/143
f 94/164/144 124/165/145 122/166/146
f 108/167/147 122/166/146 129/168/148
f 128/169/149 97/170/150 123/171/151
f 118/172/152 96/173/153 112/174/154
f 125/175/155 105/176/156 127/177/157
f 123/171/151 101/178/158 125/175/155
f 96/173/153 114/179/159 112/174/154
f 95/180/160 115/181/161 113/130/121
f 103/182/162 216/183/163 327/184/164
f 100/185/165 116/186/166 114/179/159
f 115/181/161 103/182/162 117/187/167
f 124/165/145 102/188/168 126/189/169
f 110/163/143 109/190/170 118/172/152
f 121/136/124 107/191/171 128/169/149
f 63/157/139 129/168/148 120/158/140
f 111/134/123 106/129/120 119/131/122
f 111/134/123 107/192/171 55/132/106
f 63/161/139 118/172/152 108/193/147
f 101/194/158 117/187/167 105/195/156
f 114/179/159 102/196/168 98/197/172
f 126/189/169 220/198/173 216/183/163
f 113/130/121 101/194/158 97/199/150
f 112/174/154 98/197/172 94/200/144
f 108/193/147 112/174/154 94/200/144
f 110/163/143 452/159/141 64/153/137
f 119/131/122 97/199/150 107/192/171
f 104/201/174 218/202/175 116/186/166
f 120/158/140 106/129/120 62/151/136
f 64/153/137 128/169/149 109/190/170
f 99/203/176 126/189/169 103/182/162
f 105/195/156 217/204/177 219/205/178
f 96/173/153 125/175/155 100/185/165
f 125/175/155 104/201/174 100/185/165
f 109/190/170 123/171/151 96/173/153
f 129/168/148 95/180/160 106/129/120
f 122/166/146 99/203/176 95/180/160
f 451/206/179 120/158/140 62/151/136
f 62/151/136 111/134/123 56/133/105
f 64/153/137 54/137/103 121/136/124
f 134/207/89 144/208/180 135/104/97
f 136/105/98 141/209/181 132/125/116
f 138/210/182 139/211/183 147/212/184
f 131/126/117 139/211/183 130/213/185
f 764/127/118 130/213/185 138/210/182
f 763/214/186 136/105/98 132/125/116
f 767/124/115 130/213/185 766/215/187
f 770/216/87 135/104/97 765/217/188
f 160/218/189 137/219/190 161/220/191
f 159/221/192 150/222/193 151/223/194
f 146/224/195 152/225/196 153/226/197
f 158/227/198 150/222/193 157/228/199
f 131/126/117 141/209/181 140/229/200
f 138/210/182 142/230/201 133/95/88
f 136/105/98 144/208/180 145/231/202
f 134/96/89 142/230/201 143/232/203
f 153/233/197 173/234/204 149/235/205
f 155/236/206 171/237/207 179/238/208
f 137/239/190 172/240/209 171/237/207
f 150/241/193 175/242/210 151/243/194
f 158/227/198 137/219/190 155/244/206
f 146/224/195 149/245/205 162/246/211
f 159/247/192 152/225/196 156/248/212
f 162/246/211 148/249/213 160/218/189
f 725/250/214 160/218/189 728/251/215
f 723/252/216 156/248/212 726/253/217
f 721/254/218 162/246/211 725/250/214
f 724/255/219 158/227/198 727/256/220
f 727/256/220 157/228/199 722/257/221
f 721/254/218 156/248/212 146/224/195
f 723/258/216 157/228/199 159/221/192
f 728/251/215 161/220/191 724/255/219
f 52/259/222 167/260/223 53/145/132
f 49/91/85 170/261/224 48/82/79
f 60/140/127 164/262/225 50/90/84
f 61/97/90 170/261/224 166/263/226
f 61/97/90 165/264/227 51/265/228
f 49/91/85 164/262/225 163/266/229
f 60/140/127 167/260/223 168/267/230
f 52/268/222 165/264/227 169/269/231
f 172/240/209 181/270/232 180/271/233
f 175/242/210 184/272/234 176/273/235
f 173/234/204 185/274/236 181/270/232
f 171/237/207 187/275/237 179/238/208
f 152/276/196 175/242/210 176/273/235
f 149/235/205 172/240/209 148/277/213
f 155/236/206 174/278/238 150/279/193
f 153/233/197 176/280/235 177/281/239
f 702/282/240 195/283/241 703/284/242
f 699/285/243 178/286/244 702/282/240
f 700/287/245 190/288/246 191/289/247
f 701/290/248 192/291/249 193/292/250
f 179/238/208 182/293/251 174/278/238
f 184/294/234 205/295/252 206/296/253
f 175/242/210 182/297/251 183/298/254
f 172/240/209 154/299/255 171/237/207
f 193/292/250 191/300/247 194/301/256
f 194/301/256 190/302/246 195/283/241
f 178/286/244 194/301/256 195/283/241
f 189/303/257 194/301/256 188/304/258
f 701/290/248 189/303/257 704/305/259
f 700/287/245 192/306/249 698/307/260
f 699/285/243 189/303/257 188/304/258
f 697/308/261 195/283/241 190/302/246
f 708/309/262 196/310/263 710/311/264
f 712/312/265 202/313/266 199/314/267
f 705/315/268 198/316/269 711/317/270
f 709/318/271 197/319/272 202/313/266
f 706/320/273 198/321/269 197/319/272
f 705/315/268 196/322/263 186/323/274
f 712/312/265 200/324/275 707/325/276
f 708/309/262 200/324/275 201/326/277
f 204/327/278 207/328/279 203/329/280
f 176/273/235 206/330/253 204/331/278
f 177/281/239 205/295/252 185/274/236
f 177/281/239 204/327/278 203/329/280
f 210/332/281 212/333/282 208/334/283
f 206/330/253 208/334/283 204/331/278
f 205/295/252 207/328/279 209/335/284
f 206/296/253 209/335/284 210/336/281
f 211/337/285 214/338/286 213/339/287
f 207/328/279 213/339/287 209/335/284
f 210/336/281 213/339/287 214/338/286
f 207/328/279 212/340/282 211/337/285
f 127/177/157 221/341/288 104/201/174
f 127/177/157 219/342/178 215/343/289
f 102/196/168 218/202/175 220/344/173
f 117/187/167 327/184/164 217/204/177
f 241/345/290 225/346/291 240/347/292
f 224/348/293 241/345/290 242/349/294
f 226/350/295 247/351/290 248/352/296
f 230/353/290 246/354/297 247/351/290
f 233/355/290 238/356/298 239/357/290
f 237/358/299 233/355/290 239/357/290
f 235/359/300 308/360/290 309/361/301
f 308/360/290 234/362/302 307/363/303
f 222/364/304 239/357/290 227/365/305
f 239/357/290 223/366/306 227/365/305
f 242/349/294 236/367/290 235/359/300
f 236/367/290 240/347/292 234/362/302
f 230/353/290 244/368/307 228/369/308
f 243/370/309 230/353/290 226/350/295
f 247/351/290 232/371/310 233/355/290
f 231/372/311 247/351/290 233/355/290
f 223/373/306 254/374/312 227/375/305
f 252/376/313 240/377/292 225/378/291
f 265/379/314 309/380/301 243/381/309
f 255/382/315 246/383/297 228/384/308
f 267/385/316 232/386/310 246/383/297
f 234/387/302 310/388/317 307/389/303
f 237/390/299 257/391/318 231/392/311
f 263/393/319 234/387/302 240/377/292
f 311/394/320 235/395/300 309/380/301
f 260/396/321 242/397/294 235/395/300
f 253/398/322 284/399/323 265/379/314
f 287/400/324 253/398/322 268/401/325
f 280/402/326 257/391/318 261/403/327
f 281/404/328 250/405/329 262/406/330
f 274/407/331 267/385/316 255/382/315
f 282/408/332 259/409/333 263/393/319
f 256/410/334 272/411/335 252/376/313
f 269/412/336 261/403/327 249/413/337
f 264/414/338 271/415/339 251/416/340
f 276/417/341 268/401/325 257/391/318
f 311/394/320 279/418/342 260/396/321
f 258/419/343 281/404/328 262/406/330
f 252/376/313 282/408/332 263/393/319
f 285/420/344 255/382/315 266/421/345
f 312/422/346 266/421/345 310/388/317
f 251/416/340 275/423/347 256/424/334
f 267/385/316 277/425/348 258/419/343
f 260/396/321 283/426/349 264/414/338
f 313/427/350 298/428/351 279/418/342
f 277/425/348 300/429/352 281/404/328
f 272/411/335 301/430/353 282/408/332
f 285/420/344 293/431/354 274/407/331
f 314/432/355 285/420/344 312/422/346
f 271/415/339 294/433/356 275/423/347
f 286/434/357 296/435/358 277/425/348
f 279/418/342 302/436/359 283/426/349
f 273/437/360 303/438/361 284/399/323
f 306/439/362 273/437/360 287/400/324
f 299/440/363 276/417/341 280/402/326
f 281/404/328 289/441/364 270/442/365
f 274/407/331 305/443/366 286/434/357
f 282/408/332 297/444/367 278/445/368
f 275/446/347 291/447/369 272/411/335
f 288/448/370 280/402/326 269/412/336
f 302/436/359 271/415/339 283/426/349
f 295/449/371 287/400/324 276/417/341
f 290/450/372 322/451/373 319/452/374
f 291/447/369 316/453/375 301/430/353
f 298/428/351 322/451/373 302/436/359
f 294/454/356 317/455/376 291/447/369
f 315/456/377 325/457/378 324/458/379
f 297/444/367 316/453/375 321/459/380
f 290/450/372 318/460/381 294/433/356
f 314/432/355 321/459/380 320/461/382
f 303/438/361 326/462/383 325/457/378
f 269/412/336 289/441/364 288/448/370
f 300/429/352 295/449/371 299/440/363
f 306/439/362 296/435/358 305/443/366
f 293/431/354 306/439/362 305/443/366
f 292/463/384 304/464/385 303/438/361
f 304/464/385 320/461/382 326/462/383
f 315/456/377 323/465/386 298/428/351
f 297/444/367 312/422/346 278/445/368
f 284/399/323 315/456/377 313/427/350
f 278/445/368 310/388/317 259/409/333
f 265/379/314 313/427/350 311/394/320
f 227/375/305 249/413/337 222/466/304
f 245/467/290 307/363/303 244/368/307
f 243/370/309 308/360/290 245/467/290
f 215/468/289 317/455/376 221/469/288
f 318/460/381 319/452/374 221/470/288
f 221/469/288 317/455/376 318/471/381
f 217/472/177 321/459/380 219/473/178
f 220/474/173 322/451/373 323/465/386
f 219/473/178 316/453/375 215/468/289
f 218/475/175 319/452/374 322/451/373
f 216/476/163 325/457/378 327/477/164
f 325/457/378 326/462/383 327/477/164
f 217/472/177 326/462/383 320/461/382
f 216/476/163 323/465/386 324/458/379
f 222/466/304 261/403/327 237/390/299
f 264/414/338 224/478/293 242/397/294
f 248/479/296 253/398/322 226/480/295
f 224/478/293 256/424/334 229/481/387
f 231/392/311 268/401/325 248/479/296
f 307/389/303 266/421/345 244/482/307
f 258/419/343 238/483/298 232/386/310
f 266/421/345 228/384/308 244/482/307
f 253/398/322 243/381/309 226/480/295
f 229/484/387 252/376/313 225/378/291
f 238/483/298 250/405/329 223/373/306
f 288/448/370 300/429/352 299/440/363
f 250/405/329 270/442/365 254/374/312
f 254/374/312 269/412/336 249/413/337
f 269/412/336 254/374/312 270/442/365
f 328/485/388 382/486/389 358/487/390
f 343/488/391 361/489/392 328/485/388
f 328/485/388 371/490/393 343/488/391
f 358/487/390 342/491/394 328/485/388
f 341/492/395 350/493/396 329/494/397
f 352/495/398 341/492/395 329/494/397
f 422/496/399 380/497/13 434/498/400
f 422/496/399 378/499/15 353/500/14
f 330/501/401 374/502/402 352/495/398
f 330/501/401 368/503/403 346/504/404
f 354/505/23 430/506/405 423/507/406
f 423/507/406 380/497/13 354/505/23
f 331/508/407 369/509/408 347/510/409
f 355/511/410 348/512/411 331/508/407
f 424/513/412 381/31/31 435/514/413
f 431/515/414 356/32/32 424/513/412
f 332/516/415 376/517/416 355/511/410
f 351/518/417 342/491/394 332/516/415
f 357/38/38 433/519/418 425/520/419
f 435/514/413 357/38/38 425/520/419
f 333/521/420 372/522/421 340/523/422
f 358/487/390 360/524/423 333/521/420
f 333/521/420 376/517/416 358/487/390
f 340/523/422 348/512/411 333/521/420
f 334/525/424 368/503/403 344/526/425
f 359/527/426 346/504/404 334/525/424
f 334/525/424 382/486/389 359/527/426
f 344/526/425 360/524/423 334/525/424
f 335/528/427 374/502/402 359/527/426
f 335/528/427 370/529/428 341/492/395
f 335/528/427 377/530/429 349/531/430
f 359/527/426 361/489/392 335/528/427
f 364/532/431 343/488/391 336/533/432
f 426/534/433 383/535/55 436/536/434
f 433/519/418 362/57/56 426/537/433
f 336/538/432 371/490/393 351/518/417
f 337/539/435 370/529/428 349/531/430
f 363/540/58 432/541/436 427/542/437
f 427/542/437 383/535/55 363/540/58
f 349/531/430 364/532/431 337/539/435
f 365/543/438 388/544/439 339/545/440
f 338/546/441 368/503/403 345/547/442
f 338/546/441 372/522/421 344/526/425
f 430/506/405 366/548/65 428/549/443
f 340/523/422 365/543/438 339/545/440
f 339/545/440 369/509/408 340/523/422
f 367/72/69 431/515/414 429/550/444
f 428/549/443 386/551/445 338/546/441
f 391/552/446 387/553/447 386/551/445
f 438/554/448 389/78/75 384/80/77
f 386/551/445 365/543/438 338/546/441
f 429/550/444 384/80/77 367/72/69
f 396/555/449 392/556/450 391/557/446
f 440/558/451 394/85/80 389/559/75
f 387/553/447 393/560/452 388/544/439
f 437/561/453 391/552/446 386/551/445
f 392/556/450 398/562/454 393/563/452
f 441/564/455 391/557/446 439/565/456
f 778/566/457 494/567/458 776/568/459
f 443/569/460 415/570/461 450/571/462
f 444/572/463 417/100/93 449/573/464
f 777/574/465 496/575/466 773/576/467
f 448/577/468 404/107/100 409/578/469
f 406/579/470 411/580/471 412/581/472
f 411/582/471 408/583/473 410/584/474
f 445/585/475 412/581/472 447/586/476
f 447/586/476 745/587/477 748/588/478
f 411/582/471 744/589/479 746/590/480
f 412/581/472 746/591/480 745/587/477
f 448/577/468 739/122/113 747/592/481
f 775/593/482 493/594/483 771/595/484
f 449/573/464 394/85/80 442/596/485
f 450/571/462 396/555/449 441/564/455
f 494/567/458 772/597/486 776/568/459
f 473/598/487 465/599/488 479/600/489
f 407/601/490 470/602/491 408/603/473
f 407/604/490 406/605/470 481/606/492
f 416/138/125 441/564/455 395/139/126
f 398/562/454 449/573/464 442/596/485
f 410/584/474 747/592/481 744/589/479
f 413/142/129 748/588/478 741/143/130
f 405/144/131 447/586/476 413/142/129
f 408/583/473 448/577/468 410/584/474
f 414/607/493 444/572/463 449/573/464
f 400/146/133 450/571/462 416/138/125
f 395/139/126 439/565/456 390/147/134
f 390/608/134 437/561/453 385/609/135
f 393/563/452 442/596/485 440/558/451
f 388/544/439 429/550/444 339/545/440
f 393/560/452 438/554/448 388/544/439
f 366/548/65 437/561/453 428/549/443
f 429/550/444 347/510/409 339/545/440
f 345/547/442 428/549/443 338/546/441
f 337/539/435 436/536/434 427/542/437
f 427/542/437 350/493/396 337/539/435
f 351/518/417 426/537/433 336/538/432
f 336/533/432 436/536/434 364/532/431
f 355/511/410 425/520/419 332/516/415
f 332/516/415 433/519/418 351/518/417
f 347/510/409 424/513/412 331/508/407
f 331/508/407 435/514/413 355/511/410
f 330/501/401 434/498/400 423/507/406
f 423/507/406 345/547/442 330/501/401
f 350/493/396 422/496/399 329/494/397
f 329/494/397 434/498/400 352/495/398
f 418/610/494 446/611/495 408/603/473
f 420/612/496 406/605/470 445/613/475
f 404/155/100 418/610/494 451/206/179
f 482/156/138 419/614/497 421/615/498
f 452/159/141 445/613/475 405/160/131
f 471/162/142 419/616/497 469/617/499
f 485/618/500 453/619/501 483/620/502
f 483/620/502 467/621/503 490/622/504
f 489/623/505 456/624/506 466/625/507
f 478/626/508 455/627/509 468/628/510
f 486/629/511 464/630/512 460/631/513
f 484/632/514 460/631/513 456/624/506
f 474/633/515 455/627/509 472/634/516
f 475/635/517 454/636/518 473/598/487
f 462/637/519 577/638/520 487/639/521
f 476/640/522 459/641/523 474/633/515
f 475/635/517 462/637/519 458/642/524
f 485/618/500 461/643/525 457/644/526
f 469/617/499 468/628/510 420/612/496
f 481/606/492 466/625/507 407/604/490
f 490/622/504 419/614/497 480/645/527
f 470/602/491 465/599/488 418/610/494
f 466/646/507 470/602/491 407/601/490
f 419/616/497 478/626/508 469/617/499
f 460/647/513 477/648/528 475/635/517
f 461/649/525 474/633/515 457/650/526
f 487/639/521 581/651/529 461/643/525
f 460/647/513 473/598/487 456/652/506
f 457/650/526 472/634/516 453/653/501
f 467/654/503 472/634/516 478/626/508
f 452/159/141 469/617/499 420/612/496
f 456/652/506 479/600/489 466/646/507
f 579/655/530 463/656/531 476/640/522
f 465/599/488 480/645/527 418/610/494
f 420/612/496 489/623/505 481/606/492
f 458/642/524 487/639/521 485/618/500
f 464/657/512 578/658/532 477/648/528
f 455/627/509 486/629/511 484/632/514
f 463/656/531 486/629/511 459/641/523
f 468/628/510 484/632/514 489/623/505
f 454/636/518 490/622/504 465/599/488
f 458/642/524 483/620/502 454/636/518
f 451/206/179 480/645/527 482/156/138
f 418/610/494 408/603/473 470/602/491
f 420/612/496 481/606/492 406/605/470
f 505/659/533 495/660/534 496/575/466
f 502/661/535 497/662/536 493/594/483
f 499/663/537 500/664/538 491/665/539
f 500/664/538 492/666/540 491/665/539
f 772/597/486 491/665/539 774/667/541
f 771/595/484 497/662/536 777/574/465
f 491/665/539 775/593/482 774/667/541
f 496/575/466 778/668/457 773/576/467
f 498/669/542 521/670/543 522/671/544
f 520/672/545 511/673/546 518/674/547
f 507/675/548 513/676/549 517/677/550
f 511/673/546 519/678/551 518/674/547
f 492/666/540 502/661/535 493/594/483
f 503/679/552 499/663/537 494/567/458
f 497/662/536 505/659/533 496/575/466
f 495/680/534 503/679/552 494/567/458
f 534/681/553 514/682/554 510/683/555
f 516/684/556 532/685/557 498/686/542
f 498/686/542 533/687/558 509/688/559
f 536/689/560 511/690/546 512/691/561
f 519/678/551 498/669/542 522/671/544
f 510/692/555 507/675/548 523/693/562
f 513/676/549 520/694/545 517/677/550
f 509/695/559 523/693/562 521/670/543
f 521/670/543 733/696/563 736/697/564
f 517/677/550 731/698/565 734/699/566
f 523/693/562 729/700/567 733/696/563
f 519/678/551 732/701/568 735/702/569
f 518/674/547 735/702/569 730/703/570
f 729/700/567 517/677/550 734/699/566
f 731/704/565 518/674/547 730/703/570
f 522/671/544 736/697/564 732/701/568
f 528/705/571 402/706/572 403/707/573
f 531/708/574 397/709/575 396/555/449
f 525/710/576 414/607/493 398/562/454
f 415/570/461 531/708/574 396/555/449
f 526/711/577 415/570/461 401/712/578
f 397/709/575 525/710/576 398/562/454
f 414/607/493 528/705/571 403/707/573
f 402/713/572 526/711/577 401/712/578
f 533/687/558 542/714/579 534/681/553
f 545/715/580 536/689/560 537/716/581
f 534/681/553 546/717/582 538/718/583
f 548/719/584 532/685/557 540/720/585
f 513/721/549 536/689/560 512/691/561
f 533/687/558 510/683/555 509/688/559
f 535/722/586 516/684/556 511/723/546
f 514/682/554 537/724/581 513/725/549
f 556/726/587 694/727/588 695/728/589
f 539/729/590 691/730/591 694/727/588
f 692/731/592 551/732/593 689/733/594
f 693/734/595 553/735/596 690/736/597
f 543/737/598 540/720/585 535/722/586
f 545/738/580 566/739/599 546/717/582
f 536/689/560 543/740/598 535/741/586
f 515/742/600 533/687/558 532/685/557
f 552/743/601 554/744/602 555/745/603
f 551/746/593 555/745/603 556/726/587
f 539/729/590 555/745/603 549/747/604
f 555/745/603 550/748/605 549/747/604
f 550/748/605 693/734/595 696/749/606
f 553/750/596 692/731/592 690/751/597
f 691/730/591 550/748/605 696/749/606
f 689/752/594 556/726/587 695/728/589
f 557/753/607 716/754/608 718/755/609
f 720/756/610 563/757/611 717/758/612
f 559/759/613 713/760/614 719/761/615
f 717/758/612 558/762/616 714/763/617
f 714/763/617 559/764/613 719/765/615
f 713/760/614 557/766/607 718/767/609
f 561/768/618 720/756/610 715/769/619
f 716/754/608 561/768/618 715/769/619
f 568/770/620 565/771/621 564/772/622
f 537/716/581 567/773/623 545/715/580
f 566/739/599 538/718/583 546/717/582
f 538/718/583 565/771/621 537/724/581
f 573/774/624 571/775/625 569/776/626
f 569/776/626 567/773/623 565/777/621
f 566/739/599 568/770/620 564/772/622
f 567/778/623 570/779/627 566/739/599
f 572/780/628 575/781/629 573/782/624
f 574/783/630 568/770/620 570/779/627
f 571/784/625 574/783/630 570/779/627
f 568/770/620 573/782/624 569/785/626
f 582/786/631 488/787/632 463/656/531
f 488/787/632 580/788/633 464/630/512
f 461/649/525 579/655/530 476/640/522
f 477/648/528 688/789/634 462/637/519
f 602/790/290 586/791/635 590/792/636
f 602/790/290 585/793/637 603/794/638
f 608/795/290 587/796/639 609/797/640
f 607/798/641 591/799/290 608/795/290
f 599/800/642 594/801/290 600/802/290
f 598/803/643 594/801/290 592/804/644
f 669/805/290 596/806/645 670/807/646
f 669/805/290 595/808/647 597/809/290
f 583/810/648 600/802/290 598/803/643
f 584/811/649 600/802/290 588/812/650
f 597/809/290 603/794/638 596/806/645
f 597/809/290 601/813/651 602/790/290
f 591/799/290 605/814/652 606/815/290
f 591/799/290 604/816/653 587/796/639
f 593/817/654 608/795/290 594/801/290
f 592/804/644 608/795/290 609/797/640
f 584/818/649 615/819/655 611/820/656
f 601/821/651 613/822/657 586/823/635
f 670/824/646 626/825/658 604/826/653
f 607/827/641 616/828/659 589/829/660
f 593/830/654 628/831/661 607/827/641
f 595/832/647 671/833/662 620/834/663
f 598/835/643 618/836/664 622/837/665
f 595/832/647 624/838/666 601/821/651
f 596/839/645 672/840/667 670/824/646
f 603/841/638 621/842/668 596/839/645
f 614/843/669 645/844/670 634/845/671
f 614/843/669 648/846/672 629/847/673
f 618/836/664 641/848/674 622/837/665
f 611/820/656 642/849/675 623/850/676
f 628/831/661 635/851/677 616/828/659
f 620/834/663 643/852/678 624/838/666
f 617/853/679 633/854/680 636/855/681
f 622/837/665 630/856/682 610/857/683
f 625/858/684 632/859/685 644/860/686
f 629/847/673 637/861/687 618/836/664
f 672/840/667 640/862/688 674/863/689
f 619/864/690 642/849/675 638/865/691
f 613/822/657 643/852/678 633/854/680
f 616/828/659 646/866/692 627/867/693
f 627/867/693 673/868/694 671/833/662
f 612/869/695 636/870/681 632/859/685
f 628/831/661 638/865/691 647/871/696
f 621/842/668 644/860/686 640/862/688
f 674/863/689 659/872/697 676/873/698
f 638/865/691 661/874/699 657/875/700
f 633/854/680 662/876/701 652/877/702
f 646/866/692 654/878/703 665/879/704
f 646/866/692 675/880/705 673/868/694
f 632/859/685 655/881/706 651/882/707
f 647/871/696 657/875/700 666/883/708
f 640/862/688 663/884/709 659/872/697
f 634/845/671 664/885/710 653/886/711
f 634/845/671 667/887/712 648/846/672
f 637/861/687 660/888/713 641/848/674
f 642/849/675 650/889/714 661/874/699
f 635/851/677 666/883/708 654/878/703
f 643/852/678 658/890/715 662/876/701
f 636/855/681 652/877/702 655/891/706
f 641/848/674 649/892/716 630/856/682
f 632/859/685 663/884/709 644/860/686
f 648/846/672 656/893/717 637/861/687
f 651/882/707 683/894/718 663/884/709
f 677/895/719 652/877/702 662/876/701
f 683/894/718 659/872/697 663/884/709
f 678/896/720 655/891/706 652/877/702
f 676/873/698 686/897/721 664/885/710
f 658/890/715 677/895/719 662/876/701
f 679/898/722 651/882/707 655/881/706
f 675/880/705 682/899/723 658/890/715
f 664/885/710 687/900/724 665/879/704
f 630/856/682 650/889/714 631/901/725
f 661/874/699 656/893/717 657/875/700
f 667/887/712 657/875/700 656/893/717
f 667/887/712 654/878/703 666/883/708
f 665/879/704 653/886/711 664/885/710
f 665/879/704 681/902/726 675/880/705
f 684/903/727 676/873/698 659/872/697
f 673/868/694 658/890/715 639/904/728
f 645/844/670 676/873/698 664/885/710
f 671/833/662 639/904/728 620/834/663
f 626/825/658 674/863/689 645/844/670
f 588/905/650 610/857/683 615/819/655
f 606/815/290 668/906/729 669/805/290
f 604/816/653 669/805/290 670/807/646
f 678/896/720 576/907/730 582/908/631
f 679/898/722 582/909/631 680/910/731
f 582/908/631 679/911/722 678/896/720
f 682/899/723 578/912/532 580/913/633
f 581/914/529 683/894/718 579/915/530
f 677/895/719 580/913/633 576/907/730
f 579/915/530 680/910/731 582/909/631
f 686/897/721 577/916/520 688/917/634
f 686/897/721 688/917/634 687/900/724
f 578/912/532 687/900/724 688/917/634
f 577/916/520 684/903/727 581/914/529
f 583/918/648 622/837/665 610/857/683
f 585/919/637 625/858/684 603/841/638
f 609/920/640 614/843/669 629/847/673
f 585/919/637 617/921/679 612/869/695
f 592/922/644 629/847/673 618/836/664
f 668/923/729 627/867/693 671/833/662
f 599/924/642 619/864/690 593/830/654
f 589/829/660 627/867/693 605/925/652
f 604/826/653 614/843/669 587/926/639
f 590/927/636 613/822/657 617/853/679
f 599/924/642 611/820/656 623/850/676
f 661/874/699 649/892/716 660/888/713
f 611/820/656 615/819/655 631/901/725
f 615/819/655 610/857/683 630/856/682
f 630/856/682 631/901/725 615/819/655
f 557/753/607 695/728/589 562/928/732
f 560/929/733 696/749/606 563/757/611
f 690/751/597 547/930/734 559/759/613
f 696/749/606 558/762/616 563/757/611
f 558/762/616 690/736/597 559/764/613
f 547/930/734 689/733/594 557/766/607
f 694/727/588 560/929/733 561/768/618
f 562/928/732 694/727/588 561/768/618
f 196/310/263 703/284/242 697/308/261
f 199/314/267 704/305/259 699/285/243
f 186/323/274 698/307/260 198/316/269
f 197/319/272 704/305/259 202/313/266
f 197/319/272 698/931/260 701/290/248
f 186/323/274 697/932/261 700/287/245
f 199/314/267 702/282/240 200/324/275
f 201/326/277 702/282/240 703/284/242
f 187/275/237 707/325/276 708/309/262
f 180/271/233 707/325/276 154/299/255
f 183/298/254 710/933/264 705/315/268
f 185/274/236 711/934/270 706/320/273
f 181/270/232 706/320/273 709/318/271
f 183/298/254 711/317/270 184/272/234
f 180/271/233 709/318/271 712/312/265
f 187/275/237 710/311/264 182/293/251
f 548/719/584 715/769/619 515/742/600
f 715/769/619 541/935/735 515/742/600
f 544/936/736 718/767/609 543/740/598
f 546/717/582 719/765/615 545/738/580
f 542/714/579 714/763/617 546/717/582
f 719/761/615 544/936/736 545/715/580
f 541/935/735 717/758/612 542/714/579
f 718/755/609 548/719/584 543/737/598
f 762/937/737 724/255/219 758/938/738
f 757/939/739 722/257/221 723/258/216
f 760/940/740 726/253/217 721/254/218
f 761/941/741 722/257/221 756/942/742
f 758/938/738 727/256/220 761/941/741
f 725/250/214 759/943/743 721/254/218
f 757/944/739 726/253/217 760/940/740
f 759/943/743 728/251/215 762/937/737
f 732/701/568 755/945/744 751/946/745
f 750/947/746 730/703/570 749/948/747
f 729/700/567 734/699/566 753/949/748
f 730/703/570 754/950/749 749/948/747
f 735/702/569 751/946/745 754/950/749
f 752/951/750 733/696/563 729/700/567
f 734/699/566 750/952/746 753/949/748
f 736/697/564 752/951/750 755/945/744
f 741/143/130 443/569/460 400/146/133
f 744/589/479 444/572/463 403/707/573
f 747/592/481 399/953/751 444/572/463
f 745/587/477 402/713/572 401/712/578
f 746/590/480 403/707/573 402/706/572
f 748/588/478 401/712/578 443/569/460
f 86/98/91 741/143/130 400/146/133
f 87/101/94 737/119/111 53/145/132
f 399/953/751 742/123/114 87/101/94
f 52/268/222 738/117/109 51/265/228
f 53/145/132 740/120/112 52/259/222
f 51/265/228 743/118/110 86/98/91
f 755/945/744 502/661/535 501/954/752
f 753/949/748 504/955/753 505/659/533
f 502/661/535 752/951/750 506/956/754
f 754/950/749 500/664/538 508/957/755
f 749/948/747 508/957/755 503/679/552
f 505/659/533 506/956/754 753/949/748
f 504/958/753 749/948/747 503/679/552
f 751/946/745 501/954/752 500/664/538
f 141/209/181 762/937/737 140/229/200
f 143/959/203 760/940/740 144/208/180
f 141/209/181 145/231/202 759/943/743
f 139/211/183 761/941/741 147/212/184
f 147/212/184 756/942/742 142/230/201
f 145/231/202 144/208/180 760/940/740
f 143/232/203 756/942/742 757/939/739
f 140/229/200 758/938/738 139/211/183
f 145/231/202 721/254/218 759/943/743
f 506/956/754 729/700/567 753/949/748
f 145/231/202 760/940/740 721/254/218
f 506/956/754 752/951/750 729/700/567
f 169/960/231 765/217/188 167/260/223
f 163/266/229 766/215/187 170/261/224
f 168/267/230 763/214/186 164/262/225
f 166/263/226 766/215/187 764/127/118
f 166/263/226 768/128/119 165/264/227
f 163/266/229 763/214/186 767/124/115
f 168/267/230 765/217/188 769/103/96
f 169/269/231 768/128/119 770/94/87
f 773/576/467 530/961/756 528/705/571
f 774/667/541 524/962/757 531/708/574
f 771/595/484 529/963/758 525/710/576
f 527/964/759 774/667/541 531/708/574
f 776/568/459 527/964/759 526/711/577
f 524/962/757 771/595/484 525/710/576
f 529/963/758 773/576/467 528/705/571
f 530/965/756 776/568/459 526/711/577
f 1/1/1 27/7/7 41/2/2
f 30/3/3 40/51/51 16/4/4
f 1/1/1 16/4/4 36/5/5
f 15/6/6 39/35/35 27/7/7
f 23/8/8 35/49/49 14/9/9
f 14/9/9 38/18/18 25/11/11
f 65/12/12 77/25/25 380/13/13
f 65/12/12 353/14/14 378/15/15
f 3/17/17 25/11/11 38/18/18
f 3/17/17 19/19/19 33/20/20
f 73/22/22 373/966/760 354/23/23
f 66/24/24 354/23/23 380/13/13
f 4/26/26 20/71/68 34/27/27
f 21/28/28 39/35/35 26/29/29
f 67/30/30 78/40/40 381/31/31
f 356/32/32 375/967/761 74/33/33
f 5/34/34 26/29/29 39/35/35
f 15/6/6 36/5/5 24/36/36
f 76/37/37 379/968/762 357/38/38
f 357/38/38 381/31/31 78/40/40
f 6/41/41 13/44/44 37/42/42
f 29/43/43 41/2/2 27/7/7
f 6/41/41 27/7/7 39/35/35
f 21/28/28 34/27/27 13/44/44
f 7/45/45 17/47/47 33/20/20
f 19/19/19 38/18/18 28/46/46
f 7/45/45 28/46/46 41/2/2
f 29/43/43 37/42/42 17/47/47
f 8/48/48 28/46/46 38/18/18
f 8/48/48 14/9/9 35/49/49
f 8/48/48 22/50/50 40/51/51
f 30/3/3 41/2/2 28/46/46
f 16/4/4 40/51/51 31/52/52
f 69/54/54 79/63/60 383/55/55
f 362/57/56 379/968/762 76/37/37
f 9/59/53 24/36/36 36/5/5
f 10/60/57 22/50/50 35/49/49
f 75/16/16 378/15/15 363/61/58
f 70/62/59 363/61/58 383/55/55
f 31/52/52 40/51/51 22/50/50
f 32/64/61 12/70/67 44/65/62
f 11/67/64 18/21/21 33/20/20
f 11/67/64 17/47/47 37/42/42
f 366/68/65 373/966/760 73/22/22
f 32/64/61 37/42/42 13/44/44
f 12/70/67 13/44/44 34/27/27
f 74/33/33 375/967/761 367/72/69
f 71/69/66 11/67/64 42/74/71
f 43/66/63 46/88/78 45/76/73
f 81/77/74 384/80/77 389/78/75
f 32/64/61 43/66/63 42/74/71
f 72/73/70 367/72/69 384/80/77
f 46/81/78 49/91/85 48/82/79
f 83/84/76 389/559/75 394/85/80
f 43/66/63 44/65/62 47/87/82
f 80/75/72 42/74/71 45/76/73
f 46/81/78 47/150/82 50/90/84
f 45/83/73 48/82/79 84/92/86
f 770/94/87 768/128/119 133/95/88
f 61/97/90 51/265/228 86/98/91
f 417/100/93 399/953/751 87/101/94
f 769/103/96 765/217/188 135/104/97
f 91/106/99 409/578/469 404/107/100
f 58/109/102 55/969/106 54/110/103
f 58/112/102 57/141/128 56/113/105
f 59/111/104 54/110/103 88/115/107
f 738/117/109 59/111/104 90/116/108
f 737/119/111 57/141/128 58/112/102
f 740/121/112 58/109/102 59/111/104
f 739/122/113 409/578/469 91/106/99
f 767/124/115 763/214/186 132/125/116
f 394/85/80 417/100/93 92/102/95
f 48/82/79 61/97/90 93/99/92
f 764/127/118 138/210/182 133/95/88
f 106/129/120 95/180/160 113/130/121
f 84/92/86 93/99/92 416/138/125
f 50/90/84 85/86/81 92/102/95
f 742/123/114 91/106/99 57/141/128
f 743/118/110 90/116/108 413/142/129
f 90/116/108 88/115/107 405/144/131
f 91/106/99 89/108/101 56/113/105
f 60/140/127 92/102/95 87/101/94
f 93/99/92 86/98/91 400/146/133
f 82/93/83 84/92/86 395/139/126
f 80/75/72 82/89/83 390/148/134
f 47/150/82 83/84/76 85/86/81
f 72/73/70 81/77/74 44/65/62
f 81/77/74 83/79/76 47/87/82
f 366/68/65 71/69/66 80/75/72
f 20/71/68 74/33/33 72/73/70
f 71/69/66 73/22/22 18/21/21
f 10/60/57 70/62/59 79/63/60
f 23/8/8 75/16/16 70/62/59
f 69/58/54 76/37/37 24/36/36
f 9/53/53 31/52/52 79/63/60
f 68/39/39 78/40/40 26/29/29
f 5/34/34 24/36/36 76/37/37
f 67/30/30 74/33/33 20/71/68
f 4/26/26 26/29/29 78/40/40
f 3/17/17 66/24/24 77/25/25
f 18/21/21 73/22/22 66/24/24
f 65/12/12 75/16/16 23/8/8
f 2/10/10 25/11/11 77/25/25
f 404/155/100 451/206/179 62/151/136
f 482/156/138 421/615/498 63/157/139
f 88/154/107 64/153/137 452/159/141
f 63/161/139 421/970/498 471/162/142
f 94/164/144 98/971/172 124/165/145
f 108/167/147 94/164/144 122/166/146
f 128/169/149 107/191/171 97/170/150
f 118/172/152 109/190/170 96/173/153
f 125/175/155 101/178/158 105/176/156
f 123/171/151 97/170/150 101/178/158
f 96/173/153 100/185/165 114/179/159
f 95/180/160 99/203/176 115/181/161
f 103/182/162 126/189/169 216/183/163
f 100/185/165 104/201/174 116/186/166
f 115/181/161 99/203/176 103/182/162
f 124/165/145 98/971/172 102/188/168
f 110/163/143 64/153/137 109/190/170
f 121/136/124 55/135/106 107/191/171
f 63/157/139 108/167/147 129/168/148
f 111/134/123 62/151/136 106/129/120
f 111/134/123 119/131/122 107/192/171
f 63/161/139 110/163/143 118/172/152
f 101/194/158 115/181/161 117/187/167
f 114/179/159 116/186/166 102/196/168
f 126/189/169 102/188/168 220/198/173
f 113/130/121 115/181/161 101/194/158
f 112/174/154 114/179/159 98/197/172
f 108/193/147 118/172/152 112/174/154
f 110/163/143 471/162/142 452/159/141
f 119/131/122 113/130/121 97/199/150
f 104/201/174 221/341/288 218/202/175
f 120/158/140 129/168/148 106/129/120
f 64/153/137 121/136/124 128/169/149
f 99/203/176 124/165/145 126/189/169
f 105/195/156 117/187/167 217/204/177
f 96/173/153 123/171/151 125/175/155
f 125/175/155 127/177/157 104/201/174
f 109/190/170 128/169/149 123/171/151
f 129/168/148 122/166/146 95/180/160
f 122/166/146 124/165/145 99/203/176
f 451/206/179 482/156/138 120/158/140
f 134/207/89 143/959/203 144/208/180
f 136/105/98 145/231/202 141/209/181
f 138/210/182 130/213/185 139/211/183
f 131/126/117 140/229/200 139/211/183
f 764/127/118 766/215/187 130/213/185
f 763/214/186 769/103/96 136/105/98
f 767/124/115 131/126/117 130/213/185
f 770/216/87 134/207/89 135/104/97
f 160/218/189 148/249/213 137/219/190
f 159/221/192 157/228/199 150/222/193
f 146/224/195 156/248/212 152/225/196
f 158/227/198 155/244/206 150/222/193
f 131/126/117 132/125/116 141/209/181
f 138/210/182 147/212/184 142/230/201
f 136/105/98 135/104/97 144/208/180
f 134/96/89 133/95/88 142/230/201
f 153/233/197 177/281/239 173/234/204
f 155/236/206 137/239/190 171/237/207
f 137/239/190 148/277/213 172/240/209
f 150/241/193 174/972/238 175/242/210
f 158/227/198 161/220/191 137/219/190
f 146/224/195 153/226/197 149/245/205
f 159/247/192 151/973/194 152/225/196
f 162/246/211 149/245/205 148/249/213
f 725/250/214 162/246/211 160/218/189
f 723/252/216 159/247/192 156/248/212
f 721/254/218 146/224/195 162/246/211
f 724/255/219 161/220/191 158/227/198
f 727/256/220 158/227/198 157/228/199
f 721/254/218 726/253/217 156/248/212
f 723/258/216 722/257/221 157/228/199
f 728/251/215 160/218/189 161/220/191
f 52/259/222 169/960/231 167/260/223
f 49/91/85 163/266/229 170/261/224
f 60/140/127 168/267/230 164/262/225
f 61/97/90 48/82/79 170/261/224
f 61/97/90 166/263/226 165/264/227
f 49/91/85 50/90/84 164/262/225
f 60/140/127 53/145/132 167/260/223
f 52/268/222 51/265/228 165/264/227
f 172/240/209 173/234/204 181/270/232
f 175/242/210 183/298/254 184/272/234
f 173/234/204 177/281/239 185/274/236
f 171/237/207 154/299/255 187/275/237
f 152/276/196 151/243/194 175/242/210
f 149/235/205 173/234/204 172/240/209
f 155/236/206 179/238/208 174/278/238
f 153/233/197 152/974/196 176/280/235
f 702/282/240 178/286/244 195/283/241
f 699/285/243 188/304/258 178/286/244
f 700/287/245 697/932/261 190/288/246
f 701/290/248 698/931/260 192/291/249
f 179/238/208 187/275/237 182/293/251
f 184/294/234 185/274/236 205/295/252
f 175/242/210 174/972/238 182/297/251
f 172/240/209 180/271/233 154/299/255
f 193/292/250 192/291/249 191/300/247
f 194/301/256 191/300/247 190/302/246
f 178/286/244 188/304/258 194/301/256
f 189/303/257 193/292/250 194/301/256
f 701/290/248 193/292/250 189/303/257
f 700/287/245 191/289/247 192/306/249
f 699/285/243 704/305/259 189/303/257
f 697/308/261 703/284/242 195/283/241
f 708/309/262 201/326/277 196/310/263
f 712/312/265 709/318/271 202/313/266
f 705/315/268 186/323/274 198/316/269
f 709/318/271 706/320/273 197/319/272
f 706/320/273 711/934/270 198/321/269
f 705/315/268 710/933/264 196/322/263
f 712/312/265 199/314/267 200/324/275
f 708/309/262 707/325/276 200/324/275
f 204/327/278 208/975/283 207/328/279
f 176/273/235 184/272/234 206/330/253
f 177/281/239 203/329/280 205/295/252
f 177/281/239 176/280/235 204/327/278
f 210/332/281 214/976/286 212/333/282
f 206/330/253 210/332/281 208/334/283
f 205/295/252 203/329/280 207/328/279
f 206/296/253 205/295/252 209/335/284
f 211/337/285 212/340/282 214/338/286
f 207/328/279 211/337/285 213/339/287
f 210/336/281 209/335/284 213/339/287
f 207/328/279 208/975/283 212/340/282
f 127/177/157 215/343/289 221/341/288
f 127/177/157 105/176/156 219/342/178
f 102/196/168 116/186/166 218/202/175
f 117/187/167 103/182/162 327/184/164
f 241/345/290 229/977/387 225/346/291
f 224/348/293 229/977/387 241/345/290
f 226/350/295 230/353/290 247/351/290
f 230/353/290 228/369/308 246/354/297
f 233/355/290 232/371/310 238/356/298
f 237/358/299 231/372/311 233/355/290
f 235/359/300 236/367/290 308/360/290
f 308/360/290 236/367/290 234/362/302
f 222/364/304 237/358/299 239/357/290
f 239/357/290 238/356/298 223/366/306
f 242/349/294 241/345/290 236/367/290
f 236/367/290 241/345/290 240/347/292
f 230/353/290 245/467/290 244/368/307
f 243/370/309 245/467/290 230/353/290
f 247/351/290 246/354/297 232/371/310
f 231/372/311 248/352/296 247/351/290
f 223/373/306 250/405/329 254/374/312
f 252/376/313 263/393/319 240/377/292
f 265/379/314 311/394/320 309/380/301
f 255/382/315 267/385/316 246/383/297
f 267/385/316 258/419/343 232/386/310
f 234/387/302 259/409/333 310/388/317
f 237/390/299 261/403/327 257/391/318
f 263/393/319 259/409/333 234/387/302
f 311/394/320 260/396/321 235/395/300
f 260/396/321 264/414/338 242/397/294
f 253/398/322 273/437/360 284/399/323
f 287/400/324 273/437/360 253/398/322
f 280/402/326 276/417/341 257/391/318
f 281/404/328 270/442/365 250/405/329
f 274/407/331 286/434/357 267/385/316
f 282/408/332 278/445/368 259/409/333
f 256/410/334 275/446/347 272/411/335
f 269/412/336 280/402/326 261/403/327
f 264/414/338 283/426/349 271/415/339
f 276/417/341 287/400/324 268/401/325
f 311/394/320 313/427/350 279/418/342
f 258/419/343 277/425/348 281/404/328
f 252/376/313 272/411/335 282/408/332
f 285/420/344 274/407/331 255/382/315
f 312/422/346 285/420/344 266/421/345
f 251/416/340 271/415/339 275/423/347
f 267/385/316 286/434/357 277/425/348
f 260/396/321 279/418/342 283/426/349
f 313/427/350 315/456/377 298/428/351
f 277/425/348 296/435/358 300/429/352
f 272/411/335 291/447/369 301/430/353
f 285/420/344 304/464/385 293/431/354
f 314/432/355 304/464/385 285/420/344
f 271/415/339 290/450/372 294/433/356
f 286/434/357 305/443/366 296/435/358
f 279/418/342 298/428/351 302/436/359
f 273/437/360 292/463/384 303/438/361
f 306/439/362 292/463/384 273/437/360
f 299/440/363 295/449/371 276/417/341
f 281/404/328 300/429/352 289/441/364
f 274/407/331 293/431/354 305/443/366
f 282/408/332 301/430/353 297/444/367
f 275/446/347 294/454/356 291/447/369
f 288/448/370 299/440/363 280/402/326
f 302/436/359 290/450/372 271/415/339
f 295/449/371 306/439/362 287/400/324
f 290/450/372 302/436/359 322/451/373
f 291/447/369 317/455/376 316/453/375
f 298/428/351 323/465/386 322/451/373
f 294/454/356 318/471/381 317/455/376
f 315/456/377 303/438/361 325/457/378
f 297/444/367 301/430/353 316/453/375
f 290/450/372 319/452/374 318/460/381
f 314/432/355 297/444/367 321/459/380
f 303/438/361 304/464/385 326/462/383
f 269/412/336 270/442/365 289/441/364
f 300/429/352 296/435/358 295/449/371
f 306/439/362 295/449/371 296/435/358
f 293/431/354 292/463/384 306/439/362
f 292/463/384 293/431/354 304/464/385
f 304/464/385 314/432/355 320/461/382
f 315/456/377 324/458/379 323/465/386
f 297/444/367 314/432/355 312/422/346
f 284/399/323 303/438/361 315/456/377
f 278/445/368 312/422/346 310/388/317
f 265/379/314 284/399/323 313/427/350
f 227/375/305 254/374/312 249/413/337
f 245/467/290 308/360/290 307/363/303
f 243/370/309 309/361/301 308/360/290
f 215/468/289 316/453/375 317/455/376
f 217/472/177 320/461/382 321/459/380
f 220/474/173 218/475/175 322/451/373
f 219/473/178 321/459/380 316/453/375
f 218/475/175 221/470/288 319/452/374
f 216/476/163 324/458/379 325/457/378
f 217/472/177 327/477/164 326/462/383
f 216/476/163 220/474/173 323/465/386
f 222/466/304 249/413/337 261/403/327
f 264/414/338 251/416/340 224/478/293
f 248/479/296 268/401/325 253/398/322
f 224/478/293 251/416/340 256/424/334
f 231/392/311 257/391/318 268/401/325
f 307/389/303 310/388/317 266/421/345
f 258/419/343 262/406/330 238/483/298
f 266/421/345 255/382/315 228/384/308
f 253/398/322 265/379/314 243/381/309
f 229/484/387 256/410/334 252/376/313
f 238/483/298 262/406/330 250/405/329
f 288/448/370 289/441/364 300/429/352
f 328/485/388 361/489/392 382/486/389
f 343/488/391 377/530/429 361/489/392
f 328/485/388 342/491/394 371/490/393
f 358/487/390 376/517/416 342/491/394
f 341/492/395 370/529/428 350/493/396
f 352/495/398 374/502/402 341/492/395
f 422/496/399 353/500/14 380/497/13
f 422/496/399 432/541/436 378/499/15
f 330/501/401 346/504/404 374/502/402
f 330/501/401 345/547/442 368/503/403
f 354/505/23 373/978/760 430/506/405
f 423/507/406 434/498/400 380/497/13
f 331/508/407 348/512/411 369/509/408
f 355/511/410 376/517/416 348/512/411
f 424/513/412 356/32/32 381/31/31
f 431/515/414 375/967/761 356/32/32
f 332/516/415 342/491/394 376/517/416
f 351/518/417 371/490/393 342/491/394
f 357/38/38 379/968/762 433/519/418
f 435/514/413 381/31/31 357/38/38
f 333/521/420 360/524/423 372/522/421
f 358/487/390 382/486/389 360/524/423
f 333/521/420 348/512/411 376/517/416
f 340/523/422 369/509/408 348/512/411
f 334/525/424 346/504/404 368/503/403
f 359/527/426 374/502/402 346/504/404
f 334/525/424 360/524/423 382/486/389
f 344/526/425 372/522/421 360/524/423
f 335/528/427 341/492/395 374/502/402
f 335/528/427 349/531/430 370/529/428
f 335/528/427 361/489/392 377/530/429
f 359/527/426 382/486/389 361/489/392
f 364/532/431 377/530/429 343/488/391
f 426/534/433 362/979/56 383/535/55
f 433/519/418 379/968/762 362/57/56
f 336/538/432 343/488/391 371/490/393
f 337/539/435 350/493/396 370/529/428
f 363/540/58 378/499/15 432/541/436
f 427/542/437 436/536/434 383/535/55
f 349/531/430 377/530/429 364/532/431
f 365/543/438 387/553/447 388/544/439
f 338/546/441 344/526/425 368/503/403
f 338/546/441 365/543/438 372/522/421
f 430/506/405 373/978/760 366/548/65
f 340/523/422 372/522/421 365/543/438
f 339/545/440 347/510/409 369/509/408
f 367/72/69 375/967/761 431/515/414
f 428/549/443 437/561/453 386/551/445
f 391/552/446 392/980/450 387/553/447
f 438/554/448 440/981/451 389/78/75
f 386/551/445 387/553/447 365/543/438
f 429/550/444 438/554/448 384/80/77
f 396/555/449 397/709/575 392/556/450
f 440/558/451 442/596/485 394/85/80
f 387/553/447 392/980/450 393/560/452
f 437/561/453 439/982/456 391/552/446
f 392/556/450 397/709/575 398/562/454
f 441/564/455 396/555/449 391/557/446
f 778/566/457 495/680/534 494/567/458
f 443/569/460 401/712/578 415/570/461
f 444/572/463 399/953/751 417/100/93
f 777/574/465 497/662/536 496/575/466
f 448/577/468 446/983/495 404/107/100
f 406/579/470 407/984/490 411/580/471
f 411/582/471 407/985/490 408/583/473
f 445/585/475 406/579/470 412/581/472
f 447/586/476 412/581/472 745/587/477
f 411/582/471 410/584/474 744/589/479
f 412/581/472 411/580/471 746/591/480
f 448/577/468 409/578/469 739/122/113
f 775/593/482 492/666/540 493/594/483
f 449/573/464 417/100/93 394/85/80
f 450/571/462 415/570/461 396/555/449
f 494/567/458 499/663/537 772/597/486
f 473/598/487 454/636/518 465/599/488
f 416/138/125 450/571/462 441/564/455
f 398/562/454 414/607/493 449/573/464
f 410/584/474 448/577/468 747/592/481
f 413/142/129 447/586/476 748/588/478
f 405/144/131 445/585/475 447/586/476
f 408/583/473 446/983/495 448/577/468
f 414/607/493 403/707/573 444/572/463
f 400/146/133 443/569/460 450/571/462
f 395/139/126 441/564/455 439/565/456
f 390/608/134 439/982/456 437/561/453
f 393/563/452 398/562/454 442/596/485
f 388/544/439 438/554/448 429/550/444
f 393/560/452 440/981/451 438/554/448
f 366/548/65 385/609/135 437/561/453
f 429/550/444 431/515/414 347/510/409
f 345/547/442 430/506/405 428/549/443
f 337/539/435 364/532/431 436/536/434
f 427/542/437 432/541/436 350/493/396
f 351/518/417 433/519/418 426/537/433
f 336/533/432 426/534/433 436/536/434
f 355/511/410 435/514/413 425/520/419
f 332/516/415 425/520/419 433/519/418
f 347/510/409 431/515/414 424/513/412
f 331/508/407 424/513/412 435/514/413
f 330/501/401 352/495/398 434/498/400
f 423/507/406 430/506/405 345/547/442
f 350/493/396 432/541/436 422/496/399
f 329/494/397 422/496/399 434/498/400
f 404/155/100 446/611/495 418/610/494
f 482/156/138 480/645/527 419/614/497
f 452/159/141 420/612/496 445/613/475
f 471/162/142 421/970/498 419/616/497
f 485/618/500 457/644/526 453/619/501
f 483/620/502 453/619/501 467/621/503
f 489/623/505 484/632/514 456/624/506
f 478/626/508 472/634/516 455/627/509
f 486/629/511 488/787/632 464/630/512
f 484/632/514 486/629/511 460/631/513
f 474/633/515 459/641/523 455/627/509
f 475/635/517 458/642/524 454/636/518
f 462/637/519 688/789/634 577/638/520
f 476/640/522 463/656/531 459/641/523
f 475/635/517 477/648/528 462/637/519
f 485/618/500 487/639/521 461/643/525
f 469/617/499 478/626/508 468/628/510
f 481/606/492 489/623/505 466/625/507
f 490/622/504 467/621/503 419/614/497
f 470/602/491 479/600/489 465/599/488
f 466/646/507 479/600/489 470/602/491
f 419/616/497 467/654/503 478/626/508
f 460/647/513 464/657/512 477/648/528
f 461/649/525 476/640/522 474/633/515
f 487/639/521 577/638/520 581/651/529
f 460/647/513 475/635/517 473/598/487
f 457/650/526 474/633/515 472/634/516
f 467/654/503 453/653/501 472/634/516
f 452/159/141 471/162/142 469/617/499
f 456/652/506 473/598/487 479/600/489
f 579/655/530 582/786/631 463/656/531
f 465/599/488 490/622/504 480/645/527
f 420/612/496 468/628/510 489/623/505
f 458/642/524 462/637/519 487/639/521
f 464/657/512 580/986/633 578/658/532
f 455/627/509 459/641/523 486/629/511
f 463/656/531 488/787/632 486/629/511
f 468/628/510 455/627/509 484/632/514
f 454/636/518 483/620/502 490/622/504
f 458/642/524 485/618/500 483/620/502
f 451/206/179 418/610/494 480/645/527
f 505/659/533 504/955/753 495/660/534
f 502/661/535 506/956/754 497/662/536
f 499/663/537 508/957/755 500/664/538
f 500/664/538 501/954/752 492/666/540
f 772/597/486 499/663/537 491/665/539
f 771/595/484 493/594/483 497/662/536
f 491/665/539 492/666/540 775/593/482
f 496/575/466 495/660/534 778/668/457
f 498/669/542 509/695/559 521/670/543
f 520/672/545 512/987/561 511/673/546
f 507/675/548 514/988/554 513/676/549
f 511/673/546 516/989/556 519/678/551
f 492/666/540 501/954/752 502/661/535
f 503/679/552 508/957/755 499/663/537
f 497/662/536 506/956/754 505/659/533
f 495/680/534 504/958/753 503/679/552
f 534/681/553 538/718/583 514/682/554
f 516/684/556 540/720/585 532/685/557
f 498/686/542 532/685/557 533/687/558
f 536/689/560 535/741/586 511/690/546
f 519/678/551 516/989/556 498/669/542
f 510/692/555 514/988/554 507/675/548
f 513/676/549 512/990/561 520/694/545
f 509/695/559 510/692/555 523/693/562
f 521/670/543 523/693/562 733/696/563
f 517/677/550 520/694/545 731/698/565
f 523/693/562 507/675/548 729/700/567
f 519/678/551 522/671/544 732/701/568
f 518/674/547 519/678/551 735/702/569
f 729/700/567 507/675/548 517/677/550
f 731/704/565 520/672/545 518/674/547
f 522/671/544 521/670/543 736/697/564
f 528/705/571 530/961/756 402/706/572
f 531/708/574 524/962/757 397/709/575
f 525/710/576 529/963/758 414/607/493
f 415/570/461 527/964/759 531/708/574
f 526/711/577 527/964/759 415/570/461
f 397/709/575 524/962/757 525/710/576
f 414/607/493 529/963/758 528/705/571
f 402/713/572 530/965/756 526/711/577
f 533/687/558 541/935/735 542/714/579
f 545/715/580 544/936/736 536/689/560
f 534/681/553 542/714/579 546/717/582
f 548/719/584 515/742/600 532/685/557
f 513/721/549 537/716/581 536/689/560
f 533/687/558 534/681/553 510/683/555
f 535/722/586 540/720/585 516/684/556
f 514/682/554 538/718/583 537/724/581
f 556/726/587 539/729/590 694/727/588
f 539/729/590 549/747/604 691/730/591
f 692/731/592 552/991/601 551/732/593
f 693/734/595 554/744/602 553/735/596
f 543/737/598 548/719/584 540/720/585
f 545/738/580 567/778/623 566/739/599
f 536/689/560 544/936/736 543/740/598
f 515/742/600 541/935/735 533/687/558
f 552/743/601 553/735/596 554/744/602
f 551/746/593 552/743/601 555/745/603
f 539/729/590 556/726/587 555/745/603
f 555/745/603 554/744/602 550/748/605
f 550/748/605 554/744/602 693/734/595
f 553/750/596 552/991/601 692/731/592
f 691/730/591 549/747/604 550/748/605
f 689/752/594 551/746/593 556/726/587
f 557/753/607 562/928/732 716/754/608
f 720/756/610 560/929/733 563/757/611
f 559/759/613 547/930/734 713/760/614
f 717/758/612 563/757/611 558/762/616
f 714/763/617 558/762/616 559/764/613
f 713/760/614 547/930/734 557/766/607
f 561/768/618 560/929/733 720/756/610
f 716/754/608 562/928/732 561/768/618
f 568/770/620 569/785/626 565/771/621
f 537/716/581 565/777/621 567/773/623
f 566/739/599 564/772/622 538/718/583
f 538/718/583 564/772/622 565/771/621
f 573/774/624 575/992/629 571/775/625
f 569/776/626 571/775/625 567/773/623
f 566/739/599 570/779/627 568/770/620
f 567/778/623 571/784/625 570/779/627
f 572/780/628 574/783/630 575/781/629
f 574/783/630 572/780/628 568/770/620
f 571/784/625 575/781/629 574/783/630
f 568/770/620 572/780/628 573/782/624
f 582/786/631 576/993/730 488/787/632
f 488/787/632 576/993/730 580/788/633
f 461/649/525 581/994/529 579/655/530
f 477/648/528 578/658/532 688/789/634
f 602/790/290 601/813/651 586/791/635
f 602/790/290 590/792/636 585/793/637
f 608/795/290 591/799/290 587/796/639
f 607/798/641 589/995/660 591/799/290
f 599/800/642 593/817/654 594/801/290
f 598/803/643 600/802/290 594/801/290
f 669/805/290 597/809/290 596/806/645
f 669/805/290 668/906/729 595/808/647
f 583/810/648 588/812/650 600/802/290
f 584/811/649 599/800/642 600/802/290
f 597/809/290 602/790/290 603/794/638
f 597/809/290 595/808/647 601/813/651
f 591/799/290 589/995/660 605/814/652
f 591/799/290 606/815/290 604/816/653
f 593/817/654 607/798/641 608/795/290
f 592/804/644 594/801/290 608/795/290
f 584/818/649 588/905/650 615/819/655
f 601/821/651 624/838/666 613/822/657
f 670/824/646 672/840/667 626/825/658
f 607/827/641 628/831/661 616/828/659
f 593/830/654 619/864/690 628/831/661
f 595/832/647 668/923/729 671/833/662
f 598/835/643 592/922/644 618/836/664
f 595/832/647 620/834/663 624/838/666
f 596/839/645 621/842/668 672/840/667
f 603/841/638 625/858/684 621/842/668
f 614/843/669 626/825/658 645/844/670
f 614/843/669 634/845/671 648/846/672
f 618/836/664 637/861/687 641/848/674
f 611/820/656 631/901/725 642/849/675
f 628/831/661 647/871/696 635/851/677
f 620/834/663 639/904/728 643/852/678
f 617/853/679 613/822/657 633/854/680
f 622/837/665 641/848/674 630/856/682
f 625/858/684 612/869/695 632/859/685
f 629/847/673 648/846/672 637/861/687
f 672/840/667 621/842/668 640/862/688
f 619/864/690 623/850/676 642/849/675
f 613/822/657 624/838/666 643/852/678
f 616/828/659 635/851/677 646/866/692
f 627/867/693 646/866/692 673/868/694
f 612/869/695 617/921/679 636/870/681
f 628/831/661 619/864/690 638/865/691
f 621/842/668 625/858/684 644/860/686
f 674/863/689 640/862/688 659/872/697
f 638/865/691 642/849/675 661/874/699
f 633/854/680 643/852/678 662/876/701
f 646/866/692 635/851/677 654/878/703
f 646/866/692 665/879/704 675/880/705
f 632/859/685 636/870/681 655/881/706
f 647/871/696 638/865/691 657/875/700
f 640/862/688 644/860/686 663/884/709
f 634/845/671 645/844/670 664/885/710
f 634/845/671 653/886/711 667/887/712
f 637/861/687 656/893/717 660/888/713
f 642/849/675 631/901/725 650/889/714
f 635/851/677 647/871/696 666/883/708
f 643/852/678 639/904/728 658/890/715
f 636/855/681 633/854/680 652/877/702
f 641/848/674 660/888/713 649/892/716
f 632/859/685 651/882/707 663/884/709
f 648/846/672 667/887/712 656/893/717
f 651/882/707 680/910/731 683/894/718
f 677/895/719 678/896/720 652/877/702
f 683/894/718 684/903/727 659/872/697
f 678/896/720 679/911/722 655/891/706
f 676/873/698 685/996/763 686/897/721
f 658/890/715 682/899/723 677/895/719
f 679/898/722 680/910/731 651/882/707
f 675/880/705 681/902/726 682/899/723
f 664/885/710 686/897/721 687/900/724
f 630/856/682 649/892/716 650/889/714
f 661/874/699 660/888/713 656/893/717
f 667/887/712 666/883/708 657/875/700
f 667/887/712 653/886/711 654/878/703
f 665/879/704 654/878/703 653/886/711
f 665/879/704 687/900/724 681/902/726
f 684/903/727 685/996/763 676/873/698
f 673/868/694 675/880/705 658/890/715
f 645/844/670 674/863/689 676/873/698
f 671/833/662 673/868/694 639/904/728
f 626/825/658 672/840/667 674/863/689
f 588/905/650 583/918/648 610/857/683
f 606/815/290 605/814/652 668/906/729
f 604/816/653 606/815/290 669/805/290
f 678/896/720 677/895/719 576/907/730
f 682/899/723 681/902/726 578/912/532
f 581/914/529 684/903/727 683/894/718
f 677/895/719 682/899/723 580/913/633
f 579/915/530 683/894/718 680/910/731
f 686/897/721 685/996/763 577/916/520
f 578/912/532 681/902/726 687/900/724
f 577/916/520 685/996/763 684/903/727
f 583/918/648 598/835/643 622/837/665
f 585/919/637 612/869/695 625/858/684
f 609/920/640 587/926/639 614/843/669
f 585/919/637 590/997/636 617/921/679
f 592/922/644 609/920/640 629/847/673
f 668/923/729 605/925/652 627/867/693
f 599/924/642 623/850/676 619/864/690
f 589/829/660 616/828/659 627/867/693
f 604/826/653 626/825/658 614/843/669
f 590/927/636 586/823/635 613/822/657
f 599/924/642 584/818/649 611/820/656
f 661/874/699 650/889/714 649/892/716
f 557/753/607 689/752/594 695/728/589
f 560/929/733 691/730/591 696/749/606
f 690/751/597 692/731/592 547/930/734
f 696/749/606 693/734/595 558/762/616
f 558/762/616 693/734/595 690/736/597
f 547/930/734 692/731/592 689/733/594
f 694/727/588 691/730/591 560/929/733
f 562/928/732 695/728/589 694/727/588
f 196/310/263 201/326/277 703/284/242
f 199/314/267 202/313/266 704/305/259
f 186/323/274 700/287/245 698/307/260
f 197/319/272 701/290/248 704/305/259
f 197/319/272 198/321/269 698/931/260
f 186/323/274 196/322/263 697/932/261
f 199/314/267 699/285/243 702/282/240
f 201/326/277 200/324/275 702/282/240
f 187/275/237 154/299/255 707/325/276
f 180/271/233 712/312/265 707/325/276
f 183/298/254 182/297/251 710/933/264
f 185/274/236 184/294/234 711/934/270
f 181/270/232 185/274/236 706/320/273
f 183/298/254 705/315/268 711/317/270
f 180/271/233 181/270/232 709/318/271
f 187/275/237 708/309/262 710/311/264
f 548/719/584 716/754/608 715/769/619
f 715/769/619 720/756/610 541/935/735
f 544/936/736 713/760/614 718/767/609
f 546/717/582 714/763/617 719/765/615
f 542/714/579 717/758/612 714/763/617
f 719/761/615 713/760/614 544/936/736
f 541/935/735 720/756/610 717/758/612
f 718/755/609 716/754/608 548/719/584
f 762/937/737 728/251/215 724/255/219
f 757/939/739 756/942/742 722/257/221
f 761/941/741 727/256/220 722/257/221
f 758/938/738 724/255/219 727/256/220
f 757/944/739 723/252/216 726/253/217
f 759/943/743 725/250/214 728/251/215
f 732/701/568 736/697/564 755/945/744
f 750/947/746 731/704/565 730/703/570
f 730/703/570 735/702/569 754/950/749
f 735/702/569 732/701/568 751/946/745
f 734/699/566 731/698/565 750/952/746
f 736/697/564 733/696/563 752/951/750
f 741/143/130 748/588/478 443/569/460
f 744/589/479 747/592/481 444/572/463
f 747/592/481 739/122/113 399/953/751
f 745/587/477 746/591/480 402/713/572
f 746/590/480 744/589/479 403/707/573
f 748/588/478 745/587/477 401/712/578
f 86/98/91 743/118/110 741/143/130
f 87/101/94 742/123/114 737/119/111
f 399/953/751 739/122/113 742/123/114
f 52/268/222 740/121/112 738/117/109
f 53/145/132 737/119/111 740/120/112
f 51/265/228 738/117/109 743/118/110
f 755/945/744 752/951/750 502/661/535
f 753/949/748 750/952/746 504/955/753
f 754/950/749 751/946/745 500/664/538
f 749/948/747 754/950/749 508/957/755
f 504/958/753 750/947/746 749/948/747
f 751/946/745 755/945/744 501/954/752
f 141/209/181 759/943/743 762/937/737
f 143/959/203 757/944/739 760/940/740
f 139/211/183 758/938/738 761/941/741
f 147/212/184 761/941/741 756/942/742
f 143/232/203 142/230/201 756/942/742
f 140/229/200 762/937/737 758/938/738
f 169/960/231 770/216/87 765/217/188
f 163/266/229 767/124/115 766/215/187
f 168/267/230 769/103/96 763/214/186
f 166/263/226 170/261/224 766/215/187
f 166/263/226 764/127/118 768/128/119
f 163/266/229 164/262/225 763/214/186
f 168/267/230 167/260/223 765/217/188
f 169/269/231 165/264/227 768/128/119
f 773/576/467 778/668/457 530/961/756
f 774/667/541 775/593/482 524/962/757
f 771/595/484 777/574/465 529/963/758
f 527/964/759 772/597/486 774/667/541
f 776/568/459 772/597/486 527/964/759
f 524/962/757 775/593/482 771/595/484
f 529/963/758 777/574/465 773/576/467
f 530/965/756 778/566/457 776/568/459
